date,value,series,series_id,category,unit,frequency
2017-09-01,69.2,CPI New Dwelling Purchase,A130400605L,House Prices,Index Numbers,Month
2017-10-01,68.92,CPI New Dwelling Purchase,A130400605L,House Prices,Index Numbers,Month
2017-11-01,69.3,CPI New Dwelling Purchase,A130400605L,House Prices,Index Numbers,Month
2017-12-01,69.72,CPI New Dwelling Purchase,A130400605L,House Prices,Index Numbers,Month
2018-01-01,69.63,CPI New Dwelling Purchase,A130400605L,House Prices,Index Numbers,Month
2018-02-01,69.65,CPI New Dwelling Purchase,A130400605L,House Prices,Index Numbers,Month
2018-03-01,69.81,CPI New Dwelling Purchase,A130400605L,House Prices,Index Numbers,Month
2018-04-01,69.97,CPI New Dwelling Purchase,A130400605L,House Prices,Index Numbers,Month
2018-05-01,70.15,CPI New Dwelling Purchase,A130400605L,House Prices,Index Numbers,Month
2018-06-01,70.52,CPI New Dwelling Purchase,A130400605L,House Prices,Index Numbers,Month
2018-07-01,70.37,CPI New Dwelling Purchase,A130400605L,House Prices,Index Numbers,Month
2018-08-01,70.13,CPI New Dwelling Purchase,A130400605L,House Prices,Index Numbers,Month
2018-09-01,70.35,CPI New Dwelling Purchase,A130400605L,House Prices,Index Numbers,Month
2018-10-01,70.48,CPI New Dwelling Purchase,A130400605L,House Prices,Index Numbers,Month
2018-11-01,70.58,CPI New Dwelling Purchase,A130400605L,House Prices,Index Numbers,Month
2018-12-01,70.71,CPI New Dwelling Purchase,A130400605L,House Prices,Index Numbers,Month
2019-01-01,70.43,CPI New Dwelling Purchase,A130400605L,House Prices,Index Numbers,Month
2019-02-01,70.46,CPI New Dwelling Purchase,A130400605L,House Prices,Index Numbers,Month
2019-03-01,70.6,CPI New Dwelling Purchase,A130400605L,House Prices,Index Numbers,Month
2019-04-01,70.46,CPI New Dwelling Purchase,A130400605L,House Prices,Index Numbers,Month
2019-05-01,70.31,CPI New Dwelling Purchase,A130400605L,House Prices,Index Numbers,Month
2019-06-01,70.36,CPI New Dwelling Purchase,A130400605L,House Prices,Index Numbers,Month
2019-07-01,70.37,CPI New Dwelling Purchase,A130400605L,House Prices,Index Numbers,Month
2019-08-01,70.09,CPI New Dwelling Purchase,A130400605L,House Prices,Index Numbers,Month
2019-09-01,70.46,CPI New Dwelling Purchase,A130400605L,House Prices,Index Numbers,Month
2019-10-01,70.49,CPI New Dwelling Purchase,A130400605L,House Prices,Index Numbers,Month
2019-11-01,70.49,CPI New Dwelling Purchase,A130400605L,House Prices,Index Numbers,Month
2019-12-01,70.67,CPI New Dwelling Purchase,A130400605L,House Prices,Index Numbers,Month
2020-01-01,70.75,CPI New Dwelling Purchase,A130400605L,House Prices,Index Numbers,Month
2020-02-01,71,CPI New Dwelling Purchase,A130400605L,House Prices,Index Numbers,Month
2020-03-01,70.96,CPI New Dwelling Purchase,A130400605L,House Prices,Index Numbers,Month
2020-04-01,70.92,CPI New Dwelling Purchase,A130400605L,House Prices,Index Numbers,Month
2020-05-01,70.75,CPI New Dwelling Purchase,A130400605L,House Prices,Index Numbers,Month
2020-06-01,71.05,CPI New Dwelling Purchase,A130400605L,House Prices,Index Numbers,Month
2020-07-01,71.18,CPI New Dwelling Purchase,A130400605L,House Prices,Index Numbers,Month
2020-08-01,71.36,CPI New Dwelling Purchase,A130400605L,House Prices,Index Numbers,Month
2020-09-01,71.36,CPI New Dwelling Purchase,A130400605L,House Prices,Index Numbers,Month
2020-10-01,71.47,CPI New Dwelling Purchase,A130400605L,House Prices,Index Numbers,Month
2020-11-01,71.78,CPI New Dwelling Purchase,A130400605L,House Prices,Index Numbers,Month
2020-12-01,71.79,CPI New Dwelling Purchase,A130400605L,House Prices,Index Numbers,Month
2021-01-01,72.34,CPI New Dwelling Purchase,A130400605L,House Prices,Index Numbers,Month
2021-02-01,71.62,CPI New Dwelling Purchase,A130400605L,House Prices,Index Numbers,Month
2021-03-01,71.54,CPI New Dwelling Purchase,A130400605L,House Prices,Index Numbers,Month
2021-04-01,70.91,CPI New Dwelling Purchase,A130400605L,House Prices,Index Numbers,Month
2021-05-01,71.87,CPI New Dwelling Purchase,A130400605L,House Prices,Index Numbers,Month
2021-06-01,72.38,CPI New Dwelling Purchase,A130400605L,House Prices,Index Numbers,Month
2021-07-01,72.73,CPI New Dwelling Purchase,A130400605L,House Prices,Index Numbers,Month
2021-08-01,74.27,CPI New Dwelling Purchase,A130400605L,House Prices,Index Numbers,Month
2021-09-01,74.97,CPI New Dwelling Purchase,A130400605L,House Prices,Index Numbers,Month
2021-10-01,75.11,CPI New Dwelling Purchase,A130400605L,House Prices,Index Numbers,Month
2021-11-01,76.75,CPI New Dwelling Purchase,A130400605L,House Prices,Index Numbers,Month
2021-12-01,78.69,CPI New Dwelling Purchase,A130400605L,House Prices,Index Numbers,Month
2022-01-01,79.9,CPI New Dwelling Purchase,A130400605L,House Prices,Index Numbers,Month
2022-02-01,81.27,CPI New Dwelling Purchase,A130400605L,House Prices,Index Numbers,Month
2022-03-01,82.83,CPI New Dwelling Purchase,A130400605L,House Prices,Index Numbers,Month
2022-04-01,84.62,CPI New Dwelling Purchase,A130400605L,House Prices,Index Numbers,Month
2022-05-01,85.74,CPI New Dwelling Purchase,A130400605L,House Prices,Index Numbers,Month
2022-06-01,87.35,CPI New Dwelling Purchase,A130400605L,House Prices,Index Numbers,Month
2022-07-01,88.49,CPI New Dwelling Purchase,A130400605L,House Prices,Index Numbers,Month
2022-08-01,89.47,CPI New Dwelling Purchase,A130400605L,House Prices,Index Numbers,Month
2022-09-01,89.98,CPI New Dwelling Purchase,A130400605L,House Prices,Index Numbers,Month
2022-10-01,90.38,CPI New Dwelling Purchase,A130400605L,House Prices,Index Numbers,Month
2022-11-01,90.46,CPI New Dwelling Purchase,A130400605L,House Prices,Index Numbers,Month
2022-12-01,91.26,CPI New Dwelling Purchase,A130400605L,House Prices,Index Numbers,Month
2023-01-01,91.71,CPI New Dwelling Purchase,A130400605L,House Prices,Index Numbers,Month
2023-02-01,91.85,CPI New Dwelling Purchase,A130400605L,House Prices,Index Numbers,Month
2023-03-01,92.01,CPI New Dwelling Purchase,A130400605L,House Prices,Index Numbers,Month
2023-04-01,92.47,CPI New Dwelling Purchase,A130400605L,House Prices,Index Numbers,Month
2023-05-01,92.89,CPI New Dwelling Purchase,A130400605L,House Prices,Index Numbers,Month
2023-06-01,93.1,CPI New Dwelling Purchase,A130400605L,House Prices,Index Numbers,Month
2023-07-01,93.69,CPI New Dwelling Purchase,A130400605L,House Prices,Index Numbers,Month
2023-08-01,93.78,CPI New Dwelling Purchase,A130400605L,House Prices,Index Numbers,Month
2023-09-01,94.42,CPI New Dwelling Purchase,A130400605L,House Prices,Index Numbers,Month
2023-10-01,94.62,CPI New Dwelling Purchase,A130400605L,House Prices,Index Numbers,Month
2023-11-01,95.43,CPI New Dwelling Purchase,A130400605L,House Prices,Index Numbers,Month
2023-12-01,95.92,CPI New Dwelling Purchase,A130400605L,House Prices,Index Numbers,Month
2024-01-01,96.08,CPI New Dwelling Purchase,A130400605L,House Prices,Index Numbers,Month
2024-02-01,96.3,CPI New Dwelling Purchase,A130400605L,House Prices,Index Numbers,Month
2024-03-01,96.77,CPI New Dwelling Purchase,A130400605L,House Prices,Index Numbers,Month
2024-04-01,97.07,CPI New Dwelling Purchase,A130400605L,House Prices,Index Numbers,Month
2024-05-01,97.54,CPI New Dwelling Purchase,A130400605L,House Prices,Index Numbers,Month
2024-06-01,98.07,CPI New Dwelling Purchase,A130400605L,House Prices,Index Numbers,Month
2024-07-01,98.45,CPI New Dwelling Purchase,A130400605L,House Prices,Index Numbers,Month
2024-08-01,98.69,CPI New Dwelling Purchase,A130400605L,House Prices,Index Numbers,Month
2024-09-01,98.5,CPI New Dwelling Purchase,A130400605L,House Prices,Index Numbers,Month
2024-10-01,98.68,CPI New Dwelling Purchase,A130400605L,House Prices,Index Numbers,Month
2024-11-01,98.13,CPI New Dwelling Purchase,A130400605L,House Prices,Index Numbers,Month
2024-12-01,98.12,CPI New Dwelling Purchase,A130400605L,House Prices,Index Numbers,Month
2025-01-01,98.04,CPI New Dwelling Purchase,A130400605L,House Prices,Index Numbers,Month
2025-02-01,97.95,CPI New Dwelling Purchase,A130400605L,House Prices,Index Numbers,Month
2025-03-01,97.69,CPI New Dwelling Purchase,A130400605L,House Prices,Index Numbers,Month
2025-04-01,98.27,CPI New Dwelling Purchase,A130400605L,House Prices,Index Numbers,Month
2025-05-01,98.28,CPI New Dwelling Purchase,A130400605L,House Prices,Index Numbers,Month
2025-06-01,98.46,CPI New Dwelling Purchase,A130400605L,House Prices,Index Numbers,Month
2025-07-01,98.91,CPI New Dwelling Purchase,A130400605L,House Prices,Index Numbers,Month
2025-08-01,99.34,CPI New Dwelling Purchase,A130400605L,House Prices,Index Numbers,Month
2025-09-01,100,CPI New Dwelling Purchase,A130400605L,House Prices,Index Numbers,Month
2025-10-01,100.4,CPI New Dwelling Purchase,A130400605L,House Prices,Index Numbers,Month
2025-11-01,100.89,CPI New Dwelling Purchase,A130400605L,House Prices,Index Numbers,Month
2025-12-01,101.07,CPI New Dwelling Purchase,A130400605L,House Prices,Index Numbers,Month
2026-01-01,101.47,CPI New Dwelling Purchase,A130400605L,House Prices,Index Numbers,Month
2026-02-01,101.62,CPI New Dwelling Purchase,A130400605L,House Prices,Index Numbers,Month
2026-03-01,102.11,CPI New Dwelling Purchase,A130400605L,House Prices,Index Numbers,Month
2026-04-01,102.84,CPI New Dwelling Purchase,A130400605L,House Prices,Index Numbers,Month
2026-05-01,103.74,CPI New Dwelling Purchase,A130400605L,House Prices,Index Numbers,Month
2026-06-01,104.13,CPI New Dwelling Purchase,A130400605L,House Prices,Index Numbers,Month
2026-07-01,104.52,CPI New Dwelling Purchase,A130400605L,House Prices,Index Numbers,Month
2011-09-01,100,Dwelling Price Index ;  Australia ;,A83728647F,House Prices,Index,Quarter
2011-12-01,99.20537897310513,Dwelling Price Index ;  Australia ;,A83728647F,House Prices,Index,Quarter
2012-03-01,99.5517522412388,Dwelling Price Index ;  Australia ;,A83728647F,House Prices,Index,Quarter
2012-06-01,99.81662591687041,Dwelling Price Index ;  Australia ;,A83728647F,House Prices,Index,Quarter
2012-09-01,99.08312958435208,Dwelling Price Index ;  Australia ;,A83728647F,House Prices,Index,Quarter
2012-12-01,101.14099429502852,Dwelling Price Index ;  Australia ;,A83728647F,House Prices,Index,Quarter
2013-03-01,102.09861450692748,Dwelling Price Index ;  Australia ;,A83728647F,House Prices,Index,Quarter
2013-06-01,103.52485737571313,Dwelling Price Index ;  Australia ;,A83728647F,House Prices,Index,Quarter
2013-09-01,105.03259983700082,Dwelling Price Index ;  Australia ;,A83728647F,House Prices,Index,Quarter
2013-12-01,108.53708231458843,Dwelling Price Index ;  Australia ;,A83728647F,House Prices,Index,Quarter
2014-03-01,109.88182559087203,Dwelling Price Index ;  Australia ;,A83728647F,House Prices,Index,Quarter
2014-06-01,111.5525672371638,Dwelling Price Index ;  Australia ;,A83728647F,House Prices,Index,Quarter
2014-09-01,112.77506112469437,Dwelling Price Index ;  Australia ;,A83728647F,House Prices,Index,Quarter
2014-12-01,115.8720456397718,Dwelling Price Index ;  Australia ;,A83728647F,House Prices,Index,Quarter
2015-03-01,118.03178484107579,Dwelling Price Index ;  Australia ;,A83728647F,House Prices,Index,Quarter
2015-06-01,122.26976365118173,Dwelling Price Index ;  Australia ;,A83728647F,House Prices,Index,Quarter
2015-09-01,124.49062754686227,Dwelling Price Index ;  Australia ;,A83728647F,House Prices,Index,Quarter
2015-12-01,124.61287693561532,Dwelling Price Index ;  Australia ;,A83728647F,House Prices,Index,Quarter
2016-03-01,124.1442542787286,Dwelling Price Index ;  Australia ;,A83728647F,House Prices,Index,Quarter
2016-06-01,126.22249388753055,Dwelling Price Index ;  Australia ;,A83728647F,House Prices,Index,Quarter
2016-09-01,128.0766096169519,Dwelling Price Index ;  Australia ;,A83728647F,House Prices,Index,Quarter
2016-12-01,132.76283618581908,Dwelling Price Index ;  Australia ;,A83728647F,House Prices,Index,Quarter
2017-03-01,135.49307253463732,Dwelling Price Index ;  Australia ;,A83728647F,House Prices,Index,Quarter
2017-06-01,138.3048084759576,Dwelling Price Index ;  Australia ;,A83728647F,House Prices,Index,Quarter
2017-09-01,137.81581092094538,Dwelling Price Index ;  Australia ;,A83728647F,House Prices,Index,Quarter
2017-12-01,140.52567237163817,Dwelling Price Index ;  Australia ;,A83728647F,House Prices,Index,Quarter
2018-03-01,140.1792991035045,Dwelling Price Index ;  Australia ;,A83728647F,House Prices,Index,Quarter
2018-06-01,138.77343113284434,Dwelling Price Index ;  Australia ;,A83728647F,House Prices,Index,Quarter
2018-09-01,136.85819070904645,Dwelling Price Index ;  Australia ;,A83728647F,House Prices,Index,Quarter
2018-12-01,134.75957620211898,Dwelling Price Index ;  Australia ;,A83728647F,House Prices,Index,Quarter
2019-03-01,131.62184189079053,Dwelling Price Index ;  Australia ;,A83728647F,House Prices,Index,Quarter
2019-06-01,132.29421352893235,Dwelling Price Index ;  Australia ;,A83728647F,House Prices,Index,Quarter
2019-09-01,136.26731866340666,Dwelling Price Index ;  Australia ;,A83728647F,House Prices,Index,Quarter
2019-12-01,139.93480032599837,Dwelling Price Index ;  Australia ;,A83728647F,House Prices,Index,Quarter
2020-03-01,141.54441727791362,Dwelling Price Index ;  Australia ;,A83728647F,House Prices,Index,Quarter
2020-06-01,140.4645476772616,Dwelling Price Index ;  Australia ;,A83728647F,House Prices,Index,Quarter
2020-09-01,143.98940505297475,Dwelling Price Index ;  Australia ;,A83728647F,House Prices,Index,Quarter
2020-12-01,150.55012224938875,Dwelling Price Index ;  Australia ;,A83728647F,House Prices,Index,Quarter
2021-03-01,158.5778321108394,Dwelling Price Index ;  Australia ;,A83728647F,House Prices,Index,Quarter
2021-06-01,165.83129584352076,Dwelling Price Index ;  Australia ;,A83728647F,House Prices,Index,Quarter
2021-09-01,176.38549307253464,Dwelling Price Index ;  Australia ;,A83728647F,House Prices,Index,Quarter
2021-12-01,186.79706601466992,Dwelling Price Index ;  Australia ;,A83728647F,House Prices,Index,Quarter
2022-03-01,189.6088019559902,Dwelling Price Index ;  Australia ;,A83728647F,House Prices,Index,Quarter
2022-06-01,187.69356153219235,Dwelling Price Index ;  Australia ;,A83728647F,House Prices,Index,Quarter
2022-09-01,181.43846780766094,Dwelling Price Index ;  Australia ;,A83728647F,House Prices,Index,Quarter
2022-12-01,181.5403422982885,Dwelling Price Index ;  Australia ;,A83728647F,House Prices,Index,Quarter
2023-03-01,181.51996740016298,Dwelling Price Index ;  Australia ;,A83728647F,House Prices,Index,Quarter
2023-06-01,186.40994295028523,Dwelling Price Index ;  Australia ;,A83728647F,House Prices,Index,Quarter
2023-09-01,188.5085574572127,Dwelling Price Index ;  Australia ;,A83728647F,House Prices,Index,Quarter
2023-12-01,193.43928280358597,Dwelling Price Index ;  Australia ;,A83728647F,House Prices,Index,Quarter
2024-03-01,196.02689486552566,Dwelling Price Index ;  Australia ;,A83728647F,House Prices,Index,Quarter
2024-06-01,200.12224938875306,Dwelling Price Index ;  Australia ;,A83728647F,House Prices,Index,Quarter
2024-09-01,200.34637326813365,Dwelling Price Index ;  Australia ;,A83728647F,House Prices,Index,Quarter
2024-12-01,204.3398533007335,Dwelling Price Index ;  Australia ;,A83728647F,House Prices,Index,Quarter
2025-03-01,205.33822330888344,Dwelling Price Index ;  Australia ;,A83728647F,House Prices,Index,Quarter
2025-06-01,209.84107579462105,Dwelling Price Index ;  Australia ;,A83728647F,House Prices,Index,Quarter
2025-09-01,214.119804400978,Dwelling Price Index ;  Australia ;,A83728647F,House Prices,Index,Quarter
2025-12-01,222.73838630806847,Dwelling Price Index ;  Australia ;,A83728647F,House Prices,Index,Quarter
2026-03-01,225.8761206193969,Dwelling Price Index ;  Australia ;,A83728647F,House Prices,Index,Quarter
2026-06-01,224.20537897310516,Dwelling Price Index ;  Australia ;,A83728647F,House Prices,Index,Quarter
2011-09-01,100,Dwelling Price Index ;  Australian Capital Territory ;,A83728642V,House Prices,Index,Quarter
2011-12-01,102.55707762557078,Dwelling Price Index ;  Australian Capital Territory ;,A83728642V,House Prices,Index,Quarter
2012-03-01,101.00456621004565,Dwelling Price Index ;  Australian Capital Territory ;,A83728642V,House Prices,Index,Quarter
2012-06-01,100.85844748858447,Dwelling Price Index ;  Australian Capital Territory ;,A83728642V,House Prices,Index,Quarter
2012-09-01,99.12328767123289,Dwelling Price Index ;  Australian Capital Territory ;,A83728642V,House Prices,Index,Quarter
2012-12-01,103.03196347031964,Dwelling Price Index ;  Australian Capital Territory ;,A83728642V,House Prices,Index,Quarter
2013-03-01,99.324200913242,Dwelling Price Index ;  Australian Capital Territory ;,A83728642V,House Prices,Index,Quarter
2013-06-01,103.10502283105023,Dwelling Price Index ;  Australian Capital Territory ;,A83728642V,House Prices,Index,Quarter
2013-09-01,100.49315068493152,Dwelling Price Index ;  Australian Capital Territory ;,A83728642V,House Prices,Index,Quarter
2013-12-01,104.65753424657534,Dwelling Price Index ;  Australian Capital Territory ;,A83728642V,House Prices,Index,Quarter
2014-03-01,102.83105022831049,Dwelling Price Index ;  Australian Capital Territory ;,A83728642V,House Prices,Index,Quarter
2014-06-01,103.81735159817352,Dwelling Price Index ;  Australian Capital Territory ;,A83728642V,House Prices,Index,Quarter
2014-09-01,104.09132420091325,Dwelling Price Index ;  Australian Capital Territory ;,A83728642V,House Prices,Index,Quarter
2014-12-01,106.41095890410959,Dwelling Price Index ;  Australian Capital Territory ;,A83728642V,House Prices,Index,Quarter
2015-03-01,107.19634703196346,Dwelling Price Index ;  Australian Capital Territory ;,A83728642V,House Prices,Index,Quarter
2015-06-01,107.99999999999999,Dwelling Price Index ;  Australian Capital Territory ;,A83728642V,House Prices,Index,Quarter
2015-09-01,108.42009132420091,Dwelling Price Index ;  Australian Capital Territory ;,A83728642V,House Prices,Index,Quarter
2015-12-01,111.7442922374429,Dwelling Price Index ;  Australian Capital Territory ;,A83728642V,House Prices,Index,Quarter
2016-03-01,108.78538812785388,Dwelling Price Index ;  Australian Capital Territory ;,A83728642V,House Prices,Index,Quarter
2016-06-01,111.65296803652967,Dwelling Price Index ;  Australian Capital Territory ;,A83728642V,House Prices,Index,Quarter
2016-09-01,111.7442922374429,Dwelling Price Index ;  Australian Capital Territory ;,A83728642V,House Prices,Index,Quarter
2016-12-01,117.2420091324201,Dwelling Price Index ;  Australian Capital Territory ;,A83728642V,House Prices,Index,Quarter
2017-03-01,117.71689497716895,Dwelling Price Index ;  Australian Capital Territory ;,A83728642V,House Prices,Index,Quarter
2017-06-01,118.68493150684931,Dwelling Price Index ;  Australian Capital Territory ;,A83728642V,House Prices,Index,Quarter
2017-09-01,118.1552511415525,Dwelling Price Index ;  Australian Capital Territory ;,A83728642V,House Prices,Index,Quarter
2017-12-01,122.39269406392694,Dwelling Price Index ;  Australian Capital Territory ;,A83728642V,House Prices,Index,Quarter
2018-03-01,123.12328767123289,Dwelling Price Index ;  Australian Capital Territory ;,A83728642V,House Prices,Index,Quarter
2018-06-01,124.18264840182648,Dwelling Price Index ;  Australian Capital Territory ;,A83728642V,House Prices,Index,Quarter
2018-09-01,123.17808219178082,Dwelling Price Index ;  Australian Capital Territory ;,A83728642V,House Prices,Index,Quarter
2018-12-01,123.8904109589041,Dwelling Price Index ;  Australian Capital Territory ;,A83728642V,House Prices,Index,Quarter
2019-03-01,122.53881278538812,Dwelling Price Index ;  Australian Capital Territory ;,A83728642V,House Prices,Index,Quarter
2019-06-01,122.10045662100457,Dwelling Price Index ;  Australian Capital Territory ;,A83728642V,House Prices,Index,Quarter
2019-09-01,123.05022831050229,Dwelling Price Index ;  Australian Capital Territory ;,A83728642V,House Prices,Index,Quarter
2019-12-01,129.1324200913242,Dwelling Price Index ;  Australian Capital Territory ;,A83728642V,House Prices,Index,Quarter
2020-03-01,128.05479452054794,Dwelling Price Index ;  Australian Capital Territory ;,A83728642V,House Prices,Index,Quarter
2020-06-01,131.12328767123287,Dwelling Price Index ;  Australian Capital Territory ;,A83728642V,House Prices,Index,Quarter
2020-09-01,133.88127853881278,Dwelling Price Index ;  Australian Capital Territory ;,A83728642V,House Prices,Index,Quarter
2020-12-01,139.54337899543378,Dwelling Price Index ;  Australian Capital Territory ;,A83728642V,House Prices,Index,Quarter
2021-03-01,149.44292237442923,Dwelling Price Index ;  Australian Capital Territory ;,A83728642V,House Prices,Index,Quarter
2021-06-01,161.75342465753425,Dwelling Price Index ;  Australian Capital Territory ;,A83728642V,House Prices,Index,Quarter
2021-09-01,165.60730593607306,Dwelling Price Index ;  Australian Capital Territory ;,A83728642V,House Prices,Index,Quarter
2021-12-01,182.5570776255708,Dwelling Price Index ;  Australian Capital Territory ;,A83728642V,House Prices,Index,Quarter
2022-03-01,179.70776255707761,Dwelling Price Index ;  Australian Capital Territory ;,A83728642V,House Prices,Index,Quarter
2022-06-01,182.53881278538813,Dwelling Price Index ;  Australian Capital Territory ;,A83728642V,House Prices,Index,Quarter
2022-09-01,172.9497716894977,Dwelling Price Index ;  Australian Capital Territory ;,A83728642V,House Prices,Index,Quarter
2022-12-01,175.8538812785388,Dwelling Price Index ;  Australian Capital Territory ;,A83728642V,House Prices,Index,Quarter
2023-03-01,171.83561643835617,Dwelling Price Index ;  Australian Capital Territory ;,A83728642V,House Prices,Index,Quarter
2023-06-01,172,Dwelling Price Index ;  Australian Capital Territory ;,A83728642V,House Prices,Index,Quarter
2023-09-01,173.02283105022832,Dwelling Price Index ;  Australian Capital Territory ;,A83728642V,House Prices,Index,Quarter
2023-12-01,172.89497716894977,Dwelling Price Index ;  Australian Capital Territory ;,A83728642V,House Prices,Index,Quarter
2024-03-01,173.84474885844747,Dwelling Price Index ;  Australian Capital Territory ;,A83728642V,House Prices,Index,Quarter
2024-06-01,176.1826484018265,Dwelling Price Index ;  Australian Capital Territory ;,A83728642V,House Prices,Index,Quarter
2024-09-01,175.78082191780823,Dwelling Price Index ;  Australian Capital Territory ;,A83728642V,House Prices,Index,Quarter
2024-12-01,172.69406392694066,Dwelling Price Index ;  Australian Capital Territory ;,A83728642V,House Prices,Index,Quarter
2025-03-01,171.52511415525115,Dwelling Price Index ;  Australian Capital Territory ;,A83728642V,House Prices,Index,Quarter
2025-06-01,174.11872146118722,Dwelling Price Index ;  Australian Capital Territory ;,A83728642V,House Prices,Index,Quarter
2025-09-01,173.31506849315068,Dwelling Price Index ;  Australian Capital Territory ;,A83728642V,House Prices,Index,Quarter
2025-12-01,184.16438356164383,Dwelling Price Index ;  Australian Capital Territory ;,A83728642V,House Prices,Index,Quarter
2026-03-01,181.7351598173516,Dwelling Price Index ;  Australian Capital Territory ;,A83728642V,House Prices,Index,Quarter
2026-06-01,179.30593607305937,Dwelling Price Index ;  Australian Capital Territory ;,A83728642V,House Prices,Index,Quarter
2011-09-01,100,Dwelling Price Index ;  New South Wales ;,A83728607L,House Prices,Index,Quarter
2011-12-01,98.98298816568047,Dwelling Price Index ;  New South Wales ;,A83728607L,House Prices,Index,Quarter
2012-03-01,101.16494082840237,Dwelling Price Index ;  New South Wales ;,A83728607L,House Prices,Index,Quarter
2012-06-01,102.1079881656805,Dwelling Price Index ;  New South Wales ;,A83728607L,House Prices,Index,Quarter
2012-09-01,100.68417159763314,Dwelling Price Index ;  New South Wales ;,A83728607L,House Prices,Index,Quarter
2012-12-01,103.92011834319528,Dwelling Price Index ;  New South Wales ;,A83728607L,House Prices,Index,Quarter
2013-03-01,105.26997041420118,Dwelling Price Index ;  New South Wales ;,A83728607L,House Prices,Index,Quarter
2013-06-01,107.24852071005917,Dwelling Price Index ;  New South Wales ;,A83728607L,House Prices,Index,Quarter
2013-09-01,109.83727810650889,Dwelling Price Index ;  New South Wales ;,A83728607L,House Prices,Index,Quarter
2013-12-01,114.75591715976333,Dwelling Price Index ;  New South Wales ;,A83728607L,House Prices,Index,Quarter
2014-03-01,116.71597633136098,Dwelling Price Index ;  New South Wales ;,A83728607L,House Prices,Index,Quarter
2014-06-01,120.17381656804736,Dwelling Price Index ;  New South Wales ;,A83728607L,House Prices,Index,Quarter
2014-09-01,123.24334319526629,Dwelling Price Index ;  New South Wales ;,A83728607L,House Prices,Index,Quarter
2014-12-01,128.23594674556213,Dwelling Price Index ;  New South Wales ;,A83728607L,House Prices,Index,Quarter
2015-03-01,132.80325443786984,Dwelling Price Index ;  New South Wales ;,A83728607L,House Prices,Index,Quarter
2015-06-01,140.69896449704143,Dwelling Price Index ;  New South Wales ;,A83728607L,House Prices,Index,Quarter
2015-09-01,145.728550295858,Dwelling Price Index ;  New South Wales ;,A83728607L,House Prices,Index,Quarter
2015-12-01,144.56360946745562,Dwelling Price Index ;  New South Wales ;,A83728607L,House Prices,Index,Quarter
2016-03-01,144.10133136094674,Dwelling Price Index ;  New South Wales ;,A83728607L,House Prices,Index,Quarter
2016-06-01,148.29881656804736,Dwelling Price Index ;  New South Wales ;,A83728607L,House Prices,Index,Quarter
2016-09-01,152.3113905325444,Dwelling Price Index ;  New South Wales ;,A83728607L,House Prices,Index,Quarter
2016-12-01,158.78328402366867,Dwelling Price Index ;  New South Wales ;,A83728607L,House Prices,Index,Quarter
2017-03-01,163.79437869822488,Dwelling Price Index ;  New South Wales ;,A83728607L,House Prices,Index,Quarter
2017-06-01,167.69600591715977,Dwelling Price Index ;  New South Wales ;,A83728607L,House Prices,Index,Quarter
2017-09-01,166.03180473372782,Dwelling Price Index ;  New South Wales ;,A83728607L,House Prices,Index,Quarter
2017-12-01,167.65902366863907,Dwelling Price Index ;  New South Wales ;,A83728607L,House Prices,Index,Quarter
2018-03-01,166.38313609467457,Dwelling Price Index ;  New South Wales ;,A83728607L,House Prices,Index,Quarter
2018-06-01,163.84985207100593,Dwelling Price Index ;  New South Wales ;,A83728607L,House Prices,Index,Quarter
2018-09-01,160.59541420118344,Dwelling Price Index ;  New South Wales ;,A83728607L,House Prices,Index,Quarter
2018-12-01,156.30547337278108,Dwelling Price Index ;  New South Wales ;,A83728607L,House Prices,Index,Quarter
2019-03-01,152.6812130177515,Dwelling Price Index ;  New South Wales ;,A83728607L,House Prices,Index,Quarter
2019-06-01,153.0140532544379,Dwelling Price Index ;  New South Wales ;,A83728607L,House Prices,Index,Quarter
2019-09-01,159.72633136094677,Dwelling Price Index ;  New South Wales ;,A83728607L,House Prices,Index,Quarter
2019-12-01,163.4060650887574,Dwelling Price Index ;  New South Wales ;,A83728607L,House Prices,Index,Quarter
2020-03-01,165.64349112426035,Dwelling Price Index ;  New South Wales ;,A83728607L,House Prices,Index,Quarter
2020-06-01,164.20118343195267,Dwelling Price Index ;  New South Wales ;,A83728607L,House Prices,Index,Quarter
2020-09-01,168.80547337278108,Dwelling Price Index ;  New South Wales ;,A83728607L,House Prices,Index,Quarter
2020-12-01,176.14644970414204,Dwelling Price Index ;  New South Wales ;,A83728607L,House Prices,Index,Quarter
2021-03-01,186.03920118343197,Dwelling Price Index ;  New South Wales ;,A83728607L,House Prices,Index,Quarter
2021-06-01,193.1028106508876,Dwelling Price Index ;  New South Wales ;,A83728607L,House Prices,Index,Quarter
2021-09-01,212.3335798816568,Dwelling Price Index ;  New South Wales ;,A83728607L,House Prices,Index,Quarter
2021-12-01,223.53920118343197,Dwelling Price Index ;  New South Wales ;,A83728607L,House Prices,Index,Quarter
2022-03-01,225.81360946745565,Dwelling Price Index ;  New South Wales ;,A83728607L,House Prices,Index,Quarter
2022-06-01,220.2847633136095,Dwelling Price Index ;  New South Wales ;,A83728607L,House Prices,Index,Quarter
2022-09-01,210.09615384615387,Dwelling Price Index ;  New South Wales ;,A83728607L,House Prices,Index,Quarter
2022-12-01,209.57840236686397,Dwelling Price Index ;  New South Wales ;,A83728607L,House Prices,Index,Quarter
2023-03-01,208.8757396449704,Dwelling Price Index ;  New South Wales ;,A83728607L,House Prices,Index,Quarter
2023-06-01,217.95488165680473,Dwelling Price Index ;  New South Wales ;,A83728607L,House Prices,Index,Quarter
2023-09-01,218.3431952662722,Dwelling Price Index ;  New South Wales ;,A83728607L,House Prices,Index,Quarter
2023-12-01,223.3542899408284,Dwelling Price Index ;  New South Wales ;,A83728607L,House Prices,Index,Quarter
2024-03-01,225.14792899408286,Dwelling Price Index ;  New South Wales ;,A83728607L,House Prices,Index,Quarter
2024-06-01,228.47633136094677,Dwelling Price Index ;  New South Wales ;,A83728607L,House Prices,Index,Quarter
2024-09-01,227.90310650887577,Dwelling Price Index ;  New South Wales ;,A83728607L,House Prices,Index,Quarter
2024-12-01,232.23002958579886,Dwelling Price Index ;  New South Wales ;,A83728607L,House Prices,Index,Quarter
2025-03-01,230.82470414201185,Dwelling Price Index ;  New South Wales ;,A83728607L,House Prices,Index,Quarter
2025-06-01,236.7233727810651,Dwelling Price Index ;  New South Wales ;,A83728607L,House Prices,Index,Quarter
2025-09-01,239.55251479289942,Dwelling Price Index ;  New South Wales ;,A83728607L,House Prices,Index,Quarter
2025-12-01,245.6730769230769,Dwelling Price Index ;  New South Wales ;,A83728607L,House Prices,Index,Quarter
2026-03-01,247.3372781065089,Dwelling Price Index ;  New South Wales ;,A83728607L,House Prices,Index,Quarter
2026-06-01,241.29068047337282,Dwelling Price Index ;  New South Wales ;,A83728607L,House Prices,Index,Quarter
2011-09-01,100,Dwelling Price Index ;  Northern Territory ;,A83728637A,House Prices,Index,Quarter
2011-12-01,90.39602066194757,Dwelling Price Index ;  Northern Territory ;,A83728637A,House Prices,Index,Quarter
2012-03-01,88.88463745934571,Dwelling Price Index ;  Northern Territory ;,A83728637A,House Prices,Index,Quarter
2012-06-01,87.48804285440978,Dwelling Price Index ;  Northern Territory ;,A83728637A,House Prices,Index,Quarter
2012-09-01,89.19074038645493,Dwelling Price Index ;  Northern Territory ;,A83728637A,House Prices,Index,Quarter
2012-12-01,95.88674191696957,Dwelling Price Index ;  Northern Territory ;,A83728637A,House Prices,Index,Quarter
2013-03-01,93.47618136598432,Dwelling Price Index ;  Northern Territory ;,A83728637A,House Prices,Index,Quarter
2013-06-01,94.1649129519801,Dwelling Price Index ;  Northern Territory ;,A83728637A,House Prices,Index,Quarter
2013-09-01,95.33193036158407,Dwelling Price Index ;  Northern Territory ;,A83728637A,House Prices,Index,Quarter
2013-12-01,99.84694853644537,Dwelling Price Index ;  Northern Territory ;,A83728637A,House Prices,Index,Quarter
2014-03-01,98.58427396211975,Dwelling Price Index ;  Northern Territory ;,A83728637A,House Prices,Index,Quarter
2014-06-01,100.32523436005356,Dwelling Price Index ;  Northern Territory ;,A83728637A,House Prices,Index,Quarter
2014-09-01,95.96326764874689,Dwelling Price Index ;  Northern Territory ;,A83728637A,House Prices,Index,Quarter
2014-12-01,98.90950832217332,Dwelling Price Index ;  Northern Territory ;,A83728637A,House Prices,Index,Quarter
2015-03-01,93.13181557298641,Dwelling Price Index ;  Northern Territory ;,A83728637A,House Prices,Index,Quarter
2015-06-01,95.38932466041706,Dwelling Price Index ;  Northern Territory ;,A83728637A,House Prices,Index,Quarter
2015-09-01,99.90434283527836,Dwelling Price Index ;  Northern Territory ;,A83728637A,House Prices,Index,Quarter
2015-12-01,92.46221541993495,Dwelling Price Index ;  Northern Territory ;,A83728637A,House Prices,Index,Quarter
2016-03-01,93.70575856131623,Dwelling Price Index ;  Northern Territory ;,A83728637A,House Prices,Index,Quarter
2016-06-01,92.21350679165869,Dwelling Price Index ;  Northern Territory ;,A83728637A,House Prices,Index,Quarter
2016-09-01,89.24813468528792,Dwelling Price Index ;  Northern Territory ;,A83728637A,House Prices,Index,Quarter
2016-12-01,87.54543715324277,Dwelling Price Index ;  Northern Territory ;,A83728637A,House Prices,Index,Quarter
2017-03-01,87.0862827625789,Dwelling Price Index ;  Northern Territory ;,A83728637A,House Prices,Index,Quarter
2017-06-01,86.85670556724699,Dwelling Price Index ;  Northern Territory ;,A83728637A,House Prices,Index,Quarter
2017-09-01,86.58886550602641,Dwelling Price Index ;  Northern Territory ;,A83728637A,House Prices,Index,Quarter
2017-12-01,84.38875071742874,Dwelling Price Index ;  Northern Territory ;,A83728637A,House Prices,Index,Quarter
2018-03-01,85.91926535297493,Dwelling Price Index ;  Northern Territory ;,A83728637A,House Prices,Index,Quarter
2018-06-01,84.42701358331739,Dwelling Price Index ;  Northern Territory ;,A83728637A,House Prices,Index,Quarter
2018-09-01,79.79720681079013,Dwelling Price Index ;  Northern Territory ;,A83728637A,House Prices,Index,Quarter
2018-12-01,85.57489955997704,Dwelling Price Index ;  Northern Territory ;,A83728637A,House Prices,Index,Quarter
2019-03-01,82.55213315477329,Dwelling Price Index ;  Northern Territory ;,A83728637A,House Prices,Index,Quarter
2019-06-01,84.12091065620814,Dwelling Price Index ;  Northern Territory ;,A83728637A,House Prices,Index,Quarter
2019-09-01,84.04438492443084,Dwelling Price Index ;  Northern Territory ;,A83728637A,House Prices,Index,Quarter
2019-12-01,78.80237229768508,Dwelling Price Index ;  Northern Territory ;,A83728637A,House Prices,Index,Quarter
2020-03-01,79.56762961545819,Dwelling Price Index ;  Northern Territory ;,A83728637A,House Prices,Index,Quarter
2020-06-01,81.6529558063899,Dwelling Price Index ;  Northern Territory ;,A83728637A,House Prices,Index,Quarter
2020-09-01,80.37114979911996,Dwelling Price Index ;  Northern Territory ;,A83728637A,House Prices,Index,Quarter
2020-12-01,87.67935718385307,Dwelling Price Index ;  Northern Territory ;,A83728637A,House Prices,Index,Quarter
2021-03-01,85.53663669408839,Dwelling Price Index ;  Northern Territory ;,A83728637A,House Prices,Index,Quarter
2021-06-01,89.97512913717237,Dwelling Price Index ;  Northern Territory ;,A83728637A,House Prices,Index,Quarter
2021-09-01,92.61526688348957,Dwelling Price Index ;  Northern Territory ;,A83728637A,House Prices,Index,Quarter
2021-12-01,96.26937057585612,Dwelling Price Index ;  Northern Territory ;,A83728637A,House Prices,Index,Quarter
2022-03-01,101.83661756265543,Dwelling Price Index ;  Northern Territory ;,A83728637A,House Prices,Index,Quarter
2022-06-01,96.30763344174478,Dwelling Price Index ;  Northern Territory ;,A83728637A,House Prices,Index,Quarter
2022-09-01,94.01186148842548,Dwelling Price Index ;  Northern Territory ;,A83728637A,House Prices,Index,Quarter
2022-12-01,97.58943944901472,Dwelling Price Index ;  Northern Territory ;,A83728637A,House Prices,Index,Quarter
2023-03-01,98.98603405395063,Dwelling Price Index ;  Northern Territory ;,A83728637A,House Prices,Index,Quarter
2023-06-01,99.08169121867226,Dwelling Price Index ;  Northern Territory ;,A83728637A,House Prices,Index,Quarter
2023-09-01,93.76315286014922,Dwelling Price Index ;  Northern Territory ;,A83728637A,House Prices,Index,Quarter
2023-12-01,97.05375932657356,Dwelling Price Index ;  Northern Territory ;,A83728637A,House Prices,Index,Quarter
2024-03-01,101.47312033671321,Dwelling Price Index ;  Northern Territory ;,A83728637A,House Prices,Index,Quarter
2024-06-01,102.67840061220585,Dwelling Price Index ;  Northern Territory ;,A83728637A,House Prices,Index,Quarter
2024-09-01,95.84847905108091,Dwelling Price Index ;  Northern Territory ;,A83728637A,House Prices,Index,Quarter
2024-12-01,96.44155347235508,Dwelling Price Index ;  Northern Territory ;,A83728637A,House Prices,Index,Quarter
2025-03-01,96.09718767935718,Dwelling Price Index ;  Northern Territory ;,A83728637A,House Prices,Index,Quarter
2025-06-01,102.48708628276258,Dwelling Price Index ;  Northern Territory ;,A83728637A,House Prices,Index,Quarter
2025-09-01,106.27511000573942,Dwelling Price Index ;  Northern Territory ;,A83728637A,House Prices,Index,Quarter
2025-12-01,110.73273388176771,Dwelling Price Index ;  Northern Territory ;,A83728637A,House Prices,Index,Quarter
2026-03-01,112.55022001147886,Dwelling Price Index ;  Northern Territory ;,A83728637A,House Prices,Index,Quarter
2026-06-01,117.54352400994834,Dwelling Price Index ;  Northern Territory ;,A83728637A,House Prices,Index,Quarter
2011-09-01,100,Dwelling Price Index ;  Queensland ;,A83728617T,House Prices,Index,Quarter
2011-12-01,99.27705223880596,Dwelling Price Index ;  Queensland ;,A83728617T,House Prices,Index,Quarter
2012-03-01,98.50746268656717,Dwelling Price Index ;  Queensland ;,A83728617T,House Prices,Index,Quarter
2012-06-01,98.69402985074626,Dwelling Price Index ;  Queensland ;,A83728617T,House Prices,Index,Quarter
2012-09-01,99.37033582089553,Dwelling Price Index ;  Queensland ;,A83728617T,House Prices,Index,Quarter
2012-12-01,99.37033582089553,Dwelling Price Index ;  Queensland ;,A83728617T,House Prices,Index,Quarter
2013-03-01,99.580223880597,Dwelling Price Index ;  Queensland ;,A83728617T,House Prices,Index,Quarter
2013-06-01,100.51305970149254,Dwelling Price Index ;  Queensland ;,A83728617T,House Prices,Index,Quarter
2013-09-01,100.34981343283582,Dwelling Price Index ;  Queensland ;,A83728617T,House Prices,Index,Quarter
2013-12-01,102.49533582089552,Dwelling Price Index ;  Queensland ;,A83728617T,House Prices,Index,Quarter
2014-03-01,104.10447761194028,Dwelling Price Index ;  Queensland ;,A83728617T,House Prices,Index,Quarter
2014-06-01,105.17723880597015,Dwelling Price Index ;  Queensland ;,A83728617T,House Prices,Index,Quarter
2014-09-01,105.99347014925374,Dwelling Price Index ;  Queensland ;,A83728617T,House Prices,Index,Quarter
2014-12-01,107.50932835820895,Dwelling Price Index ;  Queensland ;,A83728617T,House Prices,Index,Quarter
2015-03-01,107.6492537313433,Dwelling Price Index ;  Queensland ;,A83728617T,House Prices,Index,Quarter
2015-06-01,109.11847014925374,Dwelling Price Index ;  Queensland ;,A83728617T,House Prices,Index,Quarter
2015-09-01,110.21455223880596,Dwelling Price Index ;  Queensland ;,A83728617T,House Prices,Index,Quarter
2015-12-01,111.68376865671641,Dwelling Price Index ;  Queensland ;,A83728617T,House Prices,Index,Quarter
2016-03-01,110.47108208955223,Dwelling Price Index ;  Queensland ;,A83728617T,House Prices,Index,Quarter
2016-06-01,112.3367537313433,Dwelling Price Index ;  Queensland ;,A83728617T,House Prices,Index,Quarter
2016-09-01,112.56996268656717,Dwelling Price Index ;  Queensland ;,A83728617T,House Prices,Index,Quarter
2016-12-01,114.8554104477612,Dwelling Price Index ;  Queensland ;,A83728617T,House Prices,Index,Quarter
2017-03-01,115.20522388059702,Dwelling Price Index ;  Queensland ;,A83728617T,House Prices,Index,Quarter
2017-06-01,115.74160447761194,Dwelling Price Index ;  Queensland ;,A83728617T,House Prices,Index,Quarter
2017-09-01,117.07089552238806,Dwelling Price Index ;  Queensland ;,A83728617T,House Prices,Index,Quarter
2017-12-01,118.12033582089552,Dwelling Price Index ;  Queensland ;,A83728617T,House Prices,Index,Quarter
2018-03-01,118.81996268656717,Dwelling Price Index ;  Queensland ;,A83728617T,House Prices,Index,Quarter
2018-06-01,119.28638059701493,Dwelling Price Index ;  Queensland ;,A83728617T,House Prices,Index,Quarter
2018-09-01,120.33582089552239,Dwelling Price Index ;  Queensland ;,A83728617T,House Prices,Index,Quarter
2018-12-01,119.00652985074626,Dwelling Price Index ;  Queensland ;,A83728617T,House Prices,Index,Quarter
2019-03-01,116.83768656716418,Dwelling Price Index ;  Queensland ;,A83728617T,House Prices,Index,Quarter
2019-06-01,118.16697761194028,Dwelling Price Index ;  Queensland ;,A83728617T,House Prices,Index,Quarter
2019-09-01,119.89272388059702,Dwelling Price Index ;  Queensland ;,A83728617T,House Prices,Index,Quarter
2019-12-01,121.40858208955223,Dwelling Price Index ;  Queensland ;,A83728617T,House Prices,Index,Quarter
2020-03-01,122.41138059701491,Dwelling Price Index ;  Queensland ;,A83728617T,House Prices,Index,Quarter
2020-06-01,122.38805970149251,Dwelling Price Index ;  Queensland ;,A83728617T,House Prices,Index,Quarter
2020-09-01,126.25932835820895,Dwelling Price Index ;  Queensland ;,A83728617T,House Prices,Index,Quarter
2020-12-01,131.18003731343285,Dwelling Price Index ;  Queensland ;,A83728617T,House Prices,Index,Quarter
2021-03-01,138.3162313432836,Dwelling Price Index ;  Queensland ;,A83728617T,House Prices,Index,Quarter
2021-06-01,148.4141791044776,Dwelling Price Index ;  Queensland ;,A83728617T,House Prices,Index,Quarter
2021-09-01,157.25279850746267,Dwelling Price Index ;  Queensland ;,A83728617T,House Prices,Index,Quarter
2021-12-01,171.36194029850745,Dwelling Price Index ;  Queensland ;,A83728617T,House Prices,Index,Quarter
2022-03-01,179.29104477611938,Dwelling Price Index ;  Queensland ;,A83728617T,House Prices,Index,Quarter
2022-06-01,181.2266791044776,Dwelling Price Index ;  Queensland ;,A83728617T,House Prices,Index,Quarter
2022-09-01,177.07555970149252,Dwelling Price Index ;  Queensland ;,A83728617T,House Prices,Index,Quarter
2022-12-01,175.1865671641791,Dwelling Price Index ;  Queensland ;,A83728617T,House Prices,Index,Quarter
2023-03-01,176.5625,Dwelling Price Index ;  Queensland ;,A83728617T,House Prices,Index,Quarter
2023-06-01,181.34328358208955,Dwelling Price Index ;  Queensland ;,A83728617T,House Prices,Index,Quarter
2023-09-01,187.77985074626866,Dwelling Price Index ;  Queensland ;,A83728617T,House Prices,Index,Quarter
2023-12-01,193.72667910447763,Dwelling Price Index ;  Queensland ;,A83728617T,House Prices,Index,Quarter
2024-03-01,200.27985074626864,Dwelling Price Index ;  Queensland ;,A83728617T,House Prices,Index,Quarter
2024-06-01,209.30503731343282,Dwelling Price Index ;  Queensland ;,A83728617T,House Prices,Index,Quarter
2024-09-01,213.19962686567163,Dwelling Price Index ;  Queensland ;,A83728617T,House Prices,Index,Quarter
2024-12-01,218.35354477611938,Dwelling Price Index ;  Queensland ;,A83728617T,House Prices,Index,Quarter
2025-03-01,223.34421641791047,Dwelling Price Index ;  Queensland ;,A83728617T,House Prices,Index,Quarter
2025-06-01,228.49813432835816,Dwelling Price Index ;  Queensland ;,A83728617T,House Prices,Index,Quarter
2025-09-01,238.03638059701493,Dwelling Price Index ;  Queensland ;,A83728617T,House Prices,Index,Quarter
2025-12-01,250.86287313432837,Dwelling Price Index ;  Queensland ;,A83728617T,House Prices,Index,Quarter
2026-03-01,259.9813432835821,Dwelling Price Index ;  Queensland ;,A83728617T,House Prices,Index,Quarter
2026-06-01,263.6660447761194,Dwelling Price Index ;  Queensland ;,A83728617T,House Prices,Index,Quarter
2011-09-01,100,Dwelling Price Index ;  South Australia ;,A83728622K,House Prices,Index,Quarter
2011-12-01,101.15819952619111,Dwelling Price Index ;  South Australia ;,A83728622K,House Prices,Index,Quarter
2012-03-01,99.34193208739141,Dwelling Price Index ;  South Australia ;,A83728622K,House Prices,Index,Quarter
2012-06-01,99.52619110292183,Dwelling Price Index ;  South Australia ;,A83728622K,House Prices,Index,Quarter
2012-09-01,98.8418004738089,Dwelling Price Index ;  South Australia ;,A83728622K,House Prices,Index,Quarter
2012-12-01,98.86812319031326,Dwelling Price Index ;  South Australia ;,A83728622K,House Prices,Index,Quarter
2013-03-01,99.94735456699132,Dwelling Price Index ;  South Australia ;,A83728622K,House Prices,Index,Quarter
2013-06-01,99.86838641747828,Dwelling Price Index ;  South Australia ;,A83728622K,House Prices,Index,Quarter
2013-09-01,100.94761779415636,Dwelling Price Index ;  South Australia ;,A83728622K,House Prices,Index,Quarter
2013-12-01,104.44853908923402,Dwelling Price Index ;  South Australia ;,A83728622K,House Prices,Index,Quarter
2014-03-01,106.00157936299026,Dwelling Price Index ;  South Australia ;,A83728622K,House Prices,Index,Quarter
2014-06-01,106.05422479599895,Dwelling Price Index ;  South Australia ;,A83728622K,House Prices,Index,Quarter
2014-09-01,105.81732034745986,Dwelling Price Index ;  South Australia ;,A83728622K,House Prices,Index,Quarter
2014-12-01,108.58120558041591,Dwelling Price Index ;  South Australia ;,A83728622K,House Prices,Index,Quarter
2015-03-01,109.08133719399842,Dwelling Price Index ;  South Australia ;,A83728622K,House Prices,Index,Quarter
2015-06-01,108.6338510134246,Dwelling Price Index ;  South Australia ;,A83728622K,House Prices,Index,Quarter
2015-09-01,110.08160042116346,Dwelling Price Index ;  South Australia ;,A83728622K,House Prices,Index,Quarter
2015-12-01,111.05554093182417,Dwelling Price Index ;  South Australia ;,A83728622K,House Prices,Index,Quarter
2016-03-01,111.97683600947619,Dwelling Price Index ;  South Australia ;,A83728622K,House Prices,Index,Quarter
2016-06-01,111.52934982890234,Dwelling Price Index ;  South Australia ;,A83728622K,House Prices,Index,Quarter
2016-09-01,111.71360884443276,Dwelling Price Index ;  South Australia ;,A83728622K,House Prices,Index,Quarter
2016-12-01,114.13529876283232,Dwelling Price Index ;  South Australia ;,A83728622K,House Prices,Index,Quarter
2017-03-01,115.60937088707554,Dwelling Price Index ;  South Australia ;,A83728622K,House Prices,Index,Quarter
2017-06-01,115.18820742300606,Dwelling Price Index ;  South Australia ;,A83728622K,House Prices,Index,Quarter
2017-09-01,116.47802053171887,Dwelling Price Index ;  South Australia ;,A83728622K,House Prices,Index,Quarter
2017-12-01,118.39957883653594,Dwelling Price Index ;  South Australia ;,A83728622K,House Prices,Index,Quarter
2018-03-01,119.13661489865754,Dwelling Price Index ;  South Australia ;,A83728622K,House Prices,Index,Quarter
2018-06-01,118.26796525401421,Dwelling Price Index ;  South Australia ;,A83728622K,House Prices,Index,Quarter
2018-09-01,118.89971045011845,Dwelling Price Index ;  South Australia ;,A83728622K,House Prices,Index,Quarter
2018-12-01,120.95288233745723,Dwelling Price Index ;  South Australia ;,A83728622K,House Prices,Index,Quarter
2019-03-01,120.5053961568834,Dwelling Price Index ;  South Australia ;,A83728622K,House Prices,Index,Quarter
2019-06-01,119.63674651224008,Dwelling Price Index ;  South Australia ;,A83728622K,House Prices,Index,Quarter
2019-09-01,119.18926033166623,Dwelling Price Index ;  South Australia ;,A83728622K,House Prices,Index,Quarter
2019-12-01,123.87470386943933,Dwelling Price Index ;  South Australia ;,A83728622K,House Prices,Index,Quarter
2020-03-01,122.47959989470914,Dwelling Price Index ;  South Australia ;,A83728622K,House Prices,Index,Quarter
2020-06-01,123.03237694130034,Dwelling Price Index ;  South Australia ;,A83728622K,House Prices,Index,Quarter
2020-09-01,126.95446170044751,Dwelling Price Index ;  South Australia ;,A83728622K,House Prices,Index,Quarter
2020-12-01,132.40326401684655,Dwelling Price Index ;  South Australia ;,A83728622K,House Prices,Index,Quarter
2021-03-01,136.72018952355884,Dwelling Price Index ;  South Australia ;,A83728622K,House Prices,Index,Quarter
2021-06-01,143.06396420110556,Dwelling Price Index ;  South Australia ;,A83728622K,House Prices,Index,Quarter
2021-09-01,150.98710186891287,Dwelling Price Index ;  South Australia ;,A83728622K,House Prices,Index,Quarter
2021-12-01,163.01658331139774,Dwelling Price Index ;  South Australia ;,A83728622K,House Prices,Index,Quarter
2022-03-01,169.88681231903132,Dwelling Price Index ;  South Australia ;,A83728622K,House Prices,Index,Quarter
2022-06-01,171.4661753092919,Dwelling Price Index ;  South Australia ;,A83728622K,House Prices,Index,Quarter
2022-09-01,170.93972097920508,Dwelling Price Index ;  South Australia ;,A83728622K,House Prices,Index,Quarter
2022-12-01,174.44064227428274,Dwelling Price Index ;  South Australia ;,A83728622K,House Prices,Index,Quarter
2023-03-01,174.59857857330877,Dwelling Price Index ;  South Australia ;,A83728622K,House Prices,Index,Quarter
2023-06-01,182.73229797315085,Dwelling Price Index ;  South Australia ;,A83728622K,House Prices,Index,Quarter
2023-09-01,186.3121874177415,Dwelling Price Index ;  South Australia ;,A83728622K,House Prices,Index,Quarter
2023-12-01,194.49855225059227,Dwelling Price Index ;  South Australia ;,A83728622K,House Prices,Index,Quarter
2024-03-01,202.15846275335613,Dwelling Price Index ;  South Australia ;,A83728622K,House Prices,Index,Quarter
2024-06-01,206.89655172413794,Dwelling Price Index ;  South Australia ;,A83728622K,House Prices,Index,Quarter
2024-09-01,215.2145301395104,Dwelling Price Index ;  South Australia ;,A83728622K,House Prices,Index,Quarter
2024-12-01,223.34824953935248,Dwelling Price Index ;  South Australia ;,A83728622K,House Prices,Index,Quarter
2025-03-01,222.47959989470917,Dwelling Price Index ;  South Australia ;,A83728622K,House Prices,Index,Quarter
2025-06-01,228.32324295867332,Dwelling Price Index ;  South Australia ;,A83728622K,House Prices,Index,Quarter
2025-09-01,236.1410897604633,Dwelling Price Index ;  South Australia ;,A83728622K,House Prices,Index,Quarter
2025-12-01,247.03869439326138,Dwelling Price Index ;  South Australia ;,A83728622K,House Prices,Index,Quarter
2026-03-01,254.35640958146882,Dwelling Price Index ;  South Australia ;,A83728622K,House Prices,Index,Quarter
2026-06-01,257.8573308765465,Dwelling Price Index ;  South Australia ;,A83728622K,House Prices,Index,Quarter
2011-09-01,100,Dwelling Price Index ;  Tasmania ;,A83728632R,House Prices,Index,Quarter
2011-12-01,101.60603080957063,Dwelling Price Index ;  Tasmania ;,A83728632R,House Prices,Index,Quarter
2012-03-01,99.86889544411667,Dwelling Price Index ;  Tasmania ;,A83728632R,House Prices,Index,Quarter
2012-06-01,96.75516224188789,Dwelling Price Index ;  Tasmania ;,A83728632R,House Prices,Index,Quarter
2012-09-01,95.41134054408391,Dwelling Price Index ;  Tasmania ;,A83728632R,House Prices,Index,Quarter
2012-12-01,97.60734185512946,Dwelling Price Index ;  Tasmania ;,A83728632R,House Prices,Index,Quarter
2013-03-01,96.26352015732546,Dwelling Price Index ;  Tasmania ;,A83728632R,House Prices,Index,Quarter
2013-06-01,97.54178957718781,Dwelling Price Index ;  Tasmania ;,A83728632R,House Prices,Index,Quarter
2013-09-01,97.50901343821697,Dwelling Price Index ;  Tasmania ;,A83728632R,House Prices,Index,Quarter
2013-12-01,100.49164208456244,Dwelling Price Index ;  Tasmania ;,A83728632R,House Prices,Index,Quarter
2014-03-01,100.65552277941659,Dwelling Price Index ;  Tasmania ;,A83728632R,House Prices,Index,Quarter
2014-06-01,100.91773189118321,Dwelling Price Index ;  Tasmania ;,A83728632R,House Prices,Index,Quarter
2014-09-01,101.86823992133726,Dwelling Price Index ;  Tasmania ;,A83728632R,House Prices,Index,Quarter
2014-12-01,101.5732546705998,Dwelling Price Index ;  Tasmania ;,A83728632R,House Prices,Index,Quarter
2015-03-01,102.49098656178302,Dwelling Price Index ;  Tasmania ;,A83728632R,House Prices,Index,Quarter
2015-06-01,105.27695837430349,Dwelling Price Index ;  Tasmania ;,A83728632R,House Prices,Index,Quarter
2015-09-01,105.30973451327432,Dwelling Price Index ;  Tasmania ;,A83728632R,House Prices,Index,Quarter
2015-12-01,107.66961651917404,Dwelling Price Index ;  Tasmania ;,A83728632R,House Prices,Index,Quarter
2016-03-01,105.63749590298261,Dwelling Price Index ;  Tasmania ;,A83728632R,House Prices,Index,Quarter
2016-06-01,109.50508030154047,Dwelling Price Index ;  Tasmania ;,A83728632R,House Prices,Index,Quarter
2016-09-01,110.94723041625696,Dwelling Price Index ;  Tasmania ;,A83728632R,House Prices,Index,Quarter
2016-12-01,114.88036709275646,Dwelling Price Index ;  Tasmania ;,A83728632R,House Prices,Index,Quarter
2017-03-01,116.68305473615209,Dwelling Price Index ;  Tasmania ;,A83728632R,House Prices,Index,Quarter
2017-06-01,118.45296624057684,Dwelling Price Index ;  Tasmania ;,A83728632R,House Prices,Index,Quarter
2017-09-01,122.81219272369714,Dwelling Price Index ;  Tasmania ;,A83728632R,House Prices,Index,Quarter
2017-12-01,126.02425434283839,Dwelling Price Index ;  Tasmania ;,A83728632R,House Prices,Index,Quarter
2018-03-01,130.67846607669617,Dwelling Price Index ;  Tasmania ;,A83728632R,House Prices,Index,Quarter
2018-06-01,131.66175024582103,Dwelling Price Index ;  Tasmania ;,A83728632R,House Prices,Index,Quarter
2018-09-01,134.61160275319565,Dwelling Price Index ;  Tasmania ;,A83728632R,House Prices,Index,Quarter
2018-12-01,136.38151425762044,Dwelling Price Index ;  Tasmania ;,A83728632R,House Prices,Index,Quarter
2019-03-01,134.8738118649623,Dwelling Price Index ;  Tasmania ;,A83728632R,House Prices,Index,Quarter
2019-06-01,138.70862012454933,Dwelling Price Index ;  Tasmania ;,A83728632R,House Prices,Index,Quarter
2019-09-01,138.87250081940346,Dwelling Price Index ;  Tasmania ;,A83728632R,House Prices,Index,Quarter
2019-12-01,145.55883316945264,Dwelling Price Index ;  Tasmania ;,A83728632R,House Prices,Index,Quarter
2020-03-01,150.8030154047853,Dwelling Price Index ;  Tasmania ;,A83728632R,House Prices,Index,Quarter
2020-06-01,150.86856768272696,Dwelling Price Index ;  Tasmania ;,A83728632R,House Prices,Index,Quarter
2020-09-01,151.29465748934777,Dwelling Price Index ;  Tasmania ;,A83728632R,House Prices,Index,Quarter
2020-12-01,164.1429039659128,Dwelling Price Index ;  Tasmania ;,A83728632R,House Prices,Index,Quarter
2021-03-01,178.99049491969845,Dwelling Price Index ;  Tasmania ;,A83728632R,House Prices,Index,Quarter
2021-06-01,187.08620124549324,Dwelling Price Index ;  Tasmania ;,A83728632R,House Prices,Index,Quarter
2021-09-01,200.49164208456241,Dwelling Price Index ;  Tasmania ;,A83728632R,House Prices,Index,Quarter
2021-12-01,225.56538839724683,Dwelling Price Index ;  Tasmania ;,A83728632R,House Prices,Index,Quarter
2022-03-01,227.53195673549658,Dwelling Price Index ;  Tasmania ;,A83728632R,House Prices,Index,Quarter
2022-06-01,225.17207472959683,Dwelling Price Index ;  Tasmania ;,A83728632R,House Prices,Index,Quarter
2022-09-01,222.0255653883972,Dwelling Price Index ;  Tasmania ;,A83728632R,House Prices,Index,Quarter
2022-12-01,218.09242871189772,Dwelling Price Index ;  Tasmania ;,A83728632R,House Prices,Index,Quarter
2023-03-01,219.69845952146835,Dwelling Price Index ;  Tasmania ;,A83728632R,House Prices,Index,Quarter
2023-06-01,217.66633890527694,Dwelling Price Index ;  Tasmania ;,A83728632R,House Prices,Index,Quarter
2023-09-01,216.3880694854146,Dwelling Price Index ;  Tasmania ;,A83728632R,House Prices,Index,Quarter
2023-12-01,216.3880694854146,Dwelling Price Index ;  Tasmania ;,A83728632R,House Prices,Index,Quarter
2024-03-01,219.63290724352672,Dwelling Price Index ;  Tasmania ;,A83728632R,House Prices,Index,Quarter
2024-06-01,216.19141265158964,Dwelling Price Index ;  Tasmania ;,A83728632R,House Prices,Index,Quarter
2024-09-01,211.96329072435267,Dwelling Price Index ;  Tasmania ;,A83728632R,House Prices,Index,Quarter
2024-12-01,219.69845952146835,Dwelling Price Index ;  Tasmania ;,A83728632R,House Prices,Index,Quarter
2025-03-01,221.63225172074726,Dwelling Price Index ;  Tasmania ;,A83728632R,House Prices,Index,Quarter
2025-06-01,220.78007210750573,Dwelling Price Index ;  Tasmania ;,A83728632R,House Prices,Index,Quarter
2025-09-01,226.05703048180925,Dwelling Price Index ;  Tasmania ;,A83728632R,House Prices,Index,Quarter
2025-12-01,239.5935758767617,Dwelling Price Index ;  Tasmania ;,A83728632R,House Prices,Index,Quarter
2026-03-01,235.23434939364142,Dwelling Price Index ;  Tasmania ;,A83728632R,House Prices,Index,Quarter
2026-06-01,240.31465093411995,Dwelling Price Index ;  Tasmania ;,A83728632R,House Prices,Index,Quarter
2011-09-01,100,Dwelling Price Index ;  Victoria ;,A83728612F,House Prices,Index,Quarter
2011-12-01,98.82949668357394,Dwelling Price Index ;  Victoria ;,A83728612F,House Prices,Index,Quarter
2012-03-01,97.54194303550527,Dwelling Price Index ;  Victoria ;,A83728612F,House Prices,Index,Quarter
2012-06-01,97.58095981271946,Dwelling Price Index ;  Victoria ;,A83728612F,House Prices,Index,Quarter
2012-09-01,95.92274678111588,Dwelling Price Index ;  Victoria ;,A83728612F,House Prices,Index,Quarter
2012-12-01,97.87358564182598,Dwelling Price Index ;  Victoria ;,A83728612F,House Prices,Index,Quarter
2013-03-01,98.86851346078814,Dwelling Price Index ;  Victoria ;,A83728612F,House Prices,Index,Quarter
2013-06-01,99.76589933671478,Dwelling Price Index ;  Victoria ;,A83728612F,House Prices,Index,Quarter
2013-09-01,102.08739758095979,Dwelling Price Index ;  Victoria ;,A83728612F,House Prices,Index,Quarter
2013-12-01,104.97463909481077,Dwelling Price Index ;  Victoria ;,A83728612F,House Prices,Index,Quarter
2014-03-01,106.22317596566523,Dwelling Price Index ;  Victoria ;,A83728612F,House Prices,Index,Quarter
2014-06-01,106.69137729223566,Dwelling Price Index ;  Victoria ;,A83728612F,House Prices,Index,Quarter
2014-09-01,107.47171283651969,Dwelling Price Index ;  Victoria ;,A83728612F,House Prices,Index,Quarter
2014-12-01,110.59305501365586,Dwelling Price Index ;  Victoria ;,A83728612F,House Prices,Index,Quarter
2015-03-01,113.44127975029261,Dwelling Price Index ;  Victoria ;,A83728612F,House Prices,Index,Quarter
2015-06-01,118.31837690206788,Dwelling Price Index ;  Victoria ;,A83728612F,House Prices,Index,Quarter
2015-09-01,120.26921576277797,Dwelling Price Index ;  Victoria ;,A83728612F,House Prices,Index,Quarter
2015-12-01,121.49824424502536,Dwelling Price Index ;  Victoria ;,A83728612F,House Prices,Index,Quarter
2016-03-01,122.00546234880998,Dwelling Price Index ;  Victoria ;,A83728612F,House Prices,Index,Quarter
2016-06-01,123.8197424892704,Dwelling Price Index ;  Victoria ;,A83728612F,House Prices,Index,Quarter
2016-09-01,126.16074912212252,Dwelling Price Index ;  Victoria ;,A83728612F,House Prices,Index,Quarter
2016-12-01,131.52555598907531,Dwelling Price Index ;  Victoria ;,A83728612F,House Prices,Index,Quarter
2017-03-01,135.70035115099492,Dwelling Price Index ;  Victoria ;,A83728612F,House Prices,Index,Quarter
2017-06-01,141.2017167381974,Dwelling Price Index ;  Victoria ;,A83728612F,House Prices,Index,Quarter
2017-09-01,139.99219664455717,Dwelling Price Index ;  Victoria ;,A83728612F,House Prices,Index,Quarter
2017-12-01,145.70815450643775,Dwelling Price Index ;  Victoria ;,A83728612F,House Prices,Index,Quarter
2018-03-01,145.08388607101054,Dwelling Price Index ;  Victoria ;,A83728612F,House Prices,Index,Quarter
2018-06-01,143.91338275458446,Dwelling Price Index ;  Victoria ;,A83728612F,House Prices,Index,Quarter
2018-09-01,139.95317986734295,Dwelling Price Index ;  Victoria ;,A83728612F,House Prices,Index,Quarter
2018-12-01,138.23644166991807,Dwelling Price Index ;  Victoria ;,A83728612F,House Prices,Index,Quarter
2019-03-01,133.2422941865002,Dwelling Price Index ;  Victoria ;,A83728612F,House Prices,Index,Quarter
2019-06-01,134.78345688646115,Dwelling Price Index ;  Victoria ;,A83728612F,House Prices,Index,Quarter
2019-09-01,139.58252048380803,Dwelling Price Index ;  Victoria ;,A83728612F,House Prices,Index,Quarter
2019-12-01,146.13733905579397,Dwelling Price Index ;  Victoria ;,A83728612F,House Prices,Index,Quarter
2020-03-01,148.4978540772532,Dwelling Price Index ;  Victoria ;,A83728612F,House Prices,Index,Quarter
2020-06-01,146.03979711275846,Dwelling Price Index ;  Victoria ;,A83728612F,House Prices,Index,Quarter
2020-09-01,147.73702692157627,Dwelling Price Index ;  Victoria ;,A83728612F,House Prices,Index,Quarter
2020-12-01,154.58447132266872,Dwelling Price Index ;  Victoria ;,A83728612F,House Prices,Index,Quarter
2021-03-01,162.29028482247367,Dwelling Price Index ;  Victoria ;,A83728612F,House Prices,Index,Quarter
2021-06-01,170.65938353492,Dwelling Price Index ;  Victoria ;,A83728612F,House Prices,Index,Quarter
2021-09-01,175.75107296137338,Dwelling Price Index ;  Victoria ;,A83728612F,House Prices,Index,Quarter
2021-12-01,183.73000390167772,Dwelling Price Index ;  Victoria ;,A83728612F,House Prices,Index,Quarter
2022-03-01,183.80803745610612,Dwelling Price Index ;  Victoria ;,A83728612F,House Prices,Index,Quarter
2022-06-01,181.11587982832617,Dwelling Price Index ;  Victoria ;,A83728612F,House Prices,Index,Quarter
2022-09-01,175.7900897385876,Dwelling Price Index ;  Victoria ;,A83728612F,House Prices,Index,Quarter
2022-12-01,175.82910651580178,Dwelling Price Index ;  Victoria ;,A83728612F,House Prices,Index,Quarter
2023-03-01,175.26336324619584,Dwelling Price Index ;  Victoria ;,A83728612F,House Prices,Index,Quarter
2023-06-01,176.14124073351542,Dwelling Price Index ;  Victoria ;,A83728612F,House Prices,Index,Quarter
2023-09-01,176.4143581740148,Dwelling Price Index ;  Victoria ;,A83728612F,House Prices,Index,Quarter
2023-12-01,179.6137339055794,Dwelling Price Index ;  Victoria ;,A83728612F,House Prices,Index,Quarter
2024-03-01,177.87748731954738,Dwelling Price Index ;  Victoria ;,A83728612F,House Prices,Index,Quarter
2024-06-01,177.29223566133436,Dwelling Price Index ;  Victoria ;,A83728612F,House Prices,Index,Quarter
2024-09-01,174.2489270386266,Dwelling Price Index ;  Victoria ;,A83728612F,House Prices,Index,Quarter
2024-12-01,176.02419040187277,Dwelling Price Index ;  Victoria ;,A83728612F,House Prices,Index,Quarter
2025-03-01,177.56535310183378,Dwelling Price Index ;  Victoria ;,A83728612F,House Prices,Index,Quarter
2025-06-01,179.12602419040186,Dwelling Price Index ;  Victoria ;,A83728612F,House Prices,Index,Quarter
2025-09-01,180.82325399921965,Dwelling Price Index ;  Victoria ;,A83728612F,House Prices,Index,Quarter
2025-12-01,185.87592664845883,Dwelling Price Index ;  Victoria ;,A83728612F,House Prices,Index,Quarter
2026-03-01,182.98868513460786,Dwelling Price Index ;  Victoria ;,A83728612F,House Prices,Index,Quarter
2026-06-01,179.16504096761605,Dwelling Price Index ;  Victoria ;,A83728612F,House Prices,Index,Quarter
2011-09-01,100,Dwelling Price Index ;  Western Australia ;,A83728627W,House Prices,Index,Quarter
2011-12-01,99.35213414634147,Dwelling Price Index ;  Western Australia ;,A83728627W,House Prices,Index,Quarter
2012-03-01,101.44817073170734,Dwelling Price Index ;  Western Australia ;,A83728627W,House Prices,Index,Quarter
2012-06-01,101.06707317073172,Dwelling Price Index ;  Western Australia ;,A83728627W,House Prices,Index,Quarter
2012-09-01,102.45807926829269,Dwelling Price Index ;  Western Australia ;,A83728627W,House Prices,Index,Quarter
2012-12-01,104.85899390243902,Dwelling Price Index ;  Western Australia ;,A83728627W,House Prices,Index,Quarter
2013-03-01,106.87881097560977,Dwelling Price Index ;  Western Australia ;,A83728627W,House Prices,Index,Quarter
2013-06-01,109.12728658536588,Dwelling Price Index ;  Western Australia ;,A83728627W,House Prices,Index,Quarter
2013-09-01,109.07012195121952,Dwelling Price Index ;  Western Australia ;,A83728627W,House Prices,Index,Quarter
2013-12-01,111.66158536585367,Dwelling Price Index ;  Western Australia ;,A83728627W,House Prices,Index,Quarter
2014-03-01,111.83307926829269,Dwelling Price Index ;  Western Australia ;,A83728627W,House Prices,Index,Quarter
2014-06-01,112.86204268292683,Dwelling Price Index ;  Western Australia ;,A83728627W,House Prices,Index,Quarter
2014-09-01,111.56631097560977,Dwelling Price Index ;  Western Australia ;,A83728627W,House Prices,Index,Quarter
2014-12-01,112.08079268292686,Dwelling Price Index ;  Western Australia ;,A83728627W,House Prices,Index,Quarter
2015-03-01,110.21341463414636,Dwelling Price Index ;  Western Australia ;,A83728627W,House Prices,Index,Quarter
2015-06-01,109.75609756097562,Dwelling Price Index ;  Western Australia ;,A83728627W,House Prices,Index,Quarter
2015-09-01,106.63109756097562,Dwelling Price Index ;  Western Australia ;,A83728627W,House Prices,Index,Quarter
2015-12-01,105.20198170731709,Dwelling Price Index ;  Western Australia ;,A83728627W,House Prices,Index,Quarter
2016-03-01,103.3346036585366,Dwelling Price Index ;  Western Australia ;,A83728627W,House Prices,Index,Quarter
2016-06-01,101.23856707317074,Dwelling Price Index ;  Western Australia ;,A83728627W,House Prices,Index,Quarter
2016-09-01,99.50457317073173,Dwelling Price Index ;  Western Australia ;,A83728627W,House Prices,Index,Quarter
2016-12-01,102.57240853658536,Dwelling Price Index ;  Western Australia ;,A83728627W,House Prices,Index,Quarter
2017-03-01,100.03810975609757,Dwelling Price Index ;  Western Australia ;,A83728627W,House Prices,Index,Quarter
2017-06-01,99.16158536585367,Dwelling Price Index ;  Western Australia ;,A83728627W,House Prices,Index,Quarter
2017-09-01,99.31402439024392,Dwelling Price Index ;  Western Australia ;,A83728627W,House Prices,Index,Quarter
2017-12-01,101.0861280487805,Dwelling Price Index ;  Western Australia ;,A83728627W,House Prices,Index,Quarter
2018-03-01,101.02896341463416,Dwelling Price Index ;  Western Australia ;,A83728627W,House Prices,Index,Quarter
2018-06-01,98.38033536585365,Dwelling Price Index ;  Western Australia ;,A83728627W,House Prices,Index,Quarter
2018-09-01,98.62804878048782,Dwelling Price Index ;  Western Australia ;,A83728627W,House Prices,Index,Quarter
2018-12-01,97.21798780487806,Dwelling Price Index ;  Western Australia ;,A83728627W,House Prices,Index,Quarter
2019-03-01,96.41768292682927,Dwelling Price Index ;  Western Australia ;,A83728627W,House Prices,Index,Quarter
2019-06-01,95.35060975609755,Dwelling Price Index ;  Western Australia ;,A83728627W,House Prices,Index,Quarter
2019-09-01,95.99847560975611,Dwelling Price Index ;  Western Australia ;,A83728627W,House Prices,Index,Quarter
2019-12-01,95.14100609756099,Dwelling Price Index ;  Western Australia ;,A83728627W,House Prices,Index,Quarter
2020-03-01,95.5221036585366,Dwelling Price Index ;  Western Australia ;,A83728627W,House Prices,Index,Quarter
2020-06-01,95.10289634146343,Dwelling Price Index ;  Western Australia ;,A83728627W,House Prices,Index,Quarter
2020-09-01,99.73323170731709,Dwelling Price Index ;  Western Australia ;,A83728627W,House Prices,Index,Quarter
2020-12-01,105.33536585365854,Dwelling Price Index ;  Western Australia ;,A83728627W,House Prices,Index,Quarter
2021-03-01,110.95655487804879,Dwelling Price Index ;  Western Australia ;,A83728627W,House Prices,Index,Quarter
2021-06-01,111.20426829268295,Dwelling Price Index ;  Western Australia ;,A83728627W,House Prices,Index,Quarter
2021-09-01,113.5861280487805,Dwelling Price Index ;  Western Australia ;,A83728627W,House Prices,Index,Quarter
2021-12-01,118.00685975609757,Dwelling Price Index ;  Western Australia ;,A83728627W,House Prices,Index,Quarter
2022-03-01,119.7408536585366,Dwelling Price Index ;  Western Australia ;,A83728627W,House Prices,Index,Quarter
2022-06-01,122.65625000000003,Dwelling Price Index ;  Western Australia ;,A83728627W,House Prices,Index,Quarter
2022-09-01,119.7408536585366,Dwelling Price Index ;  Western Australia ;,A83728627W,House Prices,Index,Quarter
2022-12-01,122.9611280487805,Dwelling Price Index ;  Western Australia ;,A83728627W,House Prices,Index,Quarter
2023-03-01,124.54268292682929,Dwelling Price Index ;  Western Australia ;,A83728627W,House Prices,Index,Quarter
2023-06-01,126.92454268292686,Dwelling Price Index ;  Western Australia ;,A83728627W,House Prices,Index,Quarter
2023-09-01,132.3551829268293,Dwelling Price Index ;  Western Australia ;,A83728627W,House Prices,Index,Quarter
2023-12-01,139.7675304878049,Dwelling Price Index ;  Western Australia ;,A83728627W,House Prices,Index,Quarter
2024-03-01,146.53201219512198,Dwelling Price Index ;  Western Australia ;,A83728627W,House Prices,Index,Quarter
2024-06-01,157.79344512195124,Dwelling Price Index ;  Western Australia ;,A83728627W,House Prices,Index,Quarter
2024-09-01,159.92759146341464,Dwelling Price Index ;  Western Australia ;,A83728627W,House Prices,Index,Quarter
2024-12-01,165.47256097560975,Dwelling Price Index ;  Western Australia ;,A83728627W,House Prices,Index,Quarter
2025-03-01,167.66387195121953,Dwelling Price Index ;  Western Australia ;,A83728627W,House Prices,Index,Quarter
2025-06-01,174.25685975609758,Dwelling Price Index ;  Western Australia ;,A83728627W,House Prices,Index,Quarter
2025-09-01,179.9733231707317,Dwelling Price Index ;  Western Australia ;,A83728627W,House Prices,Index,Quarter
2025-12-01,196.4748475609756,Dwelling Price Index ;  Western Australia ;,A83728627W,House Prices,Index,Quarter
2026-03-01,209.45121951219514,Dwelling Price Index ;  Western Australia ;,A83728627W,House Prices,Index,Quarter
2026-06-01,214.11966463414637,Dwelling Price Index ;  Western Australia ;,A83728627W,House Prices,Index,Quarter
2011-09-01,490.8,Mean Dwelling Price ; Australia ;,A83728647F,House Prices,$'000,Quarter
2011-12-01,486.9,Mean Dwelling Price ; Australia ;,A83728647F,House Prices,$'000,Quarter
2012-03-01,488.6,Mean Dwelling Price ; Australia ;,A83728647F,House Prices,$'000,Quarter
2012-06-01,489.9,Mean Dwelling Price ; Australia ;,A83728647F,House Prices,$'000,Quarter
2012-09-01,486.3,Mean Dwelling Price ; Australia ;,A83728647F,House Prices,$'000,Quarter
2012-12-01,496.4,Mean Dwelling Price ; Australia ;,A83728647F,House Prices,$'000,Quarter
2013-03-01,501.1,Mean Dwelling Price ; Australia ;,A83728647F,House Prices,$'000,Quarter
2013-06-01,508.1,Mean Dwelling Price ; Australia ;,A83728647F,House Prices,$'000,Quarter
2013-09-01,515.5,Mean Dwelling Price ; Australia ;,A83728647F,House Prices,$'000,Quarter
2013-12-01,532.7,Mean Dwelling Price ; Australia ;,A83728647F,House Prices,$'000,Quarter
2014-03-01,539.3,Mean Dwelling Price ; Australia ;,A83728647F,House Prices,$'000,Quarter
2014-06-01,547.5,Mean Dwelling Price ; Australia ;,A83728647F,House Prices,$'000,Quarter
2014-09-01,553.5,Mean Dwelling Price ; Australia ;,A83728647F,House Prices,$'000,Quarter
2014-12-01,568.7,Mean Dwelling Price ; Australia ;,A83728647F,House Prices,$'000,Quarter
2015-03-01,579.3,Mean Dwelling Price ; Australia ;,A83728647F,House Prices,$'000,Quarter
2015-06-01,600.1,Mean Dwelling Price ; Australia ;,A83728647F,House Prices,$'000,Quarter
2015-09-01,611,Mean Dwelling Price ; Australia ;,A83728647F,House Prices,$'000,Quarter
2015-12-01,611.6,Mean Dwelling Price ; Australia ;,A83728647F,House Prices,$'000,Quarter
2016-03-01,609.3,Mean Dwelling Price ; Australia ;,A83728647F,House Prices,$'000,Quarter
2016-06-01,619.5,Mean Dwelling Price ; Australia ;,A83728647F,House Prices,$'000,Quarter
2016-09-01,628.6,Mean Dwelling Price ; Australia ;,A83728647F,House Prices,$'000,Quarter
2016-12-01,651.6,Mean Dwelling Price ; Australia ;,A83728647F,House Prices,$'000,Quarter
2017-03-01,665,Mean Dwelling Price ; Australia ;,A83728647F,House Prices,$'000,Quarter
2017-06-01,678.8,Mean Dwelling Price ; Australia ;,A83728647F,House Prices,$'000,Quarter
2017-09-01,676.4,Mean Dwelling Price ; Australia ;,A83728647F,House Prices,$'000,Quarter
2017-12-01,689.7,Mean Dwelling Price ; Australia ;,A83728647F,House Prices,$'000,Quarter
2018-03-01,688,Mean Dwelling Price ; Australia ;,A83728647F,House Prices,$'000,Quarter
2018-06-01,681.1,Mean Dwelling Price ; Australia ;,A83728647F,House Prices,$'000,Quarter
2018-09-01,671.7,Mean Dwelling Price ; Australia ;,A83728647F,House Prices,$'000,Quarter
2018-12-01,661.4,Mean Dwelling Price ; Australia ;,A83728647F,House Prices,$'000,Quarter
2019-03-01,646,Mean Dwelling Price ; Australia ;,A83728647F,House Prices,$'000,Quarter
2019-06-01,649.3,Mean Dwelling Price ; Australia ;,A83728647F,House Prices,$'000,Quarter
2019-09-01,668.8,Mean Dwelling Price ; Australia ;,A83728647F,House Prices,$'000,Quarter
2019-12-01,686.8,Mean Dwelling Price ; Australia ;,A83728647F,House Prices,$'000,Quarter
2020-03-01,694.7,Mean Dwelling Price ; Australia ;,A83728647F,House Prices,$'000,Quarter
2020-06-01,689.4,Mean Dwelling Price ; Australia ;,A83728647F,House Prices,$'000,Quarter
2020-09-01,706.7,Mean Dwelling Price ; Australia ;,A83728647F,House Prices,$'000,Quarter
2020-12-01,738.9,Mean Dwelling Price ; Australia ;,A83728647F,House Prices,$'000,Quarter
2021-03-01,778.3,Mean Dwelling Price ; Australia ;,A83728647F,House Prices,$'000,Quarter
2021-06-01,813.9,Mean Dwelling Price ; Australia ;,A83728647F,House Prices,$'000,Quarter
2021-09-01,865.7,Mean Dwelling Price ; Australia ;,A83728647F,House Prices,$'000,Quarter
2021-12-01,916.8,Mean Dwelling Price ; Australia ;,A83728647F,House Prices,$'000,Quarter
2022-03-01,930.6,Mean Dwelling Price ; Australia ;,A83728647F,House Prices,$'000,Quarter
2022-06-01,921.2,Mean Dwelling Price ; Australia ;,A83728647F,House Prices,$'000,Quarter
2022-09-01,890.5,Mean Dwelling Price ; Australia ;,A83728647F,House Prices,$'000,Quarter
2022-12-01,891,Mean Dwelling Price ; Australia ;,A83728647F,House Prices,$'000,Quarter
2023-03-01,890.9,Mean Dwelling Price ; Australia ;,A83728647F,House Prices,$'000,Quarter
2023-06-01,914.9,Mean Dwelling Price ; Australia ;,A83728647F,House Prices,$'000,Quarter
2023-09-01,925.2,Mean Dwelling Price ; Australia ;,A83728647F,House Prices,$'000,Quarter
2023-12-01,949.4,Mean Dwelling Price ; Australia ;,A83728647F,House Prices,$'000,Quarter
2024-03-01,962.1,Mean Dwelling Price ; Australia ;,A83728647F,House Prices,$'000,Quarter
2024-06-01,982.2,Mean Dwelling Price ; Australia ;,A83728647F,House Prices,$'000,Quarter
2024-09-01,983.3,Mean Dwelling Price ; Australia ;,A83728647F,House Prices,$'000,Quarter
2024-12-01,1002.9,Mean Dwelling Price ; Australia ;,A83728647F,House Prices,$'000,Quarter
2025-03-01,1007.8,Mean Dwelling Price ; Australia ;,A83728647F,House Prices,$'000,Quarter
2025-06-01,1029.9,Mean Dwelling Price ; Australia ;,A83728647F,House Prices,$'000,Quarter
2025-09-01,1050.9,Mean Dwelling Price ; Australia ;,A83728647F,House Prices,$'000,Quarter
2025-12-01,1093.2,Mean Dwelling Price ; Australia ;,A83728647F,House Prices,$'000,Quarter
2026-03-01,1108.6,Mean Dwelling Price ; Australia ;,A83728647F,House Prices,$'000,Quarter
2026-06-01,1100.4,Mean Dwelling Price ; Australia ;,A83728647F,House Prices,$'000,Quarter
2003-09-01,182.5,Median Price Attached Dwellings ;  Adelaide ;,A83728558C,House Prices,$'000,Quarter
2003-12-01,191,Median Price Attached Dwellings ;  Adelaide ;,A83728558C,House Prices,$'000,Quarter
2004-03-01,193.5,Median Price Attached Dwellings ;  Adelaide ;,A83728558C,House Prices,$'000,Quarter
2004-06-01,200,Median Price Attached Dwellings ;  Adelaide ;,A83728558C,House Prices,$'000,Quarter
2004-09-01,220,Median Price Attached Dwellings ;  Adelaide ;,A83728558C,House Prices,$'000,Quarter
2004-12-01,220,Median Price Attached Dwellings ;  Adelaide ;,A83728558C,House Prices,$'000,Quarter
2005-03-01,212,Median Price Attached Dwellings ;  Adelaide ;,A83728558C,House Prices,$'000,Quarter
2005-06-01,216.5,Median Price Attached Dwellings ;  Adelaide ;,A83728558C,House Prices,$'000,Quarter
2005-09-01,225.3,Median Price Attached Dwellings ;  Adelaide ;,A83728558C,House Prices,$'000,Quarter
2005-12-01,228.8,Median Price Attached Dwellings ;  Adelaide ;,A83728558C,House Prices,$'000,Quarter
2006-03-01,225,Median Price Attached Dwellings ;  Adelaide ;,A83728558C,House Prices,$'000,Quarter
2006-06-01,235,Median Price Attached Dwellings ;  Adelaide ;,A83728558C,House Prices,$'000,Quarter
2006-09-01,240,Median Price Attached Dwellings ;  Adelaide ;,A83728558C,House Prices,$'000,Quarter
2006-12-01,246,Median Price Attached Dwellings ;  Adelaide ;,A83728558C,House Prices,$'000,Quarter
2007-03-01,245,Median Price Attached Dwellings ;  Adelaide ;,A83728558C,House Prices,$'000,Quarter
2007-06-01,265,Median Price Attached Dwellings ;  Adelaide ;,A83728558C,House Prices,$'000,Quarter
2007-09-01,285,Median Price Attached Dwellings ;  Adelaide ;,A83728558C,House Prices,$'000,Quarter
2007-12-01,290,Median Price Attached Dwellings ;  Adelaide ;,A83728558C,House Prices,$'000,Quarter
2008-03-01,295,Median Price Attached Dwellings ;  Adelaide ;,A83728558C,House Prices,$'000,Quarter
2008-06-01,290,Median Price Attached Dwellings ;  Adelaide ;,A83728558C,House Prices,$'000,Quarter
2008-09-01,315.1,Median Price Attached Dwellings ;  Adelaide ;,A83728558C,House Prices,$'000,Quarter
2008-12-01,300.8,Median Price Attached Dwellings ;  Adelaide ;,A83728558C,House Prices,$'000,Quarter
2009-03-01,300,Median Price Attached Dwellings ;  Adelaide ;,A83728558C,House Prices,$'000,Quarter
2009-06-01,310,Median Price Attached Dwellings ;  Adelaide ;,A83728558C,House Prices,$'000,Quarter
2009-09-01,310,Median Price Attached Dwellings ;  Adelaide ;,A83728558C,House Prices,$'000,Quarter
2009-12-01,326.8,Median Price Attached Dwellings ;  Adelaide ;,A83728558C,House Prices,$'000,Quarter
2010-03-01,333,Median Price Attached Dwellings ;  Adelaide ;,A83728558C,House Prices,$'000,Quarter
2010-06-01,337.5,Median Price Attached Dwellings ;  Adelaide ;,A83728558C,House Prices,$'000,Quarter
2010-09-01,330.5,Median Price Attached Dwellings ;  Adelaide ;,A83728558C,House Prices,$'000,Quarter
2010-12-01,335,Median Price Attached Dwellings ;  Adelaide ;,A83728558C,House Prices,$'000,Quarter
2011-03-01,339,Median Price Attached Dwellings ;  Adelaide ;,A83728558C,House Prices,$'000,Quarter
2011-06-01,328.5,Median Price Attached Dwellings ;  Adelaide ;,A83728558C,House Prices,$'000,Quarter
2011-09-01,320,Median Price Attached Dwellings ;  Adelaide ;,A83728558C,House Prices,$'000,Quarter
2011-12-01,327.3,Median Price Attached Dwellings ;  Adelaide ;,A83728558C,House Prices,$'000,Quarter
2012-03-01,317,Median Price Attached Dwellings ;  Adelaide ;,A83728558C,House Prices,$'000,Quarter
2012-06-01,315,Median Price Attached Dwellings ;  Adelaide ;,A83728558C,House Prices,$'000,Quarter
2012-09-01,325,Median Price Attached Dwellings ;  Adelaide ;,A83728558C,House Prices,$'000,Quarter
2012-12-01,325,Median Price Attached Dwellings ;  Adelaide ;,A83728558C,House Prices,$'000,Quarter
2013-03-01,325,Median Price Attached Dwellings ;  Adelaide ;,A83728558C,House Prices,$'000,Quarter
2013-06-01,330,Median Price Attached Dwellings ;  Adelaide ;,A83728558C,House Prices,$'000,Quarter
2013-09-01,324,Median Price Attached Dwellings ;  Adelaide ;,A83728558C,House Prices,$'000,Quarter
2013-12-01,330,Median Price Attached Dwellings ;  Adelaide ;,A83728558C,House Prices,$'000,Quarter
2014-03-01,326,Median Price Attached Dwellings ;  Adelaide ;,A83728558C,House Prices,$'000,Quarter
2014-06-01,345,Median Price Attached Dwellings ;  Adelaide ;,A83728558C,House Prices,$'000,Quarter
2014-09-01,342.5,Median Price Attached Dwellings ;  Adelaide ;,A83728558C,House Prices,$'000,Quarter
2014-12-01,345,Median Price Attached Dwellings ;  Adelaide ;,A83728558C,House Prices,$'000,Quarter
2015-03-01,345,Median Price Attached Dwellings ;  Adelaide ;,A83728558C,House Prices,$'000,Quarter
2015-06-01,345,Median Price Attached Dwellings ;  Adelaide ;,A83728558C,House Prices,$'000,Quarter
2015-09-01,344.5,Median Price Attached Dwellings ;  Adelaide ;,A83728558C,House Prices,$'000,Quarter
2015-12-01,345,Median Price Attached Dwellings ;  Adelaide ;,A83728558C,House Prices,$'000,Quarter
2016-03-01,345,Median Price Attached Dwellings ;  Adelaide ;,A83728558C,House Prices,$'000,Quarter
2016-06-01,367,Median Price Attached Dwellings ;  Adelaide ;,A83728558C,House Prices,$'000,Quarter
2016-09-01,365,Median Price Attached Dwellings ;  Adelaide ;,A83728558C,House Prices,$'000,Quarter
2016-12-01,365,Median Price Attached Dwellings ;  Adelaide ;,A83728558C,House Prices,$'000,Quarter
2017-03-01,365,Median Price Attached Dwellings ;  Adelaide ;,A83728558C,House Prices,$'000,Quarter
2017-06-01,383.5,Median Price Attached Dwellings ;  Adelaide ;,A83728558C,House Prices,$'000,Quarter
2017-09-01,375,Median Price Attached Dwellings ;  Adelaide ;,A83728558C,House Prices,$'000,Quarter
2017-12-01,390,Median Price Attached Dwellings ;  Adelaide ;,A83728558C,House Prices,$'000,Quarter
2018-03-01,370,Median Price Attached Dwellings ;  Adelaide ;,A83728558C,House Prices,$'000,Quarter
2018-06-01,380,Median Price Attached Dwellings ;  Adelaide ;,A83728558C,House Prices,$'000,Quarter
2018-09-01,380,Median Price Attached Dwellings ;  Adelaide ;,A83728558C,House Prices,$'000,Quarter
2018-12-01,371,Median Price Attached Dwellings ;  Adelaide ;,A83728558C,House Prices,$'000,Quarter
2019-03-01,400,Median Price Attached Dwellings ;  Adelaide ;,A83728558C,House Prices,$'000,Quarter
2019-06-01,390,Median Price Attached Dwellings ;  Adelaide ;,A83728558C,House Prices,$'000,Quarter
2019-09-01,380,Median Price Attached Dwellings ;  Adelaide ;,A83728558C,House Prices,$'000,Quarter
2019-12-01,385,Median Price Attached Dwellings ;  Adelaide ;,A83728558C,House Prices,$'000,Quarter
2020-03-01,390,Median Price Attached Dwellings ;  Adelaide ;,A83728558C,House Prices,$'000,Quarter
2020-06-01,421.3,Median Price Attached Dwellings ;  Adelaide ;,A83728558C,House Prices,$'000,Quarter
2020-09-01,411.8,Median Price Attached Dwellings ;  Adelaide ;,A83728558C,House Prices,$'000,Quarter
2020-12-01,415,Median Price Attached Dwellings ;  Adelaide ;,A83728558C,House Prices,$'000,Quarter
2021-03-01,420,Median Price Attached Dwellings ;  Adelaide ;,A83728558C,House Prices,$'000,Quarter
2021-06-01,415,Median Price Attached Dwellings ;  Adelaide ;,A83728558C,House Prices,$'000,Quarter
2021-09-01,425,Median Price Attached Dwellings ;  Adelaide ;,A83728558C,House Prices,$'000,Quarter
2021-12-01,450,Median Price Attached Dwellings ;  Adelaide ;,A83728558C,House Prices,$'000,Quarter
2022-03-01,454.9,Median Price Attached Dwellings ;  Adelaide ;,A83728558C,House Prices,$'000,Quarter
2022-06-01,465,Median Price Attached Dwellings ;  Adelaide ;,A83728558C,House Prices,$'000,Quarter
2022-09-01,485,Median Price Attached Dwellings ;  Adelaide ;,A83728558C,House Prices,$'000,Quarter
2022-12-01,480,Median Price Attached Dwellings ;  Adelaide ;,A83728558C,House Prices,$'000,Quarter
2023-03-01,489.5,Median Price Attached Dwellings ;  Adelaide ;,A83728558C,House Prices,$'000,Quarter
2023-06-01,525,Median Price Attached Dwellings ;  Adelaide ;,A83728558C,House Prices,$'000,Quarter
2023-09-01,520,Median Price Attached Dwellings ;  Adelaide ;,A83728558C,House Prices,$'000,Quarter
2023-12-01,565.5,Median Price Attached Dwellings ;  Adelaide ;,A83728558C,House Prices,$'000,Quarter
2024-03-01,570,Median Price Attached Dwellings ;  Adelaide ;,A83728558C,House Prices,$'000,Quarter
2024-06-01,630,Median Price Attached Dwellings ;  Adelaide ;,A83728558C,House Prices,$'000,Quarter
2024-09-01,610,Median Price Attached Dwellings ;  Adelaide ;,A83728558C,House Prices,$'000,Quarter
2024-12-01,640,Median Price Attached Dwellings ;  Adelaide ;,A83728558C,House Prices,$'000,Quarter
2025-03-01,640,Median Price Attached Dwellings ;  Adelaide ;,A83728558C,House Prices,$'000,Quarter
2025-06-01,660,Median Price Attached Dwellings ;  Adelaide ;,A83728558C,House Prices,$'000,Quarter
2025-09-01,685.3,Median Price Attached Dwellings ;  Adelaide ;,A83728558C,House Prices,$'000,Quarter
2025-12-01,735,Median Price Attached Dwellings ;  Adelaide ;,A83728558C,House Prices,$'000,Quarter
2026-03-01,742,Median Price Attached Dwellings ;  Adelaide ;,A83728558C,House Prices,$'000,Quarter
2026-06-01,725,Median Price Attached Dwellings ;  Adelaide ;,A83728558C,House Prices,$'000,Quarter
2003-09-01,221,Median Price Attached Dwellings ;  Brisbane ;,A83728554V,House Prices,$'000,Quarter
2003-12-01,241.6,Median Price Attached Dwellings ;  Brisbane ;,A83728554V,House Prices,$'000,Quarter
2004-03-01,249,Median Price Attached Dwellings ;  Brisbane ;,A83728554V,House Prices,$'000,Quarter
2004-06-01,249,Median Price Attached Dwellings ;  Brisbane ;,A83728554V,House Prices,$'000,Quarter
2004-09-01,264,Median Price Attached Dwellings ;  Brisbane ;,A83728554V,House Prices,$'000,Quarter
2004-12-01,267,Median Price Attached Dwellings ;  Brisbane ;,A83728554V,House Prices,$'000,Quarter
2005-03-01,257,Median Price Attached Dwellings ;  Brisbane ;,A83728554V,House Prices,$'000,Quarter
2005-06-01,265,Median Price Attached Dwellings ;  Brisbane ;,A83728554V,House Prices,$'000,Quarter
2005-09-01,271.7,Median Price Attached Dwellings ;  Brisbane ;,A83728554V,House Prices,$'000,Quarter
2005-12-01,280,Median Price Attached Dwellings ;  Brisbane ;,A83728554V,House Prices,$'000,Quarter
2006-03-01,280,Median Price Attached Dwellings ;  Brisbane ;,A83728554V,House Prices,$'000,Quarter
2006-06-01,295,Median Price Attached Dwellings ;  Brisbane ;,A83728554V,House Prices,$'000,Quarter
2006-09-01,292,Median Price Attached Dwellings ;  Brisbane ;,A83728554V,House Prices,$'000,Quarter
2006-12-01,298,Median Price Attached Dwellings ;  Brisbane ;,A83728554V,House Prices,$'000,Quarter
2007-03-01,305,Median Price Attached Dwellings ;  Brisbane ;,A83728554V,House Prices,$'000,Quarter
2007-06-01,325,Median Price Attached Dwellings ;  Brisbane ;,A83728554V,House Prices,$'000,Quarter
2007-09-01,340,Median Price Attached Dwellings ;  Brisbane ;,A83728554V,House Prices,$'000,Quarter
2007-12-01,357,Median Price Attached Dwellings ;  Brisbane ;,A83728554V,House Prices,$'000,Quarter
2008-03-01,360,Median Price Attached Dwellings ;  Brisbane ;,A83728554V,House Prices,$'000,Quarter
2008-06-01,367,Median Price Attached Dwellings ;  Brisbane ;,A83728554V,House Prices,$'000,Quarter
2008-09-01,350,Median Price Attached Dwellings ;  Brisbane ;,A83728554V,House Prices,$'000,Quarter
2008-12-01,350,Median Price Attached Dwellings ;  Brisbane ;,A83728554V,House Prices,$'000,Quarter
2009-03-01,349.8,Median Price Attached Dwellings ;  Brisbane ;,A83728554V,House Prices,$'000,Quarter
2009-06-01,365,Median Price Attached Dwellings ;  Brisbane ;,A83728554V,House Prices,$'000,Quarter
2009-09-01,370,Median Price Attached Dwellings ;  Brisbane ;,A83728554V,House Prices,$'000,Quarter
2009-12-01,381,Median Price Attached Dwellings ;  Brisbane ;,A83728554V,House Prices,$'000,Quarter
2010-03-01,385,Median Price Attached Dwellings ;  Brisbane ;,A83728554V,House Prices,$'000,Quarter
2010-06-01,392.5,Median Price Attached Dwellings ;  Brisbane ;,A83728554V,House Prices,$'000,Quarter
2010-09-01,383.8,Median Price Attached Dwellings ;  Brisbane ;,A83728554V,House Prices,$'000,Quarter
2010-12-01,385,Median Price Attached Dwellings ;  Brisbane ;,A83728554V,House Prices,$'000,Quarter
2011-03-01,379,Median Price Attached Dwellings ;  Brisbane ;,A83728554V,House Prices,$'000,Quarter
2011-06-01,382.5,Median Price Attached Dwellings ;  Brisbane ;,A83728554V,House Prices,$'000,Quarter
2011-09-01,370,Median Price Attached Dwellings ;  Brisbane ;,A83728554V,House Prices,$'000,Quarter
2011-12-01,380,Median Price Attached Dwellings ;  Brisbane ;,A83728554V,House Prices,$'000,Quarter
2012-03-01,376,Median Price Attached Dwellings ;  Brisbane ;,A83728554V,House Prices,$'000,Quarter
2012-06-01,381,Median Price Attached Dwellings ;  Brisbane ;,A83728554V,House Prices,$'000,Quarter
2012-09-01,387.5,Median Price Attached Dwellings ;  Brisbane ;,A83728554V,House Prices,$'000,Quarter
2012-12-01,385,Median Price Attached Dwellings ;  Brisbane ;,A83728554V,House Prices,$'000,Quarter
2013-03-01,392,Median Price Attached Dwellings ;  Brisbane ;,A83728554V,House Prices,$'000,Quarter
2013-06-01,395,Median Price Attached Dwellings ;  Brisbane ;,A83728554V,House Prices,$'000,Quarter
2013-09-01,395,Median Price Attached Dwellings ;  Brisbane ;,A83728554V,House Prices,$'000,Quarter
2013-12-01,400,Median Price Attached Dwellings ;  Brisbane ;,A83728554V,House Prices,$'000,Quarter
2014-03-01,405,Median Price Attached Dwellings ;  Brisbane ;,A83728554V,House Prices,$'000,Quarter
2014-06-01,414,Median Price Attached Dwellings ;  Brisbane ;,A83728554V,House Prices,$'000,Quarter
2014-09-01,420,Median Price Attached Dwellings ;  Brisbane ;,A83728554V,House Prices,$'000,Quarter
2014-12-01,420,Median Price Attached Dwellings ;  Brisbane ;,A83728554V,House Prices,$'000,Quarter
2015-03-01,420,Median Price Attached Dwellings ;  Brisbane ;,A83728554V,House Prices,$'000,Quarter
2015-06-01,425,Median Price Attached Dwellings ;  Brisbane ;,A83728554V,House Prices,$'000,Quarter
2015-09-01,425,Median Price Attached Dwellings ;  Brisbane ;,A83728554V,House Prices,$'000,Quarter
2015-12-01,420,Median Price Attached Dwellings ;  Brisbane ;,A83728554V,House Prices,$'000,Quarter
2016-03-01,415,Median Price Attached Dwellings ;  Brisbane ;,A83728554V,House Prices,$'000,Quarter
2016-06-01,413,Median Price Attached Dwellings ;  Brisbane ;,A83728554V,House Prices,$'000,Quarter
2016-09-01,420,Median Price Attached Dwellings ;  Brisbane ;,A83728554V,House Prices,$'000,Quarter
2016-12-01,410,Median Price Attached Dwellings ;  Brisbane ;,A83728554V,House Prices,$'000,Quarter
2017-03-01,405,Median Price Attached Dwellings ;  Brisbane ;,A83728554V,House Prices,$'000,Quarter
2017-06-01,392.5,Median Price Attached Dwellings ;  Brisbane ;,A83728554V,House Prices,$'000,Quarter
2017-09-01,400,Median Price Attached Dwellings ;  Brisbane ;,A83728554V,House Prices,$'000,Quarter
2017-12-01,391,Median Price Attached Dwellings ;  Brisbane ;,A83728554V,House Prices,$'000,Quarter
2018-03-01,385,Median Price Attached Dwellings ;  Brisbane ;,A83728554V,House Prices,$'000,Quarter
2018-06-01,385,Median Price Attached Dwellings ;  Brisbane ;,A83728554V,House Prices,$'000,Quarter
2018-09-01,385,Median Price Attached Dwellings ;  Brisbane ;,A83728554V,House Prices,$'000,Quarter
2018-12-01,390,Median Price Attached Dwellings ;  Brisbane ;,A83728554V,House Prices,$'000,Quarter
2019-03-01,387.8,Median Price Attached Dwellings ;  Brisbane ;,A83728554V,House Prices,$'000,Quarter
2019-06-01,390,Median Price Attached Dwellings ;  Brisbane ;,A83728554V,House Prices,$'000,Quarter
2019-09-01,397.5,Median Price Attached Dwellings ;  Brisbane ;,A83728554V,House Prices,$'000,Quarter
2019-12-01,399,Median Price Attached Dwellings ;  Brisbane ;,A83728554V,House Prices,$'000,Quarter
2020-03-01,390,Median Price Attached Dwellings ;  Brisbane ;,A83728554V,House Prices,$'000,Quarter
2020-06-01,386.5,Median Price Attached Dwellings ;  Brisbane ;,A83728554V,House Prices,$'000,Quarter
2020-09-01,400,Median Price Attached Dwellings ;  Brisbane ;,A83728554V,House Prices,$'000,Quarter
2020-12-01,415,Median Price Attached Dwellings ;  Brisbane ;,A83728554V,House Prices,$'000,Quarter
2021-03-01,420,Median Price Attached Dwellings ;  Brisbane ;,A83728554V,House Prices,$'000,Quarter
2021-06-01,421.3,Median Price Attached Dwellings ;  Brisbane ;,A83728554V,House Prices,$'000,Quarter
2021-09-01,430,Median Price Attached Dwellings ;  Brisbane ;,A83728554V,House Prices,$'000,Quarter
2021-12-01,450,Median Price Attached Dwellings ;  Brisbane ;,A83728554V,House Prices,$'000,Quarter
2022-03-01,459,Median Price Attached Dwellings ;  Brisbane ;,A83728554V,House Prices,$'000,Quarter
2022-06-01,470,Median Price Attached Dwellings ;  Brisbane ;,A83728554V,House Prices,$'000,Quarter
2022-09-01,470,Median Price Attached Dwellings ;  Brisbane ;,A83728554V,House Prices,$'000,Quarter
2022-12-01,480,Median Price Attached Dwellings ;  Brisbane ;,A83728554V,House Prices,$'000,Quarter
2023-03-01,483,Median Price Attached Dwellings ;  Brisbane ;,A83728554V,House Prices,$'000,Quarter
2023-06-01,500,Median Price Attached Dwellings ;  Brisbane ;,A83728554V,House Prices,$'000,Quarter
2023-09-01,525,Median Price Attached Dwellings ;  Brisbane ;,A83728554V,House Prices,$'000,Quarter
2023-12-01,548,Median Price Attached Dwellings ;  Brisbane ;,A83728554V,House Prices,$'000,Quarter
2024-03-01,580,Median Price Attached Dwellings ;  Brisbane ;,A83728554V,House Prices,$'000,Quarter
2024-06-01,610,Median Price Attached Dwellings ;  Brisbane ;,A83728554V,House Prices,$'000,Quarter
2024-09-01,630,Median Price Attached Dwellings ;  Brisbane ;,A83728554V,House Prices,$'000,Quarter
2024-12-01,655,Median Price Attached Dwellings ;  Brisbane ;,A83728554V,House Prices,$'000,Quarter
2025-03-01,685,Median Price Attached Dwellings ;  Brisbane ;,A83728554V,House Prices,$'000,Quarter
2025-06-01,708,Median Price Attached Dwellings ;  Brisbane ;,A83728554V,House Prices,$'000,Quarter
2025-09-01,745,Median Price Attached Dwellings ;  Brisbane ;,A83728554V,House Prices,$'000,Quarter
2025-12-01,795,Median Price Attached Dwellings ;  Brisbane ;,A83728554V,House Prices,$'000,Quarter
2026-03-01,840,Median Price Attached Dwellings ;  Brisbane ;,A83728554V,House Prices,$'000,Quarter
2026-06-01,830.1,Median Price Attached Dwellings ;  Brisbane ;,A83728554V,House Prices,$'000,Quarter
2003-09-01,290,Median Price Attached Dwellings ;  Canberra ;,A83728574C,House Prices,$'000,Quarter
2003-12-01,300,Median Price Attached Dwellings ;  Canberra ;,A83728574C,House Prices,$'000,Quarter
2004-03-01,295,Median Price Attached Dwellings ;  Canberra ;,A83728574C,House Prices,$'000,Quarter
2004-06-01,300,Median Price Attached Dwellings ;  Canberra ;,A83728574C,House Prices,$'000,Quarter
2004-09-01,280,Median Price Attached Dwellings ;  Canberra ;,A83728574C,House Prices,$'000,Quarter
2004-12-01,289,Median Price Attached Dwellings ;  Canberra ;,A83728574C,House Prices,$'000,Quarter
2005-03-01,304.5,Median Price Attached Dwellings ;  Canberra ;,A83728574C,House Prices,$'000,Quarter
2005-06-01,307.8,Median Price Attached Dwellings ;  Canberra ;,A83728574C,House Prices,$'000,Quarter
2005-09-01,305,Median Price Attached Dwellings ;  Canberra ;,A83728574C,House Prices,$'000,Quarter
2005-12-01,308,Median Price Attached Dwellings ;  Canberra ;,A83728574C,House Prices,$'000,Quarter
2006-03-01,310,Median Price Attached Dwellings ;  Canberra ;,A83728574C,House Prices,$'000,Quarter
2006-06-01,325,Median Price Attached Dwellings ;  Canberra ;,A83728574C,House Prices,$'000,Quarter
2006-09-01,312,Median Price Attached Dwellings ;  Canberra ;,A83728574C,House Prices,$'000,Quarter
2006-12-01,317.5,Median Price Attached Dwellings ;  Canberra ;,A83728574C,House Prices,$'000,Quarter
2007-03-01,325,Median Price Attached Dwellings ;  Canberra ;,A83728574C,House Prices,$'000,Quarter
2007-06-01,355,Median Price Attached Dwellings ;  Canberra ;,A83728574C,House Prices,$'000,Quarter
2007-09-01,365,Median Price Attached Dwellings ;  Canberra ;,A83728574C,House Prices,$'000,Quarter
2007-12-01,365,Median Price Attached Dwellings ;  Canberra ;,A83728574C,House Prices,$'000,Quarter
2008-03-01,370,Median Price Attached Dwellings ;  Canberra ;,A83728574C,House Prices,$'000,Quarter
2008-06-01,352,Median Price Attached Dwellings ;  Canberra ;,A83728574C,House Prices,$'000,Quarter
2008-09-01,365,Median Price Attached Dwellings ;  Canberra ;,A83728574C,House Prices,$'000,Quarter
2008-12-01,360.5,Median Price Attached Dwellings ;  Canberra ;,A83728574C,House Prices,$'000,Quarter
2009-03-01,372.5,Median Price Attached Dwellings ;  Canberra ;,A83728574C,House Prices,$'000,Quarter
2009-06-01,375,Median Price Attached Dwellings ;  Canberra ;,A83728574C,House Prices,$'000,Quarter
2009-09-01,378,Median Price Attached Dwellings ;  Canberra ;,A83728574C,House Prices,$'000,Quarter
2009-12-01,402.5,Median Price Attached Dwellings ;  Canberra ;,A83728574C,House Prices,$'000,Quarter
2010-03-01,410,Median Price Attached Dwellings ;  Canberra ;,A83728574C,House Prices,$'000,Quarter
2010-06-01,413.5,Median Price Attached Dwellings ;  Canberra ;,A83728574C,House Prices,$'000,Quarter
2010-09-01,425,Median Price Attached Dwellings ;  Canberra ;,A83728574C,House Prices,$'000,Quarter
2010-12-01,424.9,Median Price Attached Dwellings ;  Canberra ;,A83728574C,House Prices,$'000,Quarter
2011-03-01,415,Median Price Attached Dwellings ;  Canberra ;,A83728574C,House Prices,$'000,Quarter
2011-06-01,415,Median Price Attached Dwellings ;  Canberra ;,A83728574C,House Prices,$'000,Quarter
2011-09-01,425,Median Price Attached Dwellings ;  Canberra ;,A83728574C,House Prices,$'000,Quarter
2011-12-01,415,Median Price Attached Dwellings ;  Canberra ;,A83728574C,House Prices,$'000,Quarter
2012-03-01,415,Median Price Attached Dwellings ;  Canberra ;,A83728574C,House Prices,$'000,Quarter
2012-06-01,416.8,Median Price Attached Dwellings ;  Canberra ;,A83728574C,House Prices,$'000,Quarter
2012-09-01,411,Median Price Attached Dwellings ;  Canberra ;,A83728574C,House Prices,$'000,Quarter
2012-12-01,415.5,Median Price Attached Dwellings ;  Canberra ;,A83728574C,House Prices,$'000,Quarter
2013-03-01,410,Median Price Attached Dwellings ;  Canberra ;,A83728574C,House Prices,$'000,Quarter
2013-06-01,412.5,Median Price Attached Dwellings ;  Canberra ;,A83728574C,House Prices,$'000,Quarter
2013-09-01,415,Median Price Attached Dwellings ;  Canberra ;,A83728574C,House Prices,$'000,Quarter
2013-12-01,420.5,Median Price Attached Dwellings ;  Canberra ;,A83728574C,House Prices,$'000,Quarter
2014-03-01,410,Median Price Attached Dwellings ;  Canberra ;,A83728574C,House Prices,$'000,Quarter
2014-06-01,410,Median Price Attached Dwellings ;  Canberra ;,A83728574C,House Prices,$'000,Quarter
2014-09-01,410,Median Price Attached Dwellings ;  Canberra ;,A83728574C,House Prices,$'000,Quarter
2014-12-01,422,Median Price Attached Dwellings ;  Canberra ;,A83728574C,House Prices,$'000,Quarter
2015-03-01,420,Median Price Attached Dwellings ;  Canberra ;,A83728574C,House Prices,$'000,Quarter
2015-06-01,425,Median Price Attached Dwellings ;  Canberra ;,A83728574C,House Prices,$'000,Quarter
2015-09-01,415,Median Price Attached Dwellings ;  Canberra ;,A83728574C,House Prices,$'000,Quarter
2015-12-01,419.9,Median Price Attached Dwellings ;  Canberra ;,A83728574C,House Prices,$'000,Quarter
2016-03-01,425,Median Price Attached Dwellings ;  Canberra ;,A83728574C,House Prices,$'000,Quarter
2016-06-01,435,Median Price Attached Dwellings ;  Canberra ;,A83728574C,House Prices,$'000,Quarter
2016-09-01,428.5,Median Price Attached Dwellings ;  Canberra ;,A83728574C,House Prices,$'000,Quarter
2016-12-01,430,Median Price Attached Dwellings ;  Canberra ;,A83728574C,House Prices,$'000,Quarter
2017-03-01,429.9,Median Price Attached Dwellings ;  Canberra ;,A83728574C,House Prices,$'000,Quarter
2017-06-01,445,Median Price Attached Dwellings ;  Canberra ;,A83728574C,House Prices,$'000,Quarter
2017-09-01,434.5,Median Price Attached Dwellings ;  Canberra ;,A83728574C,House Prices,$'000,Quarter
2017-12-01,445.5,Median Price Attached Dwellings ;  Canberra ;,A83728574C,House Prices,$'000,Quarter
2018-03-01,436,Median Price Attached Dwellings ;  Canberra ;,A83728574C,House Prices,$'000,Quarter
2018-06-01,431.5,Median Price Attached Dwellings ;  Canberra ;,A83728574C,House Prices,$'000,Quarter
2018-09-01,445,Median Price Attached Dwellings ;  Canberra ;,A83728574C,House Prices,$'000,Quarter
2018-12-01,447.9,Median Price Attached Dwellings ;  Canberra ;,A83728574C,House Prices,$'000,Quarter
2019-03-01,450,Median Price Attached Dwellings ;  Canberra ;,A83728574C,House Prices,$'000,Quarter
2019-06-01,450,Median Price Attached Dwellings ;  Canberra ;,A83728574C,House Prices,$'000,Quarter
2019-09-01,456.9,Median Price Attached Dwellings ;  Canberra ;,A83728574C,House Prices,$'000,Quarter
2019-12-01,473.3,Median Price Attached Dwellings ;  Canberra ;,A83728574C,House Prices,$'000,Quarter
2020-03-01,460,Median Price Attached Dwellings ;  Canberra ;,A83728574C,House Prices,$'000,Quarter
2020-06-01,460,Median Price Attached Dwellings ;  Canberra ;,A83728574C,House Prices,$'000,Quarter
2020-09-01,488,Median Price Attached Dwellings ;  Canberra ;,A83728574C,House Prices,$'000,Quarter
2020-12-01,498,Median Price Attached Dwellings ;  Canberra ;,A83728574C,House Prices,$'000,Quarter
2021-03-01,505,Median Price Attached Dwellings ;  Canberra ;,A83728574C,House Prices,$'000,Quarter
2021-06-01,542,Median Price Attached Dwellings ;  Canberra ;,A83728574C,House Prices,$'000,Quarter
2021-09-01,530,Median Price Attached Dwellings ;  Canberra ;,A83728574C,House Prices,$'000,Quarter
2021-12-01,590,Median Price Attached Dwellings ;  Canberra ;,A83728574C,House Prices,$'000,Quarter
2022-03-01,575,Median Price Attached Dwellings ;  Canberra ;,A83728574C,House Prices,$'000,Quarter
2022-06-01,600,Median Price Attached Dwellings ;  Canberra ;,A83728574C,House Prices,$'000,Quarter
2022-09-01,596,Median Price Attached Dwellings ;  Canberra ;,A83728574C,House Prices,$'000,Quarter
2022-12-01,600,Median Price Attached Dwellings ;  Canberra ;,A83728574C,House Prices,$'000,Quarter
2023-03-01,610,Median Price Attached Dwellings ;  Canberra ;,A83728574C,House Prices,$'000,Quarter
2023-06-01,600,Median Price Attached Dwellings ;  Canberra ;,A83728574C,House Prices,$'000,Quarter
2023-09-01,619,Median Price Attached Dwellings ;  Canberra ;,A83728574C,House Prices,$'000,Quarter
2023-12-01,626,Median Price Attached Dwellings ;  Canberra ;,A83728574C,House Prices,$'000,Quarter
2024-03-01,605,Median Price Attached Dwellings ;  Canberra ;,A83728574C,House Prices,$'000,Quarter
2024-06-01,630,Median Price Attached Dwellings ;  Canberra ;,A83728574C,House Prices,$'000,Quarter
2024-09-01,600,Median Price Attached Dwellings ;  Canberra ;,A83728574C,House Prices,$'000,Quarter
2024-12-01,610,Median Price Attached Dwellings ;  Canberra ;,A83728574C,House Prices,$'000,Quarter
2025-03-01,600,Median Price Attached Dwellings ;  Canberra ;,A83728574C,House Prices,$'000,Quarter
2025-06-01,605,Median Price Attached Dwellings ;  Canberra ;,A83728574C,House Prices,$'000,Quarter
2025-09-01,618,Median Price Attached Dwellings ;  Canberra ;,A83728574C,House Prices,$'000,Quarter
2025-12-01,630,Median Price Attached Dwellings ;  Canberra ;,A83728574C,House Prices,$'000,Quarter
2026-03-01,629.9,Median Price Attached Dwellings ;  Canberra ;,A83728574C,House Prices,$'000,Quarter
2026-06-01,615,Median Price Attached Dwellings ;  Canberra ;,A83728574C,House Prices,$'000,Quarter
2003-09-01,130,Median Price Attached Dwellings ;  Darwin ;,A83728570V,House Prices,$'000,Quarter
2003-12-01,135.5,Median Price Attached Dwellings ;  Darwin ;,A83728570V,House Prices,$'000,Quarter
2004-03-01,147.1,Median Price Attached Dwellings ;  Darwin ;,A83728570V,House Prices,$'000,Quarter
2004-06-01,152,Median Price Attached Dwellings ;  Darwin ;,A83728570V,House Prices,$'000,Quarter
2004-09-01,156.5,Median Price Attached Dwellings ;  Darwin ;,A83728570V,House Prices,$'000,Quarter
2004-12-01,171,Median Price Attached Dwellings ;  Darwin ;,A83728570V,House Prices,$'000,Quarter
2005-03-01,175,Median Price Attached Dwellings ;  Darwin ;,A83728570V,House Prices,$'000,Quarter
2005-06-01,207,Median Price Attached Dwellings ;  Darwin ;,A83728570V,House Prices,$'000,Quarter
2005-09-01,195,Median Price Attached Dwellings ;  Darwin ;,A83728570V,House Prices,$'000,Quarter
2005-12-01,225,Median Price Attached Dwellings ;  Darwin ;,A83728570V,House Prices,$'000,Quarter
2006-03-01,235,Median Price Attached Dwellings ;  Darwin ;,A83728570V,House Prices,$'000,Quarter
2006-06-01,245,Median Price Attached Dwellings ;  Darwin ;,A83728570V,House Prices,$'000,Quarter
2006-09-01,246.5,Median Price Attached Dwellings ;  Darwin ;,A83728570V,House Prices,$'000,Quarter
2006-12-01,260,Median Price Attached Dwellings ;  Darwin ;,A83728570V,House Prices,$'000,Quarter
2007-03-01,280,Median Price Attached Dwellings ;  Darwin ;,A83728570V,House Prices,$'000,Quarter
2007-06-01,302.5,Median Price Attached Dwellings ;  Darwin ;,A83728570V,House Prices,$'000,Quarter
2007-09-01,310,Median Price Attached Dwellings ;  Darwin ;,A83728570V,House Prices,$'000,Quarter
2007-12-01,307.5,Median Price Attached Dwellings ;  Darwin ;,A83728570V,House Prices,$'000,Quarter
2008-03-01,306.3,Median Price Attached Dwellings ;  Darwin ;,A83728570V,House Prices,$'000,Quarter
2008-06-01,310,Median Price Attached Dwellings ;  Darwin ;,A83728570V,House Prices,$'000,Quarter
2008-09-01,348,Median Price Attached Dwellings ;  Darwin ;,A83728570V,House Prices,$'000,Quarter
2008-12-01,329,Median Price Attached Dwellings ;  Darwin ;,A83728570V,House Prices,$'000,Quarter
2009-03-01,370,Median Price Attached Dwellings ;  Darwin ;,A83728570V,House Prices,$'000,Quarter
2009-06-01,360,Median Price Attached Dwellings ;  Darwin ;,A83728570V,House Prices,$'000,Quarter
2009-09-01,377,Median Price Attached Dwellings ;  Darwin ;,A83728570V,House Prices,$'000,Quarter
2009-12-01,400,Median Price Attached Dwellings ;  Darwin ;,A83728570V,House Prices,$'000,Quarter
2010-03-01,430.2,Median Price Attached Dwellings ;  Darwin ;,A83728570V,House Prices,$'000,Quarter
2010-06-01,430,Median Price Attached Dwellings ;  Darwin ;,A83728570V,House Prices,$'000,Quarter
2010-09-01,400,Median Price Attached Dwellings ;  Darwin ;,A83728570V,House Prices,$'000,Quarter
2010-12-01,420.5,Median Price Attached Dwellings ;  Darwin ;,A83728570V,House Prices,$'000,Quarter
2011-03-01,415,Median Price Attached Dwellings ;  Darwin ;,A83728570V,House Prices,$'000,Quarter
2011-06-01,415,Median Price Attached Dwellings ;  Darwin ;,A83728570V,House Prices,$'000,Quarter
2011-09-01,398,Median Price Attached Dwellings ;  Darwin ;,A83728570V,House Prices,$'000,Quarter
2011-12-01,399.5,Median Price Attached Dwellings ;  Darwin ;,A83728570V,House Prices,$'000,Quarter
2012-03-01,420,Median Price Attached Dwellings ;  Darwin ;,A83728570V,House Prices,$'000,Quarter
2012-06-01,435,Median Price Attached Dwellings ;  Darwin ;,A83728570V,House Prices,$'000,Quarter
2012-09-01,410,Median Price Attached Dwellings ;  Darwin ;,A83728570V,House Prices,$'000,Quarter
2012-12-01,410.5,Median Price Attached Dwellings ;  Darwin ;,A83728570V,House Prices,$'000,Quarter
2013-03-01,445,Median Price Attached Dwellings ;  Darwin ;,A83728570V,House Prices,$'000,Quarter
2013-06-01,450,Median Price Attached Dwellings ;  Darwin ;,A83728570V,House Prices,$'000,Quarter
2013-09-01,459.8,Median Price Attached Dwellings ;  Darwin ;,A83728570V,House Prices,$'000,Quarter
2013-12-01,481,Median Price Attached Dwellings ;  Darwin ;,A83728570V,House Prices,$'000,Quarter
2014-03-01,496.1,Median Price Attached Dwellings ;  Darwin ;,A83728570V,House Prices,$'000,Quarter
2014-06-01,465,Median Price Attached Dwellings ;  Darwin ;,A83728570V,House Prices,$'000,Quarter
2014-09-01,485,Median Price Attached Dwellings ;  Darwin ;,A83728570V,House Prices,$'000,Quarter
2014-12-01,465,Median Price Attached Dwellings ;  Darwin ;,A83728570V,House Prices,$'000,Quarter
2015-03-01,485,Median Price Attached Dwellings ;  Darwin ;,A83728570V,House Prices,$'000,Quarter
2015-06-01,450,Median Price Attached Dwellings ;  Darwin ;,A83728570V,House Prices,$'000,Quarter
2015-09-01,475,Median Price Attached Dwellings ;  Darwin ;,A83728570V,House Prices,$'000,Quarter
2015-12-01,460,Median Price Attached Dwellings ;  Darwin ;,A83728570V,House Prices,$'000,Quarter
2016-03-01,469.6,Median Price Attached Dwellings ;  Darwin ;,A83728570V,House Prices,$'000,Quarter
2016-06-01,437.5,Median Price Attached Dwellings ;  Darwin ;,A83728570V,House Prices,$'000,Quarter
2016-09-01,342.5,Median Price Attached Dwellings ;  Darwin ;,A83728570V,House Prices,$'000,Quarter
2016-12-01,381.1,Median Price Attached Dwellings ;  Darwin ;,A83728570V,House Prices,$'000,Quarter
2017-03-01,375,Median Price Attached Dwellings ;  Darwin ;,A83728570V,House Prices,$'000,Quarter
2017-06-01,375,Median Price Attached Dwellings ;  Darwin ;,A83728570V,House Prices,$'000,Quarter
2017-09-01,375,Median Price Attached Dwellings ;  Darwin ;,A83728570V,House Prices,$'000,Quarter
2017-12-01,340,Median Price Attached Dwellings ;  Darwin ;,A83728570V,House Prices,$'000,Quarter
2018-03-01,328,Median Price Attached Dwellings ;  Darwin ;,A83728570V,House Prices,$'000,Quarter
2018-06-01,338,Median Price Attached Dwellings ;  Darwin ;,A83728570V,House Prices,$'000,Quarter
2018-09-01,335,Median Price Attached Dwellings ;  Darwin ;,A83728570V,House Prices,$'000,Quarter
2018-12-01,340,Median Price Attached Dwellings ;  Darwin ;,A83728570V,House Prices,$'000,Quarter
2019-03-01,292.5,Median Price Attached Dwellings ;  Darwin ;,A83728570V,House Prices,$'000,Quarter
2019-06-01,306.5,Median Price Attached Dwellings ;  Darwin ;,A83728570V,House Prices,$'000,Quarter
2019-09-01,285,Median Price Attached Dwellings ;  Darwin ;,A83728570V,House Prices,$'000,Quarter
2019-12-01,320,Median Price Attached Dwellings ;  Darwin ;,A83728570V,House Prices,$'000,Quarter
2020-03-01,299,Median Price Attached Dwellings ;  Darwin ;,A83728570V,House Prices,$'000,Quarter
2020-06-01,272,Median Price Attached Dwellings ;  Darwin ;,A83728570V,House Prices,$'000,Quarter
2020-09-01,285,Median Price Attached Dwellings ;  Darwin ;,A83728570V,House Prices,$'000,Quarter
2020-12-01,292.5,Median Price Attached Dwellings ;  Darwin ;,A83728570V,House Prices,$'000,Quarter
2021-03-01,340,Median Price Attached Dwellings ;  Darwin ;,A83728570V,House Prices,$'000,Quarter
2021-06-01,375,Median Price Attached Dwellings ;  Darwin ;,A83728570V,House Prices,$'000,Quarter
2021-09-01,360,Median Price Attached Dwellings ;  Darwin ;,A83728570V,House Prices,$'000,Quarter
2021-12-01,382,Median Price Attached Dwellings ;  Darwin ;,A83728570V,House Prices,$'000,Quarter
2022-03-01,402,Median Price Attached Dwellings ;  Darwin ;,A83728570V,House Prices,$'000,Quarter
2022-06-01,400,Median Price Attached Dwellings ;  Darwin ;,A83728570V,House Prices,$'000,Quarter
2022-09-01,360,Median Price Attached Dwellings ;  Darwin ;,A83728570V,House Prices,$'000,Quarter
2022-12-01,382.5,Median Price Attached Dwellings ;  Darwin ;,A83728570V,House Prices,$'000,Quarter
2023-03-01,370,Median Price Attached Dwellings ;  Darwin ;,A83728570V,House Prices,$'000,Quarter
2023-06-01,387.5,Median Price Attached Dwellings ;  Darwin ;,A83728570V,House Prices,$'000,Quarter
2023-09-01,376,Median Price Attached Dwellings ;  Darwin ;,A83728570V,House Prices,$'000,Quarter
2023-12-01,375,Median Price Attached Dwellings ;  Darwin ;,A83728570V,House Prices,$'000,Quarter
2024-03-01,390,Median Price Attached Dwellings ;  Darwin ;,A83728570V,House Prices,$'000,Quarter
2024-06-01,356,Median Price Attached Dwellings ;  Darwin ;,A83728570V,House Prices,$'000,Quarter
2024-09-01,350,Median Price Attached Dwellings ;  Darwin ;,A83728570V,House Prices,$'000,Quarter
2024-12-01,341,Median Price Attached Dwellings ;  Darwin ;,A83728570V,House Prices,$'000,Quarter
2025-03-01,360,Median Price Attached Dwellings ;  Darwin ;,A83728570V,House Prices,$'000,Quarter
2025-06-01,380.6,Median Price Attached Dwellings ;  Darwin ;,A83728570V,House Prices,$'000,Quarter
2025-09-01,405,Median Price Attached Dwellings ;  Darwin ;,A83728570V,House Prices,$'000,Quarter
2025-12-01,432.3,Median Price Attached Dwellings ;  Darwin ;,A83728570V,House Prices,$'000,Quarter
2026-03-01,430,Median Price Attached Dwellings ;  Darwin ;,A83728570V,House Prices,$'000,Quarter
2026-06-01,445.5,Median Price Attached Dwellings ;  Darwin ;,A83728570V,House Prices,$'000,Quarter
2003-09-01,165,Median Price Attached Dwellings ;  Hobart ;,A83728566C,House Prices,$'000,Quarter
2003-12-01,175,Median Price Attached Dwellings ;  Hobart ;,A83728566C,House Prices,$'000,Quarter
2004-03-01,192,Median Price Attached Dwellings ;  Hobart ;,A83728566C,House Prices,$'000,Quarter
2004-06-01,192.8,Median Price Attached Dwellings ;  Hobart ;,A83728566C,House Prices,$'000,Quarter
2004-09-01,195,Median Price Attached Dwellings ;  Hobart ;,A83728566C,House Prices,$'000,Quarter
2004-12-01,200,Median Price Attached Dwellings ;  Hobart ;,A83728566C,House Prices,$'000,Quarter
2005-03-01,220,Median Price Attached Dwellings ;  Hobart ;,A83728566C,House Prices,$'000,Quarter
2005-06-01,233.5,Median Price Attached Dwellings ;  Hobart ;,A83728566C,House Prices,$'000,Quarter
2005-09-01,200,Median Price Attached Dwellings ;  Hobart ;,A83728566C,House Prices,$'000,Quarter
2005-12-01,215,Median Price Attached Dwellings ;  Hobart ;,A83728566C,House Prices,$'000,Quarter
2006-03-01,225,Median Price Attached Dwellings ;  Hobart ;,A83728566C,House Prices,$'000,Quarter
2006-06-01,229,Median Price Attached Dwellings ;  Hobart ;,A83728566C,House Prices,$'000,Quarter
2006-09-01,230,Median Price Attached Dwellings ;  Hobart ;,A83728566C,House Prices,$'000,Quarter
2006-12-01,231,Median Price Attached Dwellings ;  Hobart ;,A83728566C,House Prices,$'000,Quarter
2007-03-01,240,Median Price Attached Dwellings ;  Hobart ;,A83728566C,House Prices,$'000,Quarter
2007-06-01,240,Median Price Attached Dwellings ;  Hobart ;,A83728566C,House Prices,$'000,Quarter
2007-09-01,250,Median Price Attached Dwellings ;  Hobart ;,A83728566C,House Prices,$'000,Quarter
2007-12-01,260,Median Price Attached Dwellings ;  Hobart ;,A83728566C,House Prices,$'000,Quarter
2008-03-01,245,Median Price Attached Dwellings ;  Hobart ;,A83728566C,House Prices,$'000,Quarter
2008-06-01,257,Median Price Attached Dwellings ;  Hobart ;,A83728566C,House Prices,$'000,Quarter
2008-09-01,240,Median Price Attached Dwellings ;  Hobart ;,A83728566C,House Prices,$'000,Quarter
2008-12-01,245,Median Price Attached Dwellings ;  Hobart ;,A83728566C,House Prices,$'000,Quarter
2009-03-01,255,Median Price Attached Dwellings ;  Hobart ;,A83728566C,House Prices,$'000,Quarter
2009-06-01,260,Median Price Attached Dwellings ;  Hobart ;,A83728566C,House Prices,$'000,Quarter
2009-09-01,270,Median Price Attached Dwellings ;  Hobart ;,A83728566C,House Prices,$'000,Quarter
2009-12-01,285,Median Price Attached Dwellings ;  Hobart ;,A83728566C,House Prices,$'000,Quarter
2010-03-01,278.5,Median Price Attached Dwellings ;  Hobart ;,A83728566C,House Prices,$'000,Quarter
2010-06-01,280,Median Price Attached Dwellings ;  Hobart ;,A83728566C,House Prices,$'000,Quarter
2010-09-01,287.5,Median Price Attached Dwellings ;  Hobart ;,A83728566C,House Prices,$'000,Quarter
2010-12-01,288,Median Price Attached Dwellings ;  Hobart ;,A83728566C,House Prices,$'000,Quarter
2011-03-01,291.5,Median Price Attached Dwellings ;  Hobart ;,A83728566C,House Prices,$'000,Quarter
2011-06-01,294,Median Price Attached Dwellings ;  Hobart ;,A83728566C,House Prices,$'000,Quarter
2011-09-01,272.5,Median Price Attached Dwellings ;  Hobart ;,A83728566C,House Prices,$'000,Quarter
2011-12-01,275,Median Price Attached Dwellings ;  Hobart ;,A83728566C,House Prices,$'000,Quarter
2012-03-01,268.8,Median Price Attached Dwellings ;  Hobart ;,A83728566C,House Prices,$'000,Quarter
2012-06-01,275,Median Price Attached Dwellings ;  Hobart ;,A83728566C,House Prices,$'000,Quarter
2012-09-01,275,Median Price Attached Dwellings ;  Hobart ;,A83728566C,House Prices,$'000,Quarter
2012-12-01,294,Median Price Attached Dwellings ;  Hobart ;,A83728566C,House Prices,$'000,Quarter
2013-03-01,276.8,Median Price Attached Dwellings ;  Hobart ;,A83728566C,House Prices,$'000,Quarter
2013-06-01,285,Median Price Attached Dwellings ;  Hobart ;,A83728566C,House Prices,$'000,Quarter
2013-09-01,266,Median Price Attached Dwellings ;  Hobart ;,A83728566C,House Prices,$'000,Quarter
2013-12-01,295,Median Price Attached Dwellings ;  Hobart ;,A83728566C,House Prices,$'000,Quarter
2014-03-01,275,Median Price Attached Dwellings ;  Hobart ;,A83728566C,House Prices,$'000,Quarter
2014-06-01,282,Median Price Attached Dwellings ;  Hobart ;,A83728566C,House Prices,$'000,Quarter
2014-09-01,267.5,Median Price Attached Dwellings ;  Hobart ;,A83728566C,House Prices,$'000,Quarter
2014-12-01,279.5,Median Price Attached Dwellings ;  Hobart ;,A83728566C,House Prices,$'000,Quarter
2015-03-01,285,Median Price Attached Dwellings ;  Hobart ;,A83728566C,House Prices,$'000,Quarter
2015-06-01,286,Median Price Attached Dwellings ;  Hobart ;,A83728566C,House Prices,$'000,Quarter
2015-09-01,296,Median Price Attached Dwellings ;  Hobart ;,A83728566C,House Prices,$'000,Quarter
2015-12-01,292,Median Price Attached Dwellings ;  Hobart ;,A83728566C,House Prices,$'000,Quarter
2016-03-01,295.8,Median Price Attached Dwellings ;  Hobart ;,A83728566C,House Prices,$'000,Quarter
2016-06-01,307.5,Median Price Attached Dwellings ;  Hobart ;,A83728566C,House Prices,$'000,Quarter
2016-09-01,290,Median Price Attached Dwellings ;  Hobart ;,A83728566C,House Prices,$'000,Quarter
2016-12-01,305,Median Price Attached Dwellings ;  Hobart ;,A83728566C,House Prices,$'000,Quarter
2017-03-01,315,Median Price Attached Dwellings ;  Hobart ;,A83728566C,House Prices,$'000,Quarter
2017-06-01,300,Median Price Attached Dwellings ;  Hobart ;,A83728566C,House Prices,$'000,Quarter
2017-09-01,320,Median Price Attached Dwellings ;  Hobart ;,A83728566C,House Prices,$'000,Quarter
2017-12-01,330,Median Price Attached Dwellings ;  Hobart ;,A83728566C,House Prices,$'000,Quarter
2018-03-01,338.5,Median Price Attached Dwellings ;  Hobart ;,A83728566C,House Prices,$'000,Quarter
2018-06-01,356,Median Price Attached Dwellings ;  Hobart ;,A83728566C,House Prices,$'000,Quarter
2018-09-01,358,Median Price Attached Dwellings ;  Hobart ;,A83728566C,House Prices,$'000,Quarter
2018-12-01,375,Median Price Attached Dwellings ;  Hobart ;,A83728566C,House Prices,$'000,Quarter
2019-03-01,390,Median Price Attached Dwellings ;  Hobart ;,A83728566C,House Prices,$'000,Quarter
2019-06-01,382.5,Median Price Attached Dwellings ;  Hobart ;,A83728566C,House Prices,$'000,Quarter
2019-09-01,385,Median Price Attached Dwellings ;  Hobart ;,A83728566C,House Prices,$'000,Quarter
2019-12-01,400,Median Price Attached Dwellings ;  Hobart ;,A83728566C,House Prices,$'000,Quarter
2020-03-01,425,Median Price Attached Dwellings ;  Hobart ;,A83728566C,House Prices,$'000,Quarter
2020-06-01,394.5,Median Price Attached Dwellings ;  Hobart ;,A83728566C,House Prices,$'000,Quarter
2020-09-01,420,Median Price Attached Dwellings ;  Hobart ;,A83728566C,House Prices,$'000,Quarter
2020-12-01,441,Median Price Attached Dwellings ;  Hobart ;,A83728566C,House Prices,$'000,Quarter
2021-03-01,471.1,Median Price Attached Dwellings ;  Hobart ;,A83728566C,House Prices,$'000,Quarter
2021-06-01,502.5,Median Price Attached Dwellings ;  Hobart ;,A83728566C,House Prices,$'000,Quarter
2021-09-01,540,Median Price Attached Dwellings ;  Hobart ;,A83728566C,House Prices,$'000,Quarter
2021-12-01,570,Median Price Attached Dwellings ;  Hobart ;,A83728566C,House Prices,$'000,Quarter
2022-03-01,586.3,Median Price Attached Dwellings ;  Hobart ;,A83728566C,House Prices,$'000,Quarter
2022-06-01,575,Median Price Attached Dwellings ;  Hobart ;,A83728566C,House Prices,$'000,Quarter
2022-09-01,565,Median Price Attached Dwellings ;  Hobart ;,A83728566C,House Prices,$'000,Quarter
2022-12-01,565,Median Price Attached Dwellings ;  Hobart ;,A83728566C,House Prices,$'000,Quarter
2023-03-01,560,Median Price Attached Dwellings ;  Hobart ;,A83728566C,House Prices,$'000,Quarter
2023-06-01,557,Median Price Attached Dwellings ;  Hobart ;,A83728566C,House Prices,$'000,Quarter
2023-09-01,550,Median Price Attached Dwellings ;  Hobart ;,A83728566C,House Prices,$'000,Quarter
2023-12-01,540,Median Price Attached Dwellings ;  Hobart ;,A83728566C,House Prices,$'000,Quarter
2024-03-01,551,Median Price Attached Dwellings ;  Hobart ;,A83728566C,House Prices,$'000,Quarter
2024-06-01,555,Median Price Attached Dwellings ;  Hobart ;,A83728566C,House Prices,$'000,Quarter
2024-09-01,525,Median Price Attached Dwellings ;  Hobart ;,A83728566C,House Prices,$'000,Quarter
2024-12-01,537.5,Median Price Attached Dwellings ;  Hobart ;,A83728566C,House Prices,$'000,Quarter
2025-03-01,550,Median Price Attached Dwellings ;  Hobart ;,A83728566C,House Prices,$'000,Quarter
2025-06-01,556.3,Median Price Attached Dwellings ;  Hobart ;,A83728566C,House Prices,$'000,Quarter
2025-09-01,580,Median Price Attached Dwellings ;  Hobart ;,A83728566C,House Prices,$'000,Quarter
2025-12-01,605,Median Price Attached Dwellings ;  Hobart ;,A83728566C,House Prices,$'000,Quarter
2026-03-01,610,Median Price Attached Dwellings ;  Hobart ;,A83728566C,House Prices,$'000,Quarter
2026-06-01,600,Median Price Attached Dwellings ;  Hobart ;,A83728566C,House Prices,$'000,Quarter
2003-09-01,276,Median Price Attached Dwellings ;  Melbourne ;,A83728550K,House Prices,$'000,Quarter
2003-12-01,285,Median Price Attached Dwellings ;  Melbourne ;,A83728550K,House Prices,$'000,Quarter
2004-03-01,272.5,Median Price Attached Dwellings ;  Melbourne ;,A83728550K,House Prices,$'000,Quarter
2004-06-01,280,Median Price Attached Dwellings ;  Melbourne ;,A83728550K,House Prices,$'000,Quarter
2004-09-01,276,Median Price Attached Dwellings ;  Melbourne ;,A83728550K,House Prices,$'000,Quarter
2004-12-01,281,Median Price Attached Dwellings ;  Melbourne ;,A83728550K,House Prices,$'000,Quarter
2005-03-01,285,Median Price Attached Dwellings ;  Melbourne ;,A83728550K,House Prices,$'000,Quarter
2005-06-01,287,Median Price Attached Dwellings ;  Melbourne ;,A83728550K,House Prices,$'000,Quarter
2005-09-01,286,Median Price Attached Dwellings ;  Melbourne ;,A83728550K,House Prices,$'000,Quarter
2005-12-01,290,Median Price Attached Dwellings ;  Melbourne ;,A83728550K,House Prices,$'000,Quarter
2006-03-01,299.5,Median Price Attached Dwellings ;  Melbourne ;,A83728550K,House Prices,$'000,Quarter
2006-06-01,306.6,Median Price Attached Dwellings ;  Melbourne ;,A83728550K,House Prices,$'000,Quarter
2006-09-01,315,Median Price Attached Dwellings ;  Melbourne ;,A83728550K,House Prices,$'000,Quarter
2006-12-01,315,Median Price Attached Dwellings ;  Melbourne ;,A83728550K,House Prices,$'000,Quarter
2007-03-01,320,Median Price Attached Dwellings ;  Melbourne ;,A83728550K,House Prices,$'000,Quarter
2007-06-01,340,Median Price Attached Dwellings ;  Melbourne ;,A83728550K,House Prices,$'000,Quarter
2007-09-01,345,Median Price Attached Dwellings ;  Melbourne ;,A83728550K,House Prices,$'000,Quarter
2007-12-01,365,Median Price Attached Dwellings ;  Melbourne ;,A83728550K,House Prices,$'000,Quarter
2008-03-01,360,Median Price Attached Dwellings ;  Melbourne ;,A83728550K,House Prices,$'000,Quarter
2008-06-01,360,Median Price Attached Dwellings ;  Melbourne ;,A83728550K,House Prices,$'000,Quarter
2008-09-01,365,Median Price Attached Dwellings ;  Melbourne ;,A83728550K,House Prices,$'000,Quarter
2008-12-01,350,Median Price Attached Dwellings ;  Melbourne ;,A83728550K,House Prices,$'000,Quarter
2009-03-01,348,Median Price Attached Dwellings ;  Melbourne ;,A83728550K,House Prices,$'000,Quarter
2009-06-01,379.5,Median Price Attached Dwellings ;  Melbourne ;,A83728550K,House Prices,$'000,Quarter
2009-09-01,392,Median Price Attached Dwellings ;  Melbourne ;,A83728550K,House Prices,$'000,Quarter
2009-12-01,421,Median Price Attached Dwellings ;  Melbourne ;,A83728550K,House Prices,$'000,Quarter
2010-03-01,424,Median Price Attached Dwellings ;  Melbourne ;,A83728550K,House Prices,$'000,Quarter
2010-06-01,450,Median Price Attached Dwellings ;  Melbourne ;,A83728550K,House Prices,$'000,Quarter
2010-09-01,445,Median Price Attached Dwellings ;  Melbourne ;,A83728550K,House Prices,$'000,Quarter
2010-12-01,460,Median Price Attached Dwellings ;  Melbourne ;,A83728550K,House Prices,$'000,Quarter
2011-03-01,445,Median Price Attached Dwellings ;  Melbourne ;,A83728550K,House Prices,$'000,Quarter
2011-06-01,450,Median Price Attached Dwellings ;  Melbourne ;,A83728550K,House Prices,$'000,Quarter
2011-09-01,437.5,Median Price Attached Dwellings ;  Melbourne ;,A83728550K,House Prices,$'000,Quarter
2011-12-01,432.5,Median Price Attached Dwellings ;  Melbourne ;,A83728550K,House Prices,$'000,Quarter
2012-03-01,430,Median Price Attached Dwellings ;  Melbourne ;,A83728550K,House Prices,$'000,Quarter
2012-06-01,430,Median Price Attached Dwellings ;  Melbourne ;,A83728550K,House Prices,$'000,Quarter
2012-09-01,425,Median Price Attached Dwellings ;  Melbourne ;,A83728550K,House Prices,$'000,Quarter
2012-12-01,440,Median Price Attached Dwellings ;  Melbourne ;,A83728550K,House Prices,$'000,Quarter
2013-03-01,435,Median Price Attached Dwellings ;  Melbourne ;,A83728550K,House Prices,$'000,Quarter
2013-06-01,442,Median Price Attached Dwellings ;  Melbourne ;,A83728550K,House Prices,$'000,Quarter
2013-09-01,445,Median Price Attached Dwellings ;  Melbourne ;,A83728550K,House Prices,$'000,Quarter
2013-12-01,467,Median Price Attached Dwellings ;  Melbourne ;,A83728550K,House Prices,$'000,Quarter
2014-03-01,475.5,Median Price Attached Dwellings ;  Melbourne ;,A83728550K,House Prices,$'000,Quarter
2014-06-01,479,Median Price Attached Dwellings ;  Melbourne ;,A83728550K,House Prices,$'000,Quarter
2014-09-01,478.5,Median Price Attached Dwellings ;  Melbourne ;,A83728550K,House Prices,$'000,Quarter
2014-12-01,490,Median Price Attached Dwellings ;  Melbourne ;,A83728550K,House Prices,$'000,Quarter
2015-03-01,480.8,Median Price Attached Dwellings ;  Melbourne ;,A83728550K,House Prices,$'000,Quarter
2015-06-01,515,Median Price Attached Dwellings ;  Melbourne ;,A83728550K,House Prices,$'000,Quarter
2015-09-01,500,Median Price Attached Dwellings ;  Melbourne ;,A83728550K,House Prices,$'000,Quarter
2015-12-01,505,Median Price Attached Dwellings ;  Melbourne ;,A83728550K,House Prices,$'000,Quarter
2016-03-01,490,Median Price Attached Dwellings ;  Melbourne ;,A83728550K,House Prices,$'000,Quarter
2016-06-01,505,Median Price Attached Dwellings ;  Melbourne ;,A83728550K,House Prices,$'000,Quarter
2016-09-01,496,Median Price Attached Dwellings ;  Melbourne ;,A83728550K,House Prices,$'000,Quarter
2016-12-01,501.9,Median Price Attached Dwellings ;  Melbourne ;,A83728550K,House Prices,$'000,Quarter
2017-03-01,520,Median Price Attached Dwellings ;  Melbourne ;,A83728550K,House Prices,$'000,Quarter
2017-06-01,568.9,Median Price Attached Dwellings ;  Melbourne ;,A83728550K,House Prices,$'000,Quarter
2017-09-01,540,Median Price Attached Dwellings ;  Melbourne ;,A83728550K,House Prices,$'000,Quarter
2017-12-01,568,Median Price Attached Dwellings ;  Melbourne ;,A83728550K,House Prices,$'000,Quarter
2018-03-01,565,Median Price Attached Dwellings ;  Melbourne ;,A83728550K,House Prices,$'000,Quarter
2018-06-01,600,Median Price Attached Dwellings ;  Melbourne ;,A83728550K,House Prices,$'000,Quarter
2018-09-01,568,Median Price Attached Dwellings ;  Melbourne ;,A83728550K,House Prices,$'000,Quarter
2018-12-01,565,Median Price Attached Dwellings ;  Melbourne ;,A83728550K,House Prices,$'000,Quarter
2019-03-01,555,Median Price Attached Dwellings ;  Melbourne ;,A83728550K,House Prices,$'000,Quarter
2019-06-01,560,Median Price Attached Dwellings ;  Melbourne ;,A83728550K,House Prices,$'000,Quarter
2019-09-01,570,Median Price Attached Dwellings ;  Melbourne ;,A83728550K,House Prices,$'000,Quarter
2019-12-01,600,Median Price Attached Dwellings ;  Melbourne ;,A83728550K,House Prices,$'000,Quarter
2020-03-01,593,Median Price Attached Dwellings ;  Melbourne ;,A83728550K,House Prices,$'000,Quarter
2020-06-01,600,Median Price Attached Dwellings ;  Melbourne ;,A83728550K,House Prices,$'000,Quarter
2020-09-01,595,Median Price Attached Dwellings ;  Melbourne ;,A83728550K,House Prices,$'000,Quarter
2020-12-01,620,Median Price Attached Dwellings ;  Melbourne ;,A83728550K,House Prices,$'000,Quarter
2021-03-01,630,Median Price Attached Dwellings ;  Melbourne ;,A83728550K,House Prices,$'000,Quarter
2021-06-01,648.2,Median Price Attached Dwellings ;  Melbourne ;,A83728550K,House Prices,$'000,Quarter
2021-09-01,650.8,Median Price Attached Dwellings ;  Melbourne ;,A83728550K,House Prices,$'000,Quarter
2021-12-01,655,Median Price Attached Dwellings ;  Melbourne ;,A83728550K,House Prices,$'000,Quarter
2022-03-01,640,Median Price Attached Dwellings ;  Melbourne ;,A83728550K,House Prices,$'000,Quarter
2022-06-01,640,Median Price Attached Dwellings ;  Melbourne ;,A83728550K,House Prices,$'000,Quarter
2022-09-01,618,Median Price Attached Dwellings ;  Melbourne ;,A83728550K,House Prices,$'000,Quarter
2022-12-01,615,Median Price Attached Dwellings ;  Melbourne ;,A83728550K,House Prices,$'000,Quarter
2023-03-01,605,Median Price Attached Dwellings ;  Melbourne ;,A83728550K,House Prices,$'000,Quarter
2023-06-01,620,Median Price Attached Dwellings ;  Melbourne ;,A83728550K,House Prices,$'000,Quarter
2023-09-01,625,Median Price Attached Dwellings ;  Melbourne ;,A83728550K,House Prices,$'000,Quarter
2023-12-01,635,Median Price Attached Dwellings ;  Melbourne ;,A83728550K,House Prices,$'000,Quarter
2024-03-01,630,Median Price Attached Dwellings ;  Melbourne ;,A83728550K,House Prices,$'000,Quarter
2024-06-01,630,Median Price Attached Dwellings ;  Melbourne ;,A83728550K,House Prices,$'000,Quarter
2024-09-01,620,Median Price Attached Dwellings ;  Melbourne ;,A83728550K,House Prices,$'000,Quarter
2024-12-01,627.5,Median Price Attached Dwellings ;  Melbourne ;,A83728550K,House Prices,$'000,Quarter
2025-03-01,630,Median Price Attached Dwellings ;  Melbourne ;,A83728550K,House Prices,$'000,Quarter
2025-06-01,603,Median Price Attached Dwellings ;  Melbourne ;,A83728550K,House Prices,$'000,Quarter
2025-09-01,590,Median Price Attached Dwellings ;  Melbourne ;,A83728550K,House Prices,$'000,Quarter
2025-12-01,650,Median Price Attached Dwellings ;  Melbourne ;,A83728550K,House Prices,$'000,Quarter
2026-03-01,590.8,Median Price Attached Dwellings ;  Melbourne ;,A83728550K,House Prices,$'000,Quarter
2026-06-01,590,Median Price Attached Dwellings ;  Melbourne ;,A83728550K,House Prices,$'000,Quarter
2003-09-01,195,Median Price Attached Dwellings ;  Perth ;,A83728562V,House Prices,$'000,Quarter
2003-12-01,198,Median Price Attached Dwellings ;  Perth ;,A83728562V,House Prices,$'000,Quarter
2004-03-01,208,Median Price Attached Dwellings ;  Perth ;,A83728562V,House Prices,$'000,Quarter
2004-06-01,215,Median Price Attached Dwellings ;  Perth ;,A83728562V,House Prices,$'000,Quarter
2004-09-01,215,Median Price Attached Dwellings ;  Perth ;,A83728562V,House Prices,$'000,Quarter
2004-12-01,229,Median Price Attached Dwellings ;  Perth ;,A83728562V,House Prices,$'000,Quarter
2005-03-01,235,Median Price Attached Dwellings ;  Perth ;,A83728562V,House Prices,$'000,Quarter
2005-06-01,247.5,Median Price Attached Dwellings ;  Perth ;,A83728562V,House Prices,$'000,Quarter
2005-09-01,255,Median Price Attached Dwellings ;  Perth ;,A83728562V,House Prices,$'000,Quarter
2005-12-01,276,Median Price Attached Dwellings ;  Perth ;,A83728562V,House Prices,$'000,Quarter
2006-03-01,292,Median Price Attached Dwellings ;  Perth ;,A83728562V,House Prices,$'000,Quarter
2006-06-01,332.5,Median Price Attached Dwellings ;  Perth ;,A83728562V,House Prices,$'000,Quarter
2006-09-01,350,Median Price Attached Dwellings ;  Perth ;,A83728562V,House Prices,$'000,Quarter
2006-12-01,362.5,Median Price Attached Dwellings ;  Perth ;,A83728562V,House Prices,$'000,Quarter
2007-03-01,370,Median Price Attached Dwellings ;  Perth ;,A83728562V,House Prices,$'000,Quarter
2007-06-01,370,Median Price Attached Dwellings ;  Perth ;,A83728562V,House Prices,$'000,Quarter
2007-09-01,376,Median Price Attached Dwellings ;  Perth ;,A83728562V,House Prices,$'000,Quarter
2007-12-01,385,Median Price Attached Dwellings ;  Perth ;,A83728562V,House Prices,$'000,Quarter
2008-03-01,380,Median Price Attached Dwellings ;  Perth ;,A83728562V,House Prices,$'000,Quarter
2008-06-01,372.3,Median Price Attached Dwellings ;  Perth ;,A83728562V,House Prices,$'000,Quarter
2008-09-01,360,Median Price Attached Dwellings ;  Perth ;,A83728562V,House Prices,$'000,Quarter
2008-12-01,350,Median Price Attached Dwellings ;  Perth ;,A83728562V,House Prices,$'000,Quarter
2009-03-01,350,Median Price Attached Dwellings ;  Perth ;,A83728562V,House Prices,$'000,Quarter
2009-06-01,380,Median Price Attached Dwellings ;  Perth ;,A83728562V,House Prices,$'000,Quarter
2009-09-01,390,Median Price Attached Dwellings ;  Perth ;,A83728562V,House Prices,$'000,Quarter
2009-12-01,415,Median Price Attached Dwellings ;  Perth ;,A83728562V,House Prices,$'000,Quarter
2010-03-01,420,Median Price Attached Dwellings ;  Perth ;,A83728562V,House Prices,$'000,Quarter
2010-06-01,417,Median Price Attached Dwellings ;  Perth ;,A83728562V,House Prices,$'000,Quarter
2010-09-01,410,Median Price Attached Dwellings ;  Perth ;,A83728562V,House Prices,$'000,Quarter
2010-12-01,410,Median Price Attached Dwellings ;  Perth ;,A83728562V,House Prices,$'000,Quarter
2011-03-01,405,Median Price Attached Dwellings ;  Perth ;,A83728562V,House Prices,$'000,Quarter
2011-06-01,405,Median Price Attached Dwellings ;  Perth ;,A83728562V,House Prices,$'000,Quarter
2011-09-01,395,Median Price Attached Dwellings ;  Perth ;,A83728562V,House Prices,$'000,Quarter
2011-12-01,400,Median Price Attached Dwellings ;  Perth ;,A83728562V,House Prices,$'000,Quarter
2012-03-01,406,Median Price Attached Dwellings ;  Perth ;,A83728562V,House Prices,$'000,Quarter
2012-06-01,400,Median Price Attached Dwellings ;  Perth ;,A83728562V,House Prices,$'000,Quarter
2012-09-01,400,Median Price Attached Dwellings ;  Perth ;,A83728562V,House Prices,$'000,Quarter
2012-12-01,410,Median Price Attached Dwellings ;  Perth ;,A83728562V,House Prices,$'000,Quarter
2013-03-01,430,Median Price Attached Dwellings ;  Perth ;,A83728562V,House Prices,$'000,Quarter
2013-06-01,426,Median Price Attached Dwellings ;  Perth ;,A83728562V,House Prices,$'000,Quarter
2013-09-01,430,Median Price Attached Dwellings ;  Perth ;,A83728562V,House Prices,$'000,Quarter
2013-12-01,450,Median Price Attached Dwellings ;  Perth ;,A83728562V,House Prices,$'000,Quarter
2014-03-01,445,Median Price Attached Dwellings ;  Perth ;,A83728562V,House Prices,$'000,Quarter
2014-06-01,452,Median Price Attached Dwellings ;  Perth ;,A83728562V,House Prices,$'000,Quarter
2014-09-01,442,Median Price Attached Dwellings ;  Perth ;,A83728562V,House Prices,$'000,Quarter
2014-12-01,445,Median Price Attached Dwellings ;  Perth ;,A83728562V,House Prices,$'000,Quarter
2015-03-01,440,Median Price Attached Dwellings ;  Perth ;,A83728562V,House Prices,$'000,Quarter
2015-06-01,434.5,Median Price Attached Dwellings ;  Perth ;,A83728562V,House Prices,$'000,Quarter
2015-09-01,425,Median Price Attached Dwellings ;  Perth ;,A83728562V,House Prices,$'000,Quarter
2015-12-01,430,Median Price Attached Dwellings ;  Perth ;,A83728562V,House Prices,$'000,Quarter
2016-03-01,430,Median Price Attached Dwellings ;  Perth ;,A83728562V,House Prices,$'000,Quarter
2016-06-01,410,Median Price Attached Dwellings ;  Perth ;,A83728562V,House Prices,$'000,Quarter
2016-09-01,425,Median Price Attached Dwellings ;  Perth ;,A83728562V,House Prices,$'000,Quarter
2016-12-01,410,Median Price Attached Dwellings ;  Perth ;,A83728562V,House Prices,$'000,Quarter
2017-03-01,415,Median Price Attached Dwellings ;  Perth ;,A83728562V,House Prices,$'000,Quarter
2017-06-01,405,Median Price Attached Dwellings ;  Perth ;,A83728562V,House Prices,$'000,Quarter
2017-09-01,405,Median Price Attached Dwellings ;  Perth ;,A83728562V,House Prices,$'000,Quarter
2017-12-01,410,Median Price Attached Dwellings ;  Perth ;,A83728562V,House Prices,$'000,Quarter
2018-03-01,400,Median Price Attached Dwellings ;  Perth ;,A83728562V,House Prices,$'000,Quarter
2018-06-01,408,Median Price Attached Dwellings ;  Perth ;,A83728562V,House Prices,$'000,Quarter
2018-09-01,395,Median Price Attached Dwellings ;  Perth ;,A83728562V,House Prices,$'000,Quarter
2018-12-01,392,Median Price Attached Dwellings ;  Perth ;,A83728562V,House Prices,$'000,Quarter
2019-03-01,387.5,Median Price Attached Dwellings ;  Perth ;,A83728562V,House Prices,$'000,Quarter
2019-06-01,379,Median Price Attached Dwellings ;  Perth ;,A83728562V,House Prices,$'000,Quarter
2019-09-01,380,Median Price Attached Dwellings ;  Perth ;,A83728562V,House Prices,$'000,Quarter
2019-12-01,380,Median Price Attached Dwellings ;  Perth ;,A83728562V,House Prices,$'000,Quarter
2020-03-01,380,Median Price Attached Dwellings ;  Perth ;,A83728562V,House Prices,$'000,Quarter
2020-06-01,350,Median Price Attached Dwellings ;  Perth ;,A83728562V,House Prices,$'000,Quarter
2020-09-01,385,Median Price Attached Dwellings ;  Perth ;,A83728562V,House Prices,$'000,Quarter
2020-12-01,400,Median Price Attached Dwellings ;  Perth ;,A83728562V,House Prices,$'000,Quarter
2021-03-01,414,Median Price Attached Dwellings ;  Perth ;,A83728562V,House Prices,$'000,Quarter
2021-06-01,420,Median Price Attached Dwellings ;  Perth ;,A83728562V,House Prices,$'000,Quarter
2021-09-01,415,Median Price Attached Dwellings ;  Perth ;,A83728562V,House Prices,$'000,Quarter
2021-12-01,412.8,Median Price Attached Dwellings ;  Perth ;,A83728562V,House Prices,$'000,Quarter
2022-03-01,410,Median Price Attached Dwellings ;  Perth ;,A83728562V,House Prices,$'000,Quarter
2022-06-01,405,Median Price Attached Dwellings ;  Perth ;,A83728562V,House Prices,$'000,Quarter
2022-09-01,400,Median Price Attached Dwellings ;  Perth ;,A83728562V,House Prices,$'000,Quarter
2022-12-01,400,Median Price Attached Dwellings ;  Perth ;,A83728562V,House Prices,$'000,Quarter
2023-03-01,402.6,Median Price Attached Dwellings ;  Perth ;,A83728562V,House Prices,$'000,Quarter
2023-06-01,410,Median Price Attached Dwellings ;  Perth ;,A83728562V,House Prices,$'000,Quarter
2023-09-01,420,Median Price Attached Dwellings ;  Perth ;,A83728562V,House Prices,$'000,Quarter
2023-12-01,447,Median Price Attached Dwellings ;  Perth ;,A83728562V,House Prices,$'000,Quarter
2024-03-01,475.5,Median Price Attached Dwellings ;  Perth ;,A83728562V,House Prices,$'000,Quarter
2024-06-01,510,Median Price Attached Dwellings ;  Perth ;,A83728562V,House Prices,$'000,Quarter
2024-09-01,541,Median Price Attached Dwellings ;  Perth ;,A83728562V,House Prices,$'000,Quarter
2024-12-01,559,Median Price Attached Dwellings ;  Perth ;,A83728562V,House Prices,$'000,Quarter
2025-03-01,575,Median Price Attached Dwellings ;  Perth ;,A83728562V,House Prices,$'000,Quarter
2025-06-01,600,Median Price Attached Dwellings ;  Perth ;,A83728562V,House Prices,$'000,Quarter
2025-09-01,630,Median Price Attached Dwellings ;  Perth ;,A83728562V,House Prices,$'000,Quarter
2025-12-01,700,Median Price Attached Dwellings ;  Perth ;,A83728562V,House Prices,$'000,Quarter
2026-03-01,740,Median Price Attached Dwellings ;  Perth ;,A83728562V,House Prices,$'000,Quarter
2026-06-01,730,Median Price Attached Dwellings ;  Perth ;,A83728562V,House Prices,$'000,Quarter
2003-09-01,240,Median Price Attached Dwellings ;  Rest of NSW ;,A83728578L,House Prices,$'000,Quarter
2003-12-01,250,Median Price Attached Dwellings ;  Rest of NSW ;,A83728578L,House Prices,$'000,Quarter
2004-03-01,269,Median Price Attached Dwellings ;  Rest of NSW ;,A83728578L,House Prices,$'000,Quarter
2004-06-01,265,Median Price Attached Dwellings ;  Rest of NSW ;,A83728578L,House Prices,$'000,Quarter
2004-09-01,260,Median Price Attached Dwellings ;  Rest of NSW ;,A83728578L,House Prices,$'000,Quarter
2004-12-01,265,Median Price Attached Dwellings ;  Rest of NSW ;,A83728578L,House Prices,$'000,Quarter
2005-03-01,270,Median Price Attached Dwellings ;  Rest of NSW ;,A83728578L,House Prices,$'000,Quarter
2005-06-01,262,Median Price Attached Dwellings ;  Rest of NSW ;,A83728578L,House Prices,$'000,Quarter
2005-09-01,268,Median Price Attached Dwellings ;  Rest of NSW ;,A83728578L,House Prices,$'000,Quarter
2005-12-01,270,Median Price Attached Dwellings ;  Rest of NSW ;,A83728578L,House Prices,$'000,Quarter
2006-03-01,280,Median Price Attached Dwellings ;  Rest of NSW ;,A83728578L,House Prices,$'000,Quarter
2006-06-01,277.5,Median Price Attached Dwellings ;  Rest of NSW ;,A83728578L,House Prices,$'000,Quarter
2006-09-01,275,Median Price Attached Dwellings ;  Rest of NSW ;,A83728578L,House Prices,$'000,Quarter
2006-12-01,277,Median Price Attached Dwellings ;  Rest of NSW ;,A83728578L,House Prices,$'000,Quarter
2007-03-01,270,Median Price Attached Dwellings ;  Rest of NSW ;,A83728578L,House Prices,$'000,Quarter
2007-06-01,280,Median Price Attached Dwellings ;  Rest of NSW ;,A83728578L,House Prices,$'000,Quarter
2007-09-01,275,Median Price Attached Dwellings ;  Rest of NSW ;,A83728578L,House Prices,$'000,Quarter
2007-12-01,292,Median Price Attached Dwellings ;  Rest of NSW ;,A83728578L,House Prices,$'000,Quarter
2008-03-01,288.3,Median Price Attached Dwellings ;  Rest of NSW ;,A83728578L,House Prices,$'000,Quarter
2008-06-01,272.3,Median Price Attached Dwellings ;  Rest of NSW ;,A83728578L,House Prices,$'000,Quarter
2008-09-01,280,Median Price Attached Dwellings ;  Rest of NSW ;,A83728578L,House Prices,$'000,Quarter
2008-12-01,280,Median Price Attached Dwellings ;  Rest of NSW ;,A83728578L,House Prices,$'000,Quarter
2009-03-01,270.5,Median Price Attached Dwellings ;  Rest of NSW ;,A83728578L,House Prices,$'000,Quarter
2009-06-01,280,Median Price Attached Dwellings ;  Rest of NSW ;,A83728578L,House Prices,$'000,Quarter
2009-09-01,289,Median Price Attached Dwellings ;  Rest of NSW ;,A83728578L,House Prices,$'000,Quarter
2009-12-01,310,Median Price Attached Dwellings ;  Rest of NSW ;,A83728578L,House Prices,$'000,Quarter
2010-03-01,306,Median Price Attached Dwellings ;  Rest of NSW ;,A83728578L,House Prices,$'000,Quarter
2010-06-01,305,Median Price Attached Dwellings ;  Rest of NSW ;,A83728578L,House Prices,$'000,Quarter
2010-09-01,300,Median Price Attached Dwellings ;  Rest of NSW ;,A83728578L,House Prices,$'000,Quarter
2010-12-01,305,Median Price Attached Dwellings ;  Rest of NSW ;,A83728578L,House Prices,$'000,Quarter
2011-03-01,299,Median Price Attached Dwellings ;  Rest of NSW ;,A83728578L,House Prices,$'000,Quarter
2011-06-01,297.3,Median Price Attached Dwellings ;  Rest of NSW ;,A83728578L,House Prices,$'000,Quarter
2011-09-01,290,Median Price Attached Dwellings ;  Rest of NSW ;,A83728578L,House Prices,$'000,Quarter
2011-12-01,297,Median Price Attached Dwellings ;  Rest of NSW ;,A83728578L,House Prices,$'000,Quarter
2012-03-01,298.5,Median Price Attached Dwellings ;  Rest of NSW ;,A83728578L,House Prices,$'000,Quarter
2012-06-01,306.5,Median Price Attached Dwellings ;  Rest of NSW ;,A83728578L,House Prices,$'000,Quarter
2012-09-01,290,Median Price Attached Dwellings ;  Rest of NSW ;,A83728578L,House Prices,$'000,Quarter
2012-12-01,308.5,Median Price Attached Dwellings ;  Rest of NSW ;,A83728578L,House Prices,$'000,Quarter
2013-03-01,300,Median Price Attached Dwellings ;  Rest of NSW ;,A83728578L,House Prices,$'000,Quarter
2013-06-01,305,Median Price Attached Dwellings ;  Rest of NSW ;,A83728578L,House Prices,$'000,Quarter
2013-09-01,315,Median Price Attached Dwellings ;  Rest of NSW ;,A83728578L,House Prices,$'000,Quarter
2013-12-01,320,Median Price Attached Dwellings ;  Rest of NSW ;,A83728578L,House Prices,$'000,Quarter
2014-03-01,330,Median Price Attached Dwellings ;  Rest of NSW ;,A83728578L,House Prices,$'000,Quarter
2014-06-01,330,Median Price Attached Dwellings ;  Rest of NSW ;,A83728578L,House Prices,$'000,Quarter
2014-09-01,326,Median Price Attached Dwellings ;  Rest of NSW ;,A83728578L,House Prices,$'000,Quarter
2014-12-01,333,Median Price Attached Dwellings ;  Rest of NSW ;,A83728578L,House Prices,$'000,Quarter
2015-03-01,340,Median Price Attached Dwellings ;  Rest of NSW ;,A83728578L,House Prices,$'000,Quarter
2015-06-01,350,Median Price Attached Dwellings ;  Rest of NSW ;,A83728578L,House Prices,$'000,Quarter
2015-09-01,360,Median Price Attached Dwellings ;  Rest of NSW ;,A83728578L,House Prices,$'000,Quarter
2015-12-01,362,Median Price Attached Dwellings ;  Rest of NSW ;,A83728578L,House Prices,$'000,Quarter
2016-03-01,365,Median Price Attached Dwellings ;  Rest of NSW ;,A83728578L,House Prices,$'000,Quarter
2016-06-01,370,Median Price Attached Dwellings ;  Rest of NSW ;,A83728578L,House Prices,$'000,Quarter
2016-09-01,375,Median Price Attached Dwellings ;  Rest of NSW ;,A83728578L,House Prices,$'000,Quarter
2016-12-01,385,Median Price Attached Dwellings ;  Rest of NSW ;,A83728578L,House Prices,$'000,Quarter
2017-03-01,395,Median Price Attached Dwellings ;  Rest of NSW ;,A83728578L,House Prices,$'000,Quarter
2017-06-01,424,Median Price Attached Dwellings ;  Rest of NSW ;,A83728578L,House Prices,$'000,Quarter
2017-09-01,410,Median Price Attached Dwellings ;  Rest of NSW ;,A83728578L,House Prices,$'000,Quarter
2017-12-01,410,Median Price Attached Dwellings ;  Rest of NSW ;,A83728578L,House Prices,$'000,Quarter
2018-03-01,415,Median Price Attached Dwellings ;  Rest of NSW ;,A83728578L,House Prices,$'000,Quarter
2018-06-01,415,Median Price Attached Dwellings ;  Rest of NSW ;,A83728578L,House Prices,$'000,Quarter
2018-09-01,429,Median Price Attached Dwellings ;  Rest of NSW ;,A83728578L,House Prices,$'000,Quarter
2018-12-01,412,Median Price Attached Dwellings ;  Rest of NSW ;,A83728578L,House Prices,$'000,Quarter
2019-03-01,410,Median Price Attached Dwellings ;  Rest of NSW ;,A83728578L,House Prices,$'000,Quarter
2019-06-01,422,Median Price Attached Dwellings ;  Rest of NSW ;,A83728578L,House Prices,$'000,Quarter
2019-09-01,426,Median Price Attached Dwellings ;  Rest of NSW ;,A83728578L,House Prices,$'000,Quarter
2019-12-01,440,Median Price Attached Dwellings ;  Rest of NSW ;,A83728578L,House Prices,$'000,Quarter
2020-03-01,450,Median Price Attached Dwellings ;  Rest of NSW ;,A83728578L,House Prices,$'000,Quarter
2020-06-01,471,Median Price Attached Dwellings ;  Rest of NSW ;,A83728578L,House Prices,$'000,Quarter
2020-09-01,475,Median Price Attached Dwellings ;  Rest of NSW ;,A83728578L,House Prices,$'000,Quarter
2020-12-01,480,Median Price Attached Dwellings ;  Rest of NSW ;,A83728578L,House Prices,$'000,Quarter
2021-03-01,510,Median Price Attached Dwellings ;  Rest of NSW ;,A83728578L,House Prices,$'000,Quarter
2021-06-01,529,Median Price Attached Dwellings ;  Rest of NSW ;,A83728578L,House Prices,$'000,Quarter
2021-09-01,550,Median Price Attached Dwellings ;  Rest of NSW ;,A83728578L,House Prices,$'000,Quarter
2021-12-01,590,Median Price Attached Dwellings ;  Rest of NSW ;,A83728578L,House Prices,$'000,Quarter
2022-03-01,610,Median Price Attached Dwellings ;  Rest of NSW ;,A83728578L,House Prices,$'000,Quarter
2022-06-01,600,Median Price Attached Dwellings ;  Rest of NSW ;,A83728578L,House Prices,$'000,Quarter
2022-09-01,595,Median Price Attached Dwellings ;  Rest of NSW ;,A83728578L,House Prices,$'000,Quarter
2022-12-01,600,Median Price Attached Dwellings ;  Rest of NSW ;,A83728578L,House Prices,$'000,Quarter
2023-03-01,601.8,Median Price Attached Dwellings ;  Rest of NSW ;,A83728578L,House Prices,$'000,Quarter
2023-06-01,608,Median Price Attached Dwellings ;  Rest of NSW ;,A83728578L,House Prices,$'000,Quarter
2023-09-01,625,Median Price Attached Dwellings ;  Rest of NSW ;,A83728578L,House Prices,$'000,Quarter
2023-12-01,630,Median Price Attached Dwellings ;  Rest of NSW ;,A83728578L,House Prices,$'000,Quarter
2024-03-01,630,Median Price Attached Dwellings ;  Rest of NSW ;,A83728578L,House Prices,$'000,Quarter
2024-06-01,648.5,Median Price Attached Dwellings ;  Rest of NSW ;,A83728578L,House Prices,$'000,Quarter
2024-09-01,645,Median Price Attached Dwellings ;  Rest of NSW ;,A83728578L,House Prices,$'000,Quarter
2024-12-01,650,Median Price Attached Dwellings ;  Rest of NSW ;,A83728578L,House Prices,$'000,Quarter
2025-03-01,655,Median Price Attached Dwellings ;  Rest of NSW ;,A83728578L,House Prices,$'000,Quarter
2025-06-01,670,Median Price Attached Dwellings ;  Rest of NSW ;,A83728578L,House Prices,$'000,Quarter
2025-09-01,679,Median Price Attached Dwellings ;  Rest of NSW ;,A83728578L,House Prices,$'000,Quarter
2025-12-01,710,Median Price Attached Dwellings ;  Rest of NSW ;,A83728578L,House Prices,$'000,Quarter
2026-03-01,714.5,Median Price Attached Dwellings ;  Rest of NSW ;,A83728578L,House Prices,$'000,Quarter
2026-06-01,710,Median Price Attached Dwellings ;  Rest of NSW ;,A83728578L,House Prices,$'000,Quarter
2003-09-01,136,Median Price Attached Dwellings ;  Rest of NT ;,A83728602A,House Prices,$'000,Quarter
2003-12-01,129,Median Price Attached Dwellings ;  Rest of NT ;,A83728602A,House Prices,$'000,Quarter
2004-03-01,150,Median Price Attached Dwellings ;  Rest of NT ;,A83728602A,House Prices,$'000,Quarter
2004-06-01,130,Median Price Attached Dwellings ;  Rest of NT ;,A83728602A,House Prices,$'000,Quarter
2004-09-01,170.3,Median Price Attached Dwellings ;  Rest of NT ;,A83728602A,House Prices,$'000,Quarter
2004-12-01,175,Median Price Attached Dwellings ;  Rest of NT ;,A83728602A,House Prices,$'000,Quarter
2005-03-01,170.5,Median Price Attached Dwellings ;  Rest of NT ;,A83728602A,House Prices,$'000,Quarter
2005-06-01,180,Median Price Attached Dwellings ;  Rest of NT ;,A83728602A,House Prices,$'000,Quarter
2005-09-01,188.5,Median Price Attached Dwellings ;  Rest of NT ;,A83728602A,House Prices,$'000,Quarter
2005-12-01,197.8,Median Price Attached Dwellings ;  Rest of NT ;,A83728602A,House Prices,$'000,Quarter
2006-03-01,170,Median Price Attached Dwellings ;  Rest of NT ;,A83728602A,House Prices,$'000,Quarter
2006-06-01,198,Median Price Attached Dwellings ;  Rest of NT ;,A83728602A,House Prices,$'000,Quarter
2006-09-01,213.5,Median Price Attached Dwellings ;  Rest of NT ;,A83728602A,House Prices,$'000,Quarter
2006-12-01,198,Median Price Attached Dwellings ;  Rest of NT ;,A83728602A,House Prices,$'000,Quarter
2007-03-01,232.8,Median Price Attached Dwellings ;  Rest of NT ;,A83728602A,House Prices,$'000,Quarter
2007-06-01,213,Median Price Attached Dwellings ;  Rest of NT ;,A83728602A,House Prices,$'000,Quarter
2007-09-01,219,Median Price Attached Dwellings ;  Rest of NT ;,A83728602A,House Prices,$'000,Quarter
2007-12-01,210,Median Price Attached Dwellings ;  Rest of NT ;,A83728602A,House Prices,$'000,Quarter
2008-03-01,225,Median Price Attached Dwellings ;  Rest of NT ;,A83728602A,House Prices,$'000,Quarter
2008-06-01,222.5,Median Price Attached Dwellings ;  Rest of NT ;,A83728602A,House Prices,$'000,Quarter
2008-09-01,220,Median Price Attached Dwellings ;  Rest of NT ;,A83728602A,House Prices,$'000,Quarter
2008-12-01,240,Median Price Attached Dwellings ;  Rest of NT ;,A83728602A,House Prices,$'000,Quarter
2009-03-01,249,Median Price Attached Dwellings ;  Rest of NT ;,A83728602A,House Prices,$'000,Quarter
2009-06-01,300,Median Price Attached Dwellings ;  Rest of NT ;,A83728602A,House Prices,$'000,Quarter
2009-09-01,307.5,Median Price Attached Dwellings ;  Rest of NT ;,A83728602A,House Prices,$'000,Quarter
2009-12-01,332.5,Median Price Attached Dwellings ;  Rest of NT ;,A83728602A,House Prices,$'000,Quarter
2010-03-01,335,Median Price Attached Dwellings ;  Rest of NT ;,A83728602A,House Prices,$'000,Quarter
2010-06-01,320,Median Price Attached Dwellings ;  Rest of NT ;,A83728602A,House Prices,$'000,Quarter
2010-09-01,307.3,Median Price Attached Dwellings ;  Rest of NT ;,A83728602A,House Prices,$'000,Quarter
2010-12-01,350,Median Price Attached Dwellings ;  Rest of NT ;,A83728602A,House Prices,$'000,Quarter
2011-03-01,335,Median Price Attached Dwellings ;  Rest of NT ;,A83728602A,House Prices,$'000,Quarter
2011-06-01,315,Median Price Attached Dwellings ;  Rest of NT ;,A83728602A,House Prices,$'000,Quarter
2011-09-01,360.5,Median Price Attached Dwellings ;  Rest of NT ;,A83728602A,House Prices,$'000,Quarter
2011-12-01,336.5,Median Price Attached Dwellings ;  Rest of NT ;,A83728602A,House Prices,$'000,Quarter
2012-03-01,310,Median Price Attached Dwellings ;  Rest of NT ;,A83728602A,House Prices,$'000,Quarter
2012-06-01,364.5,Median Price Attached Dwellings ;  Rest of NT ;,A83728602A,House Prices,$'000,Quarter
2012-09-01,315,Median Price Attached Dwellings ;  Rest of NT ;,A83728602A,House Prices,$'000,Quarter
2012-12-01,300,Median Price Attached Dwellings ;  Rest of NT ;,A83728602A,House Prices,$'000,Quarter
2013-03-01,331.3,Median Price Attached Dwellings ;  Rest of NT ;,A83728602A,House Prices,$'000,Quarter
2013-06-01,320,Median Price Attached Dwellings ;  Rest of NT ;,A83728602A,House Prices,$'000,Quarter
2013-09-01,305,Median Price Attached Dwellings ;  Rest of NT ;,A83728602A,House Prices,$'000,Quarter
2013-12-01,370,Median Price Attached Dwellings ;  Rest of NT ;,A83728602A,House Prices,$'000,Quarter
2014-03-01,337,Median Price Attached Dwellings ;  Rest of NT ;,A83728602A,House Prices,$'000,Quarter
2014-06-01,335,Median Price Attached Dwellings ;  Rest of NT ;,A83728602A,House Prices,$'000,Quarter
2014-09-01,377.5,Median Price Attached Dwellings ;  Rest of NT ;,A83728602A,House Prices,$'000,Quarter
2014-12-01,339.5,Median Price Attached Dwellings ;  Rest of NT ;,A83728602A,House Prices,$'000,Quarter
2015-03-01,375,Median Price Attached Dwellings ;  Rest of NT ;,A83728602A,House Prices,$'000,Quarter
2015-06-01,321.5,Median Price Attached Dwellings ;  Rest of NT ;,A83728602A,House Prices,$'000,Quarter
2015-09-01,305,Median Price Attached Dwellings ;  Rest of NT ;,A83728602A,House Prices,$'000,Quarter
2015-12-01,265,Median Price Attached Dwellings ;  Rest of NT ;,A83728602A,House Prices,$'000,Quarter
2016-03-01,310,Median Price Attached Dwellings ;  Rest of NT ;,A83728602A,House Prices,$'000,Quarter
2016-06-01,320,Median Price Attached Dwellings ;  Rest of NT ;,A83728602A,House Prices,$'000,Quarter
2016-09-01,300,Median Price Attached Dwellings ;  Rest of NT ;,A83728602A,House Prices,$'000,Quarter
2016-12-01,326.3,Median Price Attached Dwellings ;  Rest of NT ;,A83728602A,House Prices,$'000,Quarter
2017-03-01,319,Median Price Attached Dwellings ;  Rest of NT ;,A83728602A,House Prices,$'000,Quarter
2017-06-01,307.5,Median Price Attached Dwellings ;  Rest of NT ;,A83728602A,House Prices,$'000,Quarter
2017-09-01,330,Median Price Attached Dwellings ;  Rest of NT ;,A83728602A,House Prices,$'000,Quarter
2017-12-01,290,Median Price Attached Dwellings ;  Rest of NT ;,A83728602A,House Prices,$'000,Quarter
2018-03-01,341.5,Median Price Attached Dwellings ;  Rest of NT ;,A83728602A,House Prices,$'000,Quarter
2018-06-01,345,Median Price Attached Dwellings ;  Rest of NT ;,A83728602A,House Prices,$'000,Quarter
2018-09-01,357,Median Price Attached Dwellings ;  Rest of NT ;,A83728602A,House Prices,$'000,Quarter
2018-12-01,360,Median Price Attached Dwellings ;  Rest of NT ;,A83728602A,House Prices,$'000,Quarter
2019-03-01,362,Median Price Attached Dwellings ;  Rest of NT ;,A83728602A,House Prices,$'000,Quarter
2019-06-01,351,Median Price Attached Dwellings ;  Rest of NT ;,A83728602A,House Prices,$'000,Quarter
2019-09-01,357.5,Median Price Attached Dwellings ;  Rest of NT ;,A83728602A,House Prices,$'000,Quarter
2019-12-01,300,Median Price Attached Dwellings ;  Rest of NT ;,A83728602A,House Prices,$'000,Quarter
2020-03-01,328.5,Median Price Attached Dwellings ;  Rest of NT ;,A83728602A,House Prices,$'000,Quarter
2020-06-01,365,Median Price Attached Dwellings ;  Rest of NT ;,A83728602A,House Prices,$'000,Quarter
2020-09-01,290,Median Price Attached Dwellings ;  Rest of NT ;,A83728602A,House Prices,$'000,Quarter
2020-12-01,348.5,Median Price Attached Dwellings ;  Rest of NT ;,A83728602A,House Prices,$'000,Quarter
2021-03-01,324.5,Median Price Attached Dwellings ;  Rest of NT ;,A83728602A,House Prices,$'000,Quarter
2021-06-01,300,Median Price Attached Dwellings ;  Rest of NT ;,A83728602A,House Prices,$'000,Quarter
2021-09-01,290,Median Price Attached Dwellings ;  Rest of NT ;,A83728602A,House Prices,$'000,Quarter
2021-12-01,300,Median Price Attached Dwellings ;  Rest of NT ;,A83728602A,House Prices,$'000,Quarter
2022-03-01,315,Median Price Attached Dwellings ;  Rest of NT ;,A83728602A,House Prices,$'000,Quarter
2022-06-01,320,Median Price Attached Dwellings ;  Rest of NT ;,A83728602A,House Prices,$'000,Quarter
2022-09-01,306.5,Median Price Attached Dwellings ;  Rest of NT ;,A83728602A,House Prices,$'000,Quarter
2022-12-01,320,Median Price Attached Dwellings ;  Rest of NT ;,A83728602A,House Prices,$'000,Quarter
2023-03-01,305,Median Price Attached Dwellings ;  Rest of NT ;,A83728602A,House Prices,$'000,Quarter
2023-06-01,340,Median Price Attached Dwellings ;  Rest of NT ;,A83728602A,House Prices,$'000,Quarter
2023-09-01,260,Median Price Attached Dwellings ;  Rest of NT ;,A83728602A,House Prices,$'000,Quarter
2023-12-01,277.5,Median Price Attached Dwellings ;  Rest of NT ;,A83728602A,House Prices,$'000,Quarter
2024-03-01,350,Median Price Attached Dwellings ;  Rest of NT ;,A83728602A,House Prices,$'000,Quarter
2024-06-01,323,Median Price Attached Dwellings ;  Rest of NT ;,A83728602A,House Prices,$'000,Quarter
2024-09-01,280,Median Price Attached Dwellings ;  Rest of NT ;,A83728602A,House Prices,$'000,Quarter
2024-12-01,261.5,Median Price Attached Dwellings ;  Rest of NT ;,A83728602A,House Prices,$'000,Quarter
2025-03-01,263,Median Price Attached Dwellings ;  Rest of NT ;,A83728602A,House Prices,$'000,Quarter
2025-06-01,297.5,Median Price Attached Dwellings ;  Rest of NT ;,A83728602A,House Prices,$'000,Quarter
2025-09-01,310,Median Price Attached Dwellings ;  Rest of NT ;,A83728602A,House Prices,$'000,Quarter
2025-12-01,315,Median Price Attached Dwellings ;  Rest of NT ;,A83728602A,House Prices,$'000,Quarter
2026-03-01,330,Median Price Attached Dwellings ;  Rest of NT ;,A83728602A,House Prices,$'000,Quarter
2026-06-01,340,Median Price Attached Dwellings ;  Rest of NT ;,A83728602A,House Prices,$'000,Quarter
2003-09-01,230,Median Price Attached Dwellings ;  Rest of Qld. ;,A83728586L,House Prices,$'000,Quarter
2003-12-01,240,Median Price Attached Dwellings ;  Rest of Qld. ;,A83728586L,House Prices,$'000,Quarter
2004-03-01,257,Median Price Attached Dwellings ;  Rest of Qld. ;,A83728586L,House Prices,$'000,Quarter
2004-06-01,264,Median Price Attached Dwellings ;  Rest of Qld. ;,A83728586L,House Prices,$'000,Quarter
2004-09-01,269,Median Price Attached Dwellings ;  Rest of Qld. ;,A83728586L,House Prices,$'000,Quarter
2004-12-01,278,Median Price Attached Dwellings ;  Rest of Qld. ;,A83728586L,House Prices,$'000,Quarter
2005-03-01,282.5,Median Price Attached Dwellings ;  Rest of Qld. ;,A83728586L,House Prices,$'000,Quarter
2005-06-01,282,Median Price Attached Dwellings ;  Rest of Qld. ;,A83728586L,House Prices,$'000,Quarter
2005-09-01,282,Median Price Attached Dwellings ;  Rest of Qld. ;,A83728586L,House Prices,$'000,Quarter
2005-12-01,290,Median Price Attached Dwellings ;  Rest of Qld. ;,A83728586L,House Prices,$'000,Quarter
2006-03-01,292.6,Median Price Attached Dwellings ;  Rest of Qld. ;,A83728586L,House Prices,$'000,Quarter
2006-06-01,295,Median Price Attached Dwellings ;  Rest of Qld. ;,A83728586L,House Prices,$'000,Quarter
2006-09-01,300,Median Price Attached Dwellings ;  Rest of Qld. ;,A83728586L,House Prices,$'000,Quarter
2006-12-01,310,Median Price Attached Dwellings ;  Rest of Qld. ;,A83728586L,House Prices,$'000,Quarter
2007-03-01,320,Median Price Attached Dwellings ;  Rest of Qld. ;,A83728586L,House Prices,$'000,Quarter
2007-06-01,327,Median Price Attached Dwellings ;  Rest of Qld. ;,A83728586L,House Prices,$'000,Quarter
2007-09-01,330,Median Price Attached Dwellings ;  Rest of Qld. ;,A83728586L,House Prices,$'000,Quarter
2007-12-01,348,Median Price Attached Dwellings ;  Rest of Qld. ;,A83728586L,House Prices,$'000,Quarter
2008-03-01,355,Median Price Attached Dwellings ;  Rest of Qld. ;,A83728586L,House Prices,$'000,Quarter
2008-06-01,355,Median Price Attached Dwellings ;  Rest of Qld. ;,A83728586L,House Prices,$'000,Quarter
2008-09-01,340,Median Price Attached Dwellings ;  Rest of Qld. ;,A83728586L,House Prices,$'000,Quarter
2008-12-01,316,Median Price Attached Dwellings ;  Rest of Qld. ;,A83728586L,House Prices,$'000,Quarter
2009-03-01,324,Median Price Attached Dwellings ;  Rest of Qld. ;,A83728586L,House Prices,$'000,Quarter
2009-06-01,330,Median Price Attached Dwellings ;  Rest of Qld. ;,A83728586L,House Prices,$'000,Quarter
2009-09-01,345,Median Price Attached Dwellings ;  Rest of Qld. ;,A83728586L,House Prices,$'000,Quarter
2009-12-01,356.1,Median Price Attached Dwellings ;  Rest of Qld. ;,A83728586L,House Prices,$'000,Quarter
2010-03-01,360,Median Price Attached Dwellings ;  Rest of Qld. ;,A83728586L,House Prices,$'000,Quarter
2010-06-01,355,Median Price Attached Dwellings ;  Rest of Qld. ;,A83728586L,House Prices,$'000,Quarter
2010-09-01,347.5,Median Price Attached Dwellings ;  Rest of Qld. ;,A83728586L,House Prices,$'000,Quarter
2010-12-01,347.5,Median Price Attached Dwellings ;  Rest of Qld. ;,A83728586L,House Prices,$'000,Quarter
2011-03-01,340,Median Price Attached Dwellings ;  Rest of Qld. ;,A83728586L,House Prices,$'000,Quarter
2011-06-01,335,Median Price Attached Dwellings ;  Rest of Qld. ;,A83728586L,House Prices,$'000,Quarter
2011-09-01,325.8,Median Price Attached Dwellings ;  Rest of Qld. ;,A83728586L,House Prices,$'000,Quarter
2011-12-01,327.1,Median Price Attached Dwellings ;  Rest of Qld. ;,A83728586L,House Prices,$'000,Quarter
2012-03-01,330,Median Price Attached Dwellings ;  Rest of Qld. ;,A83728586L,House Prices,$'000,Quarter
2012-06-01,330,Median Price Attached Dwellings ;  Rest of Qld. ;,A83728586L,House Prices,$'000,Quarter
2012-09-01,315,Median Price Attached Dwellings ;  Rest of Qld. ;,A83728586L,House Prices,$'000,Quarter
2012-12-01,322.3,Median Price Attached Dwellings ;  Rest of Qld. ;,A83728586L,House Prices,$'000,Quarter
2013-03-01,327.8,Median Price Attached Dwellings ;  Rest of Qld. ;,A83728586L,House Prices,$'000,Quarter
2013-06-01,325,Median Price Attached Dwellings ;  Rest of Qld. ;,A83728586L,House Prices,$'000,Quarter
2013-09-01,327,Median Price Attached Dwellings ;  Rest of Qld. ;,A83728586L,House Prices,$'000,Quarter
2013-12-01,331,Median Price Attached Dwellings ;  Rest of Qld. ;,A83728586L,House Prices,$'000,Quarter
2014-03-01,338,Median Price Attached Dwellings ;  Rest of Qld. ;,A83728586L,House Prices,$'000,Quarter
2014-06-01,345,Median Price Attached Dwellings ;  Rest of Qld. ;,A83728586L,House Prices,$'000,Quarter
2014-09-01,330,Median Price Attached Dwellings ;  Rest of Qld. ;,A83728586L,House Prices,$'000,Quarter
2014-12-01,340,Median Price Attached Dwellings ;  Rest of Qld. ;,A83728586L,House Prices,$'000,Quarter
2015-03-01,350,Median Price Attached Dwellings ;  Rest of Qld. ;,A83728586L,House Prices,$'000,Quarter
2015-06-01,350,Median Price Attached Dwellings ;  Rest of Qld. ;,A83728586L,House Prices,$'000,Quarter
2015-09-01,350.8,Median Price Attached Dwellings ;  Rest of Qld. ;,A83728586L,House Prices,$'000,Quarter
2015-12-01,360,Median Price Attached Dwellings ;  Rest of Qld. ;,A83728586L,House Prices,$'000,Quarter
2016-03-01,363,Median Price Attached Dwellings ;  Rest of Qld. ;,A83728586L,House Prices,$'000,Quarter
2016-06-01,365,Median Price Attached Dwellings ;  Rest of Qld. ;,A83728586L,House Prices,$'000,Quarter
2016-09-01,370,Median Price Attached Dwellings ;  Rest of Qld. ;,A83728586L,House Prices,$'000,Quarter
2016-12-01,375,Median Price Attached Dwellings ;  Rest of Qld. ;,A83728586L,House Prices,$'000,Quarter
2017-03-01,389,Median Price Attached Dwellings ;  Rest of Qld. ;,A83728586L,House Prices,$'000,Quarter
2017-06-01,380,Median Price Attached Dwellings ;  Rest of Qld. ;,A83728586L,House Prices,$'000,Quarter
2017-09-01,385,Median Price Attached Dwellings ;  Rest of Qld. ;,A83728586L,House Prices,$'000,Quarter
2017-12-01,385,Median Price Attached Dwellings ;  Rest of Qld. ;,A83728586L,House Prices,$'000,Quarter
2018-03-01,390,Median Price Attached Dwellings ;  Rest of Qld. ;,A83728586L,House Prices,$'000,Quarter
2018-06-01,390.3,Median Price Attached Dwellings ;  Rest of Qld. ;,A83728586L,House Prices,$'000,Quarter
2018-09-01,385,Median Price Attached Dwellings ;  Rest of Qld. ;,A83728586L,House Prices,$'000,Quarter
2018-12-01,390,Median Price Attached Dwellings ;  Rest of Qld. ;,A83728586L,House Prices,$'000,Quarter
2019-03-01,388,Median Price Attached Dwellings ;  Rest of Qld. ;,A83728586L,House Prices,$'000,Quarter
2019-06-01,385,Median Price Attached Dwellings ;  Rest of Qld. ;,A83728586L,House Prices,$'000,Quarter
2019-09-01,393,Median Price Attached Dwellings ;  Rest of Qld. ;,A83728586L,House Prices,$'000,Quarter
2019-12-01,395,Median Price Attached Dwellings ;  Rest of Qld. ;,A83728586L,House Prices,$'000,Quarter
2020-03-01,400,Median Price Attached Dwellings ;  Rest of Qld. ;,A83728586L,House Prices,$'000,Quarter
2020-06-01,404,Median Price Attached Dwellings ;  Rest of Qld. ;,A83728586L,House Prices,$'000,Quarter
2020-09-01,412.5,Median Price Attached Dwellings ;  Rest of Qld. ;,A83728586L,House Prices,$'000,Quarter
2020-12-01,430,Median Price Attached Dwellings ;  Rest of Qld. ;,A83728586L,House Prices,$'000,Quarter
2021-03-01,440,Median Price Attached Dwellings ;  Rest of Qld. ;,A83728586L,House Prices,$'000,Quarter
2021-06-01,460,Median Price Attached Dwellings ;  Rest of Qld. ;,A83728586L,House Prices,$'000,Quarter
2021-09-01,480,Median Price Attached Dwellings ;  Rest of Qld. ;,A83728586L,House Prices,$'000,Quarter
2021-12-01,501,Median Price Attached Dwellings ;  Rest of Qld. ;,A83728586L,House Prices,$'000,Quarter
2022-03-01,517,Median Price Attached Dwellings ;  Rest of Qld. ;,A83728586L,House Prices,$'000,Quarter
2022-06-01,540,Median Price Attached Dwellings ;  Rest of Qld. ;,A83728586L,House Prices,$'000,Quarter
2022-09-01,530,Median Price Attached Dwellings ;  Rest of Qld. ;,A83728586L,House Prices,$'000,Quarter
2022-12-01,535,Median Price Attached Dwellings ;  Rest of Qld. ;,A83728586L,House Prices,$'000,Quarter
2023-03-01,550,Median Price Attached Dwellings ;  Rest of Qld. ;,A83728586L,House Prices,$'000,Quarter
2023-06-01,562.5,Median Price Attached Dwellings ;  Rest of Qld. ;,A83728586L,House Prices,$'000,Quarter
2023-09-01,580,Median Price Attached Dwellings ;  Rest of Qld. ;,A83728586L,House Prices,$'000,Quarter
2023-12-01,592,Median Price Attached Dwellings ;  Rest of Qld. ;,A83728586L,House Prices,$'000,Quarter
2024-03-01,625,Median Price Attached Dwellings ;  Rest of Qld. ;,A83728586L,House Prices,$'000,Quarter
2024-06-01,640,Median Price Attached Dwellings ;  Rest of Qld. ;,A83728586L,House Prices,$'000,Quarter
2024-09-01,660,Median Price Attached Dwellings ;  Rest of Qld. ;,A83728586L,House Prices,$'000,Quarter
2024-12-01,670,Median Price Attached Dwellings ;  Rest of Qld. ;,A83728586L,House Prices,$'000,Quarter
2025-03-01,700,Median Price Attached Dwellings ;  Rest of Qld. ;,A83728586L,House Prices,$'000,Quarter
2025-06-01,720,Median Price Attached Dwellings ;  Rest of Qld. ;,A83728586L,House Prices,$'000,Quarter
2025-09-01,742.5,Median Price Attached Dwellings ;  Rest of Qld. ;,A83728586L,House Prices,$'000,Quarter
2025-12-01,790,Median Price Attached Dwellings ;  Rest of Qld. ;,A83728586L,House Prices,$'000,Quarter
2026-03-01,830,Median Price Attached Dwellings ;  Rest of Qld. ;,A83728586L,House Prices,$'000,Quarter
2026-06-01,805,Median Price Attached Dwellings ;  Rest of Qld. ;,A83728586L,House Prices,$'000,Quarter
2003-09-01,82,Median Price Attached Dwellings ;  Rest of SA ;,A83728590C,House Prices,$'000,Quarter
2003-12-01,85,Median Price Attached Dwellings ;  Rest of SA ;,A83728590C,House Prices,$'000,Quarter
2004-03-01,82.9,Median Price Attached Dwellings ;  Rest of SA ;,A83728590C,House Prices,$'000,Quarter
2004-06-01,81.5,Median Price Attached Dwellings ;  Rest of SA ;,A83728590C,House Prices,$'000,Quarter
2004-09-01,90.8,Median Price Attached Dwellings ;  Rest of SA ;,A83728590C,House Prices,$'000,Quarter
2004-12-01,112,Median Price Attached Dwellings ;  Rest of SA ;,A83728590C,House Prices,$'000,Quarter
2005-03-01,125,Median Price Attached Dwellings ;  Rest of SA ;,A83728590C,House Prices,$'000,Quarter
2005-06-01,124.8,Median Price Attached Dwellings ;  Rest of SA ;,A83728590C,House Prices,$'000,Quarter
2005-09-01,131,Median Price Attached Dwellings ;  Rest of SA ;,A83728590C,House Prices,$'000,Quarter
2005-12-01,145,Median Price Attached Dwellings ;  Rest of SA ;,A83728590C,House Prices,$'000,Quarter
2006-03-01,151.3,Median Price Attached Dwellings ;  Rest of SA ;,A83728590C,House Prices,$'000,Quarter
2006-06-01,145,Median Price Attached Dwellings ;  Rest of SA ;,A83728590C,House Prices,$'000,Quarter
2006-09-01,131,Median Price Attached Dwellings ;  Rest of SA ;,A83728590C,House Prices,$'000,Quarter
2006-12-01,150,Median Price Attached Dwellings ;  Rest of SA ;,A83728590C,House Prices,$'000,Quarter
2007-03-01,150,Median Price Attached Dwellings ;  Rest of SA ;,A83728590C,House Prices,$'000,Quarter
2007-06-01,156,Median Price Attached Dwellings ;  Rest of SA ;,A83728590C,House Prices,$'000,Quarter
2007-09-01,166.6,Median Price Attached Dwellings ;  Rest of SA ;,A83728590C,House Prices,$'000,Quarter
2007-12-01,169.5,Median Price Attached Dwellings ;  Rest of SA ;,A83728590C,House Prices,$'000,Quarter
2008-03-01,175,Median Price Attached Dwellings ;  Rest of SA ;,A83728590C,House Prices,$'000,Quarter
2008-06-01,173.8,Median Price Attached Dwellings ;  Rest of SA ;,A83728590C,House Prices,$'000,Quarter
2008-09-01,190,Median Price Attached Dwellings ;  Rest of SA ;,A83728590C,House Prices,$'000,Quarter
2008-12-01,202,Median Price Attached Dwellings ;  Rest of SA ;,A83728590C,House Prices,$'000,Quarter
2009-03-01,175,Median Price Attached Dwellings ;  Rest of SA ;,A83728590C,House Prices,$'000,Quarter
2009-06-01,174.5,Median Price Attached Dwellings ;  Rest of SA ;,A83728590C,House Prices,$'000,Quarter
2009-09-01,170,Median Price Attached Dwellings ;  Rest of SA ;,A83728590C,House Prices,$'000,Quarter
2009-12-01,196,Median Price Attached Dwellings ;  Rest of SA ;,A83728590C,House Prices,$'000,Quarter
2010-03-01,199.5,Median Price Attached Dwellings ;  Rest of SA ;,A83728590C,House Prices,$'000,Quarter
2010-06-01,172.5,Median Price Attached Dwellings ;  Rest of SA ;,A83728590C,House Prices,$'000,Quarter
2010-09-01,200,Median Price Attached Dwellings ;  Rest of SA ;,A83728590C,House Prices,$'000,Quarter
2010-12-01,185,Median Price Attached Dwellings ;  Rest of SA ;,A83728590C,House Prices,$'000,Quarter
2011-03-01,210,Median Price Attached Dwellings ;  Rest of SA ;,A83728590C,House Prices,$'000,Quarter
2011-06-01,176.5,Median Price Attached Dwellings ;  Rest of SA ;,A83728590C,House Prices,$'000,Quarter
2011-09-01,190,Median Price Attached Dwellings ;  Rest of SA ;,A83728590C,House Prices,$'000,Quarter
2011-12-01,176,Median Price Attached Dwellings ;  Rest of SA ;,A83728590C,House Prices,$'000,Quarter
2012-03-01,180,Median Price Attached Dwellings ;  Rest of SA ;,A83728590C,House Prices,$'000,Quarter
2012-06-01,179,Median Price Attached Dwellings ;  Rest of SA ;,A83728590C,House Prices,$'000,Quarter
2012-09-01,156,Median Price Attached Dwellings ;  Rest of SA ;,A83728590C,House Prices,$'000,Quarter
2012-12-01,170,Median Price Attached Dwellings ;  Rest of SA ;,A83728590C,House Prices,$'000,Quarter
2013-03-01,185,Median Price Attached Dwellings ;  Rest of SA ;,A83728590C,House Prices,$'000,Quarter
2013-06-01,160.8,Median Price Attached Dwellings ;  Rest of SA ;,A83728590C,House Prices,$'000,Quarter
2013-09-01,180,Median Price Attached Dwellings ;  Rest of SA ;,A83728590C,House Prices,$'000,Quarter
2013-12-01,196,Median Price Attached Dwellings ;  Rest of SA ;,A83728590C,House Prices,$'000,Quarter
2014-03-01,178.5,Median Price Attached Dwellings ;  Rest of SA ;,A83728590C,House Prices,$'000,Quarter
2014-06-01,190,Median Price Attached Dwellings ;  Rest of SA ;,A83728590C,House Prices,$'000,Quarter
2014-09-01,190,Median Price Attached Dwellings ;  Rest of SA ;,A83728590C,House Prices,$'000,Quarter
2014-12-01,180.1,Median Price Attached Dwellings ;  Rest of SA ;,A83728590C,House Prices,$'000,Quarter
2015-03-01,185,Median Price Attached Dwellings ;  Rest of SA ;,A83728590C,House Prices,$'000,Quarter
2015-06-01,210,Median Price Attached Dwellings ;  Rest of SA ;,A83728590C,House Prices,$'000,Quarter
2015-09-01,190,Median Price Attached Dwellings ;  Rest of SA ;,A83728590C,House Prices,$'000,Quarter
2015-12-01,182,Median Price Attached Dwellings ;  Rest of SA ;,A83728590C,House Prices,$'000,Quarter
2016-03-01,187,Median Price Attached Dwellings ;  Rest of SA ;,A83728590C,House Prices,$'000,Quarter
2016-06-01,202.5,Median Price Attached Dwellings ;  Rest of SA ;,A83728590C,House Prices,$'000,Quarter
2016-09-01,195,Median Price Attached Dwellings ;  Rest of SA ;,A83728590C,House Prices,$'000,Quarter
2016-12-01,205,Median Price Attached Dwellings ;  Rest of SA ;,A83728590C,House Prices,$'000,Quarter
2017-03-01,180,Median Price Attached Dwellings ;  Rest of SA ;,A83728590C,House Prices,$'000,Quarter
2017-06-01,200,Median Price Attached Dwellings ;  Rest of SA ;,A83728590C,House Prices,$'000,Quarter
2017-09-01,172,Median Price Attached Dwellings ;  Rest of SA ;,A83728590C,House Prices,$'000,Quarter
2017-12-01,170,Median Price Attached Dwellings ;  Rest of SA ;,A83728590C,House Prices,$'000,Quarter
2018-03-01,202.5,Median Price Attached Dwellings ;  Rest of SA ;,A83728590C,House Prices,$'000,Quarter
2018-06-01,186,Median Price Attached Dwellings ;  Rest of SA ;,A83728590C,House Prices,$'000,Quarter
2018-09-01,190,Median Price Attached Dwellings ;  Rest of SA ;,A83728590C,House Prices,$'000,Quarter
2018-12-01,190,Median Price Attached Dwellings ;  Rest of SA ;,A83728590C,House Prices,$'000,Quarter
2019-03-01,185,Median Price Attached Dwellings ;  Rest of SA ;,A83728590C,House Prices,$'000,Quarter
2019-06-01,192,Median Price Attached Dwellings ;  Rest of SA ;,A83728590C,House Prices,$'000,Quarter
2019-09-01,185,Median Price Attached Dwellings ;  Rest of SA ;,A83728590C,House Prices,$'000,Quarter
2019-12-01,190,Median Price Attached Dwellings ;  Rest of SA ;,A83728590C,House Prices,$'000,Quarter
2020-03-01,197,Median Price Attached Dwellings ;  Rest of SA ;,A83728590C,House Prices,$'000,Quarter
2020-06-01,170,Median Price Attached Dwellings ;  Rest of SA ;,A83728590C,House Prices,$'000,Quarter
2020-09-01,201,Median Price Attached Dwellings ;  Rest of SA ;,A83728590C,House Prices,$'000,Quarter
2020-12-01,217.5,Median Price Attached Dwellings ;  Rest of SA ;,A83728590C,House Prices,$'000,Quarter
2021-03-01,220,Median Price Attached Dwellings ;  Rest of SA ;,A83728590C,House Prices,$'000,Quarter
2021-06-01,215,Median Price Attached Dwellings ;  Rest of SA ;,A83728590C,House Prices,$'000,Quarter
2021-09-01,217.8,Median Price Attached Dwellings ;  Rest of SA ;,A83728590C,House Prices,$'000,Quarter
2021-12-01,210,Median Price Attached Dwellings ;  Rest of SA ;,A83728590C,House Prices,$'000,Quarter
2022-03-01,205,Median Price Attached Dwellings ;  Rest of SA ;,A83728590C,House Prices,$'000,Quarter
2022-06-01,211,Median Price Attached Dwellings ;  Rest of SA ;,A83728590C,House Prices,$'000,Quarter
2022-09-01,225,Median Price Attached Dwellings ;  Rest of SA ;,A83728590C,House Prices,$'000,Quarter
2022-12-01,220,Median Price Attached Dwellings ;  Rest of SA ;,A83728590C,House Prices,$'000,Quarter
2023-03-01,245,Median Price Attached Dwellings ;  Rest of SA ;,A83728590C,House Prices,$'000,Quarter
2023-06-01,256,Median Price Attached Dwellings ;  Rest of SA ;,A83728590C,House Prices,$'000,Quarter
2023-09-01,287,Median Price Attached Dwellings ;  Rest of SA ;,A83728590C,House Prices,$'000,Quarter
2023-12-01,268,Median Price Attached Dwellings ;  Rest of SA ;,A83728590C,House Prices,$'000,Quarter
2024-03-01,270,Median Price Attached Dwellings ;  Rest of SA ;,A83728590C,House Prices,$'000,Quarter
2024-06-01,265,Median Price Attached Dwellings ;  Rest of SA ;,A83728590C,House Prices,$'000,Quarter
2024-09-01,249.5,Median Price Attached Dwellings ;  Rest of SA ;,A83728590C,House Prices,$'000,Quarter
2024-12-01,320,Median Price Attached Dwellings ;  Rest of SA ;,A83728590C,House Prices,$'000,Quarter
2025-03-01,297,Median Price Attached Dwellings ;  Rest of SA ;,A83728590C,House Prices,$'000,Quarter
2025-06-01,313.3,Median Price Attached Dwellings ;  Rest of SA ;,A83728590C,House Prices,$'000,Quarter
2025-09-01,365,Median Price Attached Dwellings ;  Rest of SA ;,A83728590C,House Prices,$'000,Quarter
2025-12-01,404.5,Median Price Attached Dwellings ;  Rest of SA ;,A83728590C,House Prices,$'000,Quarter
2026-03-01,350,Median Price Attached Dwellings ;  Rest of SA ;,A83728590C,House Prices,$'000,Quarter
2026-06-01,378.8,Median Price Attached Dwellings ;  Rest of SA ;,A83728590C,House Prices,$'000,Quarter
2003-09-01,130,Median Price Attached Dwellings ;  Rest of Tas. ;,A83728598W,House Prices,$'000,Quarter
2003-12-01,120,Median Price Attached Dwellings ;  Rest of Tas. ;,A83728598W,House Prices,$'000,Quarter
2004-03-01,145,Median Price Attached Dwellings ;  Rest of Tas. ;,A83728598W,House Prices,$'000,Quarter
2004-06-01,149,Median Price Attached Dwellings ;  Rest of Tas. ;,A83728598W,House Prices,$'000,Quarter
2004-09-01,155,Median Price Attached Dwellings ;  Rest of Tas. ;,A83728598W,House Prices,$'000,Quarter
2004-12-01,158,Median Price Attached Dwellings ;  Rest of Tas. ;,A83728598W,House Prices,$'000,Quarter
2005-03-01,166,Median Price Attached Dwellings ;  Rest of Tas. ;,A83728598W,House Prices,$'000,Quarter
2005-06-01,170,Median Price Attached Dwellings ;  Rest of Tas. ;,A83728598W,House Prices,$'000,Quarter
2005-09-01,175,Median Price Attached Dwellings ;  Rest of Tas. ;,A83728598W,House Prices,$'000,Quarter
2005-12-01,165,Median Price Attached Dwellings ;  Rest of Tas. ;,A83728598W,House Prices,$'000,Quarter
2006-03-01,170,Median Price Attached Dwellings ;  Rest of Tas. ;,A83728598W,House Prices,$'000,Quarter
2006-06-01,178.5,Median Price Attached Dwellings ;  Rest of Tas. ;,A83728598W,House Prices,$'000,Quarter
2006-09-01,180.8,Median Price Attached Dwellings ;  Rest of Tas. ;,A83728598W,House Prices,$'000,Quarter
2006-12-01,185.5,Median Price Attached Dwellings ;  Rest of Tas. ;,A83728598W,House Prices,$'000,Quarter
2007-03-01,184,Median Price Attached Dwellings ;  Rest of Tas. ;,A83728598W,House Prices,$'000,Quarter
2007-06-01,191,Median Price Attached Dwellings ;  Rest of Tas. ;,A83728598W,House Prices,$'000,Quarter
2007-09-01,190,Median Price Attached Dwellings ;  Rest of Tas. ;,A83728598W,House Prices,$'000,Quarter
2007-12-01,196.3,Median Price Attached Dwellings ;  Rest of Tas. ;,A83728598W,House Prices,$'000,Quarter
2008-03-01,200,Median Price Attached Dwellings ;  Rest of Tas. ;,A83728598W,House Prices,$'000,Quarter
2008-06-01,205,Median Price Attached Dwellings ;  Rest of Tas. ;,A83728598W,House Prices,$'000,Quarter
2008-09-01,200,Median Price Attached Dwellings ;  Rest of Tas. ;,A83728598W,House Prices,$'000,Quarter
2008-12-01,200,Median Price Attached Dwellings ;  Rest of Tas. ;,A83728598W,House Prices,$'000,Quarter
2009-03-01,213,Median Price Attached Dwellings ;  Rest of Tas. ;,A83728598W,House Prices,$'000,Quarter
2009-06-01,220,Median Price Attached Dwellings ;  Rest of Tas. ;,A83728598W,House Prices,$'000,Quarter
2009-09-01,220,Median Price Attached Dwellings ;  Rest of Tas. ;,A83728598W,House Prices,$'000,Quarter
2009-12-01,220,Median Price Attached Dwellings ;  Rest of Tas. ;,A83728598W,House Prices,$'000,Quarter
2010-03-01,226.5,Median Price Attached Dwellings ;  Rest of Tas. ;,A83728598W,House Prices,$'000,Quarter
2010-06-01,235,Median Price Attached Dwellings ;  Rest of Tas. ;,A83728598W,House Prices,$'000,Quarter
2010-09-01,235,Median Price Attached Dwellings ;  Rest of Tas. ;,A83728598W,House Prices,$'000,Quarter
2010-12-01,230,Median Price Attached Dwellings ;  Rest of Tas. ;,A83728598W,House Prices,$'000,Quarter
2011-03-01,235,Median Price Attached Dwellings ;  Rest of Tas. ;,A83728598W,House Prices,$'000,Quarter
2011-06-01,232.5,Median Price Attached Dwellings ;  Rest of Tas. ;,A83728598W,House Prices,$'000,Quarter
2011-09-01,228.5,Median Price Attached Dwellings ;  Rest of Tas. ;,A83728598W,House Prices,$'000,Quarter
2011-12-01,240,Median Price Attached Dwellings ;  Rest of Tas. ;,A83728598W,House Prices,$'000,Quarter
2012-03-01,228,Median Price Attached Dwellings ;  Rest of Tas. ;,A83728598W,House Prices,$'000,Quarter
2012-06-01,222.5,Median Price Attached Dwellings ;  Rest of Tas. ;,A83728598W,House Prices,$'000,Quarter
2012-09-01,225,Median Price Attached Dwellings ;  Rest of Tas. ;,A83728598W,House Prices,$'000,Quarter
2012-12-01,220,Median Price Attached Dwellings ;  Rest of Tas. ;,A83728598W,House Prices,$'000,Quarter
2013-03-01,227,Median Price Attached Dwellings ;  Rest of Tas. ;,A83728598W,House Prices,$'000,Quarter
2013-06-01,219,Median Price Attached Dwellings ;  Rest of Tas. ;,A83728598W,House Prices,$'000,Quarter
2013-09-01,216.5,Median Price Attached Dwellings ;  Rest of Tas. ;,A83728598W,House Prices,$'000,Quarter
2013-12-01,220,Median Price Attached Dwellings ;  Rest of Tas. ;,A83728598W,House Prices,$'000,Quarter
2014-03-01,230,Median Price Attached Dwellings ;  Rest of Tas. ;,A83728598W,House Prices,$'000,Quarter
2014-06-01,226.3,Median Price Attached Dwellings ;  Rest of Tas. ;,A83728598W,House Prices,$'000,Quarter
2014-09-01,235,Median Price Attached Dwellings ;  Rest of Tas. ;,A83728598W,House Prices,$'000,Quarter
2014-12-01,235,Median Price Attached Dwellings ;  Rest of Tas. ;,A83728598W,House Prices,$'000,Quarter
2015-03-01,220.5,Median Price Attached Dwellings ;  Rest of Tas. ;,A83728598W,House Prices,$'000,Quarter
2015-06-01,232,Median Price Attached Dwellings ;  Rest of Tas. ;,A83728598W,House Prices,$'000,Quarter
2015-09-01,235,Median Price Attached Dwellings ;  Rest of Tas. ;,A83728598W,House Prices,$'000,Quarter
2015-12-01,235,Median Price Attached Dwellings ;  Rest of Tas. ;,A83728598W,House Prices,$'000,Quarter
2016-03-01,215,Median Price Attached Dwellings ;  Rest of Tas. ;,A83728598W,House Prices,$'000,Quarter
2016-06-01,220,Median Price Attached Dwellings ;  Rest of Tas. ;,A83728598W,House Prices,$'000,Quarter
2016-09-01,235,Median Price Attached Dwellings ;  Rest of Tas. ;,A83728598W,House Prices,$'000,Quarter
2016-12-01,240,Median Price Attached Dwellings ;  Rest of Tas. ;,A83728598W,House Prices,$'000,Quarter
2017-03-01,249,Median Price Attached Dwellings ;  Rest of Tas. ;,A83728598W,House Prices,$'000,Quarter
2017-06-01,250,Median Price Attached Dwellings ;  Rest of Tas. ;,A83728598W,House Prices,$'000,Quarter
2017-09-01,235,Median Price Attached Dwellings ;  Rest of Tas. ;,A83728598W,House Prices,$'000,Quarter
2017-12-01,250,Median Price Attached Dwellings ;  Rest of Tas. ;,A83728598W,House Prices,$'000,Quarter
2018-03-01,249,Median Price Attached Dwellings ;  Rest of Tas. ;,A83728598W,House Prices,$'000,Quarter
2018-06-01,255,Median Price Attached Dwellings ;  Rest of Tas. ;,A83728598W,House Prices,$'000,Quarter
2018-09-01,265,Median Price Attached Dwellings ;  Rest of Tas. ;,A83728598W,House Prices,$'000,Quarter
2018-12-01,259.5,Median Price Attached Dwellings ;  Rest of Tas. ;,A83728598W,House Prices,$'000,Quarter
2019-03-01,280,Median Price Attached Dwellings ;  Rest of Tas. ;,A83728598W,House Prices,$'000,Quarter
2019-06-01,267,Median Price Attached Dwellings ;  Rest of Tas. ;,A83728598W,House Prices,$'000,Quarter
2019-09-01,270,Median Price Attached Dwellings ;  Rest of Tas. ;,A83728598W,House Prices,$'000,Quarter
2019-12-01,295,Median Price Attached Dwellings ;  Rest of Tas. ;,A83728598W,House Prices,$'000,Quarter
2020-03-01,298,Median Price Attached Dwellings ;  Rest of Tas. ;,A83728598W,House Prices,$'000,Quarter
2020-06-01,293.5,Median Price Attached Dwellings ;  Rest of Tas. ;,A83728598W,House Prices,$'000,Quarter
2020-09-01,305,Median Price Attached Dwellings ;  Rest of Tas. ;,A83728598W,House Prices,$'000,Quarter
2020-12-01,321,Median Price Attached Dwellings ;  Rest of Tas. ;,A83728598W,House Prices,$'000,Quarter
2021-03-01,330,Median Price Attached Dwellings ;  Rest of Tas. ;,A83728598W,House Prices,$'000,Quarter
2021-06-01,360,Median Price Attached Dwellings ;  Rest of Tas. ;,A83728598W,House Prices,$'000,Quarter
2021-09-01,360,Median Price Attached Dwellings ;  Rest of Tas. ;,A83728598W,House Prices,$'000,Quarter
2021-12-01,410,Median Price Attached Dwellings ;  Rest of Tas. ;,A83728598W,House Prices,$'000,Quarter
2022-03-01,410,Median Price Attached Dwellings ;  Rest of Tas. ;,A83728598W,House Prices,$'000,Quarter
2022-06-01,420,Median Price Attached Dwellings ;  Rest of Tas. ;,A83728598W,House Prices,$'000,Quarter
2022-09-01,422.5,Median Price Attached Dwellings ;  Rest of Tas. ;,A83728598W,House Prices,$'000,Quarter
2022-12-01,415,Median Price Attached Dwellings ;  Rest of Tas. ;,A83728598W,House Prices,$'000,Quarter
2023-03-01,420,Median Price Attached Dwellings ;  Rest of Tas. ;,A83728598W,House Prices,$'000,Quarter
2023-06-01,460,Median Price Attached Dwellings ;  Rest of Tas. ;,A83728598W,House Prices,$'000,Quarter
2023-09-01,435,Median Price Attached Dwellings ;  Rest of Tas. ;,A83728598W,House Prices,$'000,Quarter
2023-12-01,435.5,Median Price Attached Dwellings ;  Rest of Tas. ;,A83728598W,House Prices,$'000,Quarter
2024-03-01,450,Median Price Attached Dwellings ;  Rest of Tas. ;,A83728598W,House Prices,$'000,Quarter
2024-06-01,445,Median Price Attached Dwellings ;  Rest of Tas. ;,A83728598W,House Prices,$'000,Quarter
2024-09-01,450,Median Price Attached Dwellings ;  Rest of Tas. ;,A83728598W,House Prices,$'000,Quarter
2024-12-01,465,Median Price Attached Dwellings ;  Rest of Tas. ;,A83728598W,House Prices,$'000,Quarter
2025-03-01,440,Median Price Attached Dwellings ;  Rest of Tas. ;,A83728598W,House Prices,$'000,Quarter
2025-06-01,450,Median Price Attached Dwellings ;  Rest of Tas. ;,A83728598W,House Prices,$'000,Quarter
2025-09-01,457,Median Price Attached Dwellings ;  Rest of Tas. ;,A83728598W,House Prices,$'000,Quarter
2025-12-01,498.8,Median Price Attached Dwellings ;  Rest of Tas. ;,A83728598W,House Prices,$'000,Quarter
2026-03-01,500,Median Price Attached Dwellings ;  Rest of Tas. ;,A83728598W,House Prices,$'000,Quarter
2026-06-01,500,Median Price Attached Dwellings ;  Rest of Tas. ;,A83728598W,House Prices,$'000,Quarter
2003-09-01,160,Median Price Attached Dwellings ;  Rest of Vic. ;,A83728582C,House Prices,$'000,Quarter
2003-12-01,170,Median Price Attached Dwellings ;  Rest of Vic. ;,A83728582C,House Prices,$'000,Quarter
2004-03-01,173,Median Price Attached Dwellings ;  Rest of Vic. ;,A83728582C,House Prices,$'000,Quarter
2004-06-01,172,Median Price Attached Dwellings ;  Rest of Vic. ;,A83728582C,House Prices,$'000,Quarter
2004-09-01,175,Median Price Attached Dwellings ;  Rest of Vic. ;,A83728582C,House Prices,$'000,Quarter
2004-12-01,180,Median Price Attached Dwellings ;  Rest of Vic. ;,A83728582C,House Prices,$'000,Quarter
2005-03-01,190,Median Price Attached Dwellings ;  Rest of Vic. ;,A83728582C,House Prices,$'000,Quarter
2005-06-01,190,Median Price Attached Dwellings ;  Rest of Vic. ;,A83728582C,House Prices,$'000,Quarter
2005-09-01,191.3,Median Price Attached Dwellings ;  Rest of Vic. ;,A83728582C,House Prices,$'000,Quarter
2005-12-01,195,Median Price Attached Dwellings ;  Rest of Vic. ;,A83728582C,House Prices,$'000,Quarter
2006-03-01,200,Median Price Attached Dwellings ;  Rest of Vic. ;,A83728582C,House Prices,$'000,Quarter
2006-06-01,197.8,Median Price Attached Dwellings ;  Rest of Vic. ;,A83728582C,House Prices,$'000,Quarter
2006-09-01,191,Median Price Attached Dwellings ;  Rest of Vic. ;,A83728582C,House Prices,$'000,Quarter
2006-12-01,192,Median Price Attached Dwellings ;  Rest of Vic. ;,A83728582C,House Prices,$'000,Quarter
2007-03-01,200,Median Price Attached Dwellings ;  Rest of Vic. ;,A83728582C,House Prices,$'000,Quarter
2007-06-01,201,Median Price Attached Dwellings ;  Rest of Vic. ;,A83728582C,House Prices,$'000,Quarter
2007-09-01,205,Median Price Attached Dwellings ;  Rest of Vic. ;,A83728582C,House Prices,$'000,Quarter
2007-12-01,210,Median Price Attached Dwellings ;  Rest of Vic. ;,A83728582C,House Prices,$'000,Quarter
2008-03-01,229,Median Price Attached Dwellings ;  Rest of Vic. ;,A83728582C,House Prices,$'000,Quarter
2008-06-01,210,Median Price Attached Dwellings ;  Rest of Vic. ;,A83728582C,House Prices,$'000,Quarter
2008-09-01,198,Median Price Attached Dwellings ;  Rest of Vic. ;,A83728582C,House Prices,$'000,Quarter
2008-12-01,195,Median Price Attached Dwellings ;  Rest of Vic. ;,A83728582C,House Prices,$'000,Quarter
2009-03-01,210,Median Price Attached Dwellings ;  Rest of Vic. ;,A83728582C,House Prices,$'000,Quarter
2009-06-01,217.8,Median Price Attached Dwellings ;  Rest of Vic. ;,A83728582C,House Prices,$'000,Quarter
2009-09-01,221,Median Price Attached Dwellings ;  Rest of Vic. ;,A83728582C,House Prices,$'000,Quarter
2009-12-01,232,Median Price Attached Dwellings ;  Rest of Vic. ;,A83728582C,House Prices,$'000,Quarter
2010-03-01,235,Median Price Attached Dwellings ;  Rest of Vic. ;,A83728582C,House Prices,$'000,Quarter
2010-06-01,229.8,Median Price Attached Dwellings ;  Rest of Vic. ;,A83728582C,House Prices,$'000,Quarter
2010-09-01,235,Median Price Attached Dwellings ;  Rest of Vic. ;,A83728582C,House Prices,$'000,Quarter
2010-12-01,255,Median Price Attached Dwellings ;  Rest of Vic. ;,A83728582C,House Prices,$'000,Quarter
2011-03-01,250,Median Price Attached Dwellings ;  Rest of Vic. ;,A83728582C,House Prices,$'000,Quarter
2011-06-01,248.3,Median Price Attached Dwellings ;  Rest of Vic. ;,A83728582C,House Prices,$'000,Quarter
2011-09-01,235,Median Price Attached Dwellings ;  Rest of Vic. ;,A83728582C,House Prices,$'000,Quarter
2011-12-01,245.3,Median Price Attached Dwellings ;  Rest of Vic. ;,A83728582C,House Prices,$'000,Quarter
2012-03-01,245,Median Price Attached Dwellings ;  Rest of Vic. ;,A83728582C,House Prices,$'000,Quarter
2012-06-01,245,Median Price Attached Dwellings ;  Rest of Vic. ;,A83728582C,House Prices,$'000,Quarter
2012-09-01,235,Median Price Attached Dwellings ;  Rest of Vic. ;,A83728582C,House Prices,$'000,Quarter
2012-12-01,240,Median Price Attached Dwellings ;  Rest of Vic. ;,A83728582C,House Prices,$'000,Quarter
2013-03-01,235,Median Price Attached Dwellings ;  Rest of Vic. ;,A83728582C,House Prices,$'000,Quarter
2013-06-01,245,Median Price Attached Dwellings ;  Rest of Vic. ;,A83728582C,House Prices,$'000,Quarter
2013-09-01,234.9,Median Price Attached Dwellings ;  Rest of Vic. ;,A83728582C,House Prices,$'000,Quarter
2013-12-01,245,Median Price Attached Dwellings ;  Rest of Vic. ;,A83728582C,House Prices,$'000,Quarter
2014-03-01,250,Median Price Attached Dwellings ;  Rest of Vic. ;,A83728582C,House Prices,$'000,Quarter
2014-06-01,245,Median Price Attached Dwellings ;  Rest of Vic. ;,A83728582C,House Prices,$'000,Quarter
2014-09-01,245,Median Price Attached Dwellings ;  Rest of Vic. ;,A83728582C,House Prices,$'000,Quarter
2014-12-01,250,Median Price Attached Dwellings ;  Rest of Vic. ;,A83728582C,House Prices,$'000,Quarter
2015-03-01,250,Median Price Attached Dwellings ;  Rest of Vic. ;,A83728582C,House Prices,$'000,Quarter
2015-06-01,255,Median Price Attached Dwellings ;  Rest of Vic. ;,A83728582C,House Prices,$'000,Quarter
2015-09-01,256,Median Price Attached Dwellings ;  Rest of Vic. ;,A83728582C,House Prices,$'000,Quarter
2015-12-01,265,Median Price Attached Dwellings ;  Rest of Vic. ;,A83728582C,House Prices,$'000,Quarter
2016-03-01,270,Median Price Attached Dwellings ;  Rest of Vic. ;,A83728582C,House Prices,$'000,Quarter
2016-06-01,260.8,Median Price Attached Dwellings ;  Rest of Vic. ;,A83728582C,House Prices,$'000,Quarter
2016-09-01,260,Median Price Attached Dwellings ;  Rest of Vic. ;,A83728582C,House Prices,$'000,Quarter
2016-12-01,276,Median Price Attached Dwellings ;  Rest of Vic. ;,A83728582C,House Prices,$'000,Quarter
2017-03-01,272.5,Median Price Attached Dwellings ;  Rest of Vic. ;,A83728582C,House Prices,$'000,Quarter
2017-06-01,262.8,Median Price Attached Dwellings ;  Rest of Vic. ;,A83728582C,House Prices,$'000,Quarter
2017-09-01,279,Median Price Attached Dwellings ;  Rest of Vic. ;,A83728582C,House Prices,$'000,Quarter
2017-12-01,280,Median Price Attached Dwellings ;  Rest of Vic. ;,A83728582C,House Prices,$'000,Quarter
2018-03-01,295,Median Price Attached Dwellings ;  Rest of Vic. ;,A83728582C,House Prices,$'000,Quarter
2018-06-01,305,Median Price Attached Dwellings ;  Rest of Vic. ;,A83728582C,House Prices,$'000,Quarter
2018-09-01,289.8,Median Price Attached Dwellings ;  Rest of Vic. ;,A83728582C,House Prices,$'000,Quarter
2018-12-01,295,Median Price Attached Dwellings ;  Rest of Vic. ;,A83728582C,House Prices,$'000,Quarter
2019-03-01,292.3,Median Price Attached Dwellings ;  Rest of Vic. ;,A83728582C,House Prices,$'000,Quarter
2019-06-01,290,Median Price Attached Dwellings ;  Rest of Vic. ;,A83728582C,House Prices,$'000,Quarter
2019-09-01,305,Median Price Attached Dwellings ;  Rest of Vic. ;,A83728582C,House Prices,$'000,Quarter
2019-12-01,340,Median Price Attached Dwellings ;  Rest of Vic. ;,A83728582C,House Prices,$'000,Quarter
2020-03-01,340,Median Price Attached Dwellings ;  Rest of Vic. ;,A83728582C,House Prices,$'000,Quarter
2020-06-01,371.7,Median Price Attached Dwellings ;  Rest of Vic. ;,A83728582C,House Prices,$'000,Quarter
2020-09-01,360,Median Price Attached Dwellings ;  Rest of Vic. ;,A83728582C,House Prices,$'000,Quarter
2020-12-01,351,Median Price Attached Dwellings ;  Rest of Vic. ;,A83728582C,House Prices,$'000,Quarter
2021-03-01,360,Median Price Attached Dwellings ;  Rest of Vic. ;,A83728582C,House Prices,$'000,Quarter
2021-06-01,360,Median Price Attached Dwellings ;  Rest of Vic. ;,A83728582C,House Prices,$'000,Quarter
2021-09-01,380,Median Price Attached Dwellings ;  Rest of Vic. ;,A83728582C,House Prices,$'000,Quarter
2021-12-01,425,Median Price Attached Dwellings ;  Rest of Vic. ;,A83728582C,House Prices,$'000,Quarter
2022-03-01,419.5,Median Price Attached Dwellings ;  Rest of Vic. ;,A83728582C,House Prices,$'000,Quarter
2022-06-01,425,Median Price Attached Dwellings ;  Rest of Vic. ;,A83728582C,House Prices,$'000,Quarter
2022-09-01,420,Median Price Attached Dwellings ;  Rest of Vic. ;,A83728582C,House Prices,$'000,Quarter
2022-12-01,415,Median Price Attached Dwellings ;  Rest of Vic. ;,A83728582C,House Prices,$'000,Quarter
2023-03-01,422.5,Median Price Attached Dwellings ;  Rest of Vic. ;,A83728582C,House Prices,$'000,Quarter
2023-06-01,440,Median Price Attached Dwellings ;  Rest of Vic. ;,A83728582C,House Prices,$'000,Quarter
2023-09-01,420,Median Price Attached Dwellings ;  Rest of Vic. ;,A83728582C,House Prices,$'000,Quarter
2023-12-01,510,Median Price Attached Dwellings ;  Rest of Vic. ;,A83728582C,House Prices,$'000,Quarter
2024-03-01,500.5,Median Price Attached Dwellings ;  Rest of Vic. ;,A83728582C,House Prices,$'000,Quarter
2024-06-01,440,Median Price Attached Dwellings ;  Rest of Vic. ;,A83728582C,House Prices,$'000,Quarter
2024-09-01,420,Median Price Attached Dwellings ;  Rest of Vic. ;,A83728582C,House Prices,$'000,Quarter
2024-12-01,419.5,Median Price Attached Dwellings ;  Rest of Vic. ;,A83728582C,House Prices,$'000,Quarter
2025-03-01,430,Median Price Attached Dwellings ;  Rest of Vic. ;,A83728582C,House Prices,$'000,Quarter
2025-06-01,436,Median Price Attached Dwellings ;  Rest of Vic. ;,A83728582C,House Prices,$'000,Quarter
2025-09-01,440,Median Price Attached Dwellings ;  Rest of Vic. ;,A83728582C,House Prices,$'000,Quarter
2025-12-01,465,Median Price Attached Dwellings ;  Rest of Vic. ;,A83728582C,House Prices,$'000,Quarter
2026-03-01,480,Median Price Attached Dwellings ;  Rest of Vic. ;,A83728582C,House Prices,$'000,Quarter
2026-06-01,467.8,Median Price Attached Dwellings ;  Rest of Vic. ;,A83728582C,House Prices,$'000,Quarter
2003-09-01,135.5,Median Price Attached Dwellings ;  Rest of WA ;,A83728594L,House Prices,$'000,Quarter
2003-12-01,138,Median Price Attached Dwellings ;  Rest of WA ;,A83728594L,House Prices,$'000,Quarter
2004-03-01,139,Median Price Attached Dwellings ;  Rest of WA ;,A83728594L,House Prices,$'000,Quarter
2004-06-01,148.5,Median Price Attached Dwellings ;  Rest of WA ;,A83728594L,House Prices,$'000,Quarter
2004-09-01,156,Median Price Attached Dwellings ;  Rest of WA ;,A83728594L,House Prices,$'000,Quarter
2004-12-01,165,Median Price Attached Dwellings ;  Rest of WA ;,A83728594L,House Prices,$'000,Quarter
2005-03-01,183,Median Price Attached Dwellings ;  Rest of WA ;,A83728594L,House Prices,$'000,Quarter
2005-06-01,175,Median Price Attached Dwellings ;  Rest of WA ;,A83728594L,House Prices,$'000,Quarter
2005-09-01,190,Median Price Attached Dwellings ;  Rest of WA ;,A83728594L,House Prices,$'000,Quarter
2005-12-01,220,Median Price Attached Dwellings ;  Rest of WA ;,A83728594L,House Prices,$'000,Quarter
2006-03-01,235,Median Price Attached Dwellings ;  Rest of WA ;,A83728594L,House Prices,$'000,Quarter
2006-06-01,230,Median Price Attached Dwellings ;  Rest of WA ;,A83728594L,House Prices,$'000,Quarter
2006-09-01,260,Median Price Attached Dwellings ;  Rest of WA ;,A83728594L,House Prices,$'000,Quarter
2006-12-01,297,Median Price Attached Dwellings ;  Rest of WA ;,A83728594L,House Prices,$'000,Quarter
2007-03-01,285,Median Price Attached Dwellings ;  Rest of WA ;,A83728594L,House Prices,$'000,Quarter
2007-06-01,299,Median Price Attached Dwellings ;  Rest of WA ;,A83728594L,House Prices,$'000,Quarter
2007-09-01,307.3,Median Price Attached Dwellings ;  Rest of WA ;,A83728594L,House Prices,$'000,Quarter
2007-12-01,319.5,Median Price Attached Dwellings ;  Rest of WA ;,A83728594L,House Prices,$'000,Quarter
2008-03-01,320,Median Price Attached Dwellings ;  Rest of WA ;,A83728594L,House Prices,$'000,Quarter
2008-06-01,313,Median Price Attached Dwellings ;  Rest of WA ;,A83728594L,House Prices,$'000,Quarter
2008-09-01,300,Median Price Attached Dwellings ;  Rest of WA ;,A83728594L,House Prices,$'000,Quarter
2008-12-01,300,Median Price Attached Dwellings ;  Rest of WA ;,A83728594L,House Prices,$'000,Quarter
2009-03-01,315,Median Price Attached Dwellings ;  Rest of WA ;,A83728594L,House Prices,$'000,Quarter
2009-06-01,325,Median Price Attached Dwellings ;  Rest of WA ;,A83728594L,House Prices,$'000,Quarter
2009-09-01,331,Median Price Attached Dwellings ;  Rest of WA ;,A83728594L,House Prices,$'000,Quarter
2009-12-01,339,Median Price Attached Dwellings ;  Rest of WA ;,A83728594L,House Prices,$'000,Quarter
2010-03-01,347.5,Median Price Attached Dwellings ;  Rest of WA ;,A83728594L,House Prices,$'000,Quarter
2010-06-01,348.5,Median Price Attached Dwellings ;  Rest of WA ;,A83728594L,House Prices,$'000,Quarter
2010-09-01,329,Median Price Attached Dwellings ;  Rest of WA ;,A83728594L,House Prices,$'000,Quarter
2010-12-01,335,Median Price Attached Dwellings ;  Rest of WA ;,A83728594L,House Prices,$'000,Quarter
2011-03-01,310,Median Price Attached Dwellings ;  Rest of WA ;,A83728594L,House Prices,$'000,Quarter
2011-06-01,335,Median Price Attached Dwellings ;  Rest of WA ;,A83728594L,House Prices,$'000,Quarter
2011-09-01,315,Median Price Attached Dwellings ;  Rest of WA ;,A83728594L,House Prices,$'000,Quarter
2011-12-01,328.3,Median Price Attached Dwellings ;  Rest of WA ;,A83728594L,House Prices,$'000,Quarter
2012-03-01,325,Median Price Attached Dwellings ;  Rest of WA ;,A83728594L,House Prices,$'000,Quarter
2012-06-01,326.8,Median Price Attached Dwellings ;  Rest of WA ;,A83728594L,House Prices,$'000,Quarter
2012-09-01,322.5,Median Price Attached Dwellings ;  Rest of WA ;,A83728594L,House Prices,$'000,Quarter
2012-12-01,310,Median Price Attached Dwellings ;  Rest of WA ;,A83728594L,House Prices,$'000,Quarter
2013-03-01,315,Median Price Attached Dwellings ;  Rest of WA ;,A83728594L,House Prices,$'000,Quarter
2013-06-01,310,Median Price Attached Dwellings ;  Rest of WA ;,A83728594L,House Prices,$'000,Quarter
2013-09-01,314.5,Median Price Attached Dwellings ;  Rest of WA ;,A83728594L,House Prices,$'000,Quarter
2013-12-01,320,Median Price Attached Dwellings ;  Rest of WA ;,A83728594L,House Prices,$'000,Quarter
2014-03-01,325,Median Price Attached Dwellings ;  Rest of WA ;,A83728594L,House Prices,$'000,Quarter
2014-06-01,322,Median Price Attached Dwellings ;  Rest of WA ;,A83728594L,House Prices,$'000,Quarter
2014-09-01,325,Median Price Attached Dwellings ;  Rest of WA ;,A83728594L,House Prices,$'000,Quarter
2014-12-01,320,Median Price Attached Dwellings ;  Rest of WA ;,A83728594L,House Prices,$'000,Quarter
2015-03-01,325,Median Price Attached Dwellings ;  Rest of WA ;,A83728594L,House Prices,$'000,Quarter
2015-06-01,315,Median Price Attached Dwellings ;  Rest of WA ;,A83728594L,House Prices,$'000,Quarter
2015-09-01,330,Median Price Attached Dwellings ;  Rest of WA ;,A83728594L,House Prices,$'000,Quarter
2015-12-01,295,Median Price Attached Dwellings ;  Rest of WA ;,A83728594L,House Prices,$'000,Quarter
2016-03-01,327.5,Median Price Attached Dwellings ;  Rest of WA ;,A83728594L,House Prices,$'000,Quarter
2016-06-01,300,Median Price Attached Dwellings ;  Rest of WA ;,A83728594L,House Prices,$'000,Quarter
2016-09-01,270,Median Price Attached Dwellings ;  Rest of WA ;,A83728594L,House Prices,$'000,Quarter
2016-12-01,288,Median Price Attached Dwellings ;  Rest of WA ;,A83728594L,House Prices,$'000,Quarter
2017-03-01,311.5,Median Price Attached Dwellings ;  Rest of WA ;,A83728594L,House Prices,$'000,Quarter
2017-06-01,270,Median Price Attached Dwellings ;  Rest of WA ;,A83728594L,House Prices,$'000,Quarter
2017-09-01,268,Median Price Attached Dwellings ;  Rest of WA ;,A83728594L,House Prices,$'000,Quarter
2017-12-01,255,Median Price Attached Dwellings ;  Rest of WA ;,A83728594L,House Prices,$'000,Quarter
2018-03-01,255,Median Price Attached Dwellings ;  Rest of WA ;,A83728594L,House Prices,$'000,Quarter
2018-06-01,233.1,Median Price Attached Dwellings ;  Rest of WA ;,A83728594L,House Prices,$'000,Quarter
2018-09-01,240,Median Price Attached Dwellings ;  Rest of WA ;,A83728594L,House Prices,$'000,Quarter
2018-12-01,265,Median Price Attached Dwellings ;  Rest of WA ;,A83728594L,House Prices,$'000,Quarter
2019-03-01,256.5,Median Price Attached Dwellings ;  Rest of WA ;,A83728594L,House Prices,$'000,Quarter
2019-06-01,230,Median Price Attached Dwellings ;  Rest of WA ;,A83728594L,House Prices,$'000,Quarter
2019-09-01,240,Median Price Attached Dwellings ;  Rest of WA ;,A83728594L,House Prices,$'000,Quarter
2019-12-01,246.5,Median Price Attached Dwellings ;  Rest of WA ;,A83728594L,House Prices,$'000,Quarter
2020-03-01,233.3,Median Price Attached Dwellings ;  Rest of WA ;,A83728594L,House Prices,$'000,Quarter
2020-06-01,210,Median Price Attached Dwellings ;  Rest of WA ;,A83728594L,House Prices,$'000,Quarter
2020-09-01,247,Median Price Attached Dwellings ;  Rest of WA ;,A83728594L,House Prices,$'000,Quarter
2020-12-01,270,Median Price Attached Dwellings ;  Rest of WA ;,A83728594L,House Prices,$'000,Quarter
2021-03-01,265,Median Price Attached Dwellings ;  Rest of WA ;,A83728594L,House Prices,$'000,Quarter
2021-06-01,297,Median Price Attached Dwellings ;  Rest of WA ;,A83728594L,House Prices,$'000,Quarter
2021-09-01,299.5,Median Price Attached Dwellings ;  Rest of WA ;,A83728594L,House Prices,$'000,Quarter
2021-12-01,295,Median Price Attached Dwellings ;  Rest of WA ;,A83728594L,House Prices,$'000,Quarter
2022-03-01,320,Median Price Attached Dwellings ;  Rest of WA ;,A83728594L,House Prices,$'000,Quarter
2022-06-01,324.5,Median Price Attached Dwellings ;  Rest of WA ;,A83728594L,House Prices,$'000,Quarter
2022-09-01,300,Median Price Attached Dwellings ;  Rest of WA ;,A83728594L,House Prices,$'000,Quarter
2022-12-01,313.5,Median Price Attached Dwellings ;  Rest of WA ;,A83728594L,House Prices,$'000,Quarter
2023-03-01,320,Median Price Attached Dwellings ;  Rest of WA ;,A83728594L,House Prices,$'000,Quarter
2023-06-01,323,Median Price Attached Dwellings ;  Rest of WA ;,A83728594L,House Prices,$'000,Quarter
2023-09-01,320,Median Price Attached Dwellings ;  Rest of WA ;,A83728594L,House Prices,$'000,Quarter
2023-12-01,339,Median Price Attached Dwellings ;  Rest of WA ;,A83728594L,House Prices,$'000,Quarter
2024-03-01,365,Median Price Attached Dwellings ;  Rest of WA ;,A83728594L,House Prices,$'000,Quarter
2024-06-01,380,Median Price Attached Dwellings ;  Rest of WA ;,A83728594L,House Prices,$'000,Quarter
2024-09-01,380,Median Price Attached Dwellings ;  Rest of WA ;,A83728594L,House Prices,$'000,Quarter
2024-12-01,400,Median Price Attached Dwellings ;  Rest of WA ;,A83728594L,House Prices,$'000,Quarter
2025-03-01,420,Median Price Attached Dwellings ;  Rest of WA ;,A83728594L,House Prices,$'000,Quarter
2025-06-01,410,Median Price Attached Dwellings ;  Rest of WA ;,A83728594L,House Prices,$'000,Quarter
2025-09-01,435,Median Price Attached Dwellings ;  Rest of WA ;,A83728594L,House Prices,$'000,Quarter
2025-12-01,450,Median Price Attached Dwellings ;  Rest of WA ;,A83728594L,House Prices,$'000,Quarter
2026-03-01,500,Median Price Attached Dwellings ;  Rest of WA ;,A83728594L,House Prices,$'000,Quarter
2026-06-01,520,Median Price Attached Dwellings ;  Rest of WA ;,A83728594L,House Prices,$'000,Quarter
2003-09-01,371,Median Price Attached Dwellings ;  Sydney ;,A83728546V,House Prices,$'000,Quarter
2003-12-01,387,Median Price Attached Dwellings ;  Sydney ;,A83728546V,House Prices,$'000,Quarter
2004-03-01,380,Median Price Attached Dwellings ;  Sydney ;,A83728546V,House Prices,$'000,Quarter
2004-06-01,380,Median Price Attached Dwellings ;  Sydney ;,A83728546V,House Prices,$'000,Quarter
2004-09-01,380,Median Price Attached Dwellings ;  Sydney ;,A83728546V,House Prices,$'000,Quarter
2004-12-01,390,Median Price Attached Dwellings ;  Sydney ;,A83728546V,House Prices,$'000,Quarter
2005-03-01,385,Median Price Attached Dwellings ;  Sydney ;,A83728546V,House Prices,$'000,Quarter
2005-06-01,387,Median Price Attached Dwellings ;  Sydney ;,A83728546V,House Prices,$'000,Quarter
2005-09-01,380,Median Price Attached Dwellings ;  Sydney ;,A83728546V,House Prices,$'000,Quarter
2005-12-01,383,Median Price Attached Dwellings ;  Sydney ;,A83728546V,House Prices,$'000,Quarter
2006-03-01,375,Median Price Attached Dwellings ;  Sydney ;,A83728546V,House Prices,$'000,Quarter
2006-06-01,390,Median Price Attached Dwellings ;  Sydney ;,A83728546V,House Prices,$'000,Quarter
2006-09-01,380,Median Price Attached Dwellings ;  Sydney ;,A83728546V,House Prices,$'000,Quarter
2006-12-01,393.1,Median Price Attached Dwellings ;  Sydney ;,A83728546V,House Prices,$'000,Quarter
2007-03-01,380,Median Price Attached Dwellings ;  Sydney ;,A83728546V,House Prices,$'000,Quarter
2007-06-01,395,Median Price Attached Dwellings ;  Sydney ;,A83728546V,House Prices,$'000,Quarter
2007-09-01,400,Median Price Attached Dwellings ;  Sydney ;,A83728546V,House Prices,$'000,Quarter
2007-12-01,410,Median Price Attached Dwellings ;  Sydney ;,A83728546V,House Prices,$'000,Quarter
2008-03-01,397.5,Median Price Attached Dwellings ;  Sydney ;,A83728546V,House Prices,$'000,Quarter
2008-06-01,395,Median Price Attached Dwellings ;  Sydney ;,A83728546V,House Prices,$'000,Quarter
2008-09-01,385,Median Price Attached Dwellings ;  Sydney ;,A83728546V,House Prices,$'000,Quarter
2008-12-01,373,Median Price Attached Dwellings ;  Sydney ;,A83728546V,House Prices,$'000,Quarter
2009-03-01,380,Median Price Attached Dwellings ;  Sydney ;,A83728546V,House Prices,$'000,Quarter
2009-06-01,398,Median Price Attached Dwellings ;  Sydney ;,A83728546V,House Prices,$'000,Quarter
2009-09-01,423,Median Price Attached Dwellings ;  Sydney ;,A83728546V,House Prices,$'000,Quarter
2009-12-01,450,Median Price Attached Dwellings ;  Sydney ;,A83728546V,House Prices,$'000,Quarter
2010-03-01,450,Median Price Attached Dwellings ;  Sydney ;,A83728546V,House Prices,$'000,Quarter
2010-06-01,480,Median Price Attached Dwellings ;  Sydney ;,A83728546V,House Prices,$'000,Quarter
2010-09-01,477,Median Price Attached Dwellings ;  Sydney ;,A83728546V,House Prices,$'000,Quarter
2010-12-01,487.6,Median Price Attached Dwellings ;  Sydney ;,A83728546V,House Prices,$'000,Quarter
2011-03-01,479,Median Price Attached Dwellings ;  Sydney ;,A83728546V,House Prices,$'000,Quarter
2011-06-01,485,Median Price Attached Dwellings ;  Sydney ;,A83728546V,House Prices,$'000,Quarter
2011-09-01,480,Median Price Attached Dwellings ;  Sydney ;,A83728546V,House Prices,$'000,Quarter
2011-12-01,460,Median Price Attached Dwellings ;  Sydney ;,A83728546V,House Prices,$'000,Quarter
2012-03-01,500,Median Price Attached Dwellings ;  Sydney ;,A83728546V,House Prices,$'000,Quarter
2012-06-01,510,Median Price Attached Dwellings ;  Sydney ;,A83728546V,House Prices,$'000,Quarter
2012-09-01,487,Median Price Attached Dwellings ;  Sydney ;,A83728546V,House Prices,$'000,Quarter
2012-12-01,525,Median Price Attached Dwellings ;  Sydney ;,A83728546V,House Prices,$'000,Quarter
2013-03-01,520,Median Price Attached Dwellings ;  Sydney ;,A83728546V,House Prices,$'000,Quarter
2013-06-01,530,Median Price Attached Dwellings ;  Sydney ;,A83728546V,House Prices,$'000,Quarter
2013-09-01,550,Median Price Attached Dwellings ;  Sydney ;,A83728546V,House Prices,$'000,Quarter
2013-12-01,565,Median Price Attached Dwellings ;  Sydney ;,A83728546V,House Prices,$'000,Quarter
2014-03-01,591.5,Median Price Attached Dwellings ;  Sydney ;,A83728546V,House Prices,$'000,Quarter
2014-06-01,610,Median Price Attached Dwellings ;  Sydney ;,A83728546V,House Prices,$'000,Quarter
2014-09-01,620,Median Price Attached Dwellings ;  Sydney ;,A83728546V,House Prices,$'000,Quarter
2014-12-01,650,Median Price Attached Dwellings ;  Sydney ;,A83728546V,House Prices,$'000,Quarter
2015-03-01,657,Median Price Attached Dwellings ;  Sydney ;,A83728546V,House Prices,$'000,Quarter
2015-06-01,705,Median Price Attached Dwellings ;  Sydney ;,A83728546V,House Prices,$'000,Quarter
2015-09-01,710,Median Price Attached Dwellings ;  Sydney ;,A83728546V,House Prices,$'000,Quarter
2015-12-01,723,Median Price Attached Dwellings ;  Sydney ;,A83728546V,House Prices,$'000,Quarter
2016-03-01,706.5,Median Price Attached Dwellings ;  Sydney ;,A83728546V,House Prices,$'000,Quarter
2016-06-01,720,Median Price Attached Dwellings ;  Sydney ;,A83728546V,House Prices,$'000,Quarter
2016-09-01,710,Median Price Attached Dwellings ;  Sydney ;,A83728546V,House Prices,$'000,Quarter
2016-12-01,735,Median Price Attached Dwellings ;  Sydney ;,A83728546V,House Prices,$'000,Quarter
2017-03-01,730,Median Price Attached Dwellings ;  Sydney ;,A83728546V,House Prices,$'000,Quarter
2017-06-01,770,Median Price Attached Dwellings ;  Sydney ;,A83728546V,House Prices,$'000,Quarter
2017-09-01,720,Median Price Attached Dwellings ;  Sydney ;,A83728546V,House Prices,$'000,Quarter
2017-12-01,741,Median Price Attached Dwellings ;  Sydney ;,A83728546V,House Prices,$'000,Quarter
2018-03-01,742,Median Price Attached Dwellings ;  Sydney ;,A83728546V,House Prices,$'000,Quarter
2018-06-01,730,Median Price Attached Dwellings ;  Sydney ;,A83728546V,House Prices,$'000,Quarter
2018-09-01,730,Median Price Attached Dwellings ;  Sydney ;,A83728546V,House Prices,$'000,Quarter
2018-12-01,725,Median Price Attached Dwellings ;  Sydney ;,A83728546V,House Prices,$'000,Quarter
2019-03-01,695,Median Price Attached Dwellings ;  Sydney ;,A83728546V,House Prices,$'000,Quarter
2019-06-01,700,Median Price Attached Dwellings ;  Sydney ;,A83728546V,House Prices,$'000,Quarter
2019-09-01,710,Median Price Attached Dwellings ;  Sydney ;,A83728546V,House Prices,$'000,Quarter
2019-12-01,736,Median Price Attached Dwellings ;  Sydney ;,A83728546V,House Prices,$'000,Quarter
2020-03-01,730,Median Price Attached Dwellings ;  Sydney ;,A83728546V,House Prices,$'000,Quarter
2020-06-01,730,Median Price Attached Dwellings ;  Sydney ;,A83728546V,House Prices,$'000,Quarter
2020-09-01,730,Median Price Attached Dwellings ;  Sydney ;,A83728546V,House Prices,$'000,Quarter
2020-12-01,743,Median Price Attached Dwellings ;  Sydney ;,A83728546V,House Prices,$'000,Quarter
2021-03-01,750,Median Price Attached Dwellings ;  Sydney ;,A83728546V,House Prices,$'000,Quarter
2021-06-01,785,Median Price Attached Dwellings ;  Sydney ;,A83728546V,House Prices,$'000,Quarter
2021-09-01,800,Median Price Attached Dwellings ;  Sydney ;,A83728546V,House Prices,$'000,Quarter
2021-12-01,806,Median Price Attached Dwellings ;  Sydney ;,A83728546V,House Prices,$'000,Quarter
2022-03-01,780,Median Price Attached Dwellings ;  Sydney ;,A83728546V,House Prices,$'000,Quarter
2022-06-01,775,Median Price Attached Dwellings ;  Sydney ;,A83728546V,House Prices,$'000,Quarter
2022-09-01,750,Median Price Attached Dwellings ;  Sydney ;,A83728546V,House Prices,$'000,Quarter
2022-12-01,765,Median Price Attached Dwellings ;  Sydney ;,A83728546V,House Prices,$'000,Quarter
2023-03-01,765,Median Price Attached Dwellings ;  Sydney ;,A83728546V,House Prices,$'000,Quarter
2023-06-01,800,Median Price Attached Dwellings ;  Sydney ;,A83728546V,House Prices,$'000,Quarter
2023-09-01,795,Median Price Attached Dwellings ;  Sydney ;,A83728546V,House Prices,$'000,Quarter
2023-12-01,800,Median Price Attached Dwellings ;  Sydney ;,A83728546V,House Prices,$'000,Quarter
2024-03-01,790,Median Price Attached Dwellings ;  Sydney ;,A83728546V,House Prices,$'000,Quarter
2024-06-01,805,Median Price Attached Dwellings ;  Sydney ;,A83728546V,House Prices,$'000,Quarter
2024-09-01,815,Median Price Attached Dwellings ;  Sydney ;,A83728546V,House Prices,$'000,Quarter
2024-12-01,820,Median Price Attached Dwellings ;  Sydney ;,A83728546V,House Prices,$'000,Quarter
2025-03-01,820,Median Price Attached Dwellings ;  Sydney ;,A83728546V,House Prices,$'000,Quarter
2025-06-01,830,Median Price Attached Dwellings ;  Sydney ;,A83728546V,House Prices,$'000,Quarter
2025-09-01,845,Median Price Attached Dwellings ;  Sydney ;,A83728546V,House Prices,$'000,Quarter
2025-12-01,864.9,Median Price Attached Dwellings ;  Sydney ;,A83728546V,House Prices,$'000,Quarter
2026-03-01,855.5,Median Price Attached Dwellings ;  Sydney ;,A83728546V,House Prices,$'000,Quarter
2026-06-01,840,Median Price Attached Dwellings ;  Sydney ;,A83728546V,House Prices,$'000,Quarter
2002-03-01,166,Median Price Established Houses ;  Adelaide ;,A83728557A,House Prices,$'000,Quarter
2002-06-01,175,Median Price Established Houses ;  Adelaide ;,A83728557A,House Prices,$'000,Quarter
2002-09-01,181,Median Price Established Houses ;  Adelaide ;,A83728557A,House Prices,$'000,Quarter
2002-12-01,195,Median Price Established Houses ;  Adelaide ;,A83728557A,House Prices,$'000,Quarter
2003-03-01,209.4,Median Price Established Houses ;  Adelaide ;,A83728557A,House Prices,$'000,Quarter
2003-06-01,220.5,Median Price Established Houses ;  Adelaide ;,A83728557A,House Prices,$'000,Quarter
2003-09-01,235,Median Price Established Houses ;  Adelaide ;,A83728557A,House Prices,$'000,Quarter
2003-12-01,247.5,Median Price Established Houses ;  Adelaide ;,A83728557A,House Prices,$'000,Quarter
2004-03-01,250,Median Price Established Houses ;  Adelaide ;,A83728557A,House Prices,$'000,Quarter
2004-06-01,257.5,Median Price Established Houses ;  Adelaide ;,A83728557A,House Prices,$'000,Quarter
2004-09-01,261,Median Price Established Houses ;  Adelaide ;,A83728557A,House Prices,$'000,Quarter
2004-12-01,270,Median Price Established Houses ;  Adelaide ;,A83728557A,House Prices,$'000,Quarter
2005-03-01,270,Median Price Established Houses ;  Adelaide ;,A83728557A,House Prices,$'000,Quarter
2005-06-01,271,Median Price Established Houses ;  Adelaide ;,A83728557A,House Prices,$'000,Quarter
2005-09-01,275,Median Price Established Houses ;  Adelaide ;,A83728557A,House Prices,$'000,Quarter
2005-12-01,280,Median Price Established Houses ;  Adelaide ;,A83728557A,House Prices,$'000,Quarter
2006-03-01,280,Median Price Established Houses ;  Adelaide ;,A83728557A,House Prices,$'000,Quarter
2006-06-01,286,Median Price Established Houses ;  Adelaide ;,A83728557A,House Prices,$'000,Quarter
2006-09-01,290,Median Price Established Houses ;  Adelaide ;,A83728557A,House Prices,$'000,Quarter
2006-12-01,300,Median Price Established Houses ;  Adelaide ;,A83728557A,House Prices,$'000,Quarter
2007-03-01,305,Median Price Established Houses ;  Adelaide ;,A83728557A,House Prices,$'000,Quarter
2007-06-01,315,Median Price Established Houses ;  Adelaide ;,A83728557A,House Prices,$'000,Quarter
2007-09-01,335,Median Price Established Houses ;  Adelaide ;,A83728557A,House Prices,$'000,Quarter
2007-12-01,358,Median Price Established Houses ;  Adelaide ;,A83728557A,House Prices,$'000,Quarter
2008-03-01,360,Median Price Established Houses ;  Adelaide ;,A83728557A,House Prices,$'000,Quarter
2008-06-01,365,Median Price Established Houses ;  Adelaide ;,A83728557A,House Prices,$'000,Quarter
2008-09-01,360,Median Price Established Houses ;  Adelaide ;,A83728557A,House Prices,$'000,Quarter
2008-12-01,355,Median Price Established Houses ;  Adelaide ;,A83728557A,House Prices,$'000,Quarter
2009-03-01,353.5,Median Price Established Houses ;  Adelaide ;,A83728557A,House Prices,$'000,Quarter
2009-06-01,363,Median Price Established Houses ;  Adelaide ;,A83728557A,House Prices,$'000,Quarter
2009-09-01,370,Median Price Established Houses ;  Adelaide ;,A83728557A,House Prices,$'000,Quarter
2009-12-01,398.8,Median Price Established Houses ;  Adelaide ;,A83728557A,House Prices,$'000,Quarter
2010-03-01,402,Median Price Established Houses ;  Adelaide ;,A83728557A,House Prices,$'000,Quarter
2010-06-01,410,Median Price Established Houses ;  Adelaide ;,A83728557A,House Prices,$'000,Quarter
2010-09-01,400,Median Price Established Houses ;  Adelaide ;,A83728557A,House Prices,$'000,Quarter
2010-12-01,410,Median Price Established Houses ;  Adelaide ;,A83728557A,House Prices,$'000,Quarter
2011-03-01,400,Median Price Established Houses ;  Adelaide ;,A83728557A,House Prices,$'000,Quarter
2011-06-01,395,Median Price Established Houses ;  Adelaide ;,A83728557A,House Prices,$'000,Quarter
2011-09-01,390,Median Price Established Houses ;  Adelaide ;,A83728557A,House Prices,$'000,Quarter
2011-12-01,385,Median Price Established Houses ;  Adelaide ;,A83728557A,House Prices,$'000,Quarter
2012-03-01,382,Median Price Established Houses ;  Adelaide ;,A83728557A,House Prices,$'000,Quarter
2012-06-01,385,Median Price Established Houses ;  Adelaide ;,A83728557A,House Prices,$'000,Quarter
2012-09-01,386,Median Price Established Houses ;  Adelaide ;,A83728557A,House Prices,$'000,Quarter
2012-12-01,395,Median Price Established Houses ;  Adelaide ;,A83728557A,House Prices,$'000,Quarter
2013-03-01,395,Median Price Established Houses ;  Adelaide ;,A83728557A,House Prices,$'000,Quarter
2013-06-01,395,Median Price Established Houses ;  Adelaide ;,A83728557A,House Prices,$'000,Quarter
2013-09-01,395,Median Price Established Houses ;  Adelaide ;,A83728557A,House Prices,$'000,Quarter
2013-12-01,412,Median Price Established Houses ;  Adelaide ;,A83728557A,House Prices,$'000,Quarter
2014-03-01,407,Median Price Established Houses ;  Adelaide ;,A83728557A,House Prices,$'000,Quarter
2014-06-01,405,Median Price Established Houses ;  Adelaide ;,A83728557A,House Prices,$'000,Quarter
2014-09-01,410,Median Price Established Houses ;  Adelaide ;,A83728557A,House Prices,$'000,Quarter
2014-12-01,425,Median Price Established Houses ;  Adelaide ;,A83728557A,House Prices,$'000,Quarter
2015-03-01,415.5,Median Price Established Houses ;  Adelaide ;,A83728557A,House Prices,$'000,Quarter
2015-06-01,420,Median Price Established Houses ;  Adelaide ;,A83728557A,House Prices,$'000,Quarter
2015-09-01,427.5,Median Price Established Houses ;  Adelaide ;,A83728557A,House Prices,$'000,Quarter
2015-12-01,436,Median Price Established Houses ;  Adelaide ;,A83728557A,House Prices,$'000,Quarter
2016-03-01,436,Median Price Established Houses ;  Adelaide ;,A83728557A,House Prices,$'000,Quarter
2016-06-01,440,Median Price Established Houses ;  Adelaide ;,A83728557A,House Prices,$'000,Quarter
2016-09-01,445,Median Price Established Houses ;  Adelaide ;,A83728557A,House Prices,$'000,Quarter
2016-12-01,447,Median Price Established Houses ;  Adelaide ;,A83728557A,House Prices,$'000,Quarter
2017-03-01,451.3,Median Price Established Houses ;  Adelaide ;,A83728557A,House Prices,$'000,Quarter
2017-06-01,450,Median Price Established Houses ;  Adelaide ;,A83728557A,House Prices,$'000,Quarter
2017-09-01,451,Median Price Established Houses ;  Adelaide ;,A83728557A,House Prices,$'000,Quarter
2017-12-01,470,Median Price Established Houses ;  Adelaide ;,A83728557A,House Prices,$'000,Quarter
2018-03-01,465,Median Price Established Houses ;  Adelaide ;,A83728557A,House Prices,$'000,Quarter
2018-06-01,468,Median Price Established Houses ;  Adelaide ;,A83728557A,House Prices,$'000,Quarter
2018-09-01,466.3,Median Price Established Houses ;  Adelaide ;,A83728557A,House Prices,$'000,Quarter
2018-12-01,480,Median Price Established Houses ;  Adelaide ;,A83728557A,House Prices,$'000,Quarter
2019-03-01,475,Median Price Established Houses ;  Adelaide ;,A83728557A,House Prices,$'000,Quarter
2019-06-01,478.5,Median Price Established Houses ;  Adelaide ;,A83728557A,House Prices,$'000,Quarter
2019-09-01,474,Median Price Established Houses ;  Adelaide ;,A83728557A,House Prices,$'000,Quarter
2019-12-01,485,Median Price Established Houses ;  Adelaide ;,A83728557A,House Prices,$'000,Quarter
2020-03-01,472,Median Price Established Houses ;  Adelaide ;,A83728557A,House Prices,$'000,Quarter
2020-06-01,487.5,Median Price Established Houses ;  Adelaide ;,A83728557A,House Prices,$'000,Quarter
2020-09-01,500,Median Price Established Houses ;  Adelaide ;,A83728557A,House Prices,$'000,Quarter
2020-12-01,512.5,Median Price Established Houses ;  Adelaide ;,A83728557A,House Prices,$'000,Quarter
2021-03-01,523,Median Price Established Houses ;  Adelaide ;,A83728557A,House Prices,$'000,Quarter
2021-06-01,550,Median Price Established Houses ;  Adelaide ;,A83728557A,House Prices,$'000,Quarter
2021-09-01,580,Median Price Established Houses ;  Adelaide ;,A83728557A,House Prices,$'000,Quarter
2021-12-01,630,Median Price Established Houses ;  Adelaide ;,A83728557A,House Prices,$'000,Quarter
2022-03-01,650,Median Price Established Houses ;  Adelaide ;,A83728557A,House Prices,$'000,Quarter
2022-06-01,663,Median Price Established Houses ;  Adelaide ;,A83728557A,House Prices,$'000,Quarter
2022-09-01,654,Median Price Established Houses ;  Adelaide ;,A83728557A,House Prices,$'000,Quarter
2022-12-01,675,Median Price Established Houses ;  Adelaide ;,A83728557A,House Prices,$'000,Quarter
2023-03-01,680,Median Price Established Houses ;  Adelaide ;,A83728557A,House Prices,$'000,Quarter
2023-06-01,702,Median Price Established Houses ;  Adelaide ;,A83728557A,House Prices,$'000,Quarter
2023-09-01,715,Median Price Established Houses ;  Adelaide ;,A83728557A,House Prices,$'000,Quarter
2023-12-01,750,Median Price Established Houses ;  Adelaide ;,A83728557A,House Prices,$'000,Quarter
2024-03-01,765,Median Price Established Houses ;  Adelaide ;,A83728557A,House Prices,$'000,Quarter
2024-06-01,785,Median Price Established Houses ;  Adelaide ;,A83728557A,House Prices,$'000,Quarter
2024-09-01,817.5,Median Price Established Houses ;  Adelaide ;,A83728557A,House Prices,$'000,Quarter
2024-12-01,850,Median Price Established Houses ;  Adelaide ;,A83728557A,House Prices,$'000,Quarter
2025-03-01,852,Median Price Established Houses ;  Adelaide ;,A83728557A,House Prices,$'000,Quarter
2025-06-01,861,Median Price Established Houses ;  Adelaide ;,A83728557A,House Prices,$'000,Quarter
2025-09-01,899,Median Price Established Houses ;  Adelaide ;,A83728557A,House Prices,$'000,Quarter
2025-12-01,955.2,Median Price Established Houses ;  Adelaide ;,A83728557A,House Prices,$'000,Quarter
2026-03-01,985,Median Price Established Houses ;  Adelaide ;,A83728557A,House Prices,$'000,Quarter
2026-06-01,975,Median Price Established Houses ;  Adelaide ;,A83728557A,House Prices,$'000,Quarter
2002-03-01,185,Median Price Established Houses ;  Brisbane ;,A83728553T,House Prices,$'000,Quarter
2002-06-01,182.6,Median Price Established Houses ;  Brisbane ;,A83728553T,House Prices,$'000,Quarter
2002-09-01,198,Median Price Established Houses ;  Brisbane ;,A83728553T,House Prices,$'000,Quarter
2002-12-01,208,Median Price Established Houses ;  Brisbane ;,A83728553T,House Prices,$'000,Quarter
2003-03-01,225,Median Price Established Houses ;  Brisbane ;,A83728553T,House Prices,$'000,Quarter
2003-06-01,240,Median Price Established Houses ;  Brisbane ;,A83728553T,House Prices,$'000,Quarter
2003-09-01,269,Median Price Established Houses ;  Brisbane ;,A83728553T,House Prices,$'000,Quarter
2003-12-01,296.4,Median Price Established Houses ;  Brisbane ;,A83728553T,House Prices,$'000,Quarter
2004-03-01,302.7,Median Price Established Houses ;  Brisbane ;,A83728553T,House Prices,$'000,Quarter
2004-06-01,305,Median Price Established Houses ;  Brisbane ;,A83728553T,House Prices,$'000,Quarter
2004-09-01,305,Median Price Established Houses ;  Brisbane ;,A83728553T,House Prices,$'000,Quarter
2004-12-01,310,Median Price Established Houses ;  Brisbane ;,A83728553T,House Prices,$'000,Quarter
2005-03-01,312,Median Price Established Houses ;  Brisbane ;,A83728553T,House Prices,$'000,Quarter
2005-06-01,312,Median Price Established Houses ;  Brisbane ;,A83728553T,House Prices,$'000,Quarter
2005-09-01,314.9,Median Price Established Houses ;  Brisbane ;,A83728553T,House Prices,$'000,Quarter
2005-12-01,320,Median Price Established Houses ;  Brisbane ;,A83728553T,House Prices,$'000,Quarter
2006-03-01,325,Median Price Established Houses ;  Brisbane ;,A83728553T,House Prices,$'000,Quarter
2006-06-01,330,Median Price Established Houses ;  Brisbane ;,A83728553T,House Prices,$'000,Quarter
2006-09-01,335,Median Price Established Houses ;  Brisbane ;,A83728553T,House Prices,$'000,Quarter
2006-12-01,343.5,Median Price Established Houses ;  Brisbane ;,A83728553T,House Prices,$'000,Quarter
2007-03-01,352,Median Price Established Houses ;  Brisbane ;,A83728553T,House Prices,$'000,Quarter
2007-06-01,375,Median Price Established Houses ;  Brisbane ;,A83728553T,House Prices,$'000,Quarter
2007-09-01,390,Median Price Established Houses ;  Brisbane ;,A83728553T,House Prices,$'000,Quarter
2007-12-01,415,Median Price Established Houses ;  Brisbane ;,A83728553T,House Prices,$'000,Quarter
2008-03-01,425,Median Price Established Houses ;  Brisbane ;,A83728553T,House Prices,$'000,Quarter
2008-06-01,425,Median Price Established Houses ;  Brisbane ;,A83728553T,House Prices,$'000,Quarter
2008-09-01,410,Median Price Established Houses ;  Brisbane ;,A83728553T,House Prices,$'000,Quarter
2008-12-01,399,Median Price Established Houses ;  Brisbane ;,A83728553T,House Prices,$'000,Quarter
2009-03-01,400,Median Price Established Houses ;  Brisbane ;,A83728553T,House Prices,$'000,Quarter
2009-06-01,420,Median Price Established Houses ;  Brisbane ;,A83728553T,House Prices,$'000,Quarter
2009-09-01,430,Median Price Established Houses ;  Brisbane ;,A83728553T,House Prices,$'000,Quarter
2009-12-01,455,Median Price Established Houses ;  Brisbane ;,A83728553T,House Prices,$'000,Quarter
2010-03-01,460,Median Price Established Houses ;  Brisbane ;,A83728553T,House Prices,$'000,Quarter
2010-06-01,465,Median Price Established Houses ;  Brisbane ;,A83728553T,House Prices,$'000,Quarter
2010-09-01,460,Median Price Established Houses ;  Brisbane ;,A83728553T,House Prices,$'000,Quarter
2010-12-01,460,Median Price Established Houses ;  Brisbane ;,A83728553T,House Prices,$'000,Quarter
2011-03-01,450,Median Price Established Houses ;  Brisbane ;,A83728553T,House Prices,$'000,Quarter
2011-06-01,442,Median Price Established Houses ;  Brisbane ;,A83728553T,House Prices,$'000,Quarter
2011-09-01,433,Median Price Established Houses ;  Brisbane ;,A83728553T,House Prices,$'000,Quarter
2011-12-01,430,Median Price Established Houses ;  Brisbane ;,A83728553T,House Prices,$'000,Quarter
2012-03-01,430,Median Price Established Houses ;  Brisbane ;,A83728553T,House Prices,$'000,Quarter
2012-06-01,435,Median Price Established Houses ;  Brisbane ;,A83728553T,House Prices,$'000,Quarter
2012-09-01,435,Median Price Established Houses ;  Brisbane ;,A83728553T,House Prices,$'000,Quarter
2012-12-01,440,Median Price Established Houses ;  Brisbane ;,A83728553T,House Prices,$'000,Quarter
2013-03-01,440,Median Price Established Houses ;  Brisbane ;,A83728553T,House Prices,$'000,Quarter
2013-06-01,445,Median Price Established Houses ;  Brisbane ;,A83728553T,House Prices,$'000,Quarter
2013-09-01,449,Median Price Established Houses ;  Brisbane ;,A83728553T,House Prices,$'000,Quarter
2013-12-01,465,Median Price Established Houses ;  Brisbane ;,A83728553T,House Prices,$'000,Quarter
2014-03-01,448,Median Price Established Houses ;  Brisbane ;,A83728553T,House Prices,$'000,Quarter
2014-06-01,459,Median Price Established Houses ;  Brisbane ;,A83728553T,House Prices,$'000,Quarter
2014-09-01,451,Median Price Established Houses ;  Brisbane ;,A83728553T,House Prices,$'000,Quarter
2014-12-01,467,Median Price Established Houses ;  Brisbane ;,A83728553T,House Prices,$'000,Quarter
2015-03-01,462.8,Median Price Established Houses ;  Brisbane ;,A83728553T,House Prices,$'000,Quarter
2015-06-01,465,Median Price Established Houses ;  Brisbane ;,A83728553T,House Prices,$'000,Quarter
2015-09-01,475,Median Price Established Houses ;  Brisbane ;,A83728553T,House Prices,$'000,Quarter
2015-12-01,490,Median Price Established Houses ;  Brisbane ;,A83728553T,House Prices,$'000,Quarter
2016-03-01,483.5,Median Price Established Houses ;  Brisbane ;,A83728553T,House Prices,$'000,Quarter
2016-06-01,495,Median Price Established Houses ;  Brisbane ;,A83728553T,House Prices,$'000,Quarter
2016-09-01,500,Median Price Established Houses ;  Brisbane ;,A83728553T,House Prices,$'000,Quarter
2016-12-01,515,Median Price Established Houses ;  Brisbane ;,A83728553T,House Prices,$'000,Quarter
2017-03-01,510,Median Price Established Houses ;  Brisbane ;,A83728553T,House Prices,$'000,Quarter
2017-06-01,518,Median Price Established Houses ;  Brisbane ;,A83728553T,House Prices,$'000,Quarter
2017-09-01,525,Median Price Established Houses ;  Brisbane ;,A83728553T,House Prices,$'000,Quarter
2017-12-01,535,Median Price Established Houses ;  Brisbane ;,A83728553T,House Prices,$'000,Quarter
2018-03-01,526,Median Price Established Houses ;  Brisbane ;,A83728553T,House Prices,$'000,Quarter
2018-06-01,532,Median Price Established Houses ;  Brisbane ;,A83728553T,House Prices,$'000,Quarter
2018-09-01,540,Median Price Established Houses ;  Brisbane ;,A83728553T,House Prices,$'000,Quarter
2018-12-01,540,Median Price Established Houses ;  Brisbane ;,A83728553T,House Prices,$'000,Quarter
2019-03-01,533,Median Price Established Houses ;  Brisbane ;,A83728553T,House Prices,$'000,Quarter
2019-06-01,538,Median Price Established Houses ;  Brisbane ;,A83728553T,House Prices,$'000,Quarter
2019-09-01,540,Median Price Established Houses ;  Brisbane ;,A83728553T,House Prices,$'000,Quarter
2019-12-01,550,Median Price Established Houses ;  Brisbane ;,A83728553T,House Prices,$'000,Quarter
2020-03-01,540,Median Price Established Houses ;  Brisbane ;,A83728553T,House Prices,$'000,Quarter
2020-06-01,547,Median Price Established Houses ;  Brisbane ;,A83728553T,House Prices,$'000,Quarter
2020-09-01,555,Median Price Established Houses ;  Brisbane ;,A83728553T,House Prices,$'000,Quarter
2020-12-01,575,Median Price Established Houses ;  Brisbane ;,A83728553T,House Prices,$'000,Quarter
2021-03-01,600,Median Price Established Houses ;  Brisbane ;,A83728553T,House Prices,$'000,Quarter
2021-06-01,630,Median Price Established Houses ;  Brisbane ;,A83728553T,House Prices,$'000,Quarter
2021-09-01,657,Median Price Established Houses ;  Brisbane ;,A83728553T,House Prices,$'000,Quarter
2021-12-01,750,Median Price Established Houses ;  Brisbane ;,A83728553T,House Prices,$'000,Quarter
2022-03-01,765,Median Price Established Houses ;  Brisbane ;,A83728553T,House Prices,$'000,Quarter
2022-06-01,773,Median Price Established Houses ;  Brisbane ;,A83728553T,House Prices,$'000,Quarter
2022-09-01,750,Median Price Established Houses ;  Brisbane ;,A83728553T,House Prices,$'000,Quarter
2022-12-01,750,Median Price Established Houses ;  Brisbane ;,A83728553T,House Prices,$'000,Quarter
2023-03-01,757,Median Price Established Houses ;  Brisbane ;,A83728553T,House Prices,$'000,Quarter
2023-06-01,775,Median Price Established Houses ;  Brisbane ;,A83728553T,House Prices,$'000,Quarter
2023-09-01,800,Median Price Established Houses ;  Brisbane ;,A83728553T,House Prices,$'000,Quarter
2023-12-01,830,Median Price Established Houses ;  Brisbane ;,A83728553T,House Prices,$'000,Quarter
2024-03-01,850,Median Price Established Houses ;  Brisbane ;,A83728553T,House Prices,$'000,Quarter
2024-06-01,890,Median Price Established Houses ;  Brisbane ;,A83728553T,House Prices,$'000,Quarter
2024-09-01,890,Median Price Established Houses ;  Brisbane ;,A83728553T,House Prices,$'000,Quarter
2024-12-01,935,Median Price Established Houses ;  Brisbane ;,A83728553T,House Prices,$'000,Quarter
2025-03-01,947.7,Median Price Established Houses ;  Brisbane ;,A83728553T,House Prices,$'000,Quarter
2025-06-01,972,Median Price Established Houses ;  Brisbane ;,A83728553T,House Prices,$'000,Quarter
2025-09-01,1025,Median Price Established Houses ;  Brisbane ;,A83728553T,House Prices,$'000,Quarter
2025-12-01,1102.3,Median Price Established Houses ;  Brisbane ;,A83728553T,House Prices,$'000,Quarter
2026-03-01,1160,Median Price Established Houses ;  Brisbane ;,A83728553T,House Prices,$'000,Quarter
2026-06-01,1155,Median Price Established Houses ;  Brisbane ;,A83728553T,House Prices,$'000,Quarter
2002-03-01,245,Median Price Established Houses ;  Canberra ;,A83728573A,House Prices,$'000,Quarter
2002-06-01,258,Median Price Established Houses ;  Canberra ;,A83728573A,House Prices,$'000,Quarter
2002-09-01,275,Median Price Established Houses ;  Canberra ;,A83728573A,House Prices,$'000,Quarter
2002-12-01,291,Median Price Established Houses ;  Canberra ;,A83728573A,House Prices,$'000,Quarter
2003-03-01,300,Median Price Established Houses ;  Canberra ;,A83728573A,House Prices,$'000,Quarter
2003-06-01,334.5,Median Price Established Houses ;  Canberra ;,A83728573A,House Prices,$'000,Quarter
2003-09-01,360,Median Price Established Houses ;  Canberra ;,A83728573A,House Prices,$'000,Quarter
2003-12-01,375,Median Price Established Houses ;  Canberra ;,A83728573A,House Prices,$'000,Quarter
2004-03-01,375,Median Price Established Houses ;  Canberra ;,A83728573A,House Prices,$'000,Quarter
2004-06-01,375,Median Price Established Houses ;  Canberra ;,A83728573A,House Prices,$'000,Quarter
2004-09-01,352.5,Median Price Established Houses ;  Canberra ;,A83728573A,House Prices,$'000,Quarter
2004-12-01,372,Median Price Established Houses ;  Canberra ;,A83728573A,House Prices,$'000,Quarter
2005-03-01,374.7,Median Price Established Houses ;  Canberra ;,A83728573A,House Prices,$'000,Quarter
2005-06-01,373.5,Median Price Established Houses ;  Canberra ;,A83728573A,House Prices,$'000,Quarter
2005-09-01,365,Median Price Established Houses ;  Canberra ;,A83728573A,House Prices,$'000,Quarter
2005-12-01,387,Median Price Established Houses ;  Canberra ;,A83728573A,House Prices,$'000,Quarter
2006-03-01,385,Median Price Established Houses ;  Canberra ;,A83728573A,House Prices,$'000,Quarter
2006-06-01,399.5,Median Price Established Houses ;  Canberra ;,A83728573A,House Prices,$'000,Quarter
2006-09-01,413,Median Price Established Houses ;  Canberra ;,A83728573A,House Prices,$'000,Quarter
2006-12-01,420.8,Median Price Established Houses ;  Canberra ;,A83728573A,House Prices,$'000,Quarter
2007-03-01,430,Median Price Established Houses ;  Canberra ;,A83728573A,House Prices,$'000,Quarter
2007-06-01,445,Median Price Established Houses ;  Canberra ;,A83728573A,House Prices,$'000,Quarter
2007-09-01,460,Median Price Established Houses ;  Canberra ;,A83728573A,House Prices,$'000,Quarter
2007-12-01,468,Median Price Established Houses ;  Canberra ;,A83728573A,House Prices,$'000,Quarter
2008-03-01,470,Median Price Established Houses ;  Canberra ;,A83728573A,House Prices,$'000,Quarter
2008-06-01,474,Median Price Established Houses ;  Canberra ;,A83728573A,House Prices,$'000,Quarter
2008-09-01,447,Median Price Established Houses ;  Canberra ;,A83728573A,House Prices,$'000,Quarter
2008-12-01,450,Median Price Established Houses ;  Canberra ;,A83728573A,House Prices,$'000,Quarter
2009-03-01,459.5,Median Price Established Houses ;  Canberra ;,A83728573A,House Prices,$'000,Quarter
2009-06-01,455,Median Price Established Houses ;  Canberra ;,A83728573A,House Prices,$'000,Quarter
2009-09-01,456,Median Price Established Houses ;  Canberra ;,A83728573A,House Prices,$'000,Quarter
2009-12-01,509,Median Price Established Houses ;  Canberra ;,A83728573A,House Prices,$'000,Quarter
2010-03-01,530,Median Price Established Houses ;  Canberra ;,A83728573A,House Prices,$'000,Quarter
2010-06-01,516.2,Median Price Established Houses ;  Canberra ;,A83728573A,House Prices,$'000,Quarter
2010-09-01,530,Median Price Established Houses ;  Canberra ;,A83728573A,House Prices,$'000,Quarter
2010-12-01,534.5,Median Price Established Houses ;  Canberra ;,A83728573A,House Prices,$'000,Quarter
2011-03-01,530,Median Price Established Houses ;  Canberra ;,A83728573A,House Prices,$'000,Quarter
2011-06-01,533,Median Price Established Houses ;  Canberra ;,A83728573A,House Prices,$'000,Quarter
2011-09-01,490,Median Price Established Houses ;  Canberra ;,A83728573A,House Prices,$'000,Quarter
2011-12-01,500,Median Price Established Houses ;  Canberra ;,A83728573A,House Prices,$'000,Quarter
2012-03-01,512.5,Median Price Established Houses ;  Canberra ;,A83728573A,House Prices,$'000,Quarter
2012-06-01,482.5,Median Price Established Houses ;  Canberra ;,A83728573A,House Prices,$'000,Quarter
2012-09-01,490,Median Price Established Houses ;  Canberra ;,A83728573A,House Prices,$'000,Quarter
2012-12-01,519,Median Price Established Houses ;  Canberra ;,A83728573A,House Prices,$'000,Quarter
2013-03-01,505,Median Price Established Houses ;  Canberra ;,A83728573A,House Prices,$'000,Quarter
2013-06-01,510,Median Price Established Houses ;  Canberra ;,A83728573A,House Prices,$'000,Quarter
2013-09-01,505,Median Price Established Houses ;  Canberra ;,A83728573A,House Prices,$'000,Quarter
2013-12-01,503.3,Median Price Established Houses ;  Canberra ;,A83728573A,House Prices,$'000,Quarter
2014-03-01,553.7,Median Price Established Houses ;  Canberra ;,A83728573A,House Prices,$'000,Quarter
2014-06-01,550,Median Price Established Houses ;  Canberra ;,A83728573A,House Prices,$'000,Quarter
2014-09-01,554,Median Price Established Houses ;  Canberra ;,A83728573A,House Prices,$'000,Quarter
2014-12-01,570,Median Price Established Houses ;  Canberra ;,A83728573A,House Prices,$'000,Quarter
2015-03-01,585,Median Price Established Houses ;  Canberra ;,A83728573A,House Prices,$'000,Quarter
2015-06-01,580,Median Price Established Houses ;  Canberra ;,A83728573A,House Prices,$'000,Quarter
2015-09-01,587.5,Median Price Established Houses ;  Canberra ;,A83728573A,House Prices,$'000,Quarter
2015-12-01,615,Median Price Established Houses ;  Canberra ;,A83728573A,House Prices,$'000,Quarter
2016-03-01,590,Median Price Established Houses ;  Canberra ;,A83728573A,House Prices,$'000,Quarter
2016-06-01,623,Median Price Established Houses ;  Canberra ;,A83728573A,House Prices,$'000,Quarter
2016-09-01,615.8,Median Price Established Houses ;  Canberra ;,A83728573A,House Prices,$'000,Quarter
2016-12-01,636,Median Price Established Houses ;  Canberra ;,A83728573A,House Prices,$'000,Quarter
2017-03-01,654.5,Median Price Established Houses ;  Canberra ;,A83728573A,House Prices,$'000,Quarter
2017-06-01,670,Median Price Established Houses ;  Canberra ;,A83728573A,House Prices,$'000,Quarter
2017-09-01,667.5,Median Price Established Houses ;  Canberra ;,A83728573A,House Prices,$'000,Quarter
2017-12-01,690,Median Price Established Houses ;  Canberra ;,A83728573A,House Prices,$'000,Quarter
2018-03-01,698.5,Median Price Established Houses ;  Canberra ;,A83728573A,House Prices,$'000,Quarter
2018-06-01,690,Median Price Established Houses ;  Canberra ;,A83728573A,House Prices,$'000,Quarter
2018-09-01,700,Median Price Established Houses ;  Canberra ;,A83728573A,House Prices,$'000,Quarter
2018-12-01,720,Median Price Established Houses ;  Canberra ;,A83728573A,House Prices,$'000,Quarter
2019-03-01,690,Median Price Established Houses ;  Canberra ;,A83728573A,House Prices,$'000,Quarter
2019-06-01,715,Median Price Established Houses ;  Canberra ;,A83728573A,House Prices,$'000,Quarter
2019-09-01,676,Median Price Established Houses ;  Canberra ;,A83728573A,House Prices,$'000,Quarter
2019-12-01,745,Median Price Established Houses ;  Canberra ;,A83728573A,House Prices,$'000,Quarter
2020-03-01,720.5,Median Price Established Houses ;  Canberra ;,A83728573A,House Prices,$'000,Quarter
2020-06-01,720,Median Price Established Houses ;  Canberra ;,A83728573A,House Prices,$'000,Quarter
2020-09-01,755,Median Price Established Houses ;  Canberra ;,A83728573A,House Prices,$'000,Quarter
2020-12-01,785,Median Price Established Houses ;  Canberra ;,A83728573A,House Prices,$'000,Quarter
2021-03-01,835,Median Price Established Houses ;  Canberra ;,A83728573A,House Prices,$'000,Quarter
2021-06-01,905,Median Price Established Houses ;  Canberra ;,A83728573A,House Prices,$'000,Quarter
2021-09-01,940,Median Price Established Houses ;  Canberra ;,A83728573A,House Prices,$'000,Quarter
2021-12-01,1040,Median Price Established Houses ;  Canberra ;,A83728573A,House Prices,$'000,Quarter
2022-03-01,1080,Median Price Established Houses ;  Canberra ;,A83728573A,House Prices,$'000,Quarter
2022-06-01,1059,Median Price Established Houses ;  Canberra ;,A83728573A,House Prices,$'000,Quarter
2022-09-01,1000,Median Price Established Houses ;  Canberra ;,A83728573A,House Prices,$'000,Quarter
2022-12-01,1000,Median Price Established Houses ;  Canberra ;,A83728573A,House Prices,$'000,Quarter
2023-03-01,984,Median Price Established Houses ;  Canberra ;,A83728573A,House Prices,$'000,Quarter
2023-06-01,983,Median Price Established Houses ;  Canberra ;,A83728573A,House Prices,$'000,Quarter
2023-09-01,985,Median Price Established Houses ;  Canberra ;,A83728573A,House Prices,$'000,Quarter
2023-12-01,1000,Median Price Established Houses ;  Canberra ;,A83728573A,House Prices,$'000,Quarter
2024-03-01,980,Median Price Established Houses ;  Canberra ;,A83728573A,House Prices,$'000,Quarter
2024-06-01,990,Median Price Established Houses ;  Canberra ;,A83728573A,House Prices,$'000,Quarter
2024-09-01,998.9,Median Price Established Houses ;  Canberra ;,A83728573A,House Prices,$'000,Quarter
2024-12-01,1000,Median Price Established Houses ;  Canberra ;,A83728573A,House Prices,$'000,Quarter
2025-03-01,975,Median Price Established Houses ;  Canberra ;,A83728573A,House Prices,$'000,Quarter
2025-06-01,1000,Median Price Established Houses ;  Canberra ;,A83728573A,House Prices,$'000,Quarter
2025-09-01,1030,Median Price Established Houses ;  Canberra ;,A83728573A,House Prices,$'000,Quarter
2025-12-01,1070,Median Price Established Houses ;  Canberra ;,A83728573A,House Prices,$'000,Quarter
2026-03-01,1080,Median Price Established Houses ;  Canberra ;,A83728573A,House Prices,$'000,Quarter
2026-06-01,1030,Median Price Established Houses ;  Canberra ;,A83728573A,House Prices,$'000,Quarter
2002-03-01,190,Median Price Established Houses ;  Darwin ;,A83728569K,House Prices,$'000,Quarter
2002-06-01,188.3,Median Price Established Houses ;  Darwin ;,A83728569K,House Prices,$'000,Quarter
2002-09-01,190,Median Price Established Houses ;  Darwin ;,A83728569K,House Prices,$'000,Quarter
2002-12-01,195,Median Price Established Houses ;  Darwin ;,A83728569K,House Prices,$'000,Quarter
2003-03-01,198,Median Price Established Houses ;  Darwin ;,A83728569K,House Prices,$'000,Quarter
2003-06-01,200.5,Median Price Established Houses ;  Darwin ;,A83728569K,House Prices,$'000,Quarter
2003-09-01,214,Median Price Established Houses ;  Darwin ;,A83728569K,House Prices,$'000,Quarter
2003-12-01,226,Median Price Established Houses ;  Darwin ;,A83728569K,House Prices,$'000,Quarter
2004-03-01,239.5,Median Price Established Houses ;  Darwin ;,A83728569K,House Prices,$'000,Quarter
2004-06-01,248.8,Median Price Established Houses ;  Darwin ;,A83728569K,House Prices,$'000,Quarter
2004-09-01,245,Median Price Established Houses ;  Darwin ;,A83728569K,House Prices,$'000,Quarter
2004-12-01,259,Median Price Established Houses ;  Darwin ;,A83728569K,House Prices,$'000,Quarter
2005-03-01,275,Median Price Established Houses ;  Darwin ;,A83728569K,House Prices,$'000,Quarter
2005-06-01,280,Median Price Established Houses ;  Darwin ;,A83728569K,House Prices,$'000,Quarter
2005-09-01,295,Median Price Established Houses ;  Darwin ;,A83728569K,House Prices,$'000,Quarter
2005-12-01,320,Median Price Established Houses ;  Darwin ;,A83728569K,House Prices,$'000,Quarter
2006-03-01,341.5,Median Price Established Houses ;  Darwin ;,A83728569K,House Prices,$'000,Quarter
2006-06-01,349.5,Median Price Established Houses ;  Darwin ;,A83728569K,House Prices,$'000,Quarter
2006-09-01,360,Median Price Established Houses ;  Darwin ;,A83728569K,House Prices,$'000,Quarter
2006-12-01,380,Median Price Established Houses ;  Darwin ;,A83728569K,House Prices,$'000,Quarter
2007-03-01,389.5,Median Price Established Houses ;  Darwin ;,A83728569K,House Prices,$'000,Quarter
2007-06-01,395,Median Price Established Houses ;  Darwin ;,A83728569K,House Prices,$'000,Quarter
2007-09-01,400,Median Price Established Houses ;  Darwin ;,A83728569K,House Prices,$'000,Quarter
2007-12-01,418.5,Median Price Established Houses ;  Darwin ;,A83728569K,House Prices,$'000,Quarter
2008-03-01,420,Median Price Established Houses ;  Darwin ;,A83728569K,House Prices,$'000,Quarter
2008-06-01,422.3,Median Price Established Houses ;  Darwin ;,A83728569K,House Prices,$'000,Quarter
2008-09-01,430,Median Price Established Houses ;  Darwin ;,A83728569K,House Prices,$'000,Quarter
2008-12-01,445,Median Price Established Houses ;  Darwin ;,A83728569K,House Prices,$'000,Quarter
2009-03-01,455,Median Price Established Houses ;  Darwin ;,A83728569K,House Prices,$'000,Quarter
2009-06-01,465,Median Price Established Houses ;  Darwin ;,A83728569K,House Prices,$'000,Quarter
2009-09-01,490,Median Price Established Houses ;  Darwin ;,A83728569K,House Prices,$'000,Quarter
2009-12-01,520,Median Price Established Houses ;  Darwin ;,A83728569K,House Prices,$'000,Quarter
2010-03-01,529,Median Price Established Houses ;  Darwin ;,A83728569K,House Prices,$'000,Quarter
2010-06-01,530,Median Price Established Houses ;  Darwin ;,A83728569K,House Prices,$'000,Quarter
2010-09-01,535,Median Price Established Houses ;  Darwin ;,A83728569K,House Prices,$'000,Quarter
2010-12-01,545,Median Price Established Houses ;  Darwin ;,A83728569K,House Prices,$'000,Quarter
2011-03-01,510,Median Price Established Houses ;  Darwin ;,A83728569K,House Prices,$'000,Quarter
2011-06-01,500,Median Price Established Houses ;  Darwin ;,A83728569K,House Prices,$'000,Quarter
2011-09-01,497,Median Price Established Houses ;  Darwin ;,A83728569K,House Prices,$'000,Quarter
2011-12-01,515,Median Price Established Houses ;  Darwin ;,A83728569K,House Prices,$'000,Quarter
2012-03-01,525,Median Price Established Houses ;  Darwin ;,A83728569K,House Prices,$'000,Quarter
2012-06-01,543.5,Median Price Established Houses ;  Darwin ;,A83728569K,House Prices,$'000,Quarter
2012-09-01,540,Median Price Established Houses ;  Darwin ;,A83728569K,House Prices,$'000,Quarter
2012-12-01,561,Median Price Established Houses ;  Darwin ;,A83728569K,House Prices,$'000,Quarter
2013-03-01,530,Median Price Established Houses ;  Darwin ;,A83728569K,House Prices,$'000,Quarter
2013-06-01,540,Median Price Established Houses ;  Darwin ;,A83728569K,House Prices,$'000,Quarter
2013-09-01,570,Median Price Established Houses ;  Darwin ;,A83728569K,House Prices,$'000,Quarter
2013-12-01,579,Median Price Established Houses ;  Darwin ;,A83728569K,House Prices,$'000,Quarter
2014-03-01,595,Median Price Established Houses ;  Darwin ;,A83728569K,House Prices,$'000,Quarter
2014-06-01,557.5,Median Price Established Houses ;  Darwin ;,A83728569K,House Prices,$'000,Quarter
2014-09-01,570,Median Price Established Houses ;  Darwin ;,A83728569K,House Prices,$'000,Quarter
2014-12-01,581,Median Price Established Houses ;  Darwin ;,A83728569K,House Prices,$'000,Quarter
2015-03-01,570,Median Price Established Houses ;  Darwin ;,A83728569K,House Prices,$'000,Quarter
2015-06-01,595,Median Price Established Houses ;  Darwin ;,A83728569K,House Prices,$'000,Quarter
2015-09-01,580,Median Price Established Houses ;  Darwin ;,A83728569K,House Prices,$'000,Quarter
2015-12-01,575,Median Price Established Houses ;  Darwin ;,A83728569K,House Prices,$'000,Quarter
2016-03-01,570,Median Price Established Houses ;  Darwin ;,A83728569K,House Prices,$'000,Quarter
2016-06-01,548,Median Price Established Houses ;  Darwin ;,A83728569K,House Prices,$'000,Quarter
2016-09-01,520,Median Price Established Houses ;  Darwin ;,A83728569K,House Prices,$'000,Quarter
2016-12-01,522,Median Price Established Houses ;  Darwin ;,A83728569K,House Prices,$'000,Quarter
2017-03-01,530,Median Price Established Houses ;  Darwin ;,A83728569K,House Prices,$'000,Quarter
2017-06-01,500,Median Price Established Houses ;  Darwin ;,A83728569K,House Prices,$'000,Quarter
2017-09-01,500,Median Price Established Houses ;  Darwin ;,A83728569K,House Prices,$'000,Quarter
2017-12-01,513.8,Median Price Established Houses ;  Darwin ;,A83728569K,House Prices,$'000,Quarter
2018-03-01,500,Median Price Established Houses ;  Darwin ;,A83728569K,House Prices,$'000,Quarter
2018-06-01,506,Median Price Established Houses ;  Darwin ;,A83728569K,House Prices,$'000,Quarter
2018-09-01,500,Median Price Established Houses ;  Darwin ;,A83728569K,House Prices,$'000,Quarter
2018-12-01,510,Median Price Established Houses ;  Darwin ;,A83728569K,House Prices,$'000,Quarter
2019-03-01,485,Median Price Established Houses ;  Darwin ;,A83728569K,House Prices,$'000,Quarter
2019-06-01,470,Median Price Established Houses ;  Darwin ;,A83728569K,House Prices,$'000,Quarter
2019-09-01,489,Median Price Established Houses ;  Darwin ;,A83728569K,House Prices,$'000,Quarter
2019-12-01,470,Median Price Established Houses ;  Darwin ;,A83728569K,House Prices,$'000,Quarter
2020-03-01,470,Median Price Established Houses ;  Darwin ;,A83728569K,House Prices,$'000,Quarter
2020-06-01,465,Median Price Established Houses ;  Darwin ;,A83728569K,House Prices,$'000,Quarter
2020-09-01,500,Median Price Established Houses ;  Darwin ;,A83728569K,House Prices,$'000,Quarter
2020-12-01,522.5,Median Price Established Houses ;  Darwin ;,A83728569K,House Prices,$'000,Quarter
2021-03-01,535,Median Price Established Houses ;  Darwin ;,A83728569K,House Prices,$'000,Quarter
2021-06-01,565,Median Price Established Houses ;  Darwin ;,A83728569K,House Prices,$'000,Quarter
2021-09-01,580,Median Price Established Houses ;  Darwin ;,A83728569K,House Prices,$'000,Quarter
2021-12-01,600,Median Price Established Houses ;  Darwin ;,A83728569K,House Prices,$'000,Quarter
2022-03-01,600,Median Price Established Houses ;  Darwin ;,A83728569K,House Prices,$'000,Quarter
2022-06-01,585,Median Price Established Houses ;  Darwin ;,A83728569K,House Prices,$'000,Quarter
2022-09-01,560,Median Price Established Houses ;  Darwin ;,A83728569K,House Prices,$'000,Quarter
2022-12-01,590,Median Price Established Houses ;  Darwin ;,A83728569K,House Prices,$'000,Quarter
2023-03-01,575,Median Price Established Houses ;  Darwin ;,A83728569K,House Prices,$'000,Quarter
2023-06-01,590,Median Price Established Houses ;  Darwin ;,A83728569K,House Prices,$'000,Quarter
2023-09-01,585,Median Price Established Houses ;  Darwin ;,A83728569K,House Prices,$'000,Quarter
2023-12-01,589.5,Median Price Established Houses ;  Darwin ;,A83728569K,House Prices,$'000,Quarter
2024-03-01,570,Median Price Established Houses ;  Darwin ;,A83728569K,House Prices,$'000,Quarter
2024-06-01,582.5,Median Price Established Houses ;  Darwin ;,A83728569K,House Prices,$'000,Quarter
2024-09-01,557.5,Median Price Established Houses ;  Darwin ;,A83728569K,House Prices,$'000,Quarter
2024-12-01,560,Median Price Established Houses ;  Darwin ;,A83728569K,House Prices,$'000,Quarter
2025-03-01,599.8,Median Price Established Houses ;  Darwin ;,A83728569K,House Prices,$'000,Quarter
2025-06-01,620,Median Price Established Houses ;  Darwin ;,A83728569K,House Prices,$'000,Quarter
2025-09-01,670,Median Price Established Houses ;  Darwin ;,A83728569K,House Prices,$'000,Quarter
2025-12-01,710,Median Price Established Houses ;  Darwin ;,A83728569K,House Prices,$'000,Quarter
2026-03-01,750,Median Price Established Houses ;  Darwin ;,A83728569K,House Prices,$'000,Quarter
2026-06-01,752.5,Median Price Established Houses ;  Darwin ;,A83728569K,House Prices,$'000,Quarter
2002-03-01,123.3,Median Price Established Houses ;  Hobart ;,A83728565A,House Prices,$'000,Quarter
2002-06-01,117,Median Price Established Houses ;  Hobart ;,A83728565A,House Prices,$'000,Quarter
2002-09-01,124,Median Price Established Houses ;  Hobart ;,A83728565A,House Prices,$'000,Quarter
2002-12-01,128,Median Price Established Houses ;  Hobart ;,A83728565A,House Prices,$'000,Quarter
2003-03-01,145,Median Price Established Houses ;  Hobart ;,A83728565A,House Prices,$'000,Quarter
2003-06-01,149,Median Price Established Houses ;  Hobart ;,A83728565A,House Prices,$'000,Quarter
2003-09-01,165,Median Price Established Houses ;  Hobart ;,A83728565A,House Prices,$'000,Quarter
2003-12-01,182.3,Median Price Established Houses ;  Hobart ;,A83728565A,House Prices,$'000,Quarter
2004-03-01,200,Median Price Established Houses ;  Hobart ;,A83728565A,House Prices,$'000,Quarter
2004-06-01,225,Median Price Established Houses ;  Hobart ;,A83728565A,House Prices,$'000,Quarter
2004-09-01,230,Median Price Established Houses ;  Hobart ;,A83728565A,House Prices,$'000,Quarter
2004-12-01,237.3,Median Price Established Houses ;  Hobart ;,A83728565A,House Prices,$'000,Quarter
2005-03-01,240,Median Price Established Houses ;  Hobart ;,A83728565A,House Prices,$'000,Quarter
2005-06-01,250,Median Price Established Houses ;  Hobart ;,A83728565A,House Prices,$'000,Quarter
2005-09-01,245,Median Price Established Houses ;  Hobart ;,A83728565A,House Prices,$'000,Quarter
2005-12-01,252.5,Median Price Established Houses ;  Hobart ;,A83728565A,House Prices,$'000,Quarter
2006-03-01,260,Median Price Established Houses ;  Hobart ;,A83728565A,House Prices,$'000,Quarter
2006-06-01,270,Median Price Established Houses ;  Hobart ;,A83728565A,House Prices,$'000,Quarter
2006-09-01,270,Median Price Established Houses ;  Hobart ;,A83728565A,House Prices,$'000,Quarter
2006-12-01,278,Median Price Established Houses ;  Hobart ;,A83728565A,House Prices,$'000,Quarter
2007-03-01,280,Median Price Established Houses ;  Hobart ;,A83728565A,House Prices,$'000,Quarter
2007-06-01,291.5,Median Price Established Houses ;  Hobart ;,A83728565A,House Prices,$'000,Quarter
2007-09-01,285,Median Price Established Houses ;  Hobart ;,A83728565A,House Prices,$'000,Quarter
2007-12-01,310,Median Price Established Houses ;  Hobart ;,A83728565A,House Prices,$'000,Quarter
2008-03-01,308.5,Median Price Established Houses ;  Hobart ;,A83728565A,House Prices,$'000,Quarter
2008-06-01,305,Median Price Established Houses ;  Hobart ;,A83728565A,House Prices,$'000,Quarter
2008-09-01,292.5,Median Price Established Houses ;  Hobart ;,A83728565A,House Prices,$'000,Quarter
2008-12-01,300,Median Price Established Houses ;  Hobart ;,A83728565A,House Prices,$'000,Quarter
2009-03-01,296.5,Median Price Established Houses ;  Hobart ;,A83728565A,House Prices,$'000,Quarter
2009-06-01,310,Median Price Established Houses ;  Hobart ;,A83728565A,House Prices,$'000,Quarter
2009-09-01,310.1,Median Price Established Houses ;  Hobart ;,A83728565A,House Prices,$'000,Quarter
2009-12-01,350,Median Price Established Houses ;  Hobart ;,A83728565A,House Prices,$'000,Quarter
2010-03-01,350.5,Median Price Established Houses ;  Hobart ;,A83728565A,House Prices,$'000,Quarter
2010-06-01,343.8,Median Price Established Houses ;  Hobart ;,A83728565A,House Prices,$'000,Quarter
2010-09-01,340,Median Price Established Houses ;  Hobart ;,A83728565A,House Prices,$'000,Quarter
2010-12-01,345,Median Price Established Houses ;  Hobart ;,A83728565A,House Prices,$'000,Quarter
2011-03-01,338,Median Price Established Houses ;  Hobart ;,A83728565A,House Prices,$'000,Quarter
2011-06-01,330,Median Price Established Houses ;  Hobart ;,A83728565A,House Prices,$'000,Quarter
2011-09-01,335,Median Price Established Houses ;  Hobart ;,A83728565A,House Prices,$'000,Quarter
2011-12-01,337.5,Median Price Established Houses ;  Hobart ;,A83728565A,House Prices,$'000,Quarter
2012-03-01,343,Median Price Established Houses ;  Hobart ;,A83728565A,House Prices,$'000,Quarter
2012-06-01,327.5,Median Price Established Houses ;  Hobart ;,A83728565A,House Prices,$'000,Quarter
2012-09-01,315,Median Price Established Houses ;  Hobart ;,A83728565A,House Prices,$'000,Quarter
2012-12-01,331.3,Median Price Established Houses ;  Hobart ;,A83728565A,House Prices,$'000,Quarter
2013-03-01,340,Median Price Established Houses ;  Hobart ;,A83728565A,House Prices,$'000,Quarter
2013-06-01,330,Median Price Established Houses ;  Hobart ;,A83728565A,House Prices,$'000,Quarter
2013-09-01,325,Median Price Established Houses ;  Hobart ;,A83728565A,House Prices,$'000,Quarter
2013-12-01,350,Median Price Established Houses ;  Hobart ;,A83728565A,House Prices,$'000,Quarter
2014-03-01,360,Median Price Established Houses ;  Hobart ;,A83728565A,House Prices,$'000,Quarter
2014-06-01,340,Median Price Established Houses ;  Hobart ;,A83728565A,House Prices,$'000,Quarter
2014-09-01,345,Median Price Established Houses ;  Hobart ;,A83728565A,House Prices,$'000,Quarter
2014-12-01,356.5,Median Price Established Houses ;  Hobart ;,A83728565A,House Prices,$'000,Quarter
2015-03-01,360,Median Price Established Houses ;  Hobart ;,A83728565A,House Prices,$'000,Quarter
2015-06-01,350,Median Price Established Houses ;  Hobart ;,A83728565A,House Prices,$'000,Quarter
2015-09-01,340,Median Price Established Houses ;  Hobart ;,A83728565A,House Prices,$'000,Quarter
2015-12-01,370,Median Price Established Houses ;  Hobart ;,A83728565A,House Prices,$'000,Quarter
2016-03-01,360,Median Price Established Houses ;  Hobart ;,A83728565A,House Prices,$'000,Quarter
2016-06-01,365,Median Price Established Houses ;  Hobart ;,A83728565A,House Prices,$'000,Quarter
2016-09-01,370,Median Price Established Houses ;  Hobart ;,A83728565A,House Prices,$'000,Quarter
2016-12-01,392,Median Price Established Houses ;  Hobart ;,A83728565A,House Prices,$'000,Quarter
2017-03-01,389.5,Median Price Established Houses ;  Hobart ;,A83728565A,House Prices,$'000,Quarter
2017-06-01,400,Median Price Established Houses ;  Hobart ;,A83728565A,House Prices,$'000,Quarter
2017-09-01,395,Median Price Established Houses ;  Hobart ;,A83728565A,House Prices,$'000,Quarter
2017-12-01,421,Median Price Established Houses ;  Hobart ;,A83728565A,House Prices,$'000,Quarter
2018-03-01,449,Median Price Established Houses ;  Hobart ;,A83728565A,House Prices,$'000,Quarter
2018-06-01,457.8,Median Price Established Houses ;  Hobart ;,A83728565A,House Prices,$'000,Quarter
2018-09-01,440.3,Median Price Established Houses ;  Hobart ;,A83728565A,House Prices,$'000,Quarter
2018-12-01,465,Median Price Established Houses ;  Hobart ;,A83728565A,House Prices,$'000,Quarter
2019-03-01,471.5,Median Price Established Houses ;  Hobart ;,A83728565A,House Prices,$'000,Quarter
2019-06-01,490,Median Price Established Houses ;  Hobart ;,A83728565A,House Prices,$'000,Quarter
2019-09-01,480,Median Price Established Houses ;  Hobart ;,A83728565A,House Prices,$'000,Quarter
2019-12-01,517,Median Price Established Houses ;  Hobart ;,A83728565A,House Prices,$'000,Quarter
2020-03-01,529,Median Price Established Houses ;  Hobart ;,A83728565A,House Prices,$'000,Quarter
2020-06-01,520,Median Price Established Houses ;  Hobart ;,A83728565A,House Prices,$'000,Quarter
2020-09-01,528.5,Median Price Established Houses ;  Hobart ;,A83728565A,House Prices,$'000,Quarter
2020-12-01,567.7,Median Price Established Houses ;  Hobart ;,A83728565A,House Prices,$'000,Quarter
2021-03-01,610,Median Price Established Houses ;  Hobart ;,A83728565A,House Prices,$'000,Quarter
2021-06-01,630,Median Price Established Houses ;  Hobart ;,A83728565A,House Prices,$'000,Quarter
2021-09-01,700,Median Price Established Houses ;  Hobart ;,A83728565A,House Prices,$'000,Quarter
2021-12-01,754,Median Price Established Houses ;  Hobart ;,A83728565A,House Prices,$'000,Quarter
2022-03-01,765,Median Price Established Houses ;  Hobart ;,A83728565A,House Prices,$'000,Quarter
2022-06-01,765,Median Price Established Houses ;  Hobart ;,A83728565A,House Prices,$'000,Quarter
2022-09-01,720,Median Price Established Houses ;  Hobart ;,A83728565A,House Prices,$'000,Quarter
2022-12-01,731.5,Median Price Established Houses ;  Hobart ;,A83728565A,House Prices,$'000,Quarter
2023-03-01,705,Median Price Established Houses ;  Hobart ;,A83728565A,House Prices,$'000,Quarter
2023-06-01,696.5,Median Price Established Houses ;  Hobart ;,A83728565A,House Prices,$'000,Quarter
2023-09-01,695,Median Price Established Houses ;  Hobart ;,A83728565A,House Prices,$'000,Quarter
2023-12-01,715,Median Price Established Houses ;  Hobart ;,A83728565A,House Prices,$'000,Quarter
2024-03-01,705,Median Price Established Houses ;  Hobart ;,A83728565A,House Prices,$'000,Quarter
2024-06-01,690,Median Price Established Houses ;  Hobart ;,A83728565A,House Prices,$'000,Quarter
2024-09-01,700,Median Price Established Houses ;  Hobart ;,A83728565A,House Prices,$'000,Quarter
2024-12-01,715,Median Price Established Houses ;  Hobart ;,A83728565A,House Prices,$'000,Quarter
2025-03-01,717,Median Price Established Houses ;  Hobart ;,A83728565A,House Prices,$'000,Quarter
2025-06-01,715,Median Price Established Houses ;  Hobart ;,A83728565A,House Prices,$'000,Quarter
2025-09-01,722.5,Median Price Established Houses ;  Hobart ;,A83728565A,House Prices,$'000,Quarter
2025-12-01,750,Median Price Established Houses ;  Hobart ;,A83728565A,House Prices,$'000,Quarter
2026-03-01,750,Median Price Established Houses ;  Hobart ;,A83728565A,House Prices,$'000,Quarter
2026-06-01,750,Median Price Established Houses ;  Hobart ;,A83728565A,House Prices,$'000,Quarter
2002-03-01,241,Median Price Established Houses ;  Melbourne ;,A83728549A,House Prices,$'000,Quarter
2002-06-01,260,Median Price Established Houses ;  Melbourne ;,A83728549A,House Prices,$'000,Quarter
2002-09-01,265,Median Price Established Houses ;  Melbourne ;,A83728549A,House Prices,$'000,Quarter
2002-12-01,280,Median Price Established Houses ;  Melbourne ;,A83728549A,House Prices,$'000,Quarter
2003-03-01,270,Median Price Established Houses ;  Melbourne ;,A83728549A,House Prices,$'000,Quarter
2003-06-01,287.5,Median Price Established Houses ;  Melbourne ;,A83728549A,House Prices,$'000,Quarter
2003-09-01,295,Median Price Established Houses ;  Melbourne ;,A83728549A,House Prices,$'000,Quarter
2003-12-01,320,Median Price Established Houses ;  Melbourne ;,A83728549A,House Prices,$'000,Quarter
2004-03-01,305,Median Price Established Houses ;  Melbourne ;,A83728549A,House Prices,$'000,Quarter
2004-06-01,307.5,Median Price Established Houses ;  Melbourne ;,A83728549A,House Prices,$'000,Quarter
2004-09-01,302,Median Price Established Houses ;  Melbourne ;,A83728549A,House Prices,$'000,Quarter
2004-12-01,321,Median Price Established Houses ;  Melbourne ;,A83728549A,House Prices,$'000,Quarter
2005-03-01,310,Median Price Established Houses ;  Melbourne ;,A83728549A,House Prices,$'000,Quarter
2005-06-01,320,Median Price Established Houses ;  Melbourne ;,A83728549A,House Prices,$'000,Quarter
2005-09-01,320,Median Price Established Houses ;  Melbourne ;,A83728549A,House Prices,$'000,Quarter
2005-12-01,332,Median Price Established Houses ;  Melbourne ;,A83728549A,House Prices,$'000,Quarter
2006-03-01,330,Median Price Established Houses ;  Melbourne ;,A83728549A,House Prices,$'000,Quarter
2006-06-01,345,Median Price Established Houses ;  Melbourne ;,A83728549A,House Prices,$'000,Quarter
2006-09-01,346,Median Price Established Houses ;  Melbourne ;,A83728549A,House Prices,$'000,Quarter
2006-12-01,360,Median Price Established Houses ;  Melbourne ;,A83728549A,House Prices,$'000,Quarter
2007-03-01,345,Median Price Established Houses ;  Melbourne ;,A83728549A,House Prices,$'000,Quarter
2007-06-01,362,Median Price Established Houses ;  Melbourne ;,A83728549A,House Prices,$'000,Quarter
2007-09-01,370,Median Price Established Houses ;  Melbourne ;,A83728549A,House Prices,$'000,Quarter
2007-12-01,410,Median Price Established Houses ;  Melbourne ;,A83728549A,House Prices,$'000,Quarter
2008-03-01,385,Median Price Established Houses ;  Melbourne ;,A83728549A,House Prices,$'000,Quarter
2008-06-01,400,Median Price Established Houses ;  Melbourne ;,A83728549A,House Prices,$'000,Quarter
2008-09-01,385,Median Price Established Houses ;  Melbourne ;,A83728549A,House Prices,$'000,Quarter
2008-12-01,385,Median Price Established Houses ;  Melbourne ;,A83728549A,House Prices,$'000,Quarter
2009-03-01,375,Median Price Established Houses ;  Melbourne ;,A83728549A,House Prices,$'000,Quarter
2009-06-01,400,Median Price Established Houses ;  Melbourne ;,A83728549A,House Prices,$'000,Quarter
2009-09-01,422,Median Price Established Houses ;  Melbourne ;,A83728549A,House Prices,$'000,Quarter
2009-12-01,477.5,Median Price Established Houses ;  Melbourne ;,A83728549A,House Prices,$'000,Quarter
2010-03-01,468,Median Price Established Houses ;  Melbourne ;,A83728549A,House Prices,$'000,Quarter
2010-06-01,500,Median Price Established Houses ;  Melbourne ;,A83728549A,House Prices,$'000,Quarter
2010-09-01,488.3,Median Price Established Houses ;  Melbourne ;,A83728549A,House Prices,$'000,Quarter
2010-12-01,520,Median Price Established Houses ;  Melbourne ;,A83728549A,House Prices,$'000,Quarter
2011-03-01,485,Median Price Established Houses ;  Melbourne ;,A83728549A,House Prices,$'000,Quarter
2011-06-01,502.5,Median Price Established Houses ;  Melbourne ;,A83728549A,House Prices,$'000,Quarter
2011-09-01,487,Median Price Established Houses ;  Melbourne ;,A83728549A,House Prices,$'000,Quarter
2011-12-01,495,Median Price Established Houses ;  Melbourne ;,A83728549A,House Prices,$'000,Quarter
2012-03-01,478,Median Price Established Houses ;  Melbourne ;,A83728549A,House Prices,$'000,Quarter
2012-06-01,485,Median Price Established Houses ;  Melbourne ;,A83728549A,House Prices,$'000,Quarter
2012-09-01,480,Median Price Established Houses ;  Melbourne ;,A83728549A,House Prices,$'000,Quarter
2012-12-01,508,Median Price Established Houses ;  Melbourne ;,A83728549A,House Prices,$'000,Quarter
2013-03-01,486,Median Price Established Houses ;  Melbourne ;,A83728549A,House Prices,$'000,Quarter
2013-06-01,500,Median Price Established Houses ;  Melbourne ;,A83728549A,House Prices,$'000,Quarter
2013-09-01,520,Median Price Established Houses ;  Melbourne ;,A83728549A,House Prices,$'000,Quarter
2013-12-01,561,Median Price Established Houses ;  Melbourne ;,A83728549A,House Prices,$'000,Quarter
2014-03-01,504,Median Price Established Houses ;  Melbourne ;,A83728549A,House Prices,$'000,Quarter
2014-06-01,528.9,Median Price Established Houses ;  Melbourne ;,A83728549A,House Prices,$'000,Quarter
2014-09-01,505,Median Price Established Houses ;  Melbourne ;,A83728549A,House Prices,$'000,Quarter
2014-12-01,552.5,Median Price Established Houses ;  Melbourne ;,A83728549A,House Prices,$'000,Quarter
2015-03-01,525,Median Price Established Houses ;  Melbourne ;,A83728549A,House Prices,$'000,Quarter
2015-06-01,561,Median Price Established Houses ;  Melbourne ;,A83728549A,House Prices,$'000,Quarter
2015-09-01,580,Median Price Established Houses ;  Melbourne ;,A83728549A,House Prices,$'000,Quarter
2015-12-01,612.3,Median Price Established Houses ;  Melbourne ;,A83728549A,House Prices,$'000,Quarter
2016-03-01,568,Median Price Established Houses ;  Melbourne ;,A83728549A,House Prices,$'000,Quarter
2016-06-01,610,Median Price Established Houses ;  Melbourne ;,A83728549A,House Prices,$'000,Quarter
2016-09-01,605,Median Price Established Houses ;  Melbourne ;,A83728549A,House Prices,$'000,Quarter
2016-12-01,675,Median Price Established Houses ;  Melbourne ;,A83728549A,House Prices,$'000,Quarter
2017-03-01,657.5,Median Price Established Houses ;  Melbourne ;,A83728549A,House Prices,$'000,Quarter
2017-06-01,720,Median Price Established Houses ;  Melbourne ;,A83728549A,House Prices,$'000,Quarter
2017-09-01,692,Median Price Established Houses ;  Melbourne ;,A83728549A,House Prices,$'000,Quarter
2017-12-01,750,Median Price Established Houses ;  Melbourne ;,A83728549A,House Prices,$'000,Quarter
2018-03-01,731,Median Price Established Houses ;  Melbourne ;,A83728549A,House Prices,$'000,Quarter
2018-06-01,750,Median Price Established Houses ;  Melbourne ;,A83728549A,House Prices,$'000,Quarter
2018-09-01,720,Median Price Established Houses ;  Melbourne ;,A83728549A,House Prices,$'000,Quarter
2018-12-01,735,Median Price Established Houses ;  Melbourne ;,A83728549A,House Prices,$'000,Quarter
2019-03-01,685,Median Price Established Houses ;  Melbourne ;,A83728549A,House Prices,$'000,Quarter
2019-06-01,700,Median Price Established Houses ;  Melbourne ;,A83728549A,House Prices,$'000,Quarter
2019-09-01,705,Median Price Established Houses ;  Melbourne ;,A83728549A,House Prices,$'000,Quarter
2019-12-01,760,Median Price Established Houses ;  Melbourne ;,A83728549A,House Prices,$'000,Quarter
2020-03-01,730,Median Price Established Houses ;  Melbourne ;,A83728549A,House Prices,$'000,Quarter
2020-06-01,720,Median Price Established Houses ;  Melbourne ;,A83728549A,House Prices,$'000,Quarter
2020-09-01,710,Median Price Established Houses ;  Melbourne ;,A83728549A,House Prices,$'000,Quarter
2020-12-01,760,Median Price Established Houses ;  Melbourne ;,A83728549A,House Prices,$'000,Quarter
2021-03-01,800,Median Price Established Houses ;  Melbourne ;,A83728549A,House Prices,$'000,Quarter
2021-06-01,830,Median Price Established Houses ;  Melbourne ;,A83728549A,House Prices,$'000,Quarter
2021-09-01,840,Median Price Established Houses ;  Melbourne ;,A83728549A,House Prices,$'000,Quarter
2021-12-01,940,Median Price Established Houses ;  Melbourne ;,A83728549A,House Prices,$'000,Quarter
2022-03-01,888,Median Price Established Houses ;  Melbourne ;,A83728549A,House Prices,$'000,Quarter
2022-06-01,900,Median Price Established Houses ;  Melbourne ;,A83728549A,House Prices,$'000,Quarter
2022-09-01,850,Median Price Established Houses ;  Melbourne ;,A83728549A,House Prices,$'000,Quarter
2022-12-01,875,Median Price Established Houses ;  Melbourne ;,A83728549A,House Prices,$'000,Quarter
2023-03-01,835,Median Price Established Houses ;  Melbourne ;,A83728549A,House Prices,$'000,Quarter
2023-06-01,840.3,Median Price Established Houses ;  Melbourne ;,A83728549A,House Prices,$'000,Quarter
2023-09-01,832,Median Price Established Houses ;  Melbourne ;,A83728549A,House Prices,$'000,Quarter
2023-12-01,865,Median Price Established Houses ;  Melbourne ;,A83728549A,House Prices,$'000,Quarter
2024-03-01,845,Median Price Established Houses ;  Melbourne ;,A83728549A,House Prices,$'000,Quarter
2024-06-01,842,Median Price Established Houses ;  Melbourne ;,A83728549A,House Prices,$'000,Quarter
2024-09-01,822.3,Median Price Established Houses ;  Melbourne ;,A83728549A,House Prices,$'000,Quarter
2024-12-01,850,Median Price Established Houses ;  Melbourne ;,A83728549A,House Prices,$'000,Quarter
2025-03-01,835,Median Price Established Houses ;  Melbourne ;,A83728549A,House Prices,$'000,Quarter
2025-06-01,840,Median Price Established Houses ;  Melbourne ;,A83728549A,House Prices,$'000,Quarter
2025-09-01,845,Median Price Established Houses ;  Melbourne ;,A83728549A,House Prices,$'000,Quarter
2025-12-01,895,Median Price Established Houses ;  Melbourne ;,A83728549A,House Prices,$'000,Quarter
2026-03-01,875,Median Price Established Houses ;  Melbourne ;,A83728549A,House Prices,$'000,Quarter
2026-06-01,850,Median Price Established Houses ;  Melbourne ;,A83728549A,House Prices,$'000,Quarter
2002-03-01,190,Median Price Established Houses ;  Perth ;,A83728561T,House Prices,$'000,Quarter
2002-06-01,190,Median Price Established Houses ;  Perth ;,A83728561T,House Prices,$'000,Quarter
2002-09-01,195,Median Price Established Houses ;  Perth ;,A83728561T,House Prices,$'000,Quarter
2002-12-01,206,Median Price Established Houses ;  Perth ;,A83728561T,House Prices,$'000,Quarter
2003-03-01,216,Median Price Established Houses ;  Perth ;,A83728561T,House Prices,$'000,Quarter
2003-06-01,225,Median Price Established Houses ;  Perth ;,A83728561T,House Prices,$'000,Quarter
2003-09-01,236,Median Price Established Houses ;  Perth ;,A83728561T,House Prices,$'000,Quarter
2003-12-01,250,Median Price Established Houses ;  Perth ;,A83728561T,House Prices,$'000,Quarter
2004-03-01,255,Median Price Established Houses ;  Perth ;,A83728561T,House Prices,$'000,Quarter
2004-06-01,262,Median Price Established Houses ;  Perth ;,A83728561T,House Prices,$'000,Quarter
2004-09-01,259,Median Price Established Houses ;  Perth ;,A83728561T,House Prices,$'000,Quarter
2004-12-01,280,Median Price Established Houses ;  Perth ;,A83728561T,House Prices,$'000,Quarter
2005-03-01,290,Median Price Established Houses ;  Perth ;,A83728561T,House Prices,$'000,Quarter
2005-06-01,300,Median Price Established Houses ;  Perth ;,A83728561T,House Prices,$'000,Quarter
2005-09-01,315,Median Price Established Houses ;  Perth ;,A83728561T,House Prices,$'000,Quarter
2005-12-01,340,Median Price Established Houses ;  Perth ;,A83728561T,House Prices,$'000,Quarter
2006-03-01,370,Median Price Established Houses ;  Perth ;,A83728561T,House Prices,$'000,Quarter
2006-06-01,415,Median Price Established Houses ;  Perth ;,A83728561T,House Prices,$'000,Quarter
2006-09-01,450,Median Price Established Houses ;  Perth ;,A83728561T,House Prices,$'000,Quarter
2006-12-01,470,Median Price Established Houses ;  Perth ;,A83728561T,House Prices,$'000,Quarter
2007-03-01,475,Median Price Established Houses ;  Perth ;,A83728561T,House Prices,$'000,Quarter
2007-06-01,465,Median Price Established Houses ;  Perth ;,A83728561T,House Prices,$'000,Quarter
2007-09-01,475,Median Price Established Houses ;  Perth ;,A83728561T,House Prices,$'000,Quarter
2007-12-01,480,Median Price Established Houses ;  Perth ;,A83728561T,House Prices,$'000,Quarter
2008-03-01,470,Median Price Established Houses ;  Perth ;,A83728561T,House Prices,$'000,Quarter
2008-06-01,455,Median Price Established Houses ;  Perth ;,A83728561T,House Prices,$'000,Quarter
2008-09-01,440,Median Price Established Houses ;  Perth ;,A83728561T,House Prices,$'000,Quarter
2008-12-01,425,Median Price Established Houses ;  Perth ;,A83728561T,House Prices,$'000,Quarter
2009-03-01,439,Median Price Established Houses ;  Perth ;,A83728561T,House Prices,$'000,Quarter
2009-06-01,455,Median Price Established Houses ;  Perth ;,A83728561T,House Prices,$'000,Quarter
2009-09-01,473,Median Price Established Houses ;  Perth ;,A83728561T,House Prices,$'000,Quarter
2009-12-01,505,Median Price Established Houses ;  Perth ;,A83728561T,House Prices,$'000,Quarter
2010-03-01,518,Median Price Established Houses ;  Perth ;,A83728561T,House Prices,$'000,Quarter
2010-06-01,510,Median Price Established Houses ;  Perth ;,A83728561T,House Prices,$'000,Quarter
2010-09-01,500,Median Price Established Houses ;  Perth ;,A83728561T,House Prices,$'000,Quarter
2010-12-01,500,Median Price Established Houses ;  Perth ;,A83728561T,House Prices,$'000,Quarter
2011-03-01,500,Median Price Established Houses ;  Perth ;,A83728561T,House Prices,$'000,Quarter
2011-06-01,485,Median Price Established Houses ;  Perth ;,A83728561T,House Prices,$'000,Quarter
2011-09-01,470,Median Price Established Houses ;  Perth ;,A83728561T,House Prices,$'000,Quarter
2011-12-01,480,Median Price Established Houses ;  Perth ;,A83728561T,House Prices,$'000,Quarter
2012-03-01,489.5,Median Price Established Houses ;  Perth ;,A83728561T,House Prices,$'000,Quarter
2012-06-01,499,Median Price Established Houses ;  Perth ;,A83728561T,House Prices,$'000,Quarter
2012-09-01,495,Median Price Established Houses ;  Perth ;,A83728561T,House Prices,$'000,Quarter
2012-12-01,510,Median Price Established Houses ;  Perth ;,A83728561T,House Prices,$'000,Quarter
2013-03-01,520,Median Price Established Houses ;  Perth ;,A83728561T,House Prices,$'000,Quarter
2013-06-01,529,Median Price Established Houses ;  Perth ;,A83728561T,House Prices,$'000,Quarter
2013-09-01,520,Median Price Established Houses ;  Perth ;,A83728561T,House Prices,$'000,Quarter
2013-12-01,552,Median Price Established Houses ;  Perth ;,A83728561T,House Prices,$'000,Quarter
2014-03-01,530.5,Median Price Established Houses ;  Perth ;,A83728561T,House Prices,$'000,Quarter
2014-06-01,525,Median Price Established Houses ;  Perth ;,A83728561T,House Prices,$'000,Quarter
2014-09-01,530,Median Price Established Houses ;  Perth ;,A83728561T,House Prices,$'000,Quarter
2014-12-01,531,Median Price Established Houses ;  Perth ;,A83728561T,House Prices,$'000,Quarter
2015-03-01,536.5,Median Price Established Houses ;  Perth ;,A83728561T,House Prices,$'000,Quarter
2015-06-01,537,Median Price Established Houses ;  Perth ;,A83728561T,House Prices,$'000,Quarter
2015-09-01,520,Median Price Established Houses ;  Perth ;,A83728561T,House Prices,$'000,Quarter
2015-12-01,525,Median Price Established Houses ;  Perth ;,A83728561T,House Prices,$'000,Quarter
2016-03-01,518,Median Price Established Houses ;  Perth ;,A83728561T,House Prices,$'000,Quarter
2016-06-01,520,Median Price Established Houses ;  Perth ;,A83728561T,House Prices,$'000,Quarter
2016-09-01,510,Median Price Established Houses ;  Perth ;,A83728561T,House Prices,$'000,Quarter
2016-12-01,525,Median Price Established Houses ;  Perth ;,A83728561T,House Prices,$'000,Quarter
2017-03-01,510,Median Price Established Houses ;  Perth ;,A83728561T,House Prices,$'000,Quarter
2017-06-01,506,Median Price Established Houses ;  Perth ;,A83728561T,House Prices,$'000,Quarter
2017-09-01,500,Median Price Established Houses ;  Perth ;,A83728561T,House Prices,$'000,Quarter
2017-12-01,515,Median Price Established Houses ;  Perth ;,A83728561T,House Prices,$'000,Quarter
2018-03-01,510,Median Price Established Houses ;  Perth ;,A83728561T,House Prices,$'000,Quarter
2018-06-01,510,Median Price Established Houses ;  Perth ;,A83728561T,House Prices,$'000,Quarter
2018-09-01,485,Median Price Established Houses ;  Perth ;,A83728561T,House Prices,$'000,Quarter
2018-12-01,489,Median Price Established Houses ;  Perth ;,A83728561T,House Prices,$'000,Quarter
2019-03-01,490,Median Price Established Houses ;  Perth ;,A83728561T,House Prices,$'000,Quarter
2019-06-01,480,Median Price Established Houses ;  Perth ;,A83728561T,House Prices,$'000,Quarter
2019-09-01,478,Median Price Established Houses ;  Perth ;,A83728561T,House Prices,$'000,Quarter
2019-12-01,495,Median Price Established Houses ;  Perth ;,A83728561T,House Prices,$'000,Quarter
2020-03-01,477.5,Median Price Established Houses ;  Perth ;,A83728561T,House Prices,$'000,Quarter
2020-06-01,475,Median Price Established Houses ;  Perth ;,A83728561T,House Prices,$'000,Quarter
2020-09-01,495,Median Price Established Houses ;  Perth ;,A83728561T,House Prices,$'000,Quarter
2020-12-01,528,Median Price Established Houses ;  Perth ;,A83728561T,House Prices,$'000,Quarter
2021-03-01,535,Median Price Established Houses ;  Perth ;,A83728561T,House Prices,$'000,Quarter
2021-06-01,540,Median Price Established Houses ;  Perth ;,A83728561T,House Prices,$'000,Quarter
2021-09-01,525,Median Price Established Houses ;  Perth ;,A83728561T,House Prices,$'000,Quarter
2021-12-01,558.8,Median Price Established Houses ;  Perth ;,A83728561T,House Prices,$'000,Quarter
2022-03-01,550,Median Price Established Houses ;  Perth ;,A83728561T,House Prices,$'000,Quarter
2022-06-01,565,Median Price Established Houses ;  Perth ;,A83728561T,House Prices,$'000,Quarter
2022-09-01,555,Median Price Established Houses ;  Perth ;,A83728561T,House Prices,$'000,Quarter
2022-12-01,580,Median Price Established Houses ;  Perth ;,A83728561T,House Prices,$'000,Quarter
2023-03-01,578,Median Price Established Houses ;  Perth ;,A83728561T,House Prices,$'000,Quarter
2023-06-01,600,Median Price Established Houses ;  Perth ;,A83728561T,House Prices,$'000,Quarter
2023-09-01,600,Median Price Established Houses ;  Perth ;,A83728561T,House Prices,$'000,Quarter
2023-12-01,660,Median Price Established Houses ;  Perth ;,A83728561T,House Prices,$'000,Quarter
2024-03-01,699.5,Median Price Established Houses ;  Perth ;,A83728561T,House Prices,$'000,Quarter
2024-06-01,755,Median Price Established Houses ;  Perth ;,A83728561T,House Prices,$'000,Quarter
2024-09-01,780,Median Price Established Houses ;  Perth ;,A83728561T,House Prices,$'000,Quarter
2024-12-01,820,Median Price Established Houses ;  Perth ;,A83728561T,House Prices,$'000,Quarter
2025-03-01,820,Median Price Established Houses ;  Perth ;,A83728561T,House Prices,$'000,Quarter
2025-06-01,850,Median Price Established Houses ;  Perth ;,A83728561T,House Prices,$'000,Quarter
2025-09-01,874,Median Price Established Houses ;  Perth ;,A83728561T,House Prices,$'000,Quarter
2025-12-01,960,Median Price Established Houses ;  Perth ;,A83728561T,House Prices,$'000,Quarter
2026-03-01,1005,Median Price Established Houses ;  Perth ;,A83728561T,House Prices,$'000,Quarter
2026-06-01,1010,Median Price Established Houses ;  Perth ;,A83728561T,House Prices,$'000,Quarter
2003-09-01,247.3,Median Price Established Houses ;  Rest of NSW ;,A83728577K,House Prices,$'000,Quarter
2003-12-01,255,Median Price Established Houses ;  Rest of NSW ;,A83728577K,House Prices,$'000,Quarter
2004-03-01,265,Median Price Established Houses ;  Rest of NSW ;,A83728577K,House Prices,$'000,Quarter
2004-06-01,270,Median Price Established Houses ;  Rest of NSW ;,A83728577K,House Prices,$'000,Quarter
2004-09-01,275,Median Price Established Houses ;  Rest of NSW ;,A83728577K,House Prices,$'000,Quarter
2004-12-01,278,Median Price Established Houses ;  Rest of NSW ;,A83728577K,House Prices,$'000,Quarter
2005-03-01,280,Median Price Established Houses ;  Rest of NSW ;,A83728577K,House Prices,$'000,Quarter
2005-06-01,280,Median Price Established Houses ;  Rest of NSW ;,A83728577K,House Prices,$'000,Quarter
2005-09-01,280,Median Price Established Houses ;  Rest of NSW ;,A83728577K,House Prices,$'000,Quarter
2005-12-01,285,Median Price Established Houses ;  Rest of NSW ;,A83728577K,House Prices,$'000,Quarter
2006-03-01,290,Median Price Established Houses ;  Rest of NSW ;,A83728577K,House Prices,$'000,Quarter
2006-06-01,290,Median Price Established Houses ;  Rest of NSW ;,A83728577K,House Prices,$'000,Quarter
2006-09-01,285,Median Price Established Houses ;  Rest of NSW ;,A83728577K,House Prices,$'000,Quarter
2006-12-01,290,Median Price Established Houses ;  Rest of NSW ;,A83728577K,House Prices,$'000,Quarter
2007-03-01,300,Median Price Established Houses ;  Rest of NSW ;,A83728577K,House Prices,$'000,Quarter
2007-06-01,300,Median Price Established Houses ;  Rest of NSW ;,A83728577K,House Prices,$'000,Quarter
2007-09-01,300,Median Price Established Houses ;  Rest of NSW ;,A83728577K,House Prices,$'000,Quarter
2007-12-01,310,Median Price Established Houses ;  Rest of NSW ;,A83728577K,House Prices,$'000,Quarter
2008-03-01,308,Median Price Established Houses ;  Rest of NSW ;,A83728577K,House Prices,$'000,Quarter
2008-06-01,305,Median Price Established Houses ;  Rest of NSW ;,A83728577K,House Prices,$'000,Quarter
2008-09-01,297.5,Median Price Established Houses ;  Rest of NSW ;,A83728577K,House Prices,$'000,Quarter
2008-12-01,290,Median Price Established Houses ;  Rest of NSW ;,A83728577K,House Prices,$'000,Quarter
2009-03-01,300,Median Price Established Houses ;  Rest of NSW ;,A83728577K,House Prices,$'000,Quarter
2009-06-01,300,Median Price Established Houses ;  Rest of NSW ;,A83728577K,House Prices,$'000,Quarter
2009-09-01,310,Median Price Established Houses ;  Rest of NSW ;,A83728577K,House Prices,$'000,Quarter
2009-12-01,340,Median Price Established Houses ;  Rest of NSW ;,A83728577K,House Prices,$'000,Quarter
2010-03-01,340,Median Price Established Houses ;  Rest of NSW ;,A83728577K,House Prices,$'000,Quarter
2010-06-01,340,Median Price Established Houses ;  Rest of NSW ;,A83728577K,House Prices,$'000,Quarter
2010-09-01,340,Median Price Established Houses ;  Rest of NSW ;,A83728577K,House Prices,$'000,Quarter
2010-12-01,340,Median Price Established Houses ;  Rest of NSW ;,A83728577K,House Prices,$'000,Quarter
2011-03-01,345,Median Price Established Houses ;  Rest of NSW ;,A83728577K,House Prices,$'000,Quarter
2011-06-01,342,Median Price Established Houses ;  Rest of NSW ;,A83728577K,House Prices,$'000,Quarter
2011-09-01,335,Median Price Established Houses ;  Rest of NSW ;,A83728577K,House Prices,$'000,Quarter
2011-12-01,330,Median Price Established Houses ;  Rest of NSW ;,A83728577K,House Prices,$'000,Quarter
2012-03-01,345,Median Price Established Houses ;  Rest of NSW ;,A83728577K,House Prices,$'000,Quarter
2012-06-01,346,Median Price Established Houses ;  Rest of NSW ;,A83728577K,House Prices,$'000,Quarter
2012-09-01,335,Median Price Established Houses ;  Rest of NSW ;,A83728577K,House Prices,$'000,Quarter
2012-12-01,360,Median Price Established Houses ;  Rest of NSW ;,A83728577K,House Prices,$'000,Quarter
2013-03-01,357.5,Median Price Established Houses ;  Rest of NSW ;,A83728577K,House Prices,$'000,Quarter
2013-06-01,355,Median Price Established Houses ;  Rest of NSW ;,A83728577K,House Prices,$'000,Quarter
2013-09-01,350,Median Price Established Houses ;  Rest of NSW ;,A83728577K,House Prices,$'000,Quarter
2013-12-01,370,Median Price Established Houses ;  Rest of NSW ;,A83728577K,House Prices,$'000,Quarter
2014-03-01,362,Median Price Established Houses ;  Rest of NSW ;,A83728577K,House Prices,$'000,Quarter
2014-06-01,368,Median Price Established Houses ;  Rest of NSW ;,A83728577K,House Prices,$'000,Quarter
2014-09-01,368.6,Median Price Established Houses ;  Rest of NSW ;,A83728577K,House Prices,$'000,Quarter
2014-12-01,380,Median Price Established Houses ;  Rest of NSW ;,A83728577K,House Prices,$'000,Quarter
2015-03-01,390,Median Price Established Houses ;  Rest of NSW ;,A83728577K,House Prices,$'000,Quarter
2015-06-01,395,Median Price Established Houses ;  Rest of NSW ;,A83728577K,House Prices,$'000,Quarter
2015-09-01,410,Median Price Established Houses ;  Rest of NSW ;,A83728577K,House Prices,$'000,Quarter
2015-12-01,412,Median Price Established Houses ;  Rest of NSW ;,A83728577K,House Prices,$'000,Quarter
2016-03-01,415,Median Price Established Houses ;  Rest of NSW ;,A83728577K,House Prices,$'000,Quarter
2016-06-01,425,Median Price Established Houses ;  Rest of NSW ;,A83728577K,House Prices,$'000,Quarter
2016-09-01,430.5,Median Price Established Houses ;  Rest of NSW ;,A83728577K,House Prices,$'000,Quarter
2016-12-01,445,Median Price Established Houses ;  Rest of NSW ;,A83728577K,House Prices,$'000,Quarter
2017-03-01,455,Median Price Established Houses ;  Rest of NSW ;,A83728577K,House Prices,$'000,Quarter
2017-06-01,460,Median Price Established Houses ;  Rest of NSW ;,A83728577K,House Prices,$'000,Quarter
2017-09-01,460,Median Price Established Houses ;  Rest of NSW ;,A83728577K,House Prices,$'000,Quarter
2017-12-01,471.5,Median Price Established Houses ;  Rest of NSW ;,A83728577K,House Prices,$'000,Quarter
2018-03-01,480,Median Price Established Houses ;  Rest of NSW ;,A83728577K,House Prices,$'000,Quarter
2018-06-01,480,Median Price Established Houses ;  Rest of NSW ;,A83728577K,House Prices,$'000,Quarter
2018-09-01,475,Median Price Established Houses ;  Rest of NSW ;,A83728577K,House Prices,$'000,Quarter
2018-12-01,464.8,Median Price Established Houses ;  Rest of NSW ;,A83728577K,House Prices,$'000,Quarter
2019-03-01,462,Median Price Established Houses ;  Rest of NSW ;,A83728577K,House Prices,$'000,Quarter
2019-06-01,470,Median Price Established Houses ;  Rest of NSW ;,A83728577K,House Prices,$'000,Quarter
2019-09-01,475,Median Price Established Houses ;  Rest of NSW ;,A83728577K,House Prices,$'000,Quarter
2019-12-01,500,Median Price Established Houses ;  Rest of NSW ;,A83728577K,House Prices,$'000,Quarter
2020-03-01,490,Median Price Established Houses ;  Rest of NSW ;,A83728577K,House Prices,$'000,Quarter
2020-06-01,490,Median Price Established Houses ;  Rest of NSW ;,A83728577K,House Prices,$'000,Quarter
2020-09-01,510,Median Price Established Houses ;  Rest of NSW ;,A83728577K,House Prices,$'000,Quarter
2020-12-01,541,Median Price Established Houses ;  Rest of NSW ;,A83728577K,House Prices,$'000,Quarter
2021-03-01,560,Median Price Established Houses ;  Rest of NSW ;,A83728577K,House Prices,$'000,Quarter
2021-06-01,590,Median Price Established Houses ;  Rest of NSW ;,A83728577K,House Prices,$'000,Quarter
2021-09-01,625,Median Price Established Houses ;  Rest of NSW ;,A83728577K,House Prices,$'000,Quarter
2021-12-01,685,Median Price Established Houses ;  Rest of NSW ;,A83728577K,House Prices,$'000,Quarter
2022-03-01,702,Median Price Established Houses ;  Rest of NSW ;,A83728577K,House Prices,$'000,Quarter
2022-06-01,700,Median Price Established Houses ;  Rest of NSW ;,A83728577K,House Prices,$'000,Quarter
2022-09-01,690,Median Price Established Houses ;  Rest of NSW ;,A83728577K,House Prices,$'000,Quarter
2022-12-01,700,Median Price Established Houses ;  Rest of NSW ;,A83728577K,House Prices,$'000,Quarter
2023-03-01,700,Median Price Established Houses ;  Rest of NSW ;,A83728577K,House Prices,$'000,Quarter
2023-06-01,710,Median Price Established Houses ;  Rest of NSW ;,A83728577K,House Prices,$'000,Quarter
2023-09-01,718,Median Price Established Houses ;  Rest of NSW ;,A83728577K,House Prices,$'000,Quarter
2023-12-01,720,Median Price Established Houses ;  Rest of NSW ;,A83728577K,House Prices,$'000,Quarter
2024-03-01,748,Median Price Established Houses ;  Rest of NSW ;,A83728577K,House Prices,$'000,Quarter
2024-06-01,750,Median Price Established Houses ;  Rest of NSW ;,A83728577K,House Prices,$'000,Quarter
2024-09-01,745,Median Price Established Houses ;  Rest of NSW ;,A83728577K,House Prices,$'000,Quarter
2024-12-01,760,Median Price Established Houses ;  Rest of NSW ;,A83728577K,House Prices,$'000,Quarter
2025-03-01,764.5,Median Price Established Houses ;  Rest of NSW ;,A83728577K,House Prices,$'000,Quarter
2025-06-01,771,Median Price Established Houses ;  Rest of NSW ;,A83728577K,House Prices,$'000,Quarter
2025-09-01,782.5,Median Price Established Houses ;  Rest of NSW ;,A83728577K,House Prices,$'000,Quarter
2025-12-01,810,Median Price Established Houses ;  Rest of NSW ;,A83728577K,House Prices,$'000,Quarter
2026-03-01,830,Median Price Established Houses ;  Rest of NSW ;,A83728577K,House Prices,$'000,Quarter
2026-06-01,810,Median Price Established Houses ;  Rest of NSW ;,A83728577K,House Prices,$'000,Quarter
2003-09-01,195,Median Price Established Houses ;  Rest of NT ;,A83728601X,House Prices,$'000,Quarter
2003-12-01,204.5,Median Price Established Houses ;  Rest of NT ;,A83728601X,House Prices,$'000,Quarter
2004-03-01,217.8,Median Price Established Houses ;  Rest of NT ;,A83728601X,House Prices,$'000,Quarter
2004-06-01,215,Median Price Established Houses ;  Rest of NT ;,A83728601X,House Prices,$'000,Quarter
2004-09-01,227.5,Median Price Established Houses ;  Rest of NT ;,A83728601X,House Prices,$'000,Quarter
2004-12-01,227,Median Price Established Houses ;  Rest of NT ;,A83728601X,House Prices,$'000,Quarter
2005-03-01,231,Median Price Established Houses ;  Rest of NT ;,A83728601X,House Prices,$'000,Quarter
2005-06-01,230,Median Price Established Houses ;  Rest of NT ;,A83728601X,House Prices,$'000,Quarter
2005-09-01,232,Median Price Established Houses ;  Rest of NT ;,A83728601X,House Prices,$'000,Quarter
2005-12-01,246,Median Price Established Houses ;  Rest of NT ;,A83728601X,House Prices,$'000,Quarter
2006-03-01,215,Median Price Established Houses ;  Rest of NT ;,A83728601X,House Prices,$'000,Quarter
2006-06-01,240,Median Price Established Houses ;  Rest of NT ;,A83728601X,House Prices,$'000,Quarter
2006-09-01,247.5,Median Price Established Houses ;  Rest of NT ;,A83728601X,House Prices,$'000,Quarter
2006-12-01,260,Median Price Established Houses ;  Rest of NT ;,A83728601X,House Prices,$'000,Quarter
2007-03-01,250,Median Price Established Houses ;  Rest of NT ;,A83728601X,House Prices,$'000,Quarter
2007-06-01,278.8,Median Price Established Houses ;  Rest of NT ;,A83728601X,House Prices,$'000,Quarter
2007-09-01,270,Median Price Established Houses ;  Rest of NT ;,A83728601X,House Prices,$'000,Quarter
2007-12-01,289,Median Price Established Houses ;  Rest of NT ;,A83728601X,House Prices,$'000,Quarter
2008-03-01,285,Median Price Established Houses ;  Rest of NT ;,A83728601X,House Prices,$'000,Quarter
2008-06-01,285,Median Price Established Houses ;  Rest of NT ;,A83728601X,House Prices,$'000,Quarter
2008-09-01,285,Median Price Established Houses ;  Rest of NT ;,A83728601X,House Prices,$'000,Quarter
2008-12-01,296.8,Median Price Established Houses ;  Rest of NT ;,A83728601X,House Prices,$'000,Quarter
2009-03-01,321,Median Price Established Houses ;  Rest of NT ;,A83728601X,House Prices,$'000,Quarter
2009-06-01,335,Median Price Established Houses ;  Rest of NT ;,A83728601X,House Prices,$'000,Quarter
2009-09-01,345,Median Price Established Houses ;  Rest of NT ;,A83728601X,House Prices,$'000,Quarter
2009-12-01,368,Median Price Established Houses ;  Rest of NT ;,A83728601X,House Prices,$'000,Quarter
2010-03-01,364,Median Price Established Houses ;  Rest of NT ;,A83728601X,House Prices,$'000,Quarter
2010-06-01,395,Median Price Established Houses ;  Rest of NT ;,A83728601X,House Prices,$'000,Quarter
2010-09-01,421.5,Median Price Established Houses ;  Rest of NT ;,A83728601X,House Prices,$'000,Quarter
2010-12-01,435,Median Price Established Houses ;  Rest of NT ;,A83728601X,House Prices,$'000,Quarter
2011-03-01,430,Median Price Established Houses ;  Rest of NT ;,A83728601X,House Prices,$'000,Quarter
2011-06-01,400,Median Price Established Houses ;  Rest of NT ;,A83728601X,House Prices,$'000,Quarter
2011-09-01,397,Median Price Established Houses ;  Rest of NT ;,A83728601X,House Prices,$'000,Quarter
2011-12-01,410,Median Price Established Houses ;  Rest of NT ;,A83728601X,House Prices,$'000,Quarter
2012-03-01,395,Median Price Established Houses ;  Rest of NT ;,A83728601X,House Prices,$'000,Quarter
2012-06-01,392.5,Median Price Established Houses ;  Rest of NT ;,A83728601X,House Prices,$'000,Quarter
2012-09-01,385.5,Median Price Established Houses ;  Rest of NT ;,A83728601X,House Prices,$'000,Quarter
2012-12-01,428,Median Price Established Houses ;  Rest of NT ;,A83728601X,House Prices,$'000,Quarter
2013-03-01,415,Median Price Established Houses ;  Rest of NT ;,A83728601X,House Prices,$'000,Quarter
2013-06-01,388,Median Price Established Houses ;  Rest of NT ;,A83728601X,House Prices,$'000,Quarter
2013-09-01,389.9,Median Price Established Houses ;  Rest of NT ;,A83728601X,House Prices,$'000,Quarter
2013-12-01,424,Median Price Established Houses ;  Rest of NT ;,A83728601X,House Prices,$'000,Quarter
2014-03-01,412.5,Median Price Established Houses ;  Rest of NT ;,A83728601X,House Prices,$'000,Quarter
2014-06-01,420,Median Price Established Houses ;  Rest of NT ;,A83728601X,House Prices,$'000,Quarter
2014-09-01,439,Median Price Established Houses ;  Rest of NT ;,A83728601X,House Prices,$'000,Quarter
2014-12-01,420,Median Price Established Houses ;  Rest of NT ;,A83728601X,House Prices,$'000,Quarter
2015-03-01,430,Median Price Established Houses ;  Rest of NT ;,A83728601X,House Prices,$'000,Quarter
2015-06-01,450,Median Price Established Houses ;  Rest of NT ;,A83728601X,House Prices,$'000,Quarter
2015-09-01,455,Median Price Established Houses ;  Rest of NT ;,A83728601X,House Prices,$'000,Quarter
2015-12-01,412.5,Median Price Established Houses ;  Rest of NT ;,A83728601X,House Prices,$'000,Quarter
2016-03-01,472.5,Median Price Established Houses ;  Rest of NT ;,A83728601X,House Prices,$'000,Quarter
2016-06-01,426,Median Price Established Houses ;  Rest of NT ;,A83728601X,House Prices,$'000,Quarter
2016-09-01,353.5,Median Price Established Houses ;  Rest of NT ;,A83728601X,House Prices,$'000,Quarter
2016-12-01,454.5,Median Price Established Houses ;  Rest of NT ;,A83728601X,House Prices,$'000,Quarter
2017-03-01,430.1,Median Price Established Houses ;  Rest of NT ;,A83728601X,House Prices,$'000,Quarter
2017-06-01,423.5,Median Price Established Houses ;  Rest of NT ;,A83728601X,House Prices,$'000,Quarter
2017-09-01,443,Median Price Established Houses ;  Rest of NT ;,A83728601X,House Prices,$'000,Quarter
2017-12-01,437.5,Median Price Established Houses ;  Rest of NT ;,A83728601X,House Prices,$'000,Quarter
2018-03-01,445,Median Price Established Houses ;  Rest of NT ;,A83728601X,House Prices,$'000,Quarter
2018-06-01,453.5,Median Price Established Houses ;  Rest of NT ;,A83728601X,House Prices,$'000,Quarter
2018-09-01,417,Median Price Established Houses ;  Rest of NT ;,A83728601X,House Prices,$'000,Quarter
2018-12-01,452.5,Median Price Established Houses ;  Rest of NT ;,A83728601X,House Prices,$'000,Quarter
2019-03-01,419.5,Median Price Established Houses ;  Rest of NT ;,A83728601X,House Prices,$'000,Quarter
2019-06-01,422.5,Median Price Established Houses ;  Rest of NT ;,A83728601X,House Prices,$'000,Quarter
2019-09-01,410,Median Price Established Houses ;  Rest of NT ;,A83728601X,House Prices,$'000,Quarter
2019-12-01,434.5,Median Price Established Houses ;  Rest of NT ;,A83728601X,House Prices,$'000,Quarter
2020-03-01,420,Median Price Established Houses ;  Rest of NT ;,A83728601X,House Prices,$'000,Quarter
2020-06-01,434.5,Median Price Established Houses ;  Rest of NT ;,A83728601X,House Prices,$'000,Quarter
2020-09-01,440,Median Price Established Houses ;  Rest of NT ;,A83728601X,House Prices,$'000,Quarter
2020-12-01,417.5,Median Price Established Houses ;  Rest of NT ;,A83728601X,House Prices,$'000,Quarter
2021-03-01,462,Median Price Established Houses ;  Rest of NT ;,A83728601X,House Prices,$'000,Quarter
2021-06-01,460,Median Price Established Houses ;  Rest of NT ;,A83728601X,House Prices,$'000,Quarter
2021-09-01,460,Median Price Established Houses ;  Rest of NT ;,A83728601X,House Prices,$'000,Quarter
2021-12-01,480,Median Price Established Houses ;  Rest of NT ;,A83728601X,House Prices,$'000,Quarter
2022-03-01,460,Median Price Established Houses ;  Rest of NT ;,A83728601X,House Prices,$'000,Quarter
2022-06-01,487,Median Price Established Houses ;  Rest of NT ;,A83728601X,House Prices,$'000,Quarter
2022-09-01,459.5,Median Price Established Houses ;  Rest of NT ;,A83728601X,House Prices,$'000,Quarter
2022-12-01,497,Median Price Established Houses ;  Rest of NT ;,A83728601X,House Prices,$'000,Quarter
2023-03-01,505.4,Median Price Established Houses ;  Rest of NT ;,A83728601X,House Prices,$'000,Quarter
2023-06-01,478,Median Price Established Houses ;  Rest of NT ;,A83728601X,House Prices,$'000,Quarter
2023-09-01,463.5,Median Price Established Houses ;  Rest of NT ;,A83728601X,House Prices,$'000,Quarter
2023-12-01,466.3,Median Price Established Houses ;  Rest of NT ;,A83728601X,House Prices,$'000,Quarter
2024-03-01,425,Median Price Established Houses ;  Rest of NT ;,A83728601X,House Prices,$'000,Quarter
2024-06-01,440,Median Price Established Houses ;  Rest of NT ;,A83728601X,House Prices,$'000,Quarter
2024-09-01,422.7,Median Price Established Houses ;  Rest of NT ;,A83728601X,House Prices,$'000,Quarter
2024-12-01,462.5,Median Price Established Houses ;  Rest of NT ;,A83728601X,House Prices,$'000,Quarter
2025-03-01,435,Median Price Established Houses ;  Rest of NT ;,A83728601X,House Prices,$'000,Quarter
2025-06-01,444.3,Median Price Established Houses ;  Rest of NT ;,A83728601X,House Prices,$'000,Quarter
2025-09-01,433,Median Price Established Houses ;  Rest of NT ;,A83728601X,House Prices,$'000,Quarter
2025-12-01,465,Median Price Established Houses ;  Rest of NT ;,A83728601X,House Prices,$'000,Quarter
2026-03-01,450,Median Price Established Houses ;  Rest of NT ;,A83728601X,House Prices,$'000,Quarter
2026-06-01,450,Median Price Established Houses ;  Rest of NT ;,A83728601X,House Prices,$'000,Quarter
2003-09-01,197,Median Price Established Houses ;  Rest of Qld. ;,A83728585K,House Prices,$'000,Quarter
2003-12-01,205,Median Price Established Houses ;  Rest of Qld. ;,A83728585K,House Prices,$'000,Quarter
2004-03-01,224,Median Price Established Houses ;  Rest of Qld. ;,A83728585K,House Prices,$'000,Quarter
2004-06-01,235,Median Price Established Houses ;  Rest of Qld. ;,A83728585K,House Prices,$'000,Quarter
2004-09-01,244,Median Price Established Houses ;  Rest of Qld. ;,A83728585K,House Prices,$'000,Quarter
2004-12-01,255,Median Price Established Houses ;  Rest of Qld. ;,A83728585K,House Prices,$'000,Quarter
2005-03-01,270,Median Price Established Houses ;  Rest of Qld. ;,A83728585K,House Prices,$'000,Quarter
2005-06-01,280,Median Price Established Houses ;  Rest of Qld. ;,A83728585K,House Prices,$'000,Quarter
2005-09-01,285,Median Price Established Houses ;  Rest of Qld. ;,A83728585K,House Prices,$'000,Quarter
2005-12-01,290,Median Price Established Houses ;  Rest of Qld. ;,A83728585K,House Prices,$'000,Quarter
2006-03-01,309,Median Price Established Houses ;  Rest of Qld. ;,A83728585K,House Prices,$'000,Quarter
2006-06-01,312.5,Median Price Established Houses ;  Rest of Qld. ;,A83728585K,House Prices,$'000,Quarter
2006-09-01,318.4,Median Price Established Houses ;  Rest of Qld. ;,A83728585K,House Prices,$'000,Quarter
2006-12-01,330,Median Price Established Houses ;  Rest of Qld. ;,A83728585K,House Prices,$'000,Quarter
2007-03-01,347,Median Price Established Houses ;  Rest of Qld. ;,A83728585K,House Prices,$'000,Quarter
2007-06-01,365,Median Price Established Houses ;  Rest of Qld. ;,A83728585K,House Prices,$'000,Quarter
2007-09-01,376,Median Price Established Houses ;  Rest of Qld. ;,A83728585K,House Prices,$'000,Quarter
2007-12-01,380,Median Price Established Houses ;  Rest of Qld. ;,A83728585K,House Prices,$'000,Quarter
2008-03-01,380,Median Price Established Houses ;  Rest of Qld. ;,A83728585K,House Prices,$'000,Quarter
2008-06-01,380,Median Price Established Houses ;  Rest of Qld. ;,A83728585K,House Prices,$'000,Quarter
2008-09-01,365,Median Price Established Houses ;  Rest of Qld. ;,A83728585K,House Prices,$'000,Quarter
2008-12-01,365,Median Price Established Houses ;  Rest of Qld. ;,A83728585K,House Prices,$'000,Quarter
2009-03-01,370,Median Price Established Houses ;  Rest of Qld. ;,A83728585K,House Prices,$'000,Quarter
2009-06-01,372.8,Median Price Established Houses ;  Rest of Qld. ;,A83728585K,House Prices,$'000,Quarter
2009-09-01,380,Median Price Established Houses ;  Rest of Qld. ;,A83728585K,House Prices,$'000,Quarter
2009-12-01,395,Median Price Established Houses ;  Rest of Qld. ;,A83728585K,House Prices,$'000,Quarter
2010-03-01,400,Median Price Established Houses ;  Rest of Qld. ;,A83728585K,House Prices,$'000,Quarter
2010-06-01,395,Median Price Established Houses ;  Rest of Qld. ;,A83728585K,House Prices,$'000,Quarter
2010-09-01,388,Median Price Established Houses ;  Rest of Qld. ;,A83728585K,House Prices,$'000,Quarter
2010-12-01,387.5,Median Price Established Houses ;  Rest of Qld. ;,A83728585K,House Prices,$'000,Quarter
2011-03-01,392.8,Median Price Established Houses ;  Rest of Qld. ;,A83728585K,House Prices,$'000,Quarter
2011-06-01,383,Median Price Established Houses ;  Rest of Qld. ;,A83728585K,House Prices,$'000,Quarter
2011-09-01,380,Median Price Established Houses ;  Rest of Qld. ;,A83728585K,House Prices,$'000,Quarter
2011-12-01,380,Median Price Established Houses ;  Rest of Qld. ;,A83728585K,House Prices,$'000,Quarter
2012-03-01,380,Median Price Established Houses ;  Rest of Qld. ;,A83728585K,House Prices,$'000,Quarter
2012-06-01,375,Median Price Established Houses ;  Rest of Qld. ;,A83728585K,House Prices,$'000,Quarter
2012-09-01,380,Median Price Established Houses ;  Rest of Qld. ;,A83728585K,House Prices,$'000,Quarter
2012-12-01,380,Median Price Established Houses ;  Rest of Qld. ;,A83728585K,House Prices,$'000,Quarter
2013-03-01,390,Median Price Established Houses ;  Rest of Qld. ;,A83728585K,House Prices,$'000,Quarter
2013-06-01,385.5,Median Price Established Houses ;  Rest of Qld. ;,A83728585K,House Prices,$'000,Quarter
2013-09-01,386.3,Median Price Established Houses ;  Rest of Qld. ;,A83728585K,House Prices,$'000,Quarter
2013-12-01,395,Median Price Established Houses ;  Rest of Qld. ;,A83728585K,House Prices,$'000,Quarter
2014-03-01,390,Median Price Established Houses ;  Rest of Qld. ;,A83728585K,House Prices,$'000,Quarter
2014-06-01,390,Median Price Established Houses ;  Rest of Qld. ;,A83728585K,House Prices,$'000,Quarter
2014-09-01,390,Median Price Established Houses ;  Rest of Qld. ;,A83728585K,House Prices,$'000,Quarter
2014-12-01,405,Median Price Established Houses ;  Rest of Qld. ;,A83728585K,House Prices,$'000,Quarter
2015-03-01,410,Median Price Established Houses ;  Rest of Qld. ;,A83728585K,House Prices,$'000,Quarter
2015-06-01,410.3,Median Price Established Houses ;  Rest of Qld. ;,A83728585K,House Prices,$'000,Quarter
2015-09-01,415,Median Price Established Houses ;  Rest of Qld. ;,A83728585K,House Prices,$'000,Quarter
2015-12-01,420,Median Price Established Houses ;  Rest of Qld. ;,A83728585K,House Prices,$'000,Quarter
2016-03-01,425,Median Price Established Houses ;  Rest of Qld. ;,A83728585K,House Prices,$'000,Quarter
2016-06-01,425,Median Price Established Houses ;  Rest of Qld. ;,A83728585K,House Prices,$'000,Quarter
2016-09-01,435,Median Price Established Houses ;  Rest of Qld. ;,A83728585K,House Prices,$'000,Quarter
2016-12-01,439,Median Price Established Houses ;  Rest of Qld. ;,A83728585K,House Prices,$'000,Quarter
2017-03-01,440,Median Price Established Houses ;  Rest of Qld. ;,A83728585K,House Prices,$'000,Quarter
2017-06-01,449,Median Price Established Houses ;  Rest of Qld. ;,A83728585K,House Prices,$'000,Quarter
2017-09-01,445,Median Price Established Houses ;  Rest of Qld. ;,A83728585K,House Prices,$'000,Quarter
2017-12-01,450,Median Price Established Houses ;  Rest of Qld. ;,A83728585K,House Prices,$'000,Quarter
2018-03-01,449,Median Price Established Houses ;  Rest of Qld. ;,A83728585K,House Prices,$'000,Quarter
2018-06-01,435,Median Price Established Houses ;  Rest of Qld. ;,A83728585K,House Prices,$'000,Quarter
2018-09-01,440,Median Price Established Houses ;  Rest of Qld. ;,A83728585K,House Prices,$'000,Quarter
2018-12-01,433,Median Price Established Houses ;  Rest of Qld. ;,A83728585K,House Prices,$'000,Quarter
2019-03-01,434,Median Price Established Houses ;  Rest of Qld. ;,A83728585K,House Prices,$'000,Quarter
2019-06-01,440,Median Price Established Houses ;  Rest of Qld. ;,A83728585K,House Prices,$'000,Quarter
2019-09-01,441,Median Price Established Houses ;  Rest of Qld. ;,A83728585K,House Prices,$'000,Quarter
2019-12-01,448,Median Price Established Houses ;  Rest of Qld. ;,A83728585K,House Prices,$'000,Quarter
2020-03-01,430,Median Price Established Houses ;  Rest of Qld. ;,A83728585K,House Prices,$'000,Quarter
2020-06-01,430,Median Price Established Houses ;  Rest of Qld. ;,A83728585K,House Prices,$'000,Quarter
2020-09-01,449,Median Price Established Houses ;  Rest of Qld. ;,A83728585K,House Prices,$'000,Quarter
2020-12-01,460,Median Price Established Houses ;  Rest of Qld. ;,A83728585K,House Prices,$'000,Quarter
2021-03-01,465,Median Price Established Houses ;  Rest of Qld. ;,A83728585K,House Prices,$'000,Quarter
2021-06-01,480,Median Price Established Houses ;  Rest of Qld. ;,A83728585K,House Prices,$'000,Quarter
2021-09-01,480,Median Price Established Houses ;  Rest of Qld. ;,A83728585K,House Prices,$'000,Quarter
2021-12-01,500,Median Price Established Houses ;  Rest of Qld. ;,A83728585K,House Prices,$'000,Quarter
2022-03-01,519,Median Price Established Houses ;  Rest of Qld. ;,A83728585K,House Prices,$'000,Quarter
2022-06-01,528,Median Price Established Houses ;  Rest of Qld. ;,A83728585K,House Prices,$'000,Quarter
2022-09-01,528,Median Price Established Houses ;  Rest of Qld. ;,A83728585K,House Prices,$'000,Quarter
2022-12-01,530,Median Price Established Houses ;  Rest of Qld. ;,A83728585K,House Prices,$'000,Quarter
2023-03-01,540,Median Price Established Houses ;  Rest of Qld. ;,A83728585K,House Prices,$'000,Quarter
2023-06-01,560,Median Price Established Houses ;  Rest of Qld. ;,A83728585K,House Prices,$'000,Quarter
2023-09-01,570,Median Price Established Houses ;  Rest of Qld. ;,A83728585K,House Prices,$'000,Quarter
2023-12-01,580,Median Price Established Houses ;  Rest of Qld. ;,A83728585K,House Prices,$'000,Quarter
2024-03-01,605,Median Price Established Houses ;  Rest of Qld. ;,A83728585K,House Prices,$'000,Quarter
2024-06-01,630,Median Price Established Houses ;  Rest of Qld. ;,A83728585K,House Prices,$'000,Quarter
2024-09-01,649,Median Price Established Houses ;  Rest of Qld. ;,A83728585K,House Prices,$'000,Quarter
2024-12-01,675,Median Price Established Houses ;  Rest of Qld. ;,A83728585K,House Prices,$'000,Quarter
2025-03-01,710,Median Price Established Houses ;  Rest of Qld. ;,A83728585K,House Prices,$'000,Quarter
2025-06-01,726.6,Median Price Established Houses ;  Rest of Qld. ;,A83728585K,House Prices,$'000,Quarter
2025-09-01,770,Median Price Established Houses ;  Rest of Qld. ;,A83728585K,House Prices,$'000,Quarter
2025-12-01,795,Median Price Established Houses ;  Rest of Qld. ;,A83728585K,House Prices,$'000,Quarter
2026-03-01,825,Median Price Established Houses ;  Rest of Qld. ;,A83728585K,House Prices,$'000,Quarter
2026-06-01,800,Median Price Established Houses ;  Rest of Qld. ;,A83728585K,House Prices,$'000,Quarter
2003-09-01,150,Median Price Established Houses ;  Rest of SA ;,A83728589V,House Prices,$'000,Quarter
2003-12-01,162,Median Price Established Houses ;  Rest of SA ;,A83728589V,House Prices,$'000,Quarter
2004-03-01,166.6,Median Price Established Houses ;  Rest of SA ;,A83728589V,House Prices,$'000,Quarter
2004-06-01,169,Median Price Established Houses ;  Rest of SA ;,A83728589V,House Prices,$'000,Quarter
2004-09-01,175,Median Price Established Houses ;  Rest of SA ;,A83728589V,House Prices,$'000,Quarter
2004-12-01,182,Median Price Established Houses ;  Rest of SA ;,A83728589V,House Prices,$'000,Quarter
2005-03-01,187,Median Price Established Houses ;  Rest of SA ;,A83728589V,House Prices,$'000,Quarter
2005-06-01,192,Median Price Established Houses ;  Rest of SA ;,A83728589V,House Prices,$'000,Quarter
2005-09-01,189.3,Median Price Established Houses ;  Rest of SA ;,A83728589V,House Prices,$'000,Quarter
2005-12-01,199,Median Price Established Houses ;  Rest of SA ;,A83728589V,House Prices,$'000,Quarter
2006-03-01,210,Median Price Established Houses ;  Rest of SA ;,A83728589V,House Prices,$'000,Quarter
2006-06-01,210,Median Price Established Houses ;  Rest of SA ;,A83728589V,House Prices,$'000,Quarter
2006-09-01,200,Median Price Established Houses ;  Rest of SA ;,A83728589V,House Prices,$'000,Quarter
2006-12-01,215,Median Price Established Houses ;  Rest of SA ;,A83728589V,House Prices,$'000,Quarter
2007-03-01,223,Median Price Established Houses ;  Rest of SA ;,A83728589V,House Prices,$'000,Quarter
2007-06-01,223.3,Median Price Established Houses ;  Rest of SA ;,A83728589V,House Prices,$'000,Quarter
2007-09-01,228,Median Price Established Houses ;  Rest of SA ;,A83728589V,House Prices,$'000,Quarter
2007-12-01,245,Median Price Established Houses ;  Rest of SA ;,A83728589V,House Prices,$'000,Quarter
2008-03-01,250,Median Price Established Houses ;  Rest of SA ;,A83728589V,House Prices,$'000,Quarter
2008-06-01,240,Median Price Established Houses ;  Rest of SA ;,A83728589V,House Prices,$'000,Quarter
2008-09-01,245,Median Price Established Houses ;  Rest of SA ;,A83728589V,House Prices,$'000,Quarter
2008-12-01,245,Median Price Established Houses ;  Rest of SA ;,A83728589V,House Prices,$'000,Quarter
2009-03-01,248,Median Price Established Houses ;  Rest of SA ;,A83728589V,House Prices,$'000,Quarter
2009-06-01,245,Median Price Established Houses ;  Rest of SA ;,A83728589V,House Prices,$'000,Quarter
2009-09-01,260,Median Price Established Houses ;  Rest of SA ;,A83728589V,House Prices,$'000,Quarter
2009-12-01,267,Median Price Established Houses ;  Rest of SA ;,A83728589V,House Prices,$'000,Quarter
2010-03-01,280,Median Price Established Houses ;  Rest of SA ;,A83728589V,House Prices,$'000,Quarter
2010-06-01,278,Median Price Established Houses ;  Rest of SA ;,A83728589V,House Prices,$'000,Quarter
2010-09-01,275,Median Price Established Houses ;  Rest of SA ;,A83728589V,House Prices,$'000,Quarter
2010-12-01,277.3,Median Price Established Houses ;  Rest of SA ;,A83728589V,House Prices,$'000,Quarter
2011-03-01,270,Median Price Established Houses ;  Rest of SA ;,A83728589V,House Prices,$'000,Quarter
2011-06-01,275,Median Price Established Houses ;  Rest of SA ;,A83728589V,House Prices,$'000,Quarter
2011-09-01,260,Median Price Established Houses ;  Rest of SA ;,A83728589V,House Prices,$'000,Quarter
2011-12-01,270,Median Price Established Houses ;  Rest of SA ;,A83728589V,House Prices,$'000,Quarter
2012-03-01,270,Median Price Established Houses ;  Rest of SA ;,A83728589V,House Prices,$'000,Quarter
2012-06-01,270,Median Price Established Houses ;  Rest of SA ;,A83728589V,House Prices,$'000,Quarter
2012-09-01,265,Median Price Established Houses ;  Rest of SA ;,A83728589V,House Prices,$'000,Quarter
2012-12-01,250,Median Price Established Houses ;  Rest of SA ;,A83728589V,House Prices,$'000,Quarter
2013-03-01,247.5,Median Price Established Houses ;  Rest of SA ;,A83728589V,House Prices,$'000,Quarter
2013-06-01,255,Median Price Established Houses ;  Rest of SA ;,A83728589V,House Prices,$'000,Quarter
2013-09-01,253,Median Price Established Houses ;  Rest of SA ;,A83728589V,House Prices,$'000,Quarter
2013-12-01,268.3,Median Price Established Houses ;  Rest of SA ;,A83728589V,House Prices,$'000,Quarter
2014-03-01,265,Median Price Established Houses ;  Rest of SA ;,A83728589V,House Prices,$'000,Quarter
2014-06-01,250,Median Price Established Houses ;  Rest of SA ;,A83728589V,House Prices,$'000,Quarter
2014-09-01,255,Median Price Established Houses ;  Rest of SA ;,A83728589V,House Prices,$'000,Quarter
2014-12-01,275,Median Price Established Houses ;  Rest of SA ;,A83728589V,House Prices,$'000,Quarter
2015-03-01,265,Median Price Established Houses ;  Rest of SA ;,A83728589V,House Prices,$'000,Quarter
2015-06-01,260,Median Price Established Houses ;  Rest of SA ;,A83728589V,House Prices,$'000,Quarter
2015-09-01,260,Median Price Established Houses ;  Rest of SA ;,A83728589V,House Prices,$'000,Quarter
2015-12-01,273.5,Median Price Established Houses ;  Rest of SA ;,A83728589V,House Prices,$'000,Quarter
2016-03-01,275,Median Price Established Houses ;  Rest of SA ;,A83728589V,House Prices,$'000,Quarter
2016-06-01,265,Median Price Established Houses ;  Rest of SA ;,A83728589V,House Prices,$'000,Quarter
2016-09-01,270,Median Price Established Houses ;  Rest of SA ;,A83728589V,House Prices,$'000,Quarter
2016-12-01,280,Median Price Established Houses ;  Rest of SA ;,A83728589V,House Prices,$'000,Quarter
2017-03-01,285,Median Price Established Houses ;  Rest of SA ;,A83728589V,House Prices,$'000,Quarter
2017-06-01,270,Median Price Established Houses ;  Rest of SA ;,A83728589V,House Prices,$'000,Quarter
2017-09-01,277.5,Median Price Established Houses ;  Rest of SA ;,A83728589V,House Prices,$'000,Quarter
2017-12-01,273.4,Median Price Established Houses ;  Rest of SA ;,A83728589V,House Prices,$'000,Quarter
2018-03-01,280,Median Price Established Houses ;  Rest of SA ;,A83728589V,House Prices,$'000,Quarter
2018-06-01,276,Median Price Established Houses ;  Rest of SA ;,A83728589V,House Prices,$'000,Quarter
2018-09-01,280,Median Price Established Houses ;  Rest of SA ;,A83728589V,House Prices,$'000,Quarter
2018-12-01,295,Median Price Established Houses ;  Rest of SA ;,A83728589V,House Prices,$'000,Quarter
2019-03-01,285,Median Price Established Houses ;  Rest of SA ;,A83728589V,House Prices,$'000,Quarter
2019-06-01,276.5,Median Price Established Houses ;  Rest of SA ;,A83728589V,House Prices,$'000,Quarter
2019-09-01,287.5,Median Price Established Houses ;  Rest of SA ;,A83728589V,House Prices,$'000,Quarter
2019-12-01,290,Median Price Established Houses ;  Rest of SA ;,A83728589V,House Prices,$'000,Quarter
2020-03-01,290,Median Price Established Houses ;  Rest of SA ;,A83728589V,House Prices,$'000,Quarter
2020-06-01,280,Median Price Established Houses ;  Rest of SA ;,A83728589V,House Prices,$'000,Quarter
2020-09-01,285,Median Price Established Houses ;  Rest of SA ;,A83728589V,House Prices,$'000,Quarter
2020-12-01,307.5,Median Price Established Houses ;  Rest of SA ;,A83728589V,House Prices,$'000,Quarter
2021-03-01,300,Median Price Established Houses ;  Rest of SA ;,A83728589V,House Prices,$'000,Quarter
2021-06-01,310,Median Price Established Houses ;  Rest of SA ;,A83728589V,House Prices,$'000,Quarter
2021-09-01,309,Median Price Established Houses ;  Rest of SA ;,A83728589V,House Prices,$'000,Quarter
2021-12-01,335,Median Price Established Houses ;  Rest of SA ;,A83728589V,House Prices,$'000,Quarter
2022-03-01,335,Median Price Established Houses ;  Rest of SA ;,A83728589V,House Prices,$'000,Quarter
2022-06-01,350,Median Price Established Houses ;  Rest of SA ;,A83728589V,House Prices,$'000,Quarter
2022-09-01,345,Median Price Established Houses ;  Rest of SA ;,A83728589V,House Prices,$'000,Quarter
2022-12-01,363.3,Median Price Established Houses ;  Rest of SA ;,A83728589V,House Prices,$'000,Quarter
2023-03-01,381.8,Median Price Established Houses ;  Rest of SA ;,A83728589V,House Prices,$'000,Quarter
2023-06-01,395,Median Price Established Houses ;  Rest of SA ;,A83728589V,House Prices,$'000,Quarter
2023-09-01,410,Median Price Established Houses ;  Rest of SA ;,A83728589V,House Prices,$'000,Quarter
2023-12-01,430,Median Price Established Houses ;  Rest of SA ;,A83728589V,House Prices,$'000,Quarter
2024-03-01,455,Median Price Established Houses ;  Rest of SA ;,A83728589V,House Prices,$'000,Quarter
2024-06-01,450,Median Price Established Houses ;  Rest of SA ;,A83728589V,House Prices,$'000,Quarter
2024-09-01,465,Median Price Established Houses ;  Rest of SA ;,A83728589V,House Prices,$'000,Quarter
2024-12-01,500,Median Price Established Houses ;  Rest of SA ;,A83728589V,House Prices,$'000,Quarter
2025-03-01,485,Median Price Established Houses ;  Rest of SA ;,A83728589V,House Prices,$'000,Quarter
2025-06-01,505,Median Price Established Houses ;  Rest of SA ;,A83728589V,House Prices,$'000,Quarter
2025-09-01,540,Median Price Established Houses ;  Rest of SA ;,A83728589V,House Prices,$'000,Quarter
2025-12-01,579.5,Median Price Established Houses ;  Rest of SA ;,A83728589V,House Prices,$'000,Quarter
2026-03-01,600,Median Price Established Houses ;  Rest of SA ;,A83728589V,House Prices,$'000,Quarter
2026-06-01,584.5,Median Price Established Houses ;  Rest of SA ;,A83728589V,House Prices,$'000,Quarter
2003-09-01,125,Median Price Established Houses ;  Rest of Tas. ;,A83728597V,House Prices,$'000,Quarter
2003-12-01,139.3,Median Price Established Houses ;  Rest of Tas. ;,A83728597V,House Prices,$'000,Quarter
2004-03-01,156,Median Price Established Houses ;  Rest of Tas. ;,A83728597V,House Prices,$'000,Quarter
2004-06-01,156,Median Price Established Houses ;  Rest of Tas. ;,A83728597V,House Prices,$'000,Quarter
2004-09-01,160,Median Price Established Houses ;  Rest of Tas. ;,A83728597V,House Prices,$'000,Quarter
2004-12-01,166.5,Median Price Established Houses ;  Rest of Tas. ;,A83728597V,House Prices,$'000,Quarter
2005-03-01,179,Median Price Established Houses ;  Rest of Tas. ;,A83728597V,House Prices,$'000,Quarter
2005-06-01,178.3,Median Price Established Houses ;  Rest of Tas. ;,A83728597V,House Prices,$'000,Quarter
2005-09-01,180,Median Price Established Houses ;  Rest of Tas. ;,A83728597V,House Prices,$'000,Quarter
2005-12-01,192,Median Price Established Houses ;  Rest of Tas. ;,A83728597V,House Prices,$'000,Quarter
2006-03-01,192,Median Price Established Houses ;  Rest of Tas. ;,A83728597V,House Prices,$'000,Quarter
2006-06-01,200,Median Price Established Houses ;  Rest of Tas. ;,A83728597V,House Prices,$'000,Quarter
2006-09-01,195,Median Price Established Houses ;  Rest of Tas. ;,A83728597V,House Prices,$'000,Quarter
2006-12-01,199,Median Price Established Houses ;  Rest of Tas. ;,A83728597V,House Prices,$'000,Quarter
2007-03-01,210,Median Price Established Houses ;  Rest of Tas. ;,A83728597V,House Prices,$'000,Quarter
2007-06-01,220,Median Price Established Houses ;  Rest of Tas. ;,A83728597V,House Prices,$'000,Quarter
2007-09-01,220,Median Price Established Houses ;  Rest of Tas. ;,A83728597V,House Prices,$'000,Quarter
2007-12-01,230,Median Price Established Houses ;  Rest of Tas. ;,A83728597V,House Prices,$'000,Quarter
2008-03-01,239.5,Median Price Established Houses ;  Rest of Tas. ;,A83728597V,House Prices,$'000,Quarter
2008-06-01,230,Median Price Established Houses ;  Rest of Tas. ;,A83728597V,House Prices,$'000,Quarter
2008-09-01,235,Median Price Established Houses ;  Rest of Tas. ;,A83728597V,House Prices,$'000,Quarter
2008-12-01,225,Median Price Established Houses ;  Rest of Tas. ;,A83728597V,House Prices,$'000,Quarter
2009-03-01,235,Median Price Established Houses ;  Rest of Tas. ;,A83728597V,House Prices,$'000,Quarter
2009-06-01,240,Median Price Established Houses ;  Rest of Tas. ;,A83728597V,House Prices,$'000,Quarter
2009-09-01,245,Median Price Established Houses ;  Rest of Tas. ;,A83728597V,House Prices,$'000,Quarter
2009-12-01,252.3,Median Price Established Houses ;  Rest of Tas. ;,A83728597V,House Prices,$'000,Quarter
2010-03-01,262,Median Price Established Houses ;  Rest of Tas. ;,A83728597V,House Prices,$'000,Quarter
2010-06-01,257,Median Price Established Houses ;  Rest of Tas. ;,A83728597V,House Prices,$'000,Quarter
2010-09-01,260,Median Price Established Houses ;  Rest of Tas. ;,A83728597V,House Prices,$'000,Quarter
2010-12-01,260,Median Price Established Houses ;  Rest of Tas. ;,A83728597V,House Prices,$'000,Quarter
2011-03-01,263.9,Median Price Established Houses ;  Rest of Tas. ;,A83728597V,House Prices,$'000,Quarter
2011-06-01,250,Median Price Established Houses ;  Rest of Tas. ;,A83728597V,House Prices,$'000,Quarter
2011-09-01,250,Median Price Established Houses ;  Rest of Tas. ;,A83728597V,House Prices,$'000,Quarter
2011-12-01,250,Median Price Established Houses ;  Rest of Tas. ;,A83728597V,House Prices,$'000,Quarter
2012-03-01,250,Median Price Established Houses ;  Rest of Tas. ;,A83728597V,House Prices,$'000,Quarter
2012-06-01,247,Median Price Established Houses ;  Rest of Tas. ;,A83728597V,House Prices,$'000,Quarter
2012-09-01,249,Median Price Established Houses ;  Rest of Tas. ;,A83728597V,House Prices,$'000,Quarter
2012-12-01,252.3,Median Price Established Houses ;  Rest of Tas. ;,A83728597V,House Prices,$'000,Quarter
2013-03-01,250,Median Price Established Houses ;  Rest of Tas. ;,A83728597V,House Prices,$'000,Quarter
2013-06-01,255,Median Price Established Houses ;  Rest of Tas. ;,A83728597V,House Prices,$'000,Quarter
2013-09-01,249.5,Median Price Established Houses ;  Rest of Tas. ;,A83728597V,House Prices,$'000,Quarter
2013-12-01,250,Median Price Established Houses ;  Rest of Tas. ;,A83728597V,House Prices,$'000,Quarter
2014-03-01,247,Median Price Established Houses ;  Rest of Tas. ;,A83728597V,House Prices,$'000,Quarter
2014-06-01,236.3,Median Price Established Houses ;  Rest of Tas. ;,A83728597V,House Prices,$'000,Quarter
2014-09-01,262.5,Median Price Established Houses ;  Rest of Tas. ;,A83728597V,House Prices,$'000,Quarter
2014-12-01,253.5,Median Price Established Houses ;  Rest of Tas. ;,A83728597V,House Prices,$'000,Quarter
2015-03-01,255,Median Price Established Houses ;  Rest of Tas. ;,A83728597V,House Prices,$'000,Quarter
2015-06-01,252.5,Median Price Established Houses ;  Rest of Tas. ;,A83728597V,House Prices,$'000,Quarter
2015-09-01,257.5,Median Price Established Houses ;  Rest of Tas. ;,A83728597V,House Prices,$'000,Quarter
2015-12-01,265,Median Price Established Houses ;  Rest of Tas. ;,A83728597V,House Prices,$'000,Quarter
2016-03-01,264,Median Price Established Houses ;  Rest of Tas. ;,A83728597V,House Prices,$'000,Quarter
2016-06-01,253,Median Price Established Houses ;  Rest of Tas. ;,A83728597V,House Prices,$'000,Quarter
2016-09-01,255,Median Price Established Houses ;  Rest of Tas. ;,A83728597V,House Prices,$'000,Quarter
2016-12-01,274.5,Median Price Established Houses ;  Rest of Tas. ;,A83728597V,House Prices,$'000,Quarter
2017-03-01,263,Median Price Established Houses ;  Rest of Tas. ;,A83728597V,House Prices,$'000,Quarter
2017-06-01,275,Median Price Established Houses ;  Rest of Tas. ;,A83728597V,House Prices,$'000,Quarter
2017-09-01,273.5,Median Price Established Houses ;  Rest of Tas. ;,A83728597V,House Prices,$'000,Quarter
2017-12-01,285,Median Price Established Houses ;  Rest of Tas. ;,A83728597V,House Prices,$'000,Quarter
2018-03-01,295,Median Price Established Houses ;  Rest of Tas. ;,A83728597V,House Prices,$'000,Quarter
2018-06-01,300,Median Price Established Houses ;  Rest of Tas. ;,A83728597V,House Prices,$'000,Quarter
2018-09-01,293,Median Price Established Houses ;  Rest of Tas. ;,A83728597V,House Prices,$'000,Quarter
2018-12-01,310,Median Price Established Houses ;  Rest of Tas. ;,A83728597V,House Prices,$'000,Quarter
2019-03-01,310,Median Price Established Houses ;  Rest of Tas. ;,A83728597V,House Prices,$'000,Quarter
2019-06-01,310,Median Price Established Houses ;  Rest of Tas. ;,A83728597V,House Prices,$'000,Quarter
2019-09-01,320,Median Price Established Houses ;  Rest of Tas. ;,A83728597V,House Prices,$'000,Quarter
2019-12-01,340,Median Price Established Houses ;  Rest of Tas. ;,A83728597V,House Prices,$'000,Quarter
2020-03-01,335.5,Median Price Established Houses ;  Rest of Tas. ;,A83728597V,House Prices,$'000,Quarter
2020-06-01,340,Median Price Established Houses ;  Rest of Tas. ;,A83728597V,House Prices,$'000,Quarter
2020-09-01,350,Median Price Established Houses ;  Rest of Tas. ;,A83728597V,House Prices,$'000,Quarter
2020-12-01,380,Median Price Established Houses ;  Rest of Tas. ;,A83728597V,House Prices,$'000,Quarter
2021-03-01,400,Median Price Established Houses ;  Rest of Tas. ;,A83728597V,House Prices,$'000,Quarter
2021-06-01,420,Median Price Established Houses ;  Rest of Tas. ;,A83728597V,House Prices,$'000,Quarter
2021-09-01,445,Median Price Established Houses ;  Rest of Tas. ;,A83728597V,House Prices,$'000,Quarter
2021-12-01,500.9,Median Price Established Houses ;  Rest of Tas. ;,A83728597V,House Prices,$'000,Quarter
2022-03-01,530.5,Median Price Established Houses ;  Rest of Tas. ;,A83728597V,House Prices,$'000,Quarter
2022-06-01,525,Median Price Established Houses ;  Rest of Tas. ;,A83728597V,House Prices,$'000,Quarter
2022-09-01,510,Median Price Established Houses ;  Rest of Tas. ;,A83728597V,House Prices,$'000,Quarter
2022-12-01,535,Median Price Established Houses ;  Rest of Tas. ;,A83728597V,House Prices,$'000,Quarter
2023-03-01,520,Median Price Established Houses ;  Rest of Tas. ;,A83728597V,House Prices,$'000,Quarter
2023-06-01,535,Median Price Established Houses ;  Rest of Tas. ;,A83728597V,House Prices,$'000,Quarter
2023-09-01,527.5,Median Price Established Houses ;  Rest of Tas. ;,A83728597V,House Prices,$'000,Quarter
2023-12-01,525,Median Price Established Houses ;  Rest of Tas. ;,A83728597V,House Prices,$'000,Quarter
2024-03-01,535,Median Price Established Houses ;  Rest of Tas. ;,A83728597V,House Prices,$'000,Quarter
2024-06-01,535,Median Price Established Houses ;  Rest of Tas. ;,A83728597V,House Prices,$'000,Quarter
2024-09-01,515,Median Price Established Houses ;  Rest of Tas. ;,A83728597V,House Prices,$'000,Quarter
2024-12-01,550,Median Price Established Houses ;  Rest of Tas. ;,A83728597V,House Prices,$'000,Quarter
2025-03-01,550,Median Price Established Houses ;  Rest of Tas. ;,A83728597V,House Prices,$'000,Quarter
2025-06-01,550,Median Price Established Houses ;  Rest of Tas. ;,A83728597V,House Prices,$'000,Quarter
2025-09-01,580,Median Price Established Houses ;  Rest of Tas. ;,A83728597V,House Prices,$'000,Quarter
2025-12-01,605,Median Price Established Houses ;  Rest of Tas. ;,A83728597V,House Prices,$'000,Quarter
2026-03-01,620,Median Price Established Houses ;  Rest of Tas. ;,A83728597V,House Prices,$'000,Quarter
2026-06-01,625,Median Price Established Houses ;  Rest of Tas. ;,A83728597V,House Prices,$'000,Quarter
2003-09-01,176,Median Price Established Houses ;  Rest of Vic. ;,A83728581A,House Prices,$'000,Quarter
2003-12-01,185,Median Price Established Houses ;  Rest of Vic. ;,A83728581A,House Prices,$'000,Quarter
2004-03-01,190,Median Price Established Houses ;  Rest of Vic. ;,A83728581A,House Prices,$'000,Quarter
2004-06-01,195,Median Price Established Houses ;  Rest of Vic. ;,A83728581A,House Prices,$'000,Quarter
2004-09-01,195,Median Price Established Houses ;  Rest of Vic. ;,A83728581A,House Prices,$'000,Quarter
2004-12-01,205,Median Price Established Houses ;  Rest of Vic. ;,A83728581A,House Prices,$'000,Quarter
2005-03-01,210,Median Price Established Houses ;  Rest of Vic. ;,A83728581A,House Prices,$'000,Quarter
2005-06-01,205,Median Price Established Houses ;  Rest of Vic. ;,A83728581A,House Prices,$'000,Quarter
2005-09-01,210,Median Price Established Houses ;  Rest of Vic. ;,A83728581A,House Prices,$'000,Quarter
2005-12-01,220,Median Price Established Houses ;  Rest of Vic. ;,A83728581A,House Prices,$'000,Quarter
2006-03-01,224,Median Price Established Houses ;  Rest of Vic. ;,A83728581A,House Prices,$'000,Quarter
2006-06-01,220,Median Price Established Houses ;  Rest of Vic. ;,A83728581A,House Prices,$'000,Quarter
2006-09-01,222,Median Price Established Houses ;  Rest of Vic. ;,A83728581A,House Prices,$'000,Quarter
2006-12-01,230,Median Price Established Houses ;  Rest of Vic. ;,A83728581A,House Prices,$'000,Quarter
2007-03-01,230,Median Price Established Houses ;  Rest of Vic. ;,A83728581A,House Prices,$'000,Quarter
2007-06-01,230,Median Price Established Houses ;  Rest of Vic. ;,A83728581A,House Prices,$'000,Quarter
2007-09-01,233.5,Median Price Established Houses ;  Rest of Vic. ;,A83728581A,House Prices,$'000,Quarter
2007-12-01,245,Median Price Established Houses ;  Rest of Vic. ;,A83728581A,House Prices,$'000,Quarter
2008-03-01,243.5,Median Price Established Houses ;  Rest of Vic. ;,A83728581A,House Prices,$'000,Quarter
2008-06-01,239,Median Price Established Houses ;  Rest of Vic. ;,A83728581A,House Prices,$'000,Quarter
2008-09-01,235,Median Price Established Houses ;  Rest of Vic. ;,A83728581A,House Prices,$'000,Quarter
2008-12-01,236,Median Price Established Houses ;  Rest of Vic. ;,A83728581A,House Prices,$'000,Quarter
2009-03-01,238,Median Price Established Houses ;  Rest of Vic. ;,A83728581A,House Prices,$'000,Quarter
2009-06-01,245,Median Price Established Houses ;  Rest of Vic. ;,A83728581A,House Prices,$'000,Quarter
2009-09-01,250,Median Price Established Houses ;  Rest of Vic. ;,A83728581A,House Prices,$'000,Quarter
2009-12-01,266.5,Median Price Established Houses ;  Rest of Vic. ;,A83728581A,House Prices,$'000,Quarter
2010-03-01,275,Median Price Established Houses ;  Rest of Vic. ;,A83728581A,House Prices,$'000,Quarter
2010-06-01,278.2,Median Price Established Houses ;  Rest of Vic. ;,A83728581A,House Prices,$'000,Quarter
2010-09-01,280,Median Price Established Houses ;  Rest of Vic. ;,A83728581A,House Prices,$'000,Quarter
2010-12-01,292.5,Median Price Established Houses ;  Rest of Vic. ;,A83728581A,House Prices,$'000,Quarter
2011-03-01,293,Median Price Established Houses ;  Rest of Vic. ;,A83728581A,House Prices,$'000,Quarter
2011-06-01,295,Median Price Established Houses ;  Rest of Vic. ;,A83728581A,House Prices,$'000,Quarter
2011-09-01,286.5,Median Price Established Houses ;  Rest of Vic. ;,A83728581A,House Prices,$'000,Quarter
2011-12-01,290.5,Median Price Established Houses ;  Rest of Vic. ;,A83728581A,House Prices,$'000,Quarter
2012-03-01,297.5,Median Price Established Houses ;  Rest of Vic. ;,A83728581A,House Prices,$'000,Quarter
2012-06-01,285,Median Price Established Houses ;  Rest of Vic. ;,A83728581A,House Prices,$'000,Quarter
2012-09-01,290,Median Price Established Houses ;  Rest of Vic. ;,A83728581A,House Prices,$'000,Quarter
2012-12-01,291.5,Median Price Established Houses ;  Rest of Vic. ;,A83728581A,House Prices,$'000,Quarter
2013-03-01,298,Median Price Established Houses ;  Rest of Vic. ;,A83728581A,House Prices,$'000,Quarter
2013-06-01,282.5,Median Price Established Houses ;  Rest of Vic. ;,A83728581A,House Prices,$'000,Quarter
2013-09-01,298,Median Price Established Houses ;  Rest of Vic. ;,A83728581A,House Prices,$'000,Quarter
2013-12-01,308,Median Price Established Houses ;  Rest of Vic. ;,A83728581A,House Prices,$'000,Quarter
2014-03-01,290,Median Price Established Houses ;  Rest of Vic. ;,A83728581A,House Prices,$'000,Quarter
2014-06-01,286,Median Price Established Houses ;  Rest of Vic. ;,A83728581A,House Prices,$'000,Quarter
2014-09-01,280,Median Price Established Houses ;  Rest of Vic. ;,A83728581A,House Prices,$'000,Quarter
2014-12-01,298,Median Price Established Houses ;  Rest of Vic. ;,A83728581A,House Prices,$'000,Quarter
2015-03-01,299,Median Price Established Houses ;  Rest of Vic. ;,A83728581A,House Prices,$'000,Quarter
2015-06-01,295,Median Price Established Houses ;  Rest of Vic. ;,A83728581A,House Prices,$'000,Quarter
2015-09-01,295.6,Median Price Established Houses ;  Rest of Vic. ;,A83728581A,House Prices,$'000,Quarter
2015-12-01,310,Median Price Established Houses ;  Rest of Vic. ;,A83728581A,House Prices,$'000,Quarter
2016-03-01,311,Median Price Established Houses ;  Rest of Vic. ;,A83728581A,House Prices,$'000,Quarter
2016-06-01,305,Median Price Established Houses ;  Rest of Vic. ;,A83728581A,House Prices,$'000,Quarter
2016-09-01,310,Median Price Established Houses ;  Rest of Vic. ;,A83728581A,House Prices,$'000,Quarter
2016-12-01,320.8,Median Price Established Houses ;  Rest of Vic. ;,A83728581A,House Prices,$'000,Quarter
2017-03-01,328,Median Price Established Houses ;  Rest of Vic. ;,A83728581A,House Prices,$'000,Quarter
2017-06-01,332,Median Price Established Houses ;  Rest of Vic. ;,A83728581A,House Prices,$'000,Quarter
2017-09-01,328,Median Price Established Houses ;  Rest of Vic. ;,A83728581A,House Prices,$'000,Quarter
2017-12-01,350,Median Price Established Houses ;  Rest of Vic. ;,A83728581A,House Prices,$'000,Quarter
2018-03-01,355,Median Price Established Houses ;  Rest of Vic. ;,A83728581A,House Prices,$'000,Quarter
2018-06-01,355,Median Price Established Houses ;  Rest of Vic. ;,A83728581A,House Prices,$'000,Quarter
2018-09-01,355,Median Price Established Houses ;  Rest of Vic. ;,A83728581A,House Prices,$'000,Quarter
2018-12-01,370,Median Price Established Houses ;  Rest of Vic. ;,A83728581A,House Prices,$'000,Quarter
2019-03-01,370,Median Price Established Houses ;  Rest of Vic. ;,A83728581A,House Prices,$'000,Quarter
2019-06-01,370,Median Price Established Houses ;  Rest of Vic. ;,A83728581A,House Prices,$'000,Quarter
2019-09-01,375,Median Price Established Houses ;  Rest of Vic. ;,A83728581A,House Prices,$'000,Quarter
2019-12-01,390,Median Price Established Houses ;  Rest of Vic. ;,A83728581A,House Prices,$'000,Quarter
2020-03-01,390,Median Price Established Houses ;  Rest of Vic. ;,A83728581A,House Prices,$'000,Quarter
2020-06-01,395,Median Price Established Houses ;  Rest of Vic. ;,A83728581A,House Prices,$'000,Quarter
2020-09-01,410,Median Price Established Houses ;  Rest of Vic. ;,A83728581A,House Prices,$'000,Quarter
2020-12-01,439,Median Price Established Houses ;  Rest of Vic. ;,A83728581A,House Prices,$'000,Quarter
2021-03-01,455,Median Price Established Houses ;  Rest of Vic. ;,A83728581A,House Prices,$'000,Quarter
2021-06-01,478.5,Median Price Established Houses ;  Rest of Vic. ;,A83728581A,House Prices,$'000,Quarter
2021-09-01,500,Median Price Established Houses ;  Rest of Vic. ;,A83728581A,House Prices,$'000,Quarter
2021-12-01,553,Median Price Established Houses ;  Rest of Vic. ;,A83728581A,House Prices,$'000,Quarter
2022-03-01,580,Median Price Established Houses ;  Rest of Vic. ;,A83728581A,House Prices,$'000,Quarter
2022-06-01,573.1,Median Price Established Houses ;  Rest of Vic. ;,A83728581A,House Prices,$'000,Quarter
2022-09-01,560,Median Price Established Houses ;  Rest of Vic. ;,A83728581A,House Prices,$'000,Quarter
2022-12-01,570,Median Price Established Houses ;  Rest of Vic. ;,A83728581A,House Prices,$'000,Quarter
2023-03-01,570,Median Price Established Houses ;  Rest of Vic. ;,A83728581A,House Prices,$'000,Quarter
2023-06-01,570,Median Price Established Houses ;  Rest of Vic. ;,A83728581A,House Prices,$'000,Quarter
2023-09-01,570,Median Price Established Houses ;  Rest of Vic. ;,A83728581A,House Prices,$'000,Quarter
2023-12-01,580,Median Price Established Houses ;  Rest of Vic. ;,A83728581A,House Prices,$'000,Quarter
2024-03-01,573,Median Price Established Houses ;  Rest of Vic. ;,A83728581A,House Prices,$'000,Quarter
2024-06-01,570,Median Price Established Houses ;  Rest of Vic. ;,A83728581A,House Prices,$'000,Quarter
2024-09-01,557,Median Price Established Houses ;  Rest of Vic. ;,A83728581A,House Prices,$'000,Quarter
2024-12-01,560,Median Price Established Houses ;  Rest of Vic. ;,A83728581A,House Prices,$'000,Quarter
2025-03-01,575,Median Price Established Houses ;  Rest of Vic. ;,A83728581A,House Prices,$'000,Quarter
2025-06-01,575,Median Price Established Houses ;  Rest of Vic. ;,A83728581A,House Prices,$'000,Quarter
2025-09-01,590,Median Price Established Houses ;  Rest of Vic. ;,A83728581A,House Prices,$'000,Quarter
2025-12-01,615,Median Price Established Houses ;  Rest of Vic. ;,A83728581A,House Prices,$'000,Quarter
2026-03-01,630,Median Price Established Houses ;  Rest of Vic. ;,A83728581A,House Prices,$'000,Quarter
2026-06-01,625,Median Price Established Houses ;  Rest of Vic. ;,A83728581A,House Prices,$'000,Quarter
2003-09-01,160,Median Price Established Houses ;  Rest of WA ;,A83728593K,House Prices,$'000,Quarter
2003-12-01,164,Median Price Established Houses ;  Rest of WA ;,A83728593K,House Prices,$'000,Quarter
2004-03-01,178,Median Price Established Houses ;  Rest of WA ;,A83728593K,House Prices,$'000,Quarter
2004-06-01,178,Median Price Established Houses ;  Rest of WA ;,A83728593K,House Prices,$'000,Quarter
2004-09-01,185,Median Price Established Houses ;  Rest of WA ;,A83728593K,House Prices,$'000,Quarter
2004-12-01,199.8,Median Price Established Houses ;  Rest of WA ;,A83728593K,House Prices,$'000,Quarter
2005-03-01,225,Median Price Established Houses ;  Rest of WA ;,A83728593K,House Prices,$'000,Quarter
2005-06-01,230,Median Price Established Houses ;  Rest of WA ;,A83728593K,House Prices,$'000,Quarter
2005-09-01,245,Median Price Established Houses ;  Rest of WA ;,A83728593K,House Prices,$'000,Quarter
2005-12-01,265,Median Price Established Houses ;  Rest of WA ;,A83728593K,House Prices,$'000,Quarter
2006-03-01,295,Median Price Established Houses ;  Rest of WA ;,A83728593K,House Prices,$'000,Quarter
2006-06-01,324,Median Price Established Houses ;  Rest of WA ;,A83728593K,House Prices,$'000,Quarter
2006-09-01,335,Median Price Established Houses ;  Rest of WA ;,A83728593K,House Prices,$'000,Quarter
2006-12-01,350,Median Price Established Houses ;  Rest of WA ;,A83728593K,House Prices,$'000,Quarter
2007-03-01,370,Median Price Established Houses ;  Rest of WA ;,A83728593K,House Prices,$'000,Quarter
2007-06-01,374,Median Price Established Houses ;  Rest of WA ;,A83728593K,House Prices,$'000,Quarter
2007-09-01,376.4,Median Price Established Houses ;  Rest of WA ;,A83728593K,House Prices,$'000,Quarter
2007-12-01,379.5,Median Price Established Houses ;  Rest of WA ;,A83728593K,House Prices,$'000,Quarter
2008-03-01,390,Median Price Established Houses ;  Rest of WA ;,A83728593K,House Prices,$'000,Quarter
2008-06-01,360,Median Price Established Houses ;  Rest of WA ;,A83728593K,House Prices,$'000,Quarter
2008-09-01,365,Median Price Established Houses ;  Rest of WA ;,A83728593K,House Prices,$'000,Quarter
2008-12-01,351,Median Price Established Houses ;  Rest of WA ;,A83728593K,House Prices,$'000,Quarter
2009-03-01,360,Median Price Established Houses ;  Rest of WA ;,A83728593K,House Prices,$'000,Quarter
2009-06-01,370,Median Price Established Houses ;  Rest of WA ;,A83728593K,House Prices,$'000,Quarter
2009-09-01,375,Median Price Established Houses ;  Rest of WA ;,A83728593K,House Prices,$'000,Quarter
2009-12-01,400,Median Price Established Houses ;  Rest of WA ;,A83728593K,House Prices,$'000,Quarter
2010-03-01,410,Median Price Established Houses ;  Rest of WA ;,A83728593K,House Prices,$'000,Quarter
2010-06-01,385,Median Price Established Houses ;  Rest of WA ;,A83728593K,House Prices,$'000,Quarter
2010-09-01,380,Median Price Established Houses ;  Rest of WA ;,A83728593K,House Prices,$'000,Quarter
2010-12-01,385,Median Price Established Houses ;  Rest of WA ;,A83728593K,House Prices,$'000,Quarter
2011-03-01,385.3,Median Price Established Houses ;  Rest of WA ;,A83728593K,House Prices,$'000,Quarter
2011-06-01,380,Median Price Established Houses ;  Rest of WA ;,A83728593K,House Prices,$'000,Quarter
2011-09-01,375,Median Price Established Houses ;  Rest of WA ;,A83728593K,House Prices,$'000,Quarter
2011-12-01,372.5,Median Price Established Houses ;  Rest of WA ;,A83728593K,House Prices,$'000,Quarter
2012-03-01,385,Median Price Established Houses ;  Rest of WA ;,A83728593K,House Prices,$'000,Quarter
2012-06-01,375,Median Price Established Houses ;  Rest of WA ;,A83728593K,House Prices,$'000,Quarter
2012-09-01,380,Median Price Established Houses ;  Rest of WA ;,A83728593K,House Prices,$'000,Quarter
2012-12-01,370,Median Price Established Houses ;  Rest of WA ;,A83728593K,House Prices,$'000,Quarter
2013-03-01,380.5,Median Price Established Houses ;  Rest of WA ;,A83728593K,House Prices,$'000,Quarter
2013-06-01,380,Median Price Established Houses ;  Rest of WA ;,A83728593K,House Prices,$'000,Quarter
2013-09-01,375,Median Price Established Houses ;  Rest of WA ;,A83728593K,House Prices,$'000,Quarter
2013-12-01,385,Median Price Established Houses ;  Rest of WA ;,A83728593K,House Prices,$'000,Quarter
2014-03-01,379,Median Price Established Houses ;  Rest of WA ;,A83728593K,House Prices,$'000,Quarter
2014-06-01,366,Median Price Established Houses ;  Rest of WA ;,A83728593K,House Prices,$'000,Quarter
2014-09-01,370,Median Price Established Houses ;  Rest of WA ;,A83728593K,House Prices,$'000,Quarter
2014-12-01,380,Median Price Established Houses ;  Rest of WA ;,A83728593K,House Prices,$'000,Quarter
2015-03-01,370,Median Price Established Houses ;  Rest of WA ;,A83728593K,House Prices,$'000,Quarter
2015-06-01,355,Median Price Established Houses ;  Rest of WA ;,A83728593K,House Prices,$'000,Quarter
2015-09-01,350,Median Price Established Houses ;  Rest of WA ;,A83728593K,House Prices,$'000,Quarter
2015-12-01,350,Median Price Established Houses ;  Rest of WA ;,A83728593K,House Prices,$'000,Quarter
2016-03-01,360.5,Median Price Established Houses ;  Rest of WA ;,A83728593K,House Prices,$'000,Quarter
2016-06-01,330,Median Price Established Houses ;  Rest of WA ;,A83728593K,House Prices,$'000,Quarter
2016-09-01,327.8,Median Price Established Houses ;  Rest of WA ;,A83728593K,House Prices,$'000,Quarter
2016-12-01,345,Median Price Established Houses ;  Rest of WA ;,A83728593K,House Prices,$'000,Quarter
2017-03-01,350,Median Price Established Houses ;  Rest of WA ;,A83728593K,House Prices,$'000,Quarter
2017-06-01,327,Median Price Established Houses ;  Rest of WA ;,A83728593K,House Prices,$'000,Quarter
2017-09-01,325,Median Price Established Houses ;  Rest of WA ;,A83728593K,House Prices,$'000,Quarter
2017-12-01,340,Median Price Established Houses ;  Rest of WA ;,A83728593K,House Prices,$'000,Quarter
2018-03-01,338,Median Price Established Houses ;  Rest of WA ;,A83728593K,House Prices,$'000,Quarter
2018-06-01,310,Median Price Established Houses ;  Rest of WA ;,A83728593K,House Prices,$'000,Quarter
2018-09-01,321.5,Median Price Established Houses ;  Rest of WA ;,A83728593K,House Prices,$'000,Quarter
2018-12-01,320,Median Price Established Houses ;  Rest of WA ;,A83728593K,House Prices,$'000,Quarter
2019-03-01,330,Median Price Established Houses ;  Rest of WA ;,A83728593K,House Prices,$'000,Quarter
2019-06-01,320,Median Price Established Houses ;  Rest of WA ;,A83728593K,House Prices,$'000,Quarter
2019-09-01,310,Median Price Established Houses ;  Rest of WA ;,A83728593K,House Prices,$'000,Quarter
2019-12-01,337.8,Median Price Established Houses ;  Rest of WA ;,A83728593K,House Prices,$'000,Quarter
2020-03-01,337,Median Price Established Houses ;  Rest of WA ;,A83728593K,House Prices,$'000,Quarter
2020-06-01,327,Median Price Established Houses ;  Rest of WA ;,A83728593K,House Prices,$'000,Quarter
2020-09-01,365,Median Price Established Houses ;  Rest of WA ;,A83728593K,House Prices,$'000,Quarter
2020-12-01,375,Median Price Established Houses ;  Rest of WA ;,A83728593K,House Prices,$'000,Quarter
2021-03-01,392.5,Median Price Established Houses ;  Rest of WA ;,A83728593K,House Prices,$'000,Quarter
2021-06-01,379,Median Price Established Houses ;  Rest of WA ;,A83728593K,House Prices,$'000,Quarter
2021-09-01,365,Median Price Established Houses ;  Rest of WA ;,A83728593K,House Prices,$'000,Quarter
2021-12-01,380,Median Price Established Houses ;  Rest of WA ;,A83728593K,House Prices,$'000,Quarter
2022-03-01,380,Median Price Established Houses ;  Rest of WA ;,A83728593K,House Prices,$'000,Quarter
2022-06-01,375,Median Price Established Houses ;  Rest of WA ;,A83728593K,House Prices,$'000,Quarter
2022-09-01,380,Median Price Established Houses ;  Rest of WA ;,A83728593K,House Prices,$'000,Quarter
2022-12-01,390,Median Price Established Houses ;  Rest of WA ;,A83728593K,House Prices,$'000,Quarter
2023-03-01,400,Median Price Established Houses ;  Rest of WA ;,A83728593K,House Prices,$'000,Quarter
2023-06-01,400,Median Price Established Houses ;  Rest of WA ;,A83728593K,House Prices,$'000,Quarter
2023-09-01,410,Median Price Established Houses ;  Rest of WA ;,A83728593K,House Prices,$'000,Quarter
2023-12-01,444,Median Price Established Houses ;  Rest of WA ;,A83728593K,House Prices,$'000,Quarter
2024-03-01,450,Median Price Established Houses ;  Rest of WA ;,A83728593K,House Prices,$'000,Quarter
2024-06-01,470,Median Price Established Houses ;  Rest of WA ;,A83728593K,House Prices,$'000,Quarter
2024-09-01,495,Median Price Established Houses ;  Rest of WA ;,A83728593K,House Prices,$'000,Quarter
2024-12-01,520,Median Price Established Houses ;  Rest of WA ;,A83728593K,House Prices,$'000,Quarter
2025-03-01,540,Median Price Established Houses ;  Rest of WA ;,A83728593K,House Prices,$'000,Quarter
2025-06-01,550,Median Price Established Houses ;  Rest of WA ;,A83728593K,House Prices,$'000,Quarter
2025-09-01,577.5,Median Price Established Houses ;  Rest of WA ;,A83728593K,House Prices,$'000,Quarter
2025-12-01,625,Median Price Established Houses ;  Rest of WA ;,A83728593K,House Prices,$'000,Quarter
2026-03-01,665,Median Price Established Houses ;  Rest of WA ;,A83728593K,House Prices,$'000,Quarter
2026-06-01,665,Median Price Established Houses ;  Rest of WA ;,A83728593K,House Prices,$'000,Quarter
2002-03-01,365,Median Price Established Houses ;  Sydney ;,A83728545T,House Prices,$'000,Quarter
2002-06-01,393.5,Median Price Established Houses ;  Sydney ;,A83728545T,House Prices,$'000,Quarter
2002-09-01,413,Median Price Established Houses ;  Sydney ;,A83728545T,House Prices,$'000,Quarter
2002-12-01,444,Median Price Established Houses ;  Sydney ;,A83728545T,House Prices,$'000,Quarter
2003-03-01,434.5,Median Price Established Houses ;  Sydney ;,A83728545T,House Prices,$'000,Quarter
2003-06-01,460,Median Price Established Houses ;  Sydney ;,A83728545T,House Prices,$'000,Quarter
2003-09-01,480,Median Price Established Houses ;  Sydney ;,A83728545T,House Prices,$'000,Quarter
2003-12-01,520,Median Price Established Houses ;  Sydney ;,A83728545T,House Prices,$'000,Quarter
2004-03-01,523,Median Price Established Houses ;  Sydney ;,A83728545T,House Prices,$'000,Quarter
2004-06-01,498,Median Price Established Houses ;  Sydney ;,A83728545T,House Prices,$'000,Quarter
2004-09-01,500,Median Price Established Houses ;  Sydney ;,A83728545T,House Prices,$'000,Quarter
2004-12-01,515,Median Price Established Houses ;  Sydney ;,A83728545T,House Prices,$'000,Quarter
2005-03-01,486,Median Price Established Houses ;  Sydney ;,A83728545T,House Prices,$'000,Quarter
2005-06-01,500,Median Price Established Houses ;  Sydney ;,A83728545T,House Prices,$'000,Quarter
2005-09-01,490,Median Price Established Houses ;  Sydney ;,A83728545T,House Prices,$'000,Quarter
2005-12-01,500,Median Price Established Houses ;  Sydney ;,A83728545T,House Prices,$'000,Quarter
2006-03-01,470,Median Price Established Houses ;  Sydney ;,A83728545T,House Prices,$'000,Quarter
2006-06-01,495,Median Price Established Houses ;  Sydney ;,A83728545T,House Prices,$'000,Quarter
2006-09-01,482,Median Price Established Houses ;  Sydney ;,A83728545T,House Prices,$'000,Quarter
2006-12-01,500,Median Price Established Houses ;  Sydney ;,A83728545T,House Prices,$'000,Quarter
2007-03-01,480,Median Price Established Houses ;  Sydney ;,A83728545T,House Prices,$'000,Quarter
2007-06-01,512.3,Median Price Established Houses ;  Sydney ;,A83728545T,House Prices,$'000,Quarter
2007-09-01,514,Median Price Established Houses ;  Sydney ;,A83728545T,House Prices,$'000,Quarter
2007-12-01,540,Median Price Established Houses ;  Sydney ;,A83728545T,House Prices,$'000,Quarter
2008-03-01,495,Median Price Established Houses ;  Sydney ;,A83728545T,House Prices,$'000,Quarter
2008-06-01,517,Median Price Established Houses ;  Sydney ;,A83728545T,House Prices,$'000,Quarter
2008-09-01,482,Median Price Established Houses ;  Sydney ;,A83728545T,House Prices,$'000,Quarter
2008-12-01,468,Median Price Established Houses ;  Sydney ;,A83728545T,House Prices,$'000,Quarter
2009-03-01,448,Median Price Established Houses ;  Sydney ;,A83728545T,House Prices,$'000,Quarter
2009-06-01,490,Median Price Established Houses ;  Sydney ;,A83728545T,House Prices,$'000,Quarter
2009-09-01,500,Median Price Established Houses ;  Sydney ;,A83728545T,House Prices,$'000,Quarter
2009-12-01,595,Median Price Established Houses ;  Sydney ;,A83728545T,House Prices,$'000,Quarter
2010-03-01,583,Median Price Established Houses ;  Sydney ;,A83728545T,House Prices,$'000,Quarter
2010-06-01,612.5,Median Price Established Houses ;  Sydney ;,A83728545T,House Prices,$'000,Quarter
2010-09-01,598,Median Price Established Houses ;  Sydney ;,A83728545T,House Prices,$'000,Quarter
2010-12-01,620,Median Price Established Houses ;  Sydney ;,A83728545T,House Prices,$'000,Quarter
2011-03-01,575,Median Price Established Houses ;  Sydney ;,A83728545T,House Prices,$'000,Quarter
2011-06-01,592,Median Price Established Houses ;  Sydney ;,A83728545T,House Prices,$'000,Quarter
2011-09-01,567,Median Price Established Houses ;  Sydney ;,A83728545T,House Prices,$'000,Quarter
2011-12-01,533,Median Price Established Houses ;  Sydney ;,A83728545T,House Prices,$'000,Quarter
2012-03-01,607.5,Median Price Established Houses ;  Sydney ;,A83728545T,House Prices,$'000,Quarter
2012-06-01,600,Median Price Established Houses ;  Sydney ;,A83728545T,House Prices,$'000,Quarter
2012-09-01,585,Median Price Established Houses ;  Sydney ;,A83728545T,House Prices,$'000,Quarter
2012-12-01,640,Median Price Established Houses ;  Sydney ;,A83728545T,House Prices,$'000,Quarter
2013-03-01,615,Median Price Established Houses ;  Sydney ;,A83728545T,House Prices,$'000,Quarter
2013-06-01,650,Median Price Established Houses ;  Sydney ;,A83728545T,House Prices,$'000,Quarter
2013-09-01,670,Median Price Established Houses ;  Sydney ;,A83728545T,House Prices,$'000,Quarter
2013-12-01,745,Median Price Established Houses ;  Sydney ;,A83728545T,House Prices,$'000,Quarter
2014-03-01,680,Median Price Established Houses ;  Sydney ;,A83728545T,House Prices,$'000,Quarter
2014-06-01,728,Median Price Established Houses ;  Sydney ;,A83728545T,House Prices,$'000,Quarter
2014-09-01,730,Median Price Established Houses ;  Sydney ;,A83728545T,House Prices,$'000,Quarter
2014-12-01,816,Median Price Established Houses ;  Sydney ;,A83728545T,House Prices,$'000,Quarter
2015-03-01,792.5,Median Price Established Houses ;  Sydney ;,A83728545T,House Prices,$'000,Quarter
2015-06-01,860,Median Price Established Houses ;  Sydney ;,A83728545T,House Prices,$'000,Quarter
2015-09-01,888.2,Median Price Established Houses ;  Sydney ;,A83728545T,House Prices,$'000,Quarter
2015-12-01,915,Median Price Established Houses ;  Sydney ;,A83728545T,House Prices,$'000,Quarter
2016-03-01,850,Median Price Established Houses ;  Sydney ;,A83728545T,House Prices,$'000,Quarter
2016-06-01,895,Median Price Established Houses ;  Sydney ;,A83728545T,House Prices,$'000,Quarter
2016-09-01,900,Median Price Established Houses ;  Sydney ;,A83728545T,House Prices,$'000,Quarter
2016-12-01,985.5,Median Price Established Houses ;  Sydney ;,A83728545T,House Prices,$'000,Quarter
2017-03-01,930,Median Price Established Houses ;  Sydney ;,A83728545T,House Prices,$'000,Quarter
2017-06-01,1050,Median Price Established Houses ;  Sydney ;,A83728545T,House Prices,$'000,Quarter
2017-09-01,950,Median Price Established Houses ;  Sydney ;,A83728545T,House Prices,$'000,Quarter
2017-12-01,1029,Median Price Established Houses ;  Sydney ;,A83728545T,House Prices,$'000,Quarter
2018-03-01,955,Median Price Established Houses ;  Sydney ;,A83728545T,House Prices,$'000,Quarter
2018-06-01,973.1,Median Price Established Houses ;  Sydney ;,A83728545T,House Prices,$'000,Quarter
2018-09-01,950,Median Price Established Houses ;  Sydney ;,A83728545T,House Prices,$'000,Quarter
2018-12-01,940,Median Price Established Houses ;  Sydney ;,A83728545T,House Prices,$'000,Quarter
2019-03-01,870,Median Price Established Houses ;  Sydney ;,A83728545T,House Prices,$'000,Quarter
2019-06-01,897,Median Price Established Houses ;  Sydney ;,A83728545T,House Prices,$'000,Quarter
2019-09-01,900,Median Price Established Houses ;  Sydney ;,A83728545T,House Prices,$'000,Quarter
2019-12-01,985,Median Price Established Houses ;  Sydney ;,A83728545T,House Prices,$'000,Quarter
2020-03-01,947.5,Median Price Established Houses ;  Sydney ;,A83728545T,House Prices,$'000,Quarter
2020-06-01,955,Median Price Established Houses ;  Sydney ;,A83728545T,House Prices,$'000,Quarter
2020-09-01,945,Median Price Established Houses ;  Sydney ;,A83728545T,House Prices,$'000,Quarter
2020-12-01,999,Median Price Established Houses ;  Sydney ;,A83728545T,House Prices,$'000,Quarter
2021-03-01,1052,Median Price Established Houses ;  Sydney ;,A83728545T,House Prices,$'000,Quarter
2021-06-01,1206.4,Median Price Established Houses ;  Sydney ;,A83728545T,House Prices,$'000,Quarter
2021-09-01,1300,Median Price Established Houses ;  Sydney ;,A83728545T,House Prices,$'000,Quarter
2021-12-01,1360,Median Price Established Houses ;  Sydney ;,A83728545T,House Prices,$'000,Quarter
2022-03-01,1325,Median Price Established Houses ;  Sydney ;,A83728545T,House Prices,$'000,Quarter
2022-06-01,1350,Median Price Established Houses ;  Sydney ;,A83728545T,House Prices,$'000,Quarter
2022-09-01,1300,Median Price Established Houses ;  Sydney ;,A83728545T,House Prices,$'000,Quarter
2022-12-01,1300,Median Price Established Houses ;  Sydney ;,A83728545T,House Prices,$'000,Quarter
2023-03-01,1250.1,Median Price Established Houses ;  Sydney ;,A83728545T,House Prices,$'000,Quarter
2023-06-01,1355,Median Price Established Houses ;  Sydney ;,A83728545T,House Prices,$'000,Quarter
2023-09-01,1370,Median Price Established Houses ;  Sydney ;,A83728545T,House Prices,$'000,Quarter
2023-12-01,1420,Median Price Established Houses ;  Sydney ;,A83728545T,House Prices,$'000,Quarter
2024-03-01,1400,Median Price Established Houses ;  Sydney ;,A83728545T,House Prices,$'000,Quarter
2024-06-01,1455,Median Price Established Houses ;  Sydney ;,A83728545T,House Prices,$'000,Quarter
2024-09-01,1410,Median Price Established Houses ;  Sydney ;,A83728545T,House Prices,$'000,Quarter
2024-12-01,1450,Median Price Established Houses ;  Sydney ;,A83728545T,House Prices,$'000,Quarter
2025-03-01,1450,Median Price Established Houses ;  Sydney ;,A83728545T,House Prices,$'000,Quarter
2025-06-01,1520,Median Price Established Houses ;  Sydney ;,A83728545T,House Prices,$'000,Quarter
2025-09-01,1521.5,Median Price Established Houses ;  Sydney ;,A83728545T,House Prices,$'000,Quarter
2025-12-01,1570,Median Price Established Houses ;  Sydney ;,A83728545T,House Prices,$'000,Quarter
2026-03-01,1550,Median Price Established Houses ;  Sydney ;,A83728545T,House Prices,$'000,Quarter
2026-06-01,1487.6,Median Price Established Houses ;  Sydney ;,A83728545T,House Prices,$'000,Quarter
2002-09-01,24529,FHB New Loan Commitments (Number),A130268484W,Housing Finance,Number,Quarter
2002-12-01,23090,FHB New Loan Commitments (Number),A130268484W,Housing Finance,Number,Quarter
2003-03-01,22989,FHB New Loan Commitments (Number),A130268484W,Housing Finance,Number,Quarter
2003-06-01,22351,FHB New Loan Commitments (Number),A130268484W,Housing Finance,Number,Quarter
2003-09-01,22181,FHB New Loan Commitments (Number),A130268484W,Housing Finance,Number,Quarter
2003-12-01,21147,FHB New Loan Commitments (Number),A130268484W,Housing Finance,Number,Quarter
2004-03-01,18264,FHB New Loan Commitments (Number),A130268484W,Housing Finance,Number,Quarter
2004-06-01,19342,FHB New Loan Commitments (Number),A130268484W,Housing Finance,Number,Quarter
2004-09-01,21670,FHB New Loan Commitments (Number),A130268484W,Housing Finance,Number,Quarter
2004-12-01,22716,FHB New Loan Commitments (Number),A130268484W,Housing Finance,Number,Quarter
2005-03-01,24097,FHB New Loan Commitments (Number),A130268484W,Housing Finance,Number,Quarter
2005-06-01,26157,FHB New Loan Commitments (Number),A130268484W,Housing Finance,Number,Quarter
2005-09-01,27210,FHB New Loan Commitments (Number),A130268484W,Housing Finance,Number,Quarter
2005-12-01,28637,FHB New Loan Commitments (Number),A130268484W,Housing Finance,Number,Quarter
2006-03-01,30398,FHB New Loan Commitments (Number),A130268484W,Housing Finance,Number,Quarter
2006-06-01,30458,FHB New Loan Commitments (Number),A130268484W,Housing Finance,Number,Quarter
2006-09-01,29155,FHB New Loan Commitments (Number),A130268484W,Housing Finance,Number,Quarter
2006-12-01,28794,FHB New Loan Commitments (Number),A130268484W,Housing Finance,Number,Quarter
2007-03-01,29388,FHB New Loan Commitments (Number),A130268484W,Housing Finance,Number,Quarter
2007-06-01,30607,FHB New Loan Commitments (Number),A130268484W,Housing Finance,Number,Quarter
2007-09-01,30907,FHB New Loan Commitments (Number),A130268484W,Housing Finance,Number,Quarter
2007-12-01,31265,FHB New Loan Commitments (Number),A130268484W,Housing Finance,Number,Quarter
2008-03-01,28925,FHB New Loan Commitments (Number),A130268484W,Housing Finance,Number,Quarter
2008-06-01,25241,FHB New Loan Commitments (Number),A130268484W,Housing Finance,Number,Quarter
2008-09-01,26078,FHB New Loan Commitments (Number),A130268484W,Housing Finance,Number,Quarter
2008-12-01,30609,FHB New Loan Commitments (Number),A130268484W,Housing Finance,Number,Quarter
2009-03-01,44768,FHB New Loan Commitments (Number),A130268484W,Housing Finance,Number,Quarter
2009-06-01,49499,FHB New Loan Commitments (Number),A130268484W,Housing Finance,Number,Quarter
2009-09-01,44295,FHB New Loan Commitments (Number),A130268484W,Housing Finance,Number,Quarter
2009-12-01,34592,FHB New Loan Commitments (Number),A130268484W,Housing Finance,Number,Quarter
2010-03-01,25100,FHB New Loan Commitments (Number),A130268484W,Housing Finance,Number,Quarter
2010-06-01,20955,FHB New Loan Commitments (Number),A130268484W,Housing Finance,Number,Quarter
2010-09-01,20281,FHB New Loan Commitments (Number),A130268484W,Housing Finance,Number,Quarter
2010-12-01,20017,FHB New Loan Commitments (Number),A130268484W,Housing Finance,Number,Quarter
2011-03-01,19496,FHB New Loan Commitments (Number),A130268484W,Housing Finance,Number,Quarter
2011-06-01,20224,FHB New Loan Commitments (Number),A130268484W,Housing Finance,Number,Quarter
2011-09-01,21072,FHB New Loan Commitments (Number),A130268484W,Housing Finance,Number,Quarter
2011-12-01,24368,FHB New Loan Commitments (Number),A130268484W,Housing Finance,Number,Quarter
2012-03-01,23422,FHB New Loan Commitments (Number),A130268484W,Housing Finance,Number,Quarter
2012-06-01,22464,FHB New Loan Commitments (Number),A130268484W,Housing Finance,Number,Quarter
2012-09-01,23788,FHB New Loan Commitments (Number),A130268484W,Housing Finance,Number,Quarter
2012-12-01,21849,FHB New Loan Commitments (Number),A130268484W,Housing Finance,Number,Quarter
2013-03-01,22061,FHB New Loan Commitments (Number),A130268484W,Housing Finance,Number,Quarter
2013-06-01,23595,FHB New Loan Commitments (Number),A130268484W,Housing Finance,Number,Quarter
2013-09-01,23482,FHB New Loan Commitments (Number),A130268484W,Housing Finance,Number,Quarter
2013-12-01,22962,FHB New Loan Commitments (Number),A130268484W,Housing Finance,Number,Quarter
2014-03-01,22784,FHB New Loan Commitments (Number),A130268484W,Housing Finance,Number,Quarter
2014-06-01,22311,FHB New Loan Commitments (Number),A130268484W,Housing Finance,Number,Quarter
2014-09-01,22464,FHB New Loan Commitments (Number),A130268484W,Housing Finance,Number,Quarter
2014-12-01,22095,FHB New Loan Commitments (Number),A130268484W,Housing Finance,Number,Quarter
2015-03-01,21691,FHB New Loan Commitments (Number),A130268484W,Housing Finance,Number,Quarter
2015-06-01,21006,FHB New Loan Commitments (Number),A130268484W,Housing Finance,Number,Quarter
2015-09-01,20846,FHB New Loan Commitments (Number),A130268484W,Housing Finance,Number,Quarter
2015-12-01,19968,FHB New Loan Commitments (Number),A130268484W,Housing Finance,Number,Quarter
2016-03-01,20289,FHB New Loan Commitments (Number),A130268484W,Housing Finance,Number,Quarter
2016-06-01,21297,FHB New Loan Commitments (Number),A130268484W,Housing Finance,Number,Quarter
2016-09-01,20035,FHB New Loan Commitments (Number),A130268484W,Housing Finance,Number,Quarter
2016-12-01,20015,FHB New Loan Commitments (Number),A130268484W,Housing Finance,Number,Quarter
2017-03-01,20829,FHB New Loan Commitments (Number),A130268484W,Housing Finance,Number,Quarter
2017-06-01,21576,FHB New Loan Commitments (Number),A130268484W,Housing Finance,Number,Quarter
2017-09-01,26372,FHB New Loan Commitments (Number),A130268484W,Housing Finance,Number,Quarter
2017-12-01,26620,FHB New Loan Commitments (Number),A130268484W,Housing Finance,Number,Quarter
2018-03-01,26420,FHB New Loan Commitments (Number),A130268484W,Housing Finance,Number,Quarter
2018-06-01,26063,FHB New Loan Commitments (Number),A130268484W,Housing Finance,Number,Quarter
2018-09-01,25947,FHB New Loan Commitments (Number),A130268484W,Housing Finance,Number,Quarter
2018-12-01,24750,FHB New Loan Commitments (Number),A130268484W,Housing Finance,Number,Quarter
2019-03-01,23524,FHB New Loan Commitments (Number),A130268484W,Housing Finance,Number,Quarter
2019-06-01,24218,FHB New Loan Commitments (Number),A130268484W,Housing Finance,Number,Quarter
2019-09-01,26987,FHB New Loan Commitments (Number),A130268484W,Housing Finance,Number,Quarter
2019-12-01,28543,FHB New Loan Commitments (Number),A130268484W,Housing Finance,Number,Quarter
2020-03-01,28963,FHB New Loan Commitments (Number),A130268484W,Housing Finance,Number,Quarter
2020-06-01,26919,FHB New Loan Commitments (Number),A130268484W,Housing Finance,Number,Quarter
2020-09-01,38158,FHB New Loan Commitments (Number),A130268484W,Housing Finance,Number,Quarter
2020-12-01,42403,FHB New Loan Commitments (Number),A130268484W,Housing Finance,Number,Quarter
2021-03-01,48103,FHB New Loan Commitments (Number),A130268484W,Housing Finance,Number,Quarter
2021-06-01,42685,FHB New Loan Commitments (Number),A130268484W,Housing Finance,Number,Quarter
2021-09-01,38302,FHB New Loan Commitments (Number),A130268484W,Housing Finance,Number,Quarter
2021-12-01,34965,FHB New Loan Commitments (Number),A130268484W,Housing Finance,Number,Quarter
2022-03-01,33371,FHB New Loan Commitments (Number),A130268484W,Housing Finance,Number,Quarter
2022-06-01,30691,FHB New Loan Commitments (Number),A130268484W,Housing Finance,Number,Quarter
2022-09-01,29118,FHB New Loan Commitments (Number),A130268484W,Housing Finance,Number,Quarter
2022-12-01,25918,FHB New Loan Commitments (Number),A130268484W,Housing Finance,Number,Quarter
2023-03-01,26551,FHB New Loan Commitments (Number),A130268484W,Housing Finance,Number,Quarter
2023-06-01,27867,FHB New Loan Commitments (Number),A130268484W,Housing Finance,Number,Quarter
2023-09-01,27336,FHB New Loan Commitments (Number),A130268484W,Housing Finance,Number,Quarter
2023-12-01,29030,FHB New Loan Commitments (Number),A130268484W,Housing Finance,Number,Quarter
2024-03-01,28484,FHB New Loan Commitments (Number),A130268484W,Housing Finance,Number,Quarter
2024-06-01,29821,FHB New Loan Commitments (Number),A130268484W,Housing Finance,Number,Quarter
2024-09-01,29769,FHB New Loan Commitments (Number),A130268484W,Housing Finance,Number,Quarter
2024-12-01,28734,FHB New Loan Commitments (Number),A130268484W,Housing Finance,Number,Quarter
2025-03-01,28757,FHB New Loan Commitments (Number),A130268484W,Housing Finance,Number,Quarter
2025-06-01,29305,FHB New Loan Commitments (Number),A130268484W,Housing Finance,Number,Quarter
2025-09-01,30013,FHB New Loan Commitments (Number),A130268484W,Housing Finance,Number,Quarter
2025-12-01,31337,FHB New Loan Commitments (Number),A130268484W,Housing Finance,Number,Quarter
2026-03-01,30210,FHB New Loan Commitments (Number),A130268484W,Housing Finance,Number,Quarter
2026-06-01,29319,FHB New Loan Commitments (Number),A130268484W,Housing Finance,Number,Quarter
2002-09-01,4121.6,FHB New Loan Commitments (Value),A130268483V,Housing Finance,$ Millions,Quarter
2002-12-01,4045.5,FHB New Loan Commitments (Value),A130268483V,Housing Finance,$ Millions,Quarter
2003-03-01,4172.1,FHB New Loan Commitments (Value),A130268483V,Housing Finance,$ Millions,Quarter
2003-06-01,4236.2,FHB New Loan Commitments (Value),A130268483V,Housing Finance,$ Millions,Quarter
2003-09-01,4479.7,FHB New Loan Commitments (Value),A130268483V,Housing Finance,$ Millions,Quarter
2003-12-01,4363.8,FHB New Loan Commitments (Value),A130268483V,Housing Finance,$ Millions,Quarter
2004-03-01,3845.5,FHB New Loan Commitments (Value),A130268483V,Housing Finance,$ Millions,Quarter
2004-06-01,4301.6,FHB New Loan Commitments (Value),A130268483V,Housing Finance,$ Millions,Quarter
2004-09-01,4883.1,FHB New Loan Commitments (Value),A130268483V,Housing Finance,$ Millions,Quarter
2004-12-01,5237.1,FHB New Loan Commitments (Value),A130268483V,Housing Finance,$ Millions,Quarter
2005-03-01,5577.6,FHB New Loan Commitments (Value),A130268483V,Housing Finance,$ Millions,Quarter
2005-06-01,6028.4,FHB New Loan Commitments (Value),A130268483V,Housing Finance,$ Millions,Quarter
2005-09-01,6390.8,FHB New Loan Commitments (Value),A130268483V,Housing Finance,$ Millions,Quarter
2005-12-01,6819.1,FHB New Loan Commitments (Value),A130268483V,Housing Finance,$ Millions,Quarter
2006-03-01,7445.1,FHB New Loan Commitments (Value),A130268483V,Housing Finance,$ Millions,Quarter
2006-06-01,7428.3,FHB New Loan Commitments (Value),A130268483V,Housing Finance,$ Millions,Quarter
2006-09-01,7122.1,FHB New Loan Commitments (Value),A130268483V,Housing Finance,$ Millions,Quarter
2006-12-01,7149.9,FHB New Loan Commitments (Value),A130268483V,Housing Finance,$ Millions,Quarter
2007-03-01,7484.9,FHB New Loan Commitments (Value),A130268483V,Housing Finance,$ Millions,Quarter
2007-06-01,7955.2,FHB New Loan Commitments (Value),A130268483V,Housing Finance,$ Millions,Quarter
2007-09-01,8180.9,FHB New Loan Commitments (Value),A130268483V,Housing Finance,$ Millions,Quarter
2007-12-01,8033.7,FHB New Loan Commitments (Value),A130268483V,Housing Finance,$ Millions,Quarter
2008-03-01,7384.9,FHB New Loan Commitments (Value),A130268483V,Housing Finance,$ Millions,Quarter
2008-06-01,6634.3,FHB New Loan Commitments (Value),A130268483V,Housing Finance,$ Millions,Quarter
2008-09-01,7195.3,FHB New Loan Commitments (Value),A130268483V,Housing Finance,$ Millions,Quarter
2008-12-01,9043.6,FHB New Loan Commitments (Value),A130268483V,Housing Finance,$ Millions,Quarter
2009-03-01,13821.4,FHB New Loan Commitments (Value),A130268483V,Housing Finance,$ Millions,Quarter
2009-06-01,15066.3,FHB New Loan Commitments (Value),A130268483V,Housing Finance,$ Millions,Quarter
2009-09-01,13440.3,FHB New Loan Commitments (Value),A130268483V,Housing Finance,$ Millions,Quarter
2009-12-01,10751.5,FHB New Loan Commitments (Value),A130268483V,Housing Finance,$ Millions,Quarter
2010-03-01,7968.8,FHB New Loan Commitments (Value),A130268483V,Housing Finance,$ Millions,Quarter
2010-06-01,6642.1,FHB New Loan Commitments (Value),A130268483V,Housing Finance,$ Millions,Quarter
2010-09-01,6462.8,FHB New Loan Commitments (Value),A130268483V,Housing Finance,$ Millions,Quarter
2010-12-01,6281.6,FHB New Loan Commitments (Value),A130268483V,Housing Finance,$ Millions,Quarter
2011-03-01,6131.1,FHB New Loan Commitments (Value),A130268483V,Housing Finance,$ Millions,Quarter
2011-06-01,6396.2,FHB New Loan Commitments (Value),A130268483V,Housing Finance,$ Millions,Quarter
2011-09-01,6698.9,FHB New Loan Commitments (Value),A130268483V,Housing Finance,$ Millions,Quarter
2011-12-01,7528.8,FHB New Loan Commitments (Value),A130268483V,Housing Finance,$ Millions,Quarter
2012-03-01,7309.5,FHB New Loan Commitments (Value),A130268483V,Housing Finance,$ Millions,Quarter
2012-06-01,7075.8,FHB New Loan Commitments (Value),A130268483V,Housing Finance,$ Millions,Quarter
2012-09-01,7587.1,FHB New Loan Commitments (Value),A130268483V,Housing Finance,$ Millions,Quarter
2012-12-01,7025.3,FHB New Loan Commitments (Value),A130268483V,Housing Finance,$ Millions,Quarter
2013-03-01,7174.6,FHB New Loan Commitments (Value),A130268483V,Housing Finance,$ Millions,Quarter
2013-06-01,7556.8,FHB New Loan Commitments (Value),A130268483V,Housing Finance,$ Millions,Quarter
2013-09-01,7569.2,FHB New Loan Commitments (Value),A130268483V,Housing Finance,$ Millions,Quarter
2013-12-01,7564.5,FHB New Loan Commitments (Value),A130268483V,Housing Finance,$ Millions,Quarter
2014-03-01,7713.1,FHB New Loan Commitments (Value),A130268483V,Housing Finance,$ Millions,Quarter
2014-06-01,7617.7,FHB New Loan Commitments (Value),A130268483V,Housing Finance,$ Millions,Quarter
2014-09-01,7560.7,FHB New Loan Commitments (Value),A130268483V,Housing Finance,$ Millions,Quarter
2014-12-01,7428.7,FHB New Loan Commitments (Value),A130268483V,Housing Finance,$ Millions,Quarter
2015-03-01,7404.8,FHB New Loan Commitments (Value),A130268483V,Housing Finance,$ Millions,Quarter
2015-06-01,7354.6,FHB New Loan Commitments (Value),A130268483V,Housing Finance,$ Millions,Quarter
2015-09-01,7391.6,FHB New Loan Commitments (Value),A130268483V,Housing Finance,$ Millions,Quarter
2015-12-01,7158.7,FHB New Loan Commitments (Value),A130268483V,Housing Finance,$ Millions,Quarter
2016-03-01,7067.3,FHB New Loan Commitments (Value),A130268483V,Housing Finance,$ Millions,Quarter
2016-06-01,7365.1,FHB New Loan Commitments (Value),A130268483V,Housing Finance,$ Millions,Quarter
2016-09-01,7039.3,FHB New Loan Commitments (Value),A130268483V,Housing Finance,$ Millions,Quarter
2016-12-01,7047,FHB New Loan Commitments (Value),A130268483V,Housing Finance,$ Millions,Quarter
2017-03-01,7272.2,FHB New Loan Commitments (Value),A130268483V,Housing Finance,$ Millions,Quarter
2017-06-01,7510.2,FHB New Loan Commitments (Value),A130268483V,Housing Finance,$ Millions,Quarter
2017-09-01,9218.9,FHB New Loan Commitments (Value),A130268483V,Housing Finance,$ Millions,Quarter
2017-12-01,9546.7,FHB New Loan Commitments (Value),A130268483V,Housing Finance,$ Millions,Quarter
2018-03-01,9684.1,FHB New Loan Commitments (Value),A130268483V,Housing Finance,$ Millions,Quarter
2018-06-01,9888.4,FHB New Loan Commitments (Value),A130268483V,Housing Finance,$ Millions,Quarter
2018-09-01,9644.4,FHB New Loan Commitments (Value),A130268483V,Housing Finance,$ Millions,Quarter
2018-12-01,9198,FHB New Loan Commitments (Value),A130268483V,Housing Finance,$ Millions,Quarter
2019-03-01,8766,FHB New Loan Commitments (Value),A130268483V,Housing Finance,$ Millions,Quarter
2019-06-01,9294.2,FHB New Loan Commitments (Value),A130268483V,Housing Finance,$ Millions,Quarter
2019-09-01,10845.9,FHB New Loan Commitments (Value),A130268483V,Housing Finance,$ Millions,Quarter
2019-12-01,11811,FHB New Loan Commitments (Value),A130268483V,Housing Finance,$ Millions,Quarter
2020-03-01,12248.5,FHB New Loan Commitments (Value),A130268483V,Housing Finance,$ Millions,Quarter
2020-06-01,11557.2,FHB New Loan Commitments (Value),A130268483V,Housing Finance,$ Millions,Quarter
2020-09-01,15221.3,FHB New Loan Commitments (Value),A130268483V,Housing Finance,$ Millions,Quarter
2020-12-01,17718.1,FHB New Loan Commitments (Value),A130268483V,Housing Finance,$ Millions,Quarter
2021-03-01,20506.7,FHB New Loan Commitments (Value),A130268483V,Housing Finance,$ Millions,Quarter
2021-06-01,19394.3,FHB New Loan Commitments (Value),A130268483V,Housing Finance,$ Millions,Quarter
2021-09-01,17291.5,FHB New Loan Commitments (Value),A130268483V,Housing Finance,$ Millions,Quarter
2021-12-01,16553.9,FHB New Loan Commitments (Value),A130268483V,Housing Finance,$ Millions,Quarter
2022-03-01,15916,FHB New Loan Commitments (Value),A130268483V,Housing Finance,$ Millions,Quarter
2022-06-01,15042.1,FHB New Loan Commitments (Value),A130268483V,Housing Finance,$ Millions,Quarter
2022-09-01,13758.4,FHB New Loan Commitments (Value),A130268483V,Housing Finance,$ Millions,Quarter
2022-12-01,12681.8,FHB New Loan Commitments (Value),A130268483V,Housing Finance,$ Millions,Quarter
2023-03-01,12854.4,FHB New Loan Commitments (Value),A130268483V,Housing Finance,$ Millions,Quarter
2023-06-01,14184.9,FHB New Loan Commitments (Value),A130268483V,Housing Finance,$ Millions,Quarter
2023-09-01,13339.3,FHB New Loan Commitments (Value),A130268483V,Housing Finance,$ Millions,Quarter
2023-12-01,15017,FHB New Loan Commitments (Value),A130268483V,Housing Finance,$ Millions,Quarter
2024-03-01,14663.3,FHB New Loan Commitments (Value),A130268483V,Housing Finance,$ Millions,Quarter
2024-06-01,16284,FHB New Loan Commitments (Value),A130268483V,Housing Finance,$ Millions,Quarter
2024-09-01,15575.2,FHB New Loan Commitments (Value),A130268483V,Housing Finance,$ Millions,Quarter
2024-12-01,15724.6,FHB New Loan Commitments (Value),A130268483V,Housing Finance,$ Millions,Quarter
2025-03-01,15499.9,FHB New Loan Commitments (Value),A130268483V,Housing Finance,$ Millions,Quarter
2025-06-01,16705.9,FHB New Loan Commitments (Value),A130268483V,Housing Finance,$ Millions,Quarter
2025-09-01,16294.7,FHB New Loan Commitments (Value),A130268483V,Housing Finance,$ Millions,Quarter
2025-12-01,19254,FHB New Loan Commitments (Value),A130268483V,Housing Finance,$ Millions,Quarter
2026-03-01,18337.2,FHB New Loan Commitments (Value),A130268483V,Housing Finance,$ Millions,Quarter
2026-06-01,18383,FHB New Loan Commitments (Value),A130268483V,Housing Finance,$ Millions,Quarter
1983-11-15,345.2,"AWE (AWOTE, Persons)",NA,Income,AUD,Quarter
1984-02-15,353.5,"AWE (AWOTE, Persons)",NA,Income,AUD,Quarter
1984-05-15,365.3,"AWE (AWOTE, Persons)",NA,Income,AUD,Quarter
1984-08-15,369.3,"AWE (AWOTE, Persons)",NA,Income,AUD,Quarter
1984-11-15,374.5,"AWE (AWOTE, Persons)",NA,Income,AUD,Quarter
1985-02-15,377.9,"AWE (AWOTE, Persons)",NA,Income,AUD,Quarter
1985-05-15,382.9,"AWE (AWOTE, Persons)",NA,Income,AUD,Quarter
1985-08-15,388.3,"AWE (AWOTE, Persons)",NA,Income,AUD,Quarter
1985-11-15,395.9,"AWE (AWOTE, Persons)",NA,Income,AUD,Quarter
1986-02-15,404.5,"AWE (AWOTE, Persons)",NA,Income,AUD,Quarter
1986-05-15,409.5,"AWE (AWOTE, Persons)",NA,Income,AUD,Quarter
1986-08-15,419.4,"AWE (AWOTE, Persons)",NA,Income,AUD,Quarter
1986-11-15,426.2,"AWE (AWOTE, Persons)",NA,Income,AUD,Quarter
1987-02-15,429.6,"AWE (AWOTE, Persons)",NA,Income,AUD,Quarter
1987-05-15,436.6,"AWE (AWOTE, Persons)",NA,Income,AUD,Quarter
1987-08-15,445,"AWE (AWOTE, Persons)",NA,Income,AUD,Quarter
1987-11-15,449,"AWE (AWOTE, Persons)",NA,Income,AUD,Quarter
1988-02-15,458.6,"AWE (AWOTE, Persons)",NA,Income,AUD,Quarter
1988-05-15,465.2,"AWE (AWOTE, Persons)",NA,Income,AUD,Quarter
1988-08-15,472,"AWE (AWOTE, Persons)",NA,Income,AUD,Quarter
1988-11-15,483.9,"AWE (AWOTE, Persons)",NA,Income,AUD,Quarter
1989-02-15,491.6,"AWE (AWOTE, Persons)",NA,Income,AUD,Quarter
1989-05-15,501.4,"AWE (AWOTE, Persons)",NA,Income,AUD,Quarter
1989-08-15,510,"AWE (AWOTE, Persons)",NA,Income,AUD,Quarter
1989-11-15,515.7,"AWE (AWOTE, Persons)",NA,Income,AUD,Quarter
1990-02-15,523.6,"AWE (AWOTE, Persons)",NA,Income,AUD,Quarter
1990-05-15,534.4,"AWE (AWOTE, Persons)",NA,Income,AUD,Quarter
1990-08-15,542.8,"AWE (AWOTE, Persons)",NA,Income,AUD,Quarter
1990-11-15,555.1,"AWE (AWOTE, Persons)",NA,Income,AUD,Quarter
1991-02-15,562.5,"AWE (AWOTE, Persons)",NA,Income,AUD,Quarter
1991-05-15,561,"AWE (AWOTE, Persons)",NA,Income,AUD,Quarter
1991-08-15,569.6,"AWE (AWOTE, Persons)",NA,Income,AUD,Quarter
1991-11-15,578.7,"AWE (AWOTE, Persons)",NA,Income,AUD,Quarter
1992-02-15,587.2,"AWE (AWOTE, Persons)",NA,Income,AUD,Quarter
1992-05-15,587.3,"AWE (AWOTE, Persons)",NA,Income,AUD,Quarter
1992-08-15,587.5,"AWE (AWOTE, Persons)",NA,Income,AUD,Quarter
1992-11-15,587.2,"AWE (AWOTE, Persons)",NA,Income,AUD,Quarter
1993-02-15,591.7,"AWE (AWOTE, Persons)",NA,Income,AUD,Quarter
1993-05-15,597.6,"AWE (AWOTE, Persons)",NA,Income,AUD,Quarter
1993-08-15,604.1,"AWE (AWOTE, Persons)",NA,Income,AUD,Quarter
1993-11-15,604.7,"AWE (AWOTE, Persons)",NA,Income,AUD,Quarter
1994-02-15,610.5,"AWE (AWOTE, Persons)",NA,Income,AUD,Quarter
1994-05-15,617.3,"AWE (AWOTE, Persons)",NA,Income,AUD,Quarter
1994-08-15,622.1,"AWE (AWOTE, Persons)",NA,Income,AUD,Quarter
1994-11-15,629.9,"AWE (AWOTE, Persons)",NA,Income,AUD,Quarter
1995-02-15,639.2,"AWE (AWOTE, Persons)",NA,Income,AUD,Quarter
1995-05-15,648.3,"AWE (AWOTE, Persons)",NA,Income,AUD,Quarter
1995-08-15,654.2,"AWE (AWOTE, Persons)",NA,Income,AUD,Quarter
1995-11-15,661,"AWE (AWOTE, Persons)",NA,Income,AUD,Quarter
1996-02-15,666.1,"AWE (AWOTE, Persons)",NA,Income,AUD,Quarter
1996-05-15,673.9,"AWE (AWOTE, Persons)",NA,Income,AUD,Quarter
1996-08-15,678,"AWE (AWOTE, Persons)",NA,Income,AUD,Quarter
1996-11-15,685.9,"AWE (AWOTE, Persons)",NA,Income,AUD,Quarter
1997-02-15,693.4,"AWE (AWOTE, Persons)",NA,Income,AUD,Quarter
1997-05-15,696.6,"AWE (AWOTE, Persons)",NA,Income,AUD,Quarter
1997-08-15,706.9,"AWE (AWOTE, Persons)",NA,Income,AUD,Quarter
1997-11-15,710.5,"AWE (AWOTE, Persons)",NA,Income,AUD,Quarter
1998-02-15,720.7,"AWE (AWOTE, Persons)",NA,Income,AUD,Quarter
1998-05-15,726.1,"AWE (AWOTE, Persons)",NA,Income,AUD,Quarter
1998-08-15,735,"AWE (AWOTE, Persons)",NA,Income,AUD,Quarter
1998-11-15,739.6,"AWE (AWOTE, Persons)",NA,Income,AUD,Quarter
1999-02-15,742.1,"AWE (AWOTE, Persons)",NA,Income,AUD,Quarter
1999-05-15,749.1,"AWE (AWOTE, Persons)",NA,Income,AUD,Quarter
1999-08-15,749.5,"AWE (AWOTE, Persons)",NA,Income,AUD,Quarter
1999-11-15,760.9,"AWE (AWOTE, Persons)",NA,Income,AUD,Quarter
2000-02-15,771.3,"AWE (AWOTE, Persons)",NA,Income,AUD,Quarter
2000-05-15,780,"AWE (AWOTE, Persons)",NA,Income,AUD,Quarter
2000-08-15,793.8,"AWE (AWOTE, Persons)",NA,Income,AUD,Quarter
2000-11-15,798.4,"AWE (AWOTE, Persons)",NA,Income,AUD,Quarter
2001-02-15,805,"AWE (AWOTE, Persons)",NA,Income,AUD,Quarter
2001-05-15,819.9,"AWE (AWOTE, Persons)",NA,Income,AUD,Quarter
2001-08-15,832.3,"AWE (AWOTE, Persons)",NA,Income,AUD,Quarter
2001-11-15,843,"AWE (AWOTE, Persons)",NA,Income,AUD,Quarter
2002-02-15,853.1,"AWE (AWOTE, Persons)",NA,Income,AUD,Quarter
2002-05-15,861.2,"AWE (AWOTE, Persons)",NA,Income,AUD,Quarter
2002-08-15,871.5,"AWE (AWOTE, Persons)",NA,Income,AUD,Quarter
2002-11-15,882.6,"AWE (AWOTE, Persons)",NA,Income,AUD,Quarter
2003-02-15,891.7,"AWE (AWOTE, Persons)",NA,Income,AUD,Quarter
2003-05-15,914.1,"AWE (AWOTE, Persons)",NA,Income,AUD,Quarter
2003-08-15,919.4,"AWE (AWOTE, Persons)",NA,Income,AUD,Quarter
2003-11-15,929.8,"AWE (AWOTE, Persons)",NA,Income,AUD,Quarter
2004-02-15,937.1,"AWE (AWOTE, Persons)",NA,Income,AUD,Quarter
2004-05-15,940.4,"AWE (AWOTE, Persons)",NA,Income,AUD,Quarter
2004-08-15,950.8,"AWE (AWOTE, Persons)",NA,Income,AUD,Quarter
2004-11-15,965.8,"AWE (AWOTE, Persons)",NA,Income,AUD,Quarter
2005-02-15,979.5,"AWE (AWOTE, Persons)",NA,Income,AUD,Quarter
2005-05-15,995.4,"AWE (AWOTE, Persons)",NA,Income,AUD,Quarter
2005-08-15,1007.8,"AWE (AWOTE, Persons)",NA,Income,AUD,Quarter
2005-11-15,1012.7,"AWE (AWOTE, Persons)",NA,Income,AUD,Quarter
2006-02-15,1022.2,"AWE (AWOTE, Persons)",NA,Income,AUD,Quarter
2006-05-15,1027.4,"AWE (AWOTE, Persons)",NA,Income,AUD,Quarter
2006-08-15,1035.8,"AWE (AWOTE, Persons)",NA,Income,AUD,Quarter
2006-11-15,1045,"AWE (AWOTE, Persons)",NA,Income,AUD,Quarter
2007-02-15,1057.2,"AWE (AWOTE, Persons)",NA,Income,AUD,Quarter
2007-05-15,1078.6,"AWE (AWOTE, Persons)",NA,Income,AUD,Quarter
2007-08-15,1091.8,"AWE (AWOTE, Persons)",NA,Income,AUD,Quarter
2007-11-15,1099.4,"AWE (AWOTE, Persons)",NA,Income,AUD,Quarter
2008-02-15,1111.8,"AWE (AWOTE, Persons)",NA,Income,AUD,Quarter
2008-05-15,1121.4,"AWE (AWOTE, Persons)",NA,Income,AUD,Quarter
2008-08-15,1143.1,"AWE (AWOTE, Persons)",NA,Income,AUD,Quarter
2008-11-15,1159,"AWE (AWOTE, Persons)",NA,Income,AUD,Quarter
2009-02-15,1174.1,"AWE (AWOTE, Persons)",NA,Income,AUD,Quarter
2009-05-15,1189.7,"AWE (AWOTE, Persons)",NA,Income,AUD,Quarter
2009-08-15,1202.8,"AWE (AWOTE, Persons)",NA,Income,AUD,Quarter
2009-11-15,1227.9,"AWE (AWOTE, Persons)",NA,Income,AUD,Quarter
2010-02-15,1242.3,"AWE (AWOTE, Persons)",NA,Income,AUD,Quarter
2010-05-15,1252,"AWE (AWOTE, Persons)",NA,Income,AUD,Quarter
2010-08-15,1257.5,"AWE (AWOTE, Persons)",NA,Income,AUD,Quarter
2010-11-15,1276.3,"AWE (AWOTE, Persons)",NA,Income,AUD,Quarter
2011-02-15,1289.6,"AWE (AWOTE, Persons)",NA,Income,AUD,Quarter
2011-05-15,1306.6,"AWE (AWOTE, Persons)",NA,Income,AUD,Quarter
2011-08-15,1323.7,"AWE (AWOTE, Persons)",NA,Income,AUD,Quarter
2011-11-15,1331.1,"AWE (AWOTE, Persons)",NA,Income,AUD,Quarter
2012-02-15,1346.3,"AWE (AWOTE, Persons)",NA,Income,AUD,Quarter
2012-05-15,1349.2,"AWE (AWOTE, Persons)",NA,Income,AUD,Quarter
2012-11-15,1396,"AWE (AWOTE, Persons)",NA,Income,AUD,Half-year
2013-05-15,1420.9,"AWE (AWOTE, Persons)",NA,Income,AUD,Half-year
2013-11-15,1437,"AWE (AWOTE, Persons)",NA,Income,AUD,Half-year
2014-05-15,1454.1,"AWE (AWOTE, Persons)",NA,Income,AUD,Half-year
2014-11-15,1477,"AWE (AWOTE, Persons)",NA,Income,AUD,Half-year
2015-05-15,1483.1,"AWE (AWOTE, Persons)",NA,Income,AUD,Half-year
2015-11-15,1500.5,"AWE (AWOTE, Persons)",NA,Income,AUD,Half-year
2016-05-15,1516,"AWE (AWOTE, Persons)",NA,Income,AUD,Half-year
2016-11-15,1533.4,"AWE (AWOTE, Persons)",NA,Income,AUD,Half-year
2017-05-15,1543.2,"AWE (AWOTE, Persons)",NA,Income,AUD,Half-year
2017-11-15,1569.6,"AWE (AWOTE, Persons)",NA,Income,AUD,Half-year
2018-05-15,1585.3,"AWE (AWOTE, Persons)",NA,Income,AUD,Half-year
2018-11-15,1605.5,"AWE (AWOTE, Persons)",NA,Income,AUD,Half-year
2019-05-15,1634.8,"AWE (AWOTE, Persons)",NA,Income,AUD,Half-year
2019-11-15,1658.4,"AWE (AWOTE, Persons)",NA,Income,AUD,Half-year
2020-05-15,1713.9,"AWE (AWOTE, Persons)",NA,Income,AUD,Half-year
2020-11-15,1711.6,"AWE (AWOTE, Persons)",NA,Income,AUD,Half-year
2021-05-15,1737.1,"AWE (AWOTE, Persons)",NA,Income,AUD,Half-year
2021-11-15,1748.4,"AWE (AWOTE, Persons)",NA,Income,AUD,Half-year
2022-05-15,1769.8,"AWE (AWOTE, Persons)",NA,Income,AUD,Half-year
2022-11-15,1807.7,"AWE (AWOTE, Persons)",NA,Income,AUD,Half-year
2023-05-15,1838.1,"AWE (AWOTE, Persons)",NA,Income,AUD,Half-year
2023-11-15,1888.8,"AWE (AWOTE, Persons)",NA,Income,AUD,Half-year
2024-05-15,1923.4,"AWE (AWOTE, Persons)",NA,Income,AUD,Half-year
2024-11-15,1975.8,"AWE (AWOTE, Persons)",NA,Income,AUD,Half-year
2025-05-15,2010,"AWE (AWOTE, Persons)",NA,Income,AUD,Half-year
2025-11-15,2051.1,"AWE (AWOTE, Persons)",NA,Income,AUD,Half-year
2026-05-15,2083.7,"AWE (AWOTE, Persons)",NA,Income,AUD,Half-year
1959-09-01,1855,Compensation of Employees,A2303359K,Income,$ Millions,Quarter
1959-12-01,1894,Compensation of Employees,A2303359K,Income,$ Millions,Quarter
1960-03-01,1969,Compensation of Employees,A2303359K,Income,$ Millions,Quarter
1960-06-01,2030,Compensation of Employees,A2303359K,Income,$ Millions,Quarter
1960-09-01,2081,Compensation of Employees,A2303359K,Income,$ Millions,Quarter
1960-12-01,2113,Compensation of Employees,A2303359K,Income,$ Millions,Quarter
1961-03-01,2097,Compensation of Employees,A2303359K,Income,$ Millions,Quarter
1961-06-01,2097,Compensation of Employees,A2303359K,Income,$ Millions,Quarter
1961-09-01,2125,Compensation of Employees,A2303359K,Income,$ Millions,Quarter
1961-12-01,2133,Compensation of Employees,A2303359K,Income,$ Millions,Quarter
1962-03-01,2193,Compensation of Employees,A2303359K,Income,$ Millions,Quarter
1962-06-01,2242,Compensation of Employees,A2303359K,Income,$ Millions,Quarter
1962-09-01,2232,Compensation of Employees,A2303359K,Income,$ Millions,Quarter
1962-12-01,2257,Compensation of Employees,A2303359K,Income,$ Millions,Quarter
1963-03-01,2329,Compensation of Employees,A2303359K,Income,$ Millions,Quarter
1963-06-01,2358,Compensation of Employees,A2303359K,Income,$ Millions,Quarter
1963-09-01,2422,Compensation of Employees,A2303359K,Income,$ Millions,Quarter
1963-12-01,2510,Compensation of Employees,A2303359K,Income,$ Millions,Quarter
1964-03-01,2513,Compensation of Employees,A2303359K,Income,$ Millions,Quarter
1964-06-01,2594,Compensation of Employees,A2303359K,Income,$ Millions,Quarter
1964-09-01,2681,Compensation of Employees,A2303359K,Income,$ Millions,Quarter
1964-12-01,2807,Compensation of Employees,A2303359K,Income,$ Millions,Quarter
1965-03-01,2848,Compensation of Employees,A2303359K,Income,$ Millions,Quarter
1965-06-01,2922,Compensation of Employees,A2303359K,Income,$ Millions,Quarter
1965-09-01,2991,Compensation of Employees,A2303359K,Income,$ Millions,Quarter
1965-12-01,3000,Compensation of Employees,A2303359K,Income,$ Millions,Quarter
1966-03-01,3101,Compensation of Employees,A2303359K,Income,$ Millions,Quarter
1966-06-01,3141,Compensation of Employees,A2303359K,Income,$ Millions,Quarter
1966-09-01,3222,Compensation of Employees,A2303359K,Income,$ Millions,Quarter
1966-12-01,3292,Compensation of Employees,A2303359K,Income,$ Millions,Quarter
1967-03-01,3375,Compensation of Employees,A2303359K,Income,$ Millions,Quarter
1967-06-01,3463,Compensation of Employees,A2303359K,Income,$ Millions,Quarter
1967-09-01,3552,Compensation of Employees,A2303359K,Income,$ Millions,Quarter
1967-12-01,3599,Compensation of Employees,A2303359K,Income,$ Millions,Quarter
1968-03-01,3638,Compensation of Employees,A2303359K,Income,$ Millions,Quarter
1968-06-01,3791,Compensation of Employees,A2303359K,Income,$ Millions,Quarter
1968-09-01,3805,Compensation of Employees,A2303359K,Income,$ Millions,Quarter
1968-12-01,4021,Compensation of Employees,A2303359K,Income,$ Millions,Quarter
1969-03-01,4105,Compensation of Employees,A2303359K,Income,$ Millions,Quarter
1969-06-01,4205,Compensation of Employees,A2303359K,Income,$ Millions,Quarter
1969-09-01,4328,Compensation of Employees,A2303359K,Income,$ Millions,Quarter
1969-12-01,4450,Compensation of Employees,A2303359K,Income,$ Millions,Quarter
1970-03-01,4627,Compensation of Employees,A2303359K,Income,$ Millions,Quarter
1970-06-01,4743,Compensation of Employees,A2303359K,Income,$ Millions,Quarter
1970-09-01,4837,Compensation of Employees,A2303359K,Income,$ Millions,Quarter
1970-12-01,5068,Compensation of Employees,A2303359K,Income,$ Millions,Quarter
1971-03-01,5365,Compensation of Employees,A2303359K,Income,$ Millions,Quarter
1971-06-01,5501,Compensation of Employees,A2303359K,Income,$ Millions,Quarter
1971-09-01,5627,Compensation of Employees,A2303359K,Income,$ Millions,Quarter
1971-12-01,5685,Compensation of Employees,A2303359K,Income,$ Millions,Quarter
1972-03-01,5852,Compensation of Employees,A2303359K,Income,$ Millions,Quarter
1972-06-01,6026,Compensation of Employees,A2303359K,Income,$ Millions,Quarter
1972-09-01,6157,Compensation of Employees,A2303359K,Income,$ Millions,Quarter
1972-12-01,6340,Compensation of Employees,A2303359K,Income,$ Millions,Quarter
1973-03-01,6584,Compensation of Employees,A2303359K,Income,$ Millions,Quarter
1973-06-01,6975,Compensation of Employees,A2303359K,Income,$ Millions,Quarter
1973-09-01,7282,Compensation of Employees,A2303359K,Income,$ Millions,Quarter
1973-12-01,7665,Compensation of Employees,A2303359K,Income,$ Millions,Quarter
1974-03-01,8161,Compensation of Employees,A2303359K,Income,$ Millions,Quarter
1974-06-01,8653,Compensation of Employees,A2303359K,Income,$ Millions,Quarter
1974-09-01,9705,Compensation of Employees,A2303359K,Income,$ Millions,Quarter
1974-12-01,10189,Compensation of Employees,A2303359K,Income,$ Millions,Quarter
1975-03-01,10494,Compensation of Employees,A2303359K,Income,$ Millions,Quarter
1975-06-01,10676,Compensation of Employees,A2303359K,Income,$ Millions,Quarter
1975-09-01,11119,Compensation of Employees,A2303359K,Income,$ Millions,Quarter
1975-12-01,11598,Compensation of Employees,A2303359K,Income,$ Millions,Quarter
1976-03-01,11967,Compensation of Employees,A2303359K,Income,$ Millions,Quarter
1976-06-01,12506,Compensation of Employees,A2303359K,Income,$ Millions,Quarter
1976-09-01,12885,Compensation of Employees,A2303359K,Income,$ Millions,Quarter
1976-12-01,13165,Compensation of Employees,A2303359K,Income,$ Millions,Quarter
1977-03-01,13490,Compensation of Employees,A2303359K,Income,$ Millions,Quarter
1977-06-01,13940,Compensation of Employees,A2303359K,Income,$ Millions,Quarter
1977-09-01,14080,Compensation of Employees,A2303359K,Income,$ Millions,Quarter
1977-12-01,14455,Compensation of Employees,A2303359K,Income,$ Millions,Quarter
1978-03-01,14904,Compensation of Employees,A2303359K,Income,$ Millions,Quarter
1978-06-01,15020,Compensation of Employees,A2303359K,Income,$ Millions,Quarter
1978-09-01,15286,Compensation of Employees,A2303359K,Income,$ Millions,Quarter
1978-12-01,15393,Compensation of Employees,A2303359K,Income,$ Millions,Quarter
1979-03-01,16141,Compensation of Employees,A2303359K,Income,$ Millions,Quarter
1979-06-01,16175,Compensation of Employees,A2303359K,Income,$ Millions,Quarter
1979-09-01,16698,Compensation of Employees,A2303359K,Income,$ Millions,Quarter
1979-12-01,17258,Compensation of Employees,A2303359K,Income,$ Millions,Quarter
1980-03-01,17743,Compensation of Employees,A2303359K,Income,$ Millions,Quarter
1980-06-01,18351,Compensation of Employees,A2303359K,Income,$ Millions,Quarter
1980-09-01,19059,Compensation of Employees,A2303359K,Income,$ Millions,Quarter
1980-12-01,19873,Compensation of Employees,A2303359K,Income,$ Millions,Quarter
1981-03-01,20576,Compensation of Employees,A2303359K,Income,$ Millions,Quarter
1981-06-01,21480,Compensation of Employees,A2303359K,Income,$ Millions,Quarter
1981-09-01,22010,Compensation of Employees,A2303359K,Income,$ Millions,Quarter
1981-12-01,22733,Compensation of Employees,A2303359K,Income,$ Millions,Quarter
1982-03-01,23946,Compensation of Employees,A2303359K,Income,$ Millions,Quarter
1982-06-01,24897,Compensation of Employees,A2303359K,Income,$ Millions,Quarter
1982-09-01,26008,Compensation of Employees,A2303359K,Income,$ Millions,Quarter
1982-12-01,26109,Compensation of Employees,A2303359K,Income,$ Millions,Quarter
1983-03-01,26119,Compensation of Employees,A2303359K,Income,$ Millions,Quarter
1983-06-01,25540,Compensation of Employees,A2303359K,Income,$ Millions,Quarter
1983-09-01,26300,Compensation of Employees,A2303359K,Income,$ Millions,Quarter
1983-12-01,26989,Compensation of Employees,A2303359K,Income,$ Millions,Quarter
1984-03-01,27880,Compensation of Employees,A2303359K,Income,$ Millions,Quarter
1984-06-01,28892,Compensation of Employees,A2303359K,Income,$ Millions,Quarter
1984-09-01,29562,Compensation of Employees,A2303359K,Income,$ Millions,Quarter
1984-12-01,30022,Compensation of Employees,A2303359K,Income,$ Millions,Quarter
1985-03-01,30308,Compensation of Employees,A2303359K,Income,$ Millions,Quarter
1985-06-01,31143,Compensation of Employees,A2303359K,Income,$ Millions,Quarter
1985-09-01,31823,Compensation of Employees,A2303359K,Income,$ Millions,Quarter
1985-12-01,32858,Compensation of Employees,A2303359K,Income,$ Millions,Quarter
1986-03-01,34040,Compensation of Employees,A2303359K,Income,$ Millions,Quarter
1986-06-01,34409,Compensation of Employees,A2303359K,Income,$ Millions,Quarter
1986-09-01,35293,Compensation of Employees,A2303359K,Income,$ Millions,Quarter
1986-12-01,35750,Compensation of Employees,A2303359K,Income,$ Millions,Quarter
1987-03-01,36311,Compensation of Employees,A2303359K,Income,$ Millions,Quarter
1987-06-01,37285,Compensation of Employees,A2303359K,Income,$ Millions,Quarter
1987-09-01,38540,Compensation of Employees,A2303359K,Income,$ Millions,Quarter
1987-12-01,39258,Compensation of Employees,A2303359K,Income,$ Millions,Quarter
1988-03-01,40027,Compensation of Employees,A2303359K,Income,$ Millions,Quarter
1988-06-01,41214,Compensation of Employees,A2303359K,Income,$ Millions,Quarter
1988-09-01,41781,Compensation of Employees,A2303359K,Income,$ Millions,Quarter
1988-12-01,43829,Compensation of Employees,A2303359K,Income,$ Millions,Quarter
1989-03-01,45360,Compensation of Employees,A2303359K,Income,$ Millions,Quarter
1989-06-01,46767,Compensation of Employees,A2303359K,Income,$ Millions,Quarter
1989-09-01,48117,Compensation of Employees,A2303359K,Income,$ Millions,Quarter
1989-12-01,49065,Compensation of Employees,A2303359K,Income,$ Millions,Quarter
1990-03-01,50539,Compensation of Employees,A2303359K,Income,$ Millions,Quarter
1990-06-01,51801,Compensation of Employees,A2303359K,Income,$ Millions,Quarter
1990-09-01,52186,Compensation of Employees,A2303359K,Income,$ Millions,Quarter
1990-12-01,51998,Compensation of Employees,A2303359K,Income,$ Millions,Quarter
1991-03-01,51812,Compensation of Employees,A2303359K,Income,$ Millions,Quarter
1991-06-01,51427,Compensation of Employees,A2303359K,Income,$ Millions,Quarter
1991-09-01,51629,Compensation of Employees,A2303359K,Income,$ Millions,Quarter
1991-12-01,52370,Compensation of Employees,A2303359K,Income,$ Millions,Quarter
1992-03-01,52526,Compensation of Employees,A2303359K,Income,$ Millions,Quarter
1992-06-01,53206,Compensation of Employees,A2303359K,Income,$ Millions,Quarter
1992-09-01,54082,Compensation of Employees,A2303359K,Income,$ Millions,Quarter
1992-12-01,54517,Compensation of Employees,A2303359K,Income,$ Millions,Quarter
1993-03-01,54653,Compensation of Employees,A2303359K,Income,$ Millions,Quarter
1993-06-01,55381,Compensation of Employees,A2303359K,Income,$ Millions,Quarter
1993-09-01,55234,Compensation of Employees,A2303359K,Income,$ Millions,Quarter
1993-12-01,55890,Compensation of Employees,A2303359K,Income,$ Millions,Quarter
1994-03-01,57601,Compensation of Employees,A2303359K,Income,$ Millions,Quarter
1994-06-01,59097,Compensation of Employees,A2303359K,Income,$ Millions,Quarter
1994-09-01,58750,Compensation of Employees,A2303359K,Income,$ Millions,Quarter
1994-12-01,59723,Compensation of Employees,A2303359K,Income,$ Millions,Quarter
1995-03-01,61315,Compensation of Employees,A2303359K,Income,$ Millions,Quarter
1995-06-01,61871,Compensation of Employees,A2303359K,Income,$ Millions,Quarter
1995-09-01,63324,Compensation of Employees,A2303359K,Income,$ Millions,Quarter
1995-12-01,64810,Compensation of Employees,A2303359K,Income,$ Millions,Quarter
1996-03-01,65357,Compensation of Employees,A2303359K,Income,$ Millions,Quarter
1996-06-01,66413,Compensation of Employees,A2303359K,Income,$ Millions,Quarter
1996-09-01,67925,Compensation of Employees,A2303359K,Income,$ Millions,Quarter
1996-12-01,69018,Compensation of Employees,A2303359K,Income,$ Millions,Quarter
1997-03-01,69439,Compensation of Employees,A2303359K,Income,$ Millions,Quarter
1997-06-01,71246,Compensation of Employees,A2303359K,Income,$ Millions,Quarter
1997-09-01,71062,Compensation of Employees,A2303359K,Income,$ Millions,Quarter
1997-12-01,71883,Compensation of Employees,A2303359K,Income,$ Millions,Quarter
1998-03-01,72611,Compensation of Employees,A2303359K,Income,$ Millions,Quarter
1998-06-01,73709,Compensation of Employees,A2303359K,Income,$ Millions,Quarter
1998-09-01,75945,Compensation of Employees,A2303359K,Income,$ Millions,Quarter
1998-12-01,76419,Compensation of Employees,A2303359K,Income,$ Millions,Quarter
1999-03-01,77068,Compensation of Employees,A2303359K,Income,$ Millions,Quarter
1999-06-01,78327,Compensation of Employees,A2303359K,Income,$ Millions,Quarter
1999-09-01,78587,Compensation of Employees,A2303359K,Income,$ Millions,Quarter
1999-12-01,80788,Compensation of Employees,A2303359K,Income,$ Millions,Quarter
2000-03-01,82184,Compensation of Employees,A2303359K,Income,$ Millions,Quarter
2000-06-01,83144,Compensation of Employees,A2303359K,Income,$ Millions,Quarter
2000-09-01,84695,Compensation of Employees,A2303359K,Income,$ Millions,Quarter
2000-12-01,85808,Compensation of Employees,A2303359K,Income,$ Millions,Quarter
2001-03-01,87439,Compensation of Employees,A2303359K,Income,$ Millions,Quarter
2001-06-01,88648,Compensation of Employees,A2303359K,Income,$ Millions,Quarter
2001-09-01,89588,Compensation of Employees,A2303359K,Income,$ Millions,Quarter
2001-12-01,90625,Compensation of Employees,A2303359K,Income,$ Millions,Quarter
2002-03-01,91813,Compensation of Employees,A2303359K,Income,$ Millions,Quarter
2002-06-01,93225,Compensation of Employees,A2303359K,Income,$ Millions,Quarter
2002-09-01,94979,Compensation of Employees,A2303359K,Income,$ Millions,Quarter
2002-12-01,95701,Compensation of Employees,A2303359K,Income,$ Millions,Quarter
2003-03-01,97362,Compensation of Employees,A2303359K,Income,$ Millions,Quarter
2003-06-01,99310,Compensation of Employees,A2303359K,Income,$ Millions,Quarter
2003-09-01,100512,Compensation of Employees,A2303359K,Income,$ Millions,Quarter
2003-12-01,102342,Compensation of Employees,A2303359K,Income,$ Millions,Quarter
2004-03-01,104496,Compensation of Employees,A2303359K,Income,$ Millions,Quarter
2004-06-01,106106,Compensation of Employees,A2303359K,Income,$ Millions,Quarter
2004-09-01,108208,Compensation of Employees,A2303359K,Income,$ Millions,Quarter
2004-12-01,110524,Compensation of Employees,A2303359K,Income,$ Millions,Quarter
2005-03-01,112398,Compensation of Employees,A2303359K,Income,$ Millions,Quarter
2005-06-01,113753,Compensation of Employees,A2303359K,Income,$ Millions,Quarter
2005-09-01,116350,Compensation of Employees,A2303359K,Income,$ Millions,Quarter
2005-12-01,117930,Compensation of Employees,A2303359K,Income,$ Millions,Quarter
2006-03-01,120288,Compensation of Employees,A2303359K,Income,$ Millions,Quarter
2006-06-01,122105,Compensation of Employees,A2303359K,Income,$ Millions,Quarter
2006-09-01,124470,Compensation of Employees,A2303359K,Income,$ Millions,Quarter
2006-12-01,128938,Compensation of Employees,A2303359K,Income,$ Millions,Quarter
2007-03-01,132014,Compensation of Employees,A2303359K,Income,$ Millions,Quarter
2007-06-01,135591,Compensation of Employees,A2303359K,Income,$ Millions,Quarter
2007-09-01,137795,Compensation of Employees,A2303359K,Income,$ Millions,Quarter
2007-12-01,139994,Compensation of Employees,A2303359K,Income,$ Millions,Quarter
2008-03-01,142828,Compensation of Employees,A2303359K,Income,$ Millions,Quarter
2008-06-01,146657,Compensation of Employees,A2303359K,Income,$ Millions,Quarter
2008-09-01,147531,Compensation of Employees,A2303359K,Income,$ Millions,Quarter
2008-12-01,147921,Compensation of Employees,A2303359K,Income,$ Millions,Quarter
2009-03-01,147385,Compensation of Employees,A2303359K,Income,$ Millions,Quarter
2009-06-01,147053,Compensation of Employees,A2303359K,Income,$ Millions,Quarter
2009-09-01,149033,Compensation of Employees,A2303359K,Income,$ Millions,Quarter
2009-12-01,151420,Compensation of Employees,A2303359K,Income,$ Millions,Quarter
2010-03-01,154216,Compensation of Employees,A2303359K,Income,$ Millions,Quarter
2010-06-01,158459,Compensation of Employees,A2303359K,Income,$ Millions,Quarter
2010-09-01,162046,Compensation of Employees,A2303359K,Income,$ Millions,Quarter
2010-12-01,165584,Compensation of Employees,A2303359K,Income,$ Millions,Quarter
2011-03-01,168909,Compensation of Employees,A2303359K,Income,$ Millions,Quarter
2011-06-01,171893,Compensation of Employees,A2303359K,Income,$ Millions,Quarter
2011-09-01,174767,Compensation of Employees,A2303359K,Income,$ Millions,Quarter
2011-12-01,176572,Compensation of Employees,A2303359K,Income,$ Millions,Quarter
2012-03-01,180655,Compensation of Employees,A2303359K,Income,$ Millions,Quarter
2012-06-01,182078,Compensation of Employees,A2303359K,Income,$ Millions,Quarter
2012-09-01,181713,Compensation of Employees,A2303359K,Income,$ Millions,Quarter
2012-12-01,184180,Compensation of Employees,A2303359K,Income,$ Millions,Quarter
2013-03-01,185190,Compensation of Employees,A2303359K,Income,$ Millions,Quarter
2013-06-01,186767,Compensation of Employees,A2303359K,Income,$ Millions,Quarter
2013-09-01,188042,Compensation of Employees,A2303359K,Income,$ Millions,Quarter
2013-12-01,190584,Compensation of Employees,A2303359K,Income,$ Millions,Quarter
2014-03-01,192005,Compensation of Employees,A2303359K,Income,$ Millions,Quarter
2014-06-01,193544,Compensation of Employees,A2303359K,Income,$ Millions,Quarter
2014-09-01,195022,Compensation of Employees,A2303359K,Income,$ Millions,Quarter
2014-12-01,196075,Compensation of Employees,A2303359K,Income,$ Millions,Quarter
2015-03-01,196707,Compensation of Employees,A2303359K,Income,$ Millions,Quarter
2015-06-01,198687,Compensation of Employees,A2303359K,Income,$ Millions,Quarter
2015-09-01,200537,Compensation of Employees,A2303359K,Income,$ Millions,Quarter
2015-12-01,202176,Compensation of Employees,A2303359K,Income,$ Millions,Quarter
2016-03-01,204179,Compensation of Employees,A2303359K,Income,$ Millions,Quarter
2016-06-01,204689,Compensation of Employees,A2303359K,Income,$ Millions,Quarter
2016-09-01,206820,Compensation of Employees,A2303359K,Income,$ Millions,Quarter
2016-12-01,206390,Compensation of Employees,A2303359K,Income,$ Millions,Quarter
2017-03-01,208522,Compensation of Employees,A2303359K,Income,$ Millions,Quarter
2017-06-01,211167,Compensation of Employees,A2303359K,Income,$ Millions,Quarter
2017-09-01,213875,Compensation of Employees,A2303359K,Income,$ Millions,Quarter
2017-12-01,217285,Compensation of Employees,A2303359K,Income,$ Millions,Quarter
2018-03-01,220020,Compensation of Employees,A2303359K,Income,$ Millions,Quarter
2018-06-01,222137,Compensation of Employees,A2303359K,Income,$ Millions,Quarter
2018-09-01,224992,Compensation of Employees,A2303359K,Income,$ Millions,Quarter
2018-12-01,227967,Compensation of Employees,A2303359K,Income,$ Millions,Quarter
2019-03-01,231630,Compensation of Employees,A2303359K,Income,$ Millions,Quarter
2019-06-01,234945,Compensation of Employees,A2303359K,Income,$ Millions,Quarter
2019-09-01,237138,Compensation of Employees,A2303359K,Income,$ Millions,Quarter
2019-12-01,240214,Compensation of Employees,A2303359K,Income,$ Millions,Quarter
2020-03-01,241965,Compensation of Employees,A2303359K,Income,$ Millions,Quarter
2020-06-01,237813,Compensation of Employees,A2303359K,Income,$ Millions,Quarter
2020-09-01,242457,Compensation of Employees,A2303359K,Income,$ Millions,Quarter
2020-12-01,247203,Compensation of Employees,A2303359K,Income,$ Millions,Quarter
2021-03-01,251987,Compensation of Employees,A2303359K,Income,$ Millions,Quarter
2021-06-01,256680,Compensation of Employees,A2303359K,Income,$ Millions,Quarter
2021-09-01,258182,Compensation of Employees,A2303359K,Income,$ Millions,Quarter
2021-12-01,265226,Compensation of Employees,A2303359K,Income,$ Millions,Quarter
2022-03-01,270753,Compensation of Employees,A2303359K,Income,$ Millions,Quarter
2022-06-01,278137,Compensation of Employees,A2303359K,Income,$ Millions,Quarter
2022-09-01,286082,Compensation of Employees,A2303359K,Income,$ Millions,Quarter
2022-12-01,291906,Compensation of Employees,A2303359K,Income,$ Millions,Quarter
2023-03-01,297999,Compensation of Employees,A2303359K,Income,$ Millions,Quarter
2023-06-01,303134,Compensation of Employees,A2303359K,Income,$ Millions,Quarter
2023-09-01,310380,Compensation of Employees,A2303359K,Income,$ Millions,Quarter
2023-12-01,316072,Compensation of Employees,A2303359K,Income,$ Millions,Quarter
2024-03-01,319932,Compensation of Employees,A2303359K,Income,$ Millions,Quarter
2024-06-01,323539,Compensation of Employees,A2303359K,Income,$ Millions,Quarter
2024-09-01,327981,Compensation of Employees,A2303359K,Income,$ Millions,Quarter
2024-12-01,334924,Compensation of Employees,A2303359K,Income,$ Millions,Quarter
2025-03-01,340475,Compensation of Employees,A2303359K,Income,$ Millions,Quarter
2025-06-01,345272,Compensation of Employees,A2303359K,Income,$ Millions,Quarter
2025-09-01,350992,Compensation of Employees,A2303359K,Income,$ Millions,Quarter
2025-12-01,356052,Compensation of Employees,A2303359K,Income,$ Millions,Quarter
2026-03-01,360672,Compensation of Employees,A2303359K,Income,$ Millions,Quarter
2026-06-01,366143,Compensation of Employees,A2303359K,Income,$ Millions,Quarter
1997-09-01,67.4,WPI,A2603039T,Income,Index Numbers,Quarter
1997-12-01,67.9,WPI,A2603039T,Income,Index Numbers,Quarter
1998-03-01,68.5,WPI,A2603039T,Income,Index Numbers,Quarter
1998-06-01,68.8,WPI,A2603039T,Income,Index Numbers,Quarter
1998-09-01,69.6,WPI,A2603039T,Income,Index Numbers,Quarter
1998-12-01,70,WPI,A2603039T,Income,Index Numbers,Quarter
1999-03-01,70.4,WPI,A2603039T,Income,Index Numbers,Quarter
1999-06-01,70.8,WPI,A2603039T,Income,Index Numbers,Quarter
1999-09-01,71.5,WPI,A2603039T,Income,Index Numbers,Quarter
1999-12-01,71.9,WPI,A2603039T,Income,Index Numbers,Quarter
2000-03-01,72.4,WPI,A2603039T,Income,Index Numbers,Quarter
2000-06-01,72.9,WPI,A2603039T,Income,Index Numbers,Quarter
2000-09-01,73.8,WPI,A2603039T,Income,Index Numbers,Quarter
2000-12-01,74.4,WPI,A2603039T,Income,Index Numbers,Quarter
2001-03-01,75.1,WPI,A2603039T,Income,Index Numbers,Quarter
2001-06-01,75.5,WPI,A2603039T,Income,Index Numbers,Quarter
2001-09-01,76.4,WPI,A2603039T,Income,Index Numbers,Quarter
2001-12-01,76.9,WPI,A2603039T,Income,Index Numbers,Quarter
2002-03-01,77.4,WPI,A2603039T,Income,Index Numbers,Quarter
2002-06-01,77.9,WPI,A2603039T,Income,Index Numbers,Quarter
2002-09-01,79,WPI,A2603039T,Income,Index Numbers,Quarter
2002-12-01,79.5,WPI,A2603039T,Income,Index Numbers,Quarter
2003-03-01,80.1,WPI,A2603039T,Income,Index Numbers,Quarter
2003-06-01,80.5,WPI,A2603039T,Income,Index Numbers,Quarter
2003-09-01,81.4,WPI,A2603039T,Income,Index Numbers,Quarter
2003-12-01,82.2,WPI,A2603039T,Income,Index Numbers,Quarter
2004-03-01,82.7,WPI,A2603039T,Income,Index Numbers,Quarter
2004-06-01,83.2,WPI,A2603039T,Income,Index Numbers,Quarter
2004-09-01,84.3,WPI,A2603039T,Income,Index Numbers,Quarter
2004-12-01,85.1,WPI,A2603039T,Income,Index Numbers,Quarter
2005-03-01,85.8,WPI,A2603039T,Income,Index Numbers,Quarter
2005-06-01,86.5,WPI,A2603039T,Income,Index Numbers,Quarter
2005-09-01,87.6,WPI,A2603039T,Income,Index Numbers,Quarter
2005-12-01,88.4,WPI,A2603039T,Income,Index Numbers,Quarter
2006-03-01,89.3,WPI,A2603039T,Income,Index Numbers,Quarter
2006-06-01,90,WPI,A2603039T,Income,Index Numbers,Quarter
2006-09-01,90.9,WPI,A2603039T,Income,Index Numbers,Quarter
2006-12-01,91.7,WPI,A2603039T,Income,Index Numbers,Quarter
2007-03-01,92.7,WPI,A2603039T,Income,Index Numbers,Quarter
2007-06-01,93.5,WPI,A2603039T,Income,Index Numbers,Quarter
2007-09-01,94.7,WPI,A2603039T,Income,Index Numbers,Quarter
2007-12-01,95.7,WPI,A2603039T,Income,Index Numbers,Quarter
2008-03-01,96.6,WPI,A2603039T,Income,Index Numbers,Quarter
2008-06-01,97.6,WPI,A2603039T,Income,Index Numbers,Quarter
2008-09-01,98.7,WPI,A2603039T,Income,Index Numbers,Quarter
2008-12-01,99.8,WPI,A2603039T,Income,Index Numbers,Quarter
2009-03-01,100.5,WPI,A2603039T,Income,Index Numbers,Quarter
2009-06-01,101,WPI,A2603039T,Income,Index Numbers,Quarter
2009-09-01,101.8,WPI,A2603039T,Income,Index Numbers,Quarter
2009-12-01,102.3,WPI,A2603039T,Income,Index Numbers,Quarter
2010-03-01,103.1,WPI,A2603039T,Income,Index Numbers,Quarter
2010-06-01,103.8,WPI,A2603039T,Income,Index Numbers,Quarter
2010-09-01,105.4,WPI,A2603039T,Income,Index Numbers,Quarter
2010-12-01,106.3,WPI,A2603039T,Income,Index Numbers,Quarter
2011-03-01,107.2,WPI,A2603039T,Income,Index Numbers,Quarter
2011-06-01,107.8,WPI,A2603039T,Income,Index Numbers,Quarter
2011-09-01,109.3,WPI,A2603039T,Income,Index Numbers,Quarter
2011-12-01,110.3,WPI,A2603039T,Income,Index Numbers,Quarter
2012-03-01,111.2,WPI,A2603039T,Income,Index Numbers,Quarter
2012-06-01,112,WPI,A2603039T,Income,Index Numbers,Quarter
2012-09-01,113.3,WPI,A2603039T,Income,Index Numbers,Quarter
2012-12-01,114.1,WPI,A2603039T,Income,Index Numbers,Quarter
2013-03-01,114.7,WPI,A2603039T,Income,Index Numbers,Quarter
2013-06-01,115.3,WPI,A2603039T,Income,Index Numbers,Quarter
2013-09-01,116.4,WPI,A2603039T,Income,Index Numbers,Quarter
2013-12-01,117,WPI,A2603039T,Income,Index Numbers,Quarter
2014-03-01,117.7,WPI,A2603039T,Income,Index Numbers,Quarter
2014-06-01,118.2,WPI,A2603039T,Income,Index Numbers,Quarter
2014-09-01,119.3,WPI,A2603039T,Income,Index Numbers,Quarter
2014-12-01,119.9,WPI,A2603039T,Income,Index Numbers,Quarter
2015-03-01,120.3,WPI,A2603039T,Income,Index Numbers,Quarter
2015-06-01,120.8,WPI,A2603039T,Income,Index Numbers,Quarter
2015-09-01,121.8,WPI,A2603039T,Income,Index Numbers,Quarter
2015-12-01,122.3,WPI,A2603039T,Income,Index Numbers,Quarter
2016-03-01,122.7,WPI,A2603039T,Income,Index Numbers,Quarter
2016-06-01,123.1,WPI,A2603039T,Income,Index Numbers,Quarter
2016-09-01,124.1,WPI,A2603039T,Income,Index Numbers,Quarter
2016-12-01,124.5,WPI,A2603039T,Income,Index Numbers,Quarter
2017-03-01,124.9,WPI,A2603039T,Income,Index Numbers,Quarter
2017-06-01,125.4,WPI,A2603039T,Income,Index Numbers,Quarter
2017-09-01,126.4,WPI,A2603039T,Income,Index Numbers,Quarter
2017-12-01,126.9,WPI,A2603039T,Income,Index Numbers,Quarter
2018-03-01,127.4,WPI,A2603039T,Income,Index Numbers,Quarter
2018-06-01,127.9,WPI,A2603039T,Income,Index Numbers,Quarter
2018-09-01,129.2,WPI,A2603039T,Income,Index Numbers,Quarter
2018-12-01,129.8,WPI,A2603039T,Income,Index Numbers,Quarter
2019-03-01,130.3,WPI,A2603039T,Income,Index Numbers,Quarter
2019-06-01,130.8,WPI,A2603039T,Income,Index Numbers,Quarter
2019-09-01,132,WPI,A2603039T,Income,Index Numbers,Quarter
2019-12-01,132.6,WPI,A2603039T,Income,Index Numbers,Quarter
2020-03-01,133.1,WPI,A2603039T,Income,Index Numbers,Quarter
2020-06-01,133,WPI,A2603039T,Income,Index Numbers,Quarter
2020-09-01,133.7,WPI,A2603039T,Income,Index Numbers,Quarter
2020-12-01,134.4,WPI,A2603039T,Income,Index Numbers,Quarter
2021-03-01,135.1,WPI,A2603039T,Income,Index Numbers,Quarter
2021-06-01,135.5,WPI,A2603039T,Income,Index Numbers,Quarter
2021-09-01,136.8,WPI,A2603039T,Income,Index Numbers,Quarter
2021-12-01,137.6,WPI,A2603039T,Income,Index Numbers,Quarter
2022-03-01,138.3,WPI,A2603039T,Income,Index Numbers,Quarter
2022-06-01,139.2,WPI,A2603039T,Income,Index Numbers,Quarter
2022-09-01,141.5,WPI,A2603039T,Income,Index Numbers,Quarter
2022-12-01,142.6,WPI,A2603039T,Income,Index Numbers,Quarter
2023-03-01,143.6,WPI,A2603039T,Income,Index Numbers,Quarter
2023-06-01,144.5,WPI,A2603039T,Income,Index Numbers,Quarter
2023-09-01,147.5,WPI,A2603039T,Income,Index Numbers,Quarter
2023-12-01,148.6,WPI,A2603039T,Income,Index Numbers,Quarter
2024-03-01,149.5,WPI,A2603039T,Income,Index Numbers,Quarter
2024-06-01,150.4,WPI,A2603039T,Income,Index Numbers,Quarter
2024-09-01,152.6,WPI,A2603039T,Income,Index Numbers,Quarter
2024-12-01,153.6,WPI,A2603039T,Income,Index Numbers,Quarter
2025-03-01,154.5,WPI,A2603039T,Income,Index Numbers,Quarter
2025-06-01,155.4,WPI,A2603039T,Income,Index Numbers,Quarter
2025-09-01,157.6,WPI,A2603039T,Income,Index Numbers,Quarter
2025-12-01,158.7,WPI,A2603039T,Income,Index Numbers,Quarter
2026-03-01,159.6,WPI,A2603039T,Income,Index Numbers,Quarter
2026-06-01,160.3,WPI,A2603039T,Income,Index Numbers,Quarter
1978-02-01,9.1959576,Labour Underutilisation Rate,ABS:LF_UNDER/M24.3.1599.20.AUS.M,Labour Market,Per cent,Month
1978-03-01,8.7339008,Labour Underutilisation Rate,ABS:LF_UNDER/M24.3.1599.20.AUS.M,Labour Market,Per cent,Month
1978-04-01,8.8566326,Labour Underutilisation Rate,ABS:LF_UNDER/M24.3.1599.20.AUS.M,Labour Market,Per cent,Month
1978-05-01,8.8277273,Labour Underutilisation Rate,ABS:LF_UNDER/M24.3.1599.20.AUS.M,Labour Market,Per cent,Month
1978-06-01,8.9681557,Labour Underutilisation Rate,ABS:LF_UNDER/M24.3.1599.20.AUS.M,Labour Market,Per cent,Month
1978-07-01,8.9602575,Labour Underutilisation Rate,ABS:LF_UNDER/M24.3.1599.20.AUS.M,Labour Market,Per cent,Month
1978-08-01,9.2128778,Labour Underutilisation Rate,ABS:LF_UNDER/M24.3.1599.20.AUS.M,Labour Market,Per cent,Month
1978-09-01,8.9123659,Labour Underutilisation Rate,ABS:LF_UNDER/M24.3.1599.20.AUS.M,Labour Market,Per cent,Month
1978-10-01,8.7741819,Labour Underutilisation Rate,ABS:LF_UNDER/M24.3.1599.20.AUS.M,Labour Market,Per cent,Month
1978-11-01,8.8524355,Labour Underutilisation Rate,ABS:LF_UNDER/M24.3.1599.20.AUS.M,Labour Market,Per cent,Month
1978-12-01,8.8971359,Labour Underutilisation Rate,ABS:LF_UNDER/M24.3.1599.20.AUS.M,Labour Market,Per cent,Month
1979-01-01,8.9300238,Labour Underutilisation Rate,ABS:LF_UNDER/M24.3.1599.20.AUS.M,Labour Market,Per cent,Month
1979-02-01,8.8979046,Labour Underutilisation Rate,ABS:LF_UNDER/M24.3.1599.20.AUS.M,Labour Market,Per cent,Month
1979-03-01,8.8218348,Labour Underutilisation Rate,ABS:LF_UNDER/M24.3.1599.20.AUS.M,Labour Market,Per cent,Month
1979-04-01,9.348255,Labour Underutilisation Rate,ABS:LF_UNDER/M24.3.1599.20.AUS.M,Labour Market,Per cent,Month
1979-05-01,8.9572563,Labour Underutilisation Rate,ABS:LF_UNDER/M24.3.1599.20.AUS.M,Labour Market,Per cent,Month
1979-06-01,8.9947487,Labour Underutilisation Rate,ABS:LF_UNDER/M24.3.1599.20.AUS.M,Labour Market,Per cent,Month
1979-07-01,9.0011466,Labour Underutilisation Rate,ABS:LF_UNDER/M24.3.1599.20.AUS.M,Labour Market,Per cent,Month
1979-08-01,8.7890691,Labour Underutilisation Rate,ABS:LF_UNDER/M24.3.1599.20.AUS.M,Labour Market,Per cent,Month
1979-09-01,8.9101711,Labour Underutilisation Rate,ABS:LF_UNDER/M24.3.1599.20.AUS.M,Labour Market,Per cent,Month
1979-10-01,9.0638527,Labour Underutilisation Rate,ABS:LF_UNDER/M24.3.1599.20.AUS.M,Labour Market,Per cent,Month
1979-11-01,8.8410738,Labour Underutilisation Rate,ABS:LF_UNDER/M24.3.1599.20.AUS.M,Labour Market,Per cent,Month
1979-12-01,9.0070754,Labour Underutilisation Rate,ABS:LF_UNDER/M24.3.1599.20.AUS.M,Labour Market,Per cent,Month
1980-01-01,9.0231737,Labour Underutilisation Rate,ABS:LF_UNDER/M24.3.1599.20.AUS.M,Labour Market,Per cent,Month
1980-02-01,8.8443118,Labour Underutilisation Rate,ABS:LF_UNDER/M24.3.1599.20.AUS.M,Labour Market,Per cent,Month
1980-03-01,8.85594,Labour Underutilisation Rate,ABS:LF_UNDER/M24.3.1599.20.AUS.M,Labour Market,Per cent,Month
1980-04-01,8.9730806,Labour Underutilisation Rate,ABS:LF_UNDER/M24.3.1599.20.AUS.M,Labour Market,Per cent,Month
1980-05-01,9.0738926,Labour Underutilisation Rate,ABS:LF_UNDER/M24.3.1599.20.AUS.M,Labour Market,Per cent,Month
1980-06-01,9.2461893,Labour Underutilisation Rate,ABS:LF_UNDER/M24.3.1599.20.AUS.M,Labour Market,Per cent,Month
1980-07-01,8.9515618,Labour Underutilisation Rate,ABS:LF_UNDER/M24.3.1599.20.AUS.M,Labour Market,Per cent,Month
1980-08-01,9.1604023,Labour Underutilisation Rate,ABS:LF_UNDER/M24.3.1599.20.AUS.M,Labour Market,Per cent,Month
1980-09-01,9.1492298,Labour Underutilisation Rate,ABS:LF_UNDER/M24.3.1599.20.AUS.M,Labour Market,Per cent,Month
1980-10-01,8.9968859,Labour Underutilisation Rate,ABS:LF_UNDER/M24.3.1599.20.AUS.M,Labour Market,Per cent,Month
1980-11-01,8.7558168,Labour Underutilisation Rate,ABS:LF_UNDER/M24.3.1599.20.AUS.M,Labour Market,Per cent,Month
1980-12-01,8.8406784,Labour Underutilisation Rate,ABS:LF_UNDER/M24.3.1599.20.AUS.M,Labour Market,Per cent,Month
1981-01-01,8.7748567,Labour Underutilisation Rate,ABS:LF_UNDER/M24.3.1599.20.AUS.M,Labour Market,Per cent,Month
1981-02-01,8.4283021,Labour Underutilisation Rate,ABS:LF_UNDER/M24.3.1599.20.AUS.M,Labour Market,Per cent,Month
1981-03-01,8.609029,Labour Underutilisation Rate,ABS:LF_UNDER/M24.3.1599.20.AUS.M,Labour Market,Per cent,Month
1981-04-01,8.3293212,Labour Underutilisation Rate,ABS:LF_UNDER/M24.3.1599.20.AUS.M,Labour Market,Per cent,Month
1981-05-01,8.3783926,Labour Underutilisation Rate,ABS:LF_UNDER/M24.3.1599.20.AUS.M,Labour Market,Per cent,Month
1981-06-01,8.0316587,Labour Underutilisation Rate,ABS:LF_UNDER/M24.3.1599.20.AUS.M,Labour Market,Per cent,Month
1981-07-01,8.7283198,Labour Underutilisation Rate,ABS:LF_UNDER/M24.3.1599.20.AUS.M,Labour Market,Per cent,Month
1981-08-01,8.549834,Labour Underutilisation Rate,ABS:LF_UNDER/M24.3.1599.20.AUS.M,Labour Market,Per cent,Month
1981-09-01,8.5246806,Labour Underutilisation Rate,ABS:LF_UNDER/M24.3.1599.20.AUS.M,Labour Market,Per cent,Month
1981-10-01,8.6565105,Labour Underutilisation Rate,ABS:LF_UNDER/M24.3.1599.20.AUS.M,Labour Market,Per cent,Month
1981-11-01,8.8108035,Labour Underutilisation Rate,ABS:LF_UNDER/M24.3.1599.20.AUS.M,Labour Market,Per cent,Month
1981-12-01,8.9408249,Labour Underutilisation Rate,ABS:LF_UNDER/M24.3.1599.20.AUS.M,Labour Market,Per cent,Month
1982-01-01,8.9526531,Labour Underutilisation Rate,ABS:LF_UNDER/M24.3.1599.20.AUS.M,Labour Market,Per cent,Month
1982-02-01,9.1739197,Labour Underutilisation Rate,ABS:LF_UNDER/M24.3.1599.20.AUS.M,Labour Market,Per cent,Month
1982-03-01,9.2671578,Labour Underutilisation Rate,ABS:LF_UNDER/M24.3.1599.20.AUS.M,Labour Market,Per cent,Month
1982-04-01,9.3641858,Labour Underutilisation Rate,ABS:LF_UNDER/M24.3.1599.20.AUS.M,Labour Market,Per cent,Month
1982-05-01,9.75834,Labour Underutilisation Rate,ABS:LF_UNDER/M24.3.1599.20.AUS.M,Labour Market,Per cent,Month
1982-06-01,9.8753603,Labour Underutilisation Rate,ABS:LF_UNDER/M24.3.1599.20.AUS.M,Labour Market,Per cent,Month
1982-07-01,10.1218431,Labour Underutilisation Rate,ABS:LF_UNDER/M24.3.1599.20.AUS.M,Labour Market,Per cent,Month
1982-08-01,10.4438708,Labour Underutilisation Rate,ABS:LF_UNDER/M24.3.1599.20.AUS.M,Labour Market,Per cent,Month
1982-09-01,10.8489736,Labour Underutilisation Rate,ABS:LF_UNDER/M24.3.1599.20.AUS.M,Labour Market,Per cent,Month
1982-10-01,12.1790463,Labour Underutilisation Rate,ABS:LF_UNDER/M24.3.1599.20.AUS.M,Labour Market,Per cent,Month
1982-11-01,12.7715171,Labour Underutilisation Rate,ABS:LF_UNDER/M24.3.1599.20.AUS.M,Labour Market,Per cent,Month
1982-12-01,13.3508639,Labour Underutilisation Rate,ABS:LF_UNDER/M24.3.1599.20.AUS.M,Labour Market,Per cent,Month
1983-01-01,13.0795889,Labour Underutilisation Rate,ABS:LF_UNDER/M24.3.1599.20.AUS.M,Labour Market,Per cent,Month
1983-02-01,13.5414364,Labour Underutilisation Rate,ABS:LF_UNDER/M24.3.1599.20.AUS.M,Labour Market,Per cent,Month
1983-03-01,13.9993895,Labour Underutilisation Rate,ABS:LF_UNDER/M24.3.1599.20.AUS.M,Labour Market,Per cent,Month
1983-04-01,13.9499282,Labour Underutilisation Rate,ABS:LF_UNDER/M24.3.1599.20.AUS.M,Labour Market,Per cent,Month
1983-05-01,14.4760934,Labour Underutilisation Rate,ABS:LF_UNDER/M24.3.1599.20.AUS.M,Labour Market,Per cent,Month
1983-06-01,14.3067276,Labour Underutilisation Rate,ABS:LF_UNDER/M24.3.1599.20.AUS.M,Labour Market,Per cent,Month
1983-07-01,14.4598781,Labour Underutilisation Rate,ABS:LF_UNDER/M24.3.1599.20.AUS.M,Labour Market,Per cent,Month
1983-08-01,14.1334367,Labour Underutilisation Rate,ABS:LF_UNDER/M24.3.1599.20.AUS.M,Labour Market,Per cent,Month
1983-09-01,14.1849443,Labour Underutilisation Rate,ABS:LF_UNDER/M24.3.1599.20.AUS.M,Labour Market,Per cent,Month
1983-10-01,13.6623748,Labour Underutilisation Rate,ABS:LF_UNDER/M24.3.1599.20.AUS.M,Labour Market,Per cent,Month
1983-11-01,13.2876284,Labour Underutilisation Rate,ABS:LF_UNDER/M24.3.1599.20.AUS.M,Labour Market,Per cent,Month
1983-12-01,12.8533405,Labour Underutilisation Rate,ABS:LF_UNDER/M24.3.1599.20.AUS.M,Labour Market,Per cent,Month
1984-01-01,13.084515,Labour Underutilisation Rate,ABS:LF_UNDER/M24.3.1599.20.AUS.M,Labour Market,Per cent,Month
1984-02-01,12.9388226,Labour Underutilisation Rate,ABS:LF_UNDER/M24.3.1599.20.AUS.M,Labour Market,Per cent,Month
1984-03-01,12.7828152,Labour Underutilisation Rate,ABS:LF_UNDER/M24.3.1599.20.AUS.M,Labour Market,Per cent,Month
1984-04-01,13.0428117,Labour Underutilisation Rate,ABS:LF_UNDER/M24.3.1599.20.AUS.M,Labour Market,Per cent,Month
1984-05-01,12.5276589,Labour Underutilisation Rate,ABS:LF_UNDER/M24.3.1599.20.AUS.M,Labour Market,Per cent,Month
1984-06-01,12.6024716,Labour Underutilisation Rate,ABS:LF_UNDER/M24.3.1599.20.AUS.M,Labour Market,Per cent,Month
1984-07-01,12.490712,Labour Underutilisation Rate,ABS:LF_UNDER/M24.3.1599.20.AUS.M,Labour Market,Per cent,Month
1984-08-01,12.279908,Labour Underutilisation Rate,ABS:LF_UNDER/M24.3.1599.20.AUS.M,Labour Market,Per cent,Month
1984-09-01,12.2699159,Labour Underutilisation Rate,ABS:LF_UNDER/M24.3.1599.20.AUS.M,Labour Market,Per cent,Month
1984-10-01,12.2529437,Labour Underutilisation Rate,ABS:LF_UNDER/M24.3.1599.20.AUS.M,Labour Market,Per cent,Month
1984-11-01,12.1396884,Labour Underutilisation Rate,ABS:LF_UNDER/M24.3.1599.20.AUS.M,Labour Market,Per cent,Month
1984-12-01,11.7575129,Labour Underutilisation Rate,ABS:LF_UNDER/M24.3.1599.20.AUS.M,Labour Market,Per cent,Month
1985-01-01,12.0067234,Labour Underutilisation Rate,ABS:LF_UNDER/M24.3.1599.20.AUS.M,Labour Market,Per cent,Month
1985-02-01,11.9295229,Labour Underutilisation Rate,ABS:LF_UNDER/M24.3.1599.20.AUS.M,Labour Market,Per cent,Month
1985-03-01,11.9543274,Labour Underutilisation Rate,ABS:LF_UNDER/M24.3.1599.20.AUS.M,Labour Market,Per cent,Month
1985-04-01,11.705507,Labour Underutilisation Rate,ABS:LF_UNDER/M24.3.1599.20.AUS.M,Labour Market,Per cent,Month
1985-05-01,11.514955,Labour Underutilisation Rate,ABS:LF_UNDER/M24.3.1599.20.AUS.M,Labour Market,Per cent,Month
1985-06-01,11.6994205,Labour Underutilisation Rate,ABS:LF_UNDER/M24.3.1599.20.AUS.M,Labour Market,Per cent,Month
1985-07-01,11.5379613,Labour Underutilisation Rate,ABS:LF_UNDER/M24.3.1599.20.AUS.M,Labour Market,Per cent,Month
1985-08-01,11.4262211,Labour Underutilisation Rate,ABS:LF_UNDER/M24.3.1599.20.AUS.M,Labour Market,Per cent,Month
1985-09-01,11.2342328,Labour Underutilisation Rate,ABS:LF_UNDER/M24.3.1599.20.AUS.M,Labour Market,Per cent,Month
1985-10-01,11.159467,Labour Underutilisation Rate,ABS:LF_UNDER/M24.3.1599.20.AUS.M,Labour Market,Per cent,Month
1985-11-01,11.214746,Labour Underutilisation Rate,ABS:LF_UNDER/M24.3.1599.20.AUS.M,Labour Market,Per cent,Month
1985-12-01,10.8983664,Labour Underutilisation Rate,ABS:LF_UNDER/M24.3.1599.20.AUS.M,Labour Market,Per cent,Month
1986-01-01,11.0590161,Labour Underutilisation Rate,ABS:LF_UNDER/M24.3.1599.20.AUS.M,Labour Market,Per cent,Month
1986-02-01,11.4179468,Labour Underutilisation Rate,ABS:LF_UNDER/M24.3.1599.20.AUS.M,Labour Market,Per cent,Month
1986-03-01,11.3565182,Labour Underutilisation Rate,ABS:LF_UNDER/M24.3.1599.20.AUS.M,Labour Market,Per cent,Month
1986-04-01,11.6016308,Labour Underutilisation Rate,ABS:LF_UNDER/M24.3.1599.20.AUS.M,Labour Market,Per cent,Month
1986-05-01,11.4057063,Labour Underutilisation Rate,ABS:LF_UNDER/M24.3.1599.20.AUS.M,Labour Market,Per cent,Month
1986-06-01,11.3919613,Labour Underutilisation Rate,ABS:LF_UNDER/M24.3.1599.20.AUS.M,Labour Market,Per cent,Month
1986-07-01,11.7877104,Labour Underutilisation Rate,ABS:LF_UNDER/M24.3.1599.20.AUS.M,Labour Market,Per cent,Month
1986-08-01,11.8937035,Labour Underutilisation Rate,ABS:LF_UNDER/M24.3.1599.20.AUS.M,Labour Market,Per cent,Month
1986-09-01,12.0402813,Labour Underutilisation Rate,ABS:LF_UNDER/M24.3.1599.20.AUS.M,Labour Market,Per cent,Month
1986-10-01,11.8698942,Labour Underutilisation Rate,ABS:LF_UNDER/M24.3.1599.20.AUS.M,Labour Market,Per cent,Month
1986-11-01,12.1421068,Labour Underutilisation Rate,ABS:LF_UNDER/M24.3.1599.20.AUS.M,Labour Market,Per cent,Month
1986-12-01,12.2548785,Labour Underutilisation Rate,ABS:LF_UNDER/M24.3.1599.20.AUS.M,Labour Market,Per cent,Month
1987-01-01,11.9774791,Labour Underutilisation Rate,ABS:LF_UNDER/M24.3.1599.20.AUS.M,Labour Market,Per cent,Month
1987-02-01,12.0421703,Labour Underutilisation Rate,ABS:LF_UNDER/M24.3.1599.20.AUS.M,Labour Market,Per cent,Month
1987-03-01,12.2817197,Labour Underutilisation Rate,ABS:LF_UNDER/M24.3.1599.20.AUS.M,Labour Market,Per cent,Month
1987-04-01,12.1743909,Labour Underutilisation Rate,ABS:LF_UNDER/M24.3.1599.20.AUS.M,Labour Market,Per cent,Month
1987-05-01,12.1830435,Labour Underutilisation Rate,ABS:LF_UNDER/M24.3.1599.20.AUS.M,Labour Market,Per cent,Month
1987-06-01,12.0864516,Labour Underutilisation Rate,ABS:LF_UNDER/M24.3.1599.20.AUS.M,Labour Market,Per cent,Month
1987-07-01,12.0895412,Labour Underutilisation Rate,ABS:LF_UNDER/M24.3.1599.20.AUS.M,Labour Market,Per cent,Month
1987-08-01,12.2718909,Labour Underutilisation Rate,ABS:LF_UNDER/M24.3.1599.20.AUS.M,Labour Market,Per cent,Month
1987-09-01,11.7454501,Labour Underutilisation Rate,ABS:LF_UNDER/M24.3.1599.20.AUS.M,Labour Market,Per cent,Month
1987-10-01,12.041584,Labour Underutilisation Rate,ABS:LF_UNDER/M24.3.1599.20.AUS.M,Labour Market,Per cent,Month
1987-11-01,11.9599134,Labour Underutilisation Rate,ABS:LF_UNDER/M24.3.1599.20.AUS.M,Labour Market,Per cent,Month
1987-12-01,11.717822,Labour Underutilisation Rate,ABS:LF_UNDER/M24.3.1599.20.AUS.M,Labour Market,Per cent,Month
1988-01-01,11.6980362,Labour Underutilisation Rate,ABS:LF_UNDER/M24.3.1599.20.AUS.M,Labour Market,Per cent,Month
1988-02-01,11.447162,Labour Underutilisation Rate,ABS:LF_UNDER/M24.3.1599.20.AUS.M,Labour Market,Per cent,Month
1988-03-01,11.2961389,Labour Underutilisation Rate,ABS:LF_UNDER/M24.3.1599.20.AUS.M,Labour Market,Per cent,Month
1988-04-01,11.7359287,Labour Underutilisation Rate,ABS:LF_UNDER/M24.3.1599.20.AUS.M,Labour Market,Per cent,Month
1988-05-01,10.7493685,Labour Underutilisation Rate,ABS:LF_UNDER/M24.3.1599.20.AUS.M,Labour Market,Per cent,Month
1988-06-01,11.5232068,Labour Underutilisation Rate,ABS:LF_UNDER/M24.3.1599.20.AUS.M,Labour Market,Per cent,Month
1988-07-01,10.4337827,Labour Underutilisation Rate,ABS:LF_UNDER/M24.3.1599.20.AUS.M,Labour Market,Per cent,Month
1988-08-01,10.6701422,Labour Underutilisation Rate,ABS:LF_UNDER/M24.3.1599.20.AUS.M,Labour Market,Per cent,Month
1988-09-01,10.5943471,Labour Underutilisation Rate,ABS:LF_UNDER/M24.3.1599.20.AUS.M,Labour Market,Per cent,Month
1988-10-01,10.5326544,Labour Underutilisation Rate,ABS:LF_UNDER/M24.3.1599.20.AUS.M,Labour Market,Per cent,Month
1988-11-01,10.273544,Labour Underutilisation Rate,ABS:LF_UNDER/M24.3.1599.20.AUS.M,Labour Market,Per cent,Month
1988-12-01,10.8355444,Labour Underutilisation Rate,ABS:LF_UNDER/M24.3.1599.20.AUS.M,Labour Market,Per cent,Month
1989-01-01,10.6218912,Labour Underutilisation Rate,ABS:LF_UNDER/M24.3.1599.20.AUS.M,Labour Market,Per cent,Month
1989-02-01,10.5664835,Labour Underutilisation Rate,ABS:LF_UNDER/M24.3.1599.20.AUS.M,Labour Market,Per cent,Month
1989-03-01,10.0576557,Labour Underutilisation Rate,ABS:LF_UNDER/M24.3.1599.20.AUS.M,Labour Market,Per cent,Month
1989-04-01,9.9518986,Labour Underutilisation Rate,ABS:LF_UNDER/M24.3.1599.20.AUS.M,Labour Market,Per cent,Month
1989-05-01,10.0880302,Labour Underutilisation Rate,ABS:LF_UNDER/M24.3.1599.20.AUS.M,Labour Market,Per cent,Month
1989-06-01,9.6809203,Labour Underutilisation Rate,ABS:LF_UNDER/M24.3.1599.20.AUS.M,Labour Market,Per cent,Month
1989-07-01,9.9019059,Labour Underutilisation Rate,ABS:LF_UNDER/M24.3.1599.20.AUS.M,Labour Market,Per cent,Month
1989-08-01,9.9004344,Labour Underutilisation Rate,ABS:LF_UNDER/M24.3.1599.20.AUS.M,Labour Market,Per cent,Month
1989-09-01,10.2363077,Labour Underutilisation Rate,ABS:LF_UNDER/M24.3.1599.20.AUS.M,Labour Market,Per cent,Month
1989-10-01,9.8002416,Labour Underutilisation Rate,ABS:LF_UNDER/M24.3.1599.20.AUS.M,Labour Market,Per cent,Month
1989-11-01,9.7971614,Labour Underutilisation Rate,ABS:LF_UNDER/M24.3.1599.20.AUS.M,Labour Market,Per cent,Month
1989-12-01,9.9369232,Labour Underutilisation Rate,ABS:LF_UNDER/M24.3.1599.20.AUS.M,Labour Market,Per cent,Month
1990-01-01,10.3487259,Labour Underutilisation Rate,ABS:LF_UNDER/M24.3.1599.20.AUS.M,Labour Market,Per cent,Month
1990-02-01,10.4291759,Labour Underutilisation Rate,ABS:LF_UNDER/M24.3.1599.20.AUS.M,Labour Market,Per cent,Month
1990-03-01,10.3269278,Labour Underutilisation Rate,ABS:LF_UNDER/M24.3.1599.20.AUS.M,Labour Market,Per cent,Month
1990-04-01,10.476484,Labour Underutilisation Rate,ABS:LF_UNDER/M24.3.1599.20.AUS.M,Labour Market,Per cent,Month
1990-05-01,10.7473833,Labour Underutilisation Rate,ABS:LF_UNDER/M24.3.1599.20.AUS.M,Labour Market,Per cent,Month
1990-06-01,10.9274919,Labour Underutilisation Rate,ABS:LF_UNDER/M24.3.1599.20.AUS.M,Labour Market,Per cent,Month
1990-07-01,11.4866904,Labour Underutilisation Rate,ABS:LF_UNDER/M24.3.1599.20.AUS.M,Labour Market,Per cent,Month
1990-08-01,11.6783893,Labour Underutilisation Rate,ABS:LF_UNDER/M24.3.1599.20.AUS.M,Labour Market,Per cent,Month
1990-09-01,12.1864206,Labour Underutilisation Rate,ABS:LF_UNDER/M24.3.1599.20.AUS.M,Labour Market,Per cent,Month
1990-10-01,12.479768,Labour Underutilisation Rate,ABS:LF_UNDER/M24.3.1599.20.AUS.M,Labour Market,Per cent,Month
1990-11-01,13.0089694,Labour Underutilisation Rate,ABS:LF_UNDER/M24.3.1599.20.AUS.M,Labour Market,Per cent,Month
1990-12-01,13.204817,Labour Underutilisation Rate,ABS:LF_UNDER/M24.3.1599.20.AUS.M,Labour Market,Per cent,Month
1991-01-01,13.6261126,Labour Underutilisation Rate,ABS:LF_UNDER/M24.3.1599.20.AUS.M,Labour Market,Per cent,Month
1991-02-01,14.1466872,Labour Underutilisation Rate,ABS:LF_UNDER/M24.3.1599.20.AUS.M,Labour Market,Per cent,Month
1991-03-01,14.9858534,Labour Underutilisation Rate,ABS:LF_UNDER/M24.3.1599.20.AUS.M,Labour Market,Per cent,Month
1991-04-01,15.77155,Labour Underutilisation Rate,ABS:LF_UNDER/M24.3.1599.20.AUS.M,Labour Market,Per cent,Month
1991-05-01,14.8509481,Labour Underutilisation Rate,ABS:LF_UNDER/M24.3.1599.20.AUS.M,Labour Market,Per cent,Month
1991-06-01,15.7192652,Labour Underutilisation Rate,ABS:LF_UNDER/M24.3.1599.20.AUS.M,Labour Market,Per cent,Month
1991-07-01,16.0258077,Labour Underutilisation Rate,ABS:LF_UNDER/M24.3.1599.20.AUS.M,Labour Market,Per cent,Month
1991-08-01,15.8971332,Labour Underutilisation Rate,ABS:LF_UNDER/M24.3.1599.20.AUS.M,Labour Market,Per cent,Month
1991-09-01,16.1124196,Labour Underutilisation Rate,ABS:LF_UNDER/M24.3.1599.20.AUS.M,Labour Market,Per cent,Month
1991-10-01,16.0816112,Labour Underutilisation Rate,ABS:LF_UNDER/M24.3.1599.20.AUS.M,Labour Market,Per cent,Month
1991-11-01,16.4560598,Labour Underutilisation Rate,ABS:LF_UNDER/M24.3.1599.20.AUS.M,Labour Market,Per cent,Month
1991-12-01,16.6022388,Labour Underutilisation Rate,ABS:LF_UNDER/M24.3.1599.20.AUS.M,Labour Market,Per cent,Month
1992-01-01,16.7151087,Labour Underutilisation Rate,ABS:LF_UNDER/M24.3.1599.20.AUS.M,Labour Market,Per cent,Month
1992-02-01,17.0232749,Labour Underutilisation Rate,ABS:LF_UNDER/M24.3.1599.20.AUS.M,Labour Market,Per cent,Month
1992-03-01,17.0541927,Labour Underutilisation Rate,ABS:LF_UNDER/M24.3.1599.20.AUS.M,Labour Market,Per cent,Month
1992-04-01,17.325177,Labour Underutilisation Rate,ABS:LF_UNDER/M24.3.1599.20.AUS.M,Labour Market,Per cent,Month
1992-05-01,17.4888826,Labour Underutilisation Rate,ABS:LF_UNDER/M24.3.1599.20.AUS.M,Labour Market,Per cent,Month
1992-06-01,17.5750893,Labour Underutilisation Rate,ABS:LF_UNDER/M24.3.1599.20.AUS.M,Labour Market,Per cent,Month
1992-07-01,17.9888938,Labour Underutilisation Rate,ABS:LF_UNDER/M24.3.1599.20.AUS.M,Labour Market,Per cent,Month
1992-08-01,17.7444223,Labour Underutilisation Rate,ABS:LF_UNDER/M24.3.1599.20.AUS.M,Labour Market,Per cent,Month
1992-09-01,17.7878493,Labour Underutilisation Rate,ABS:LF_UNDER/M24.3.1599.20.AUS.M,Labour Market,Per cent,Month
1992-10-01,18.1280384,Labour Underutilisation Rate,ABS:LF_UNDER/M24.3.1599.20.AUS.M,Labour Market,Per cent,Month
1992-11-01,18.1578637,Labour Underutilisation Rate,ABS:LF_UNDER/M24.3.1599.20.AUS.M,Labour Market,Per cent,Month
1992-12-01,18.1211633,Labour Underutilisation Rate,ABS:LF_UNDER/M24.3.1599.20.AUS.M,Labour Market,Per cent,Month
1993-01-01,17.783089,Labour Underutilisation Rate,ABS:LF_UNDER/M24.3.1599.20.AUS.M,Labour Market,Per cent,Month
1993-02-01,17.883021,Labour Underutilisation Rate,ABS:LF_UNDER/M24.3.1599.20.AUS.M,Labour Market,Per cent,Month
1993-03-01,17.8218671,Labour Underutilisation Rate,ABS:LF_UNDER/M24.3.1599.20.AUS.M,Labour Market,Per cent,Month
1993-04-01,17.7322758,Labour Underutilisation Rate,ABS:LF_UNDER/M24.3.1599.20.AUS.M,Labour Market,Per cent,Month
1993-05-01,17.644356,Labour Underutilisation Rate,ABS:LF_UNDER/M24.3.1599.20.AUS.M,Labour Market,Per cent,Month
1993-06-01,17.7779508,Labour Underutilisation Rate,ABS:LF_UNDER/M24.3.1599.20.AUS.M,Labour Market,Per cent,Month
1993-07-01,17.7252277,Labour Underutilisation Rate,ABS:LF_UNDER/M24.3.1599.20.AUS.M,Labour Market,Per cent,Month
1993-08-01,17.7658942,Labour Underutilisation Rate,ABS:LF_UNDER/M24.3.1599.20.AUS.M,Labour Market,Per cent,Month
1993-09-01,17.9283291,Labour Underutilisation Rate,ABS:LF_UNDER/M24.3.1599.20.AUS.M,Labour Market,Per cent,Month
1993-10-01,17.8511932,Labour Underutilisation Rate,ABS:LF_UNDER/M24.3.1599.20.AUS.M,Labour Market,Per cent,Month
1993-11-01,17.5352288,Labour Underutilisation Rate,ABS:LF_UNDER/M24.3.1599.20.AUS.M,Labour Market,Per cent,Month
1993-12-01,17.4484379,Labour Underutilisation Rate,ABS:LF_UNDER/M24.3.1599.20.AUS.M,Labour Market,Per cent,Month
1994-01-01,17.2402715,Labour Underutilisation Rate,ABS:LF_UNDER/M24.3.1599.20.AUS.M,Labour Market,Per cent,Month
1994-02-01,17.0260854,Labour Underutilisation Rate,ABS:LF_UNDER/M24.3.1599.20.AUS.M,Labour Market,Per cent,Month
1994-03-01,17.0282388,Labour Underutilisation Rate,ABS:LF_UNDER/M24.3.1599.20.AUS.M,Labour Market,Per cent,Month
1994-04-01,16.4986326,Labour Underutilisation Rate,ABS:LF_UNDER/M24.3.1599.20.AUS.M,Labour Market,Per cent,Month
1994-05-01,16.3717996,Labour Underutilisation Rate,ABS:LF_UNDER/M24.3.1599.20.AUS.M,Labour Market,Per cent,Month
1994-06-01,16.3196684,Labour Underutilisation Rate,ABS:LF_UNDER/M24.3.1599.20.AUS.M,Labour Market,Per cent,Month
1994-07-01,16.078702,Labour Underutilisation Rate,ABS:LF_UNDER/M24.3.1599.20.AUS.M,Labour Market,Per cent,Month
1994-08-01,15.9474946,Labour Underutilisation Rate,ABS:LF_UNDER/M24.3.1599.20.AUS.M,Labour Market,Per cent,Month
1994-09-01,15.2848995,Labour Underutilisation Rate,ABS:LF_UNDER/M24.3.1599.20.AUS.M,Labour Market,Per cent,Month
1994-10-01,15.5098499,Labour Underutilisation Rate,ABS:LF_UNDER/M24.3.1599.20.AUS.M,Labour Market,Per cent,Month
1994-11-01,15.5240183,Labour Underutilisation Rate,ABS:LF_UNDER/M24.3.1599.20.AUS.M,Labour Market,Per cent,Month
1994-12-01,15.4861559,Labour Underutilisation Rate,ABS:LF_UNDER/M24.3.1599.20.AUS.M,Labour Market,Per cent,Month
1995-01-01,15.2127375,Labour Underutilisation Rate,ABS:LF_UNDER/M24.3.1599.20.AUS.M,Labour Market,Per cent,Month
1995-02-01,15.3039702,Labour Underutilisation Rate,ABS:LF_UNDER/M24.3.1599.20.AUS.M,Labour Market,Per cent,Month
1995-03-01,15.0539683,Labour Underutilisation Rate,ABS:LF_UNDER/M24.3.1599.20.AUS.M,Labour Market,Per cent,Month
1995-04-01,14.7100411,Labour Underutilisation Rate,ABS:LF_UNDER/M24.3.1599.20.AUS.M,Labour Market,Per cent,Month
1995-05-01,14.7754073,Labour Underutilisation Rate,ABS:LF_UNDER/M24.3.1599.20.AUS.M,Labour Market,Per cent,Month
1995-06-01,14.8648331,Labour Underutilisation Rate,ABS:LF_UNDER/M24.3.1599.20.AUS.M,Labour Market,Per cent,Month
1995-07-01,15.0368215,Labour Underutilisation Rate,ABS:LF_UNDER/M24.3.1599.20.AUS.M,Labour Market,Per cent,Month
1995-08-01,15.0321052,Labour Underutilisation Rate,ABS:LF_UNDER/M24.3.1599.20.AUS.M,Labour Market,Per cent,Month
1995-09-01,15.0556258,Labour Underutilisation Rate,ABS:LF_UNDER/M24.3.1599.20.AUS.M,Labour Market,Per cent,Month
1995-10-01,15.1234996,Labour Underutilisation Rate,ABS:LF_UNDER/M24.3.1599.20.AUS.M,Labour Market,Per cent,Month
1995-11-01,14.8800855,Labour Underutilisation Rate,ABS:LF_UNDER/M24.3.1599.20.AUS.M,Labour Market,Per cent,Month
1995-12-01,14.8459417,Labour Underutilisation Rate,ABS:LF_UNDER/M24.3.1599.20.AUS.M,Labour Market,Per cent,Month
1996-01-01,14.854813,Labour Underutilisation Rate,ABS:LF_UNDER/M24.3.1599.20.AUS.M,Labour Market,Per cent,Month
1996-02-01,15.025623,Labour Underutilisation Rate,ABS:LF_UNDER/M24.3.1599.20.AUS.M,Labour Market,Per cent,Month
1996-03-01,15.0778737,Labour Underutilisation Rate,ABS:LF_UNDER/M24.3.1599.20.AUS.M,Labour Market,Per cent,Month
1996-04-01,15.1812994,Labour Underutilisation Rate,ABS:LF_UNDER/M24.3.1599.20.AUS.M,Labour Market,Per cent,Month
1996-05-01,14.9747098,Labour Underutilisation Rate,ABS:LF_UNDER/M24.3.1599.20.AUS.M,Labour Market,Per cent,Month
1996-06-01,15.0707519,Labour Underutilisation Rate,ABS:LF_UNDER/M24.3.1599.20.AUS.M,Labour Market,Per cent,Month
1996-07-01,15.254976600000001,Labour Underutilisation Rate,ABS:LF_UNDER/M24.3.1599.20.AUS.M,Labour Market,Per cent,Month
1996-08-01,15.3046134,Labour Underutilisation Rate,ABS:LF_UNDER/M24.3.1599.20.AUS.M,Labour Market,Per cent,Month
1996-09-01,15.0038638,Labour Underutilisation Rate,ABS:LF_UNDER/M24.3.1599.20.AUS.M,Labour Market,Per cent,Month
1996-10-01,15.234192,Labour Underutilisation Rate,ABS:LF_UNDER/M24.3.1599.20.AUS.M,Labour Market,Per cent,Month
1996-11-01,15.0847286,Labour Underutilisation Rate,ABS:LF_UNDER/M24.3.1599.20.AUS.M,Labour Market,Per cent,Month
1996-12-01,15.2536371,Labour Underutilisation Rate,ABS:LF_UNDER/M24.3.1599.20.AUS.M,Labour Market,Per cent,Month
1997-01-01,15.2322364,Labour Underutilisation Rate,ABS:LF_UNDER/M24.3.1599.20.AUS.M,Labour Market,Per cent,Month
1997-02-01,15.5421776,Labour Underutilisation Rate,ABS:LF_UNDER/M24.3.1599.20.AUS.M,Labour Market,Per cent,Month
1997-03-01,15.5143928,Labour Underutilisation Rate,ABS:LF_UNDER/M24.3.1599.20.AUS.M,Labour Market,Per cent,Month
1997-04-01,15.4799724,Labour Underutilisation Rate,ABS:LF_UNDER/M24.3.1599.20.AUS.M,Labour Market,Per cent,Month
1997-05-01,15.5009443,Labour Underutilisation Rate,ABS:LF_UNDER/M24.3.1599.20.AUS.M,Labour Market,Per cent,Month
1997-06-01,15.2834532,Labour Underutilisation Rate,ABS:LF_UNDER/M24.3.1599.20.AUS.M,Labour Market,Per cent,Month
1997-07-01,15.4764056,Labour Underutilisation Rate,ABS:LF_UNDER/M24.3.1599.20.AUS.M,Labour Market,Per cent,Month
1997-08-01,15.3145119,Labour Underutilisation Rate,ABS:LF_UNDER/M24.3.1599.20.AUS.M,Labour Market,Per cent,Month
1997-09-01,14.7523209,Labour Underutilisation Rate,ABS:LF_UNDER/M24.3.1599.20.AUS.M,Labour Market,Per cent,Month
1997-10-01,14.9791965,Labour Underutilisation Rate,ABS:LF_UNDER/M24.3.1599.20.AUS.M,Labour Market,Per cent,Month
1997-11-01,14.8888951,Labour Underutilisation Rate,ABS:LF_UNDER/M24.3.1599.20.AUS.M,Labour Market,Per cent,Month
1997-12-01,14.7398207,Labour Underutilisation Rate,ABS:LF_UNDER/M24.3.1599.20.AUS.M,Labour Market,Per cent,Month
1998-01-01,14.7283335,Labour Underutilisation Rate,ABS:LF_UNDER/M24.3.1599.20.AUS.M,Labour Market,Per cent,Month
1998-02-01,14.5326555,Labour Underutilisation Rate,ABS:LF_UNDER/M24.3.1599.20.AUS.M,Labour Market,Per cent,Month
1998-03-01,14.6164057,Labour Underutilisation Rate,ABS:LF_UNDER/M24.3.1599.20.AUS.M,Labour Market,Per cent,Month
1998-04-01,14.5889762,Labour Underutilisation Rate,ABS:LF_UNDER/M24.3.1599.20.AUS.M,Labour Market,Per cent,Month
1998-05-01,14.6089521,Labour Underutilisation Rate,ABS:LF_UNDER/M24.3.1599.20.AUS.M,Labour Market,Per cent,Month
1998-06-01,14.6702962,Labour Underutilisation Rate,ABS:LF_UNDER/M24.3.1599.20.AUS.M,Labour Market,Per cent,Month
1998-07-01,14.6951486,Labour Underutilisation Rate,ABS:LF_UNDER/M24.3.1599.20.AUS.M,Labour Market,Per cent,Month
1998-08-01,14.6655375,Labour Underutilisation Rate,ABS:LF_UNDER/M24.3.1599.20.AUS.M,Labour Market,Per cent,Month
1998-09-01,14.2345805,Labour Underutilisation Rate,ABS:LF_UNDER/M24.3.1599.20.AUS.M,Labour Market,Per cent,Month
1998-10-01,14.2532983,Labour Underutilisation Rate,ABS:LF_UNDER/M24.3.1599.20.AUS.M,Labour Market,Per cent,Month
1998-11-01,14.352906,Labour Underutilisation Rate,ABS:LF_UNDER/M24.3.1599.20.AUS.M,Labour Market,Per cent,Month
1998-12-01,13.9615898,Labour Underutilisation Rate,ABS:LF_UNDER/M24.3.1599.20.AUS.M,Labour Market,Per cent,Month
1999-01-01,13.7508937,Labour Underutilisation Rate,ABS:LF_UNDER/M24.3.1599.20.AUS.M,Labour Market,Per cent,Month
1999-02-01,13.7069649,Labour Underutilisation Rate,ABS:LF_UNDER/M24.3.1599.20.AUS.M,Labour Market,Per cent,Month
1999-03-01,13.6127958,Labour Underutilisation Rate,ABS:LF_UNDER/M24.3.1599.20.AUS.M,Labour Market,Per cent,Month
1999-04-01,13.7832725,Labour Underutilisation Rate,ABS:LF_UNDER/M24.3.1599.20.AUS.M,Labour Market,Per cent,Month
1999-05-01,13.7815674,Labour Underutilisation Rate,ABS:LF_UNDER/M24.3.1599.20.AUS.M,Labour Market,Per cent,Month
1999-06-01,13.5701161,Labour Underutilisation Rate,ABS:LF_UNDER/M24.3.1599.20.AUS.M,Labour Market,Per cent,Month
1999-07-01,13.3246345,Labour Underutilisation Rate,ABS:LF_UNDER/M24.3.1599.20.AUS.M,Labour Market,Per cent,Month
1999-08-01,13.3081706,Labour Underutilisation Rate,ABS:LF_UNDER/M24.3.1599.20.AUS.M,Labour Market,Per cent,Month
1999-09-01,13.1102517,Labour Underutilisation Rate,ABS:LF_UNDER/M24.3.1599.20.AUS.M,Labour Market,Per cent,Month
1999-10-01,13.1669283,Labour Underutilisation Rate,ABS:LF_UNDER/M24.3.1599.20.AUS.M,Labour Market,Per cent,Month
1999-11-01,12.9507396,Labour Underutilisation Rate,ABS:LF_UNDER/M24.3.1599.20.AUS.M,Labour Market,Per cent,Month
1999-12-01,13.0405721,Labour Underutilisation Rate,ABS:LF_UNDER/M24.3.1599.20.AUS.M,Labour Market,Per cent,Month
2000-01-01,13.1426284,Labour Underutilisation Rate,ABS:LF_UNDER/M24.3.1599.20.AUS.M,Labour Market,Per cent,Month
2000-02-01,13.062773,Labour Underutilisation Rate,ABS:LF_UNDER/M24.3.1599.20.AUS.M,Labour Market,Per cent,Month
2000-03-01,12.3065028,Labour Underutilisation Rate,ABS:LF_UNDER/M24.3.1599.20.AUS.M,Labour Market,Per cent,Month
2000-04-01,12.2964256,Labour Underutilisation Rate,ABS:LF_UNDER/M24.3.1599.20.AUS.M,Labour Market,Per cent,Month
2000-05-01,12.8225067,Labour Underutilisation Rate,ABS:LF_UNDER/M24.3.1599.20.AUS.M,Labour Market,Per cent,Month
2000-06-01,12.044297,Labour Underutilisation Rate,ABS:LF_UNDER/M24.3.1599.20.AUS.M,Labour Market,Per cent,Month
2000-07-01,11.6593279,Labour Underutilisation Rate,ABS:LF_UNDER/M24.3.1599.20.AUS.M,Labour Market,Per cent,Month
2000-08-01,12.5754036,Labour Underutilisation Rate,ABS:LF_UNDER/M24.3.1599.20.AUS.M,Labour Market,Per cent,Month
2000-09-01,12.0711301,Labour Underutilisation Rate,ABS:LF_UNDER/M24.3.1599.20.AUS.M,Labour Market,Per cent,Month
2000-10-01,12.6462439,Labour Underutilisation Rate,ABS:LF_UNDER/M24.3.1599.20.AUS.M,Labour Market,Per cent,Month
2000-11-01,13.0092205,Labour Underutilisation Rate,ABS:LF_UNDER/M24.3.1599.20.AUS.M,Labour Market,Per cent,Month
2000-12-01,12.7996154,Labour Underutilisation Rate,ABS:LF_UNDER/M24.3.1599.20.AUS.M,Labour Market,Per cent,Month
2001-01-01,12.7637908,Labour Underutilisation Rate,ABS:LF_UNDER/M24.3.1599.20.AUS.M,Labour Market,Per cent,Month
2001-02-01,13.082719,Labour Underutilisation Rate,ABS:LF_UNDER/M24.3.1599.20.AUS.M,Labour Market,Per cent,Month
2001-03-01,13.0865299,Labour Underutilisation Rate,ABS:LF_UNDER/M24.3.1599.20.AUS.M,Labour Market,Per cent,Month
2001-04-01,13.0907817,Labour Underutilisation Rate,ABS:LF_UNDER/M24.3.1599.20.AUS.M,Labour Market,Per cent,Month
2001-05-01,13.1261025,Labour Underutilisation Rate,ABS:LF_UNDER/M24.3.1599.20.AUS.M,Labour Market,Per cent,Month
2001-06-01,13.3002859,Labour Underutilisation Rate,ABS:LF_UNDER/M24.3.1599.20.AUS.M,Labour Market,Per cent,Month
2001-07-01,13.3930711,Labour Underutilisation Rate,ABS:LF_UNDER/M24.3.1599.20.AUS.M,Labour Market,Per cent,Month
2001-08-01,13.4617703,Labour Underutilisation Rate,ABS:LF_UNDER/M24.3.1599.20.AUS.M,Labour Market,Per cent,Month
2001-09-01,13.5061426,Labour Underutilisation Rate,ABS:LF_UNDER/M24.3.1599.20.AUS.M,Labour Market,Per cent,Month
2001-10-01,13.7862847,Labour Underutilisation Rate,ABS:LF_UNDER/M24.3.1599.20.AUS.M,Labour Market,Per cent,Month
2001-11-01,13.4164269,Labour Underutilisation Rate,ABS:LF_UNDER/M24.3.1599.20.AUS.M,Labour Market,Per cent,Month
2001-12-01,13.3980217,Labour Underutilisation Rate,ABS:LF_UNDER/M24.3.1599.20.AUS.M,Labour Market,Per cent,Month
2002-01-01,13.5003999,Labour Underutilisation Rate,ABS:LF_UNDER/M24.3.1599.20.AUS.M,Labour Market,Per cent,Month
2002-02-01,13.1129863,Labour Underutilisation Rate,ABS:LF_UNDER/M24.3.1599.20.AUS.M,Labour Market,Per cent,Month
2002-03-01,12.9166101,Labour Underutilisation Rate,ABS:LF_UNDER/M24.3.1599.20.AUS.M,Labour Market,Per cent,Month
2002-04-01,12.7732018,Labour Underutilisation Rate,ABS:LF_UNDER/M24.3.1599.20.AUS.M,Labour Market,Per cent,Month
2002-05-01,12.6779686,Labour Underutilisation Rate,ABS:LF_UNDER/M24.3.1599.20.AUS.M,Labour Market,Per cent,Month
2002-06-01,12.6840131,Labour Underutilisation Rate,ABS:LF_UNDER/M24.3.1599.20.AUS.M,Labour Market,Per cent,Month
2002-07-01,12.4929478,Labour Underutilisation Rate,ABS:LF_UNDER/M24.3.1599.20.AUS.M,Labour Market,Per cent,Month
2002-08-01,12.6378835,Labour Underutilisation Rate,ABS:LF_UNDER/M24.3.1599.20.AUS.M,Labour Market,Per cent,Month
2002-09-01,12.5398834,Labour Underutilisation Rate,ABS:LF_UNDER/M24.3.1599.20.AUS.M,Labour Market,Per cent,Month
2002-10-01,12.241265,Labour Underutilisation Rate,ABS:LF_UNDER/M24.3.1599.20.AUS.M,Labour Market,Per cent,Month
2002-11-01,12.0483326,Labour Underutilisation Rate,ABS:LF_UNDER/M24.3.1599.20.AUS.M,Labour Market,Per cent,Month
2002-12-01,12.3135032,Labour Underutilisation Rate,ABS:LF_UNDER/M24.3.1599.20.AUS.M,Labour Market,Per cent,Month
2003-01-01,12.5914187,Labour Underutilisation Rate,ABS:LF_UNDER/M24.3.1599.20.AUS.M,Labour Market,Per cent,Month
2003-02-01,12.7790148,Labour Underutilisation Rate,ABS:LF_UNDER/M24.3.1599.20.AUS.M,Labour Market,Per cent,Month
2003-03-01,13.0854834,Labour Underutilisation Rate,ABS:LF_UNDER/M24.3.1599.20.AUS.M,Labour Market,Per cent,Month
2003-04-01,13.17628,Labour Underutilisation Rate,ABS:LF_UNDER/M24.3.1599.20.AUS.M,Labour Market,Per cent,Month
2003-05-01,13.1704662,Labour Underutilisation Rate,ABS:LF_UNDER/M24.3.1599.20.AUS.M,Labour Market,Per cent,Month
2003-06-01,13.1902687,Labour Underutilisation Rate,ABS:LF_UNDER/M24.3.1599.20.AUS.M,Labour Market,Per cent,Month
2003-07-01,13.141593,Labour Underutilisation Rate,ABS:LF_UNDER/M24.3.1599.20.AUS.M,Labour Market,Per cent,Month
2003-08-01,12.7601282,Labour Underutilisation Rate,ABS:LF_UNDER/M24.3.1599.20.AUS.M,Labour Market,Per cent,Month
2003-09-01,12.8550915,Labour Underutilisation Rate,ABS:LF_UNDER/M24.3.1599.20.AUS.M,Labour Market,Per cent,Month
2003-10-01,12.9467094,Labour Underutilisation Rate,ABS:LF_UNDER/M24.3.1599.20.AUS.M,Labour Market,Per cent,Month
2003-11-01,12.9524658,Labour Underutilisation Rate,ABS:LF_UNDER/M24.3.1599.20.AUS.M,Labour Market,Per cent,Month
2003-12-01,12.8145361,Labour Underutilisation Rate,ABS:LF_UNDER/M24.3.1599.20.AUS.M,Labour Market,Per cent,Month
2004-01-01,12.4619114,Labour Underutilisation Rate,ABS:LF_UNDER/M24.3.1599.20.AUS.M,Labour Market,Per cent,Month
2004-02-01,12.5387523,Labour Underutilisation Rate,ABS:LF_UNDER/M24.3.1599.20.AUS.M,Labour Market,Per cent,Month
2004-03-01,12.4555423,Labour Underutilisation Rate,ABS:LF_UNDER/M24.3.1599.20.AUS.M,Labour Market,Per cent,Month
2004-04-01,12.2641676,Labour Underutilisation Rate,ABS:LF_UNDER/M24.3.1599.20.AUS.M,Labour Market,Per cent,Month
2004-05-01,12.3813124,Labour Underutilisation Rate,ABS:LF_UNDER/M24.3.1599.20.AUS.M,Labour Market,Per cent,Month
2004-06-01,12.5314943,Labour Underutilisation Rate,ABS:LF_UNDER/M24.3.1599.20.AUS.M,Labour Market,Per cent,Month
2004-07-01,12.5207058,Labour Underutilisation Rate,ABS:LF_UNDER/M24.3.1599.20.AUS.M,Labour Market,Per cent,Month
2004-08-01,12.4752528,Labour Underutilisation Rate,ABS:LF_UNDER/M24.3.1599.20.AUS.M,Labour Market,Per cent,Month
2004-09-01,12.382173,Labour Underutilisation Rate,ABS:LF_UNDER/M24.3.1599.20.AUS.M,Labour Market,Per cent,Month
2004-10-01,12.0135978,Labour Underutilisation Rate,ABS:LF_UNDER/M24.3.1599.20.AUS.M,Labour Market,Per cent,Month
2004-11-01,12.0082014,Labour Underutilisation Rate,ABS:LF_UNDER/M24.3.1599.20.AUS.M,Labour Market,Per cent,Month
2004-12-01,11.9561514,Labour Underutilisation Rate,ABS:LF_UNDER/M24.3.1599.20.AUS.M,Labour Market,Per cent,Month
2005-01-01,11.8851812,Labour Underutilisation Rate,ABS:LF_UNDER/M24.3.1599.20.AUS.M,Labour Market,Per cent,Month
2005-02-01,11.9043842,Labour Underutilisation Rate,ABS:LF_UNDER/M24.3.1599.20.AUS.M,Labour Market,Per cent,Month
2005-03-01,11.9536224,Labour Underutilisation Rate,ABS:LF_UNDER/M24.3.1599.20.AUS.M,Labour Market,Per cent,Month
2005-04-01,11.9613569,Labour Underutilisation Rate,ABS:LF_UNDER/M24.3.1599.20.AUS.M,Labour Market,Per cent,Month
2005-05-01,11.8654105,Labour Underutilisation Rate,ABS:LF_UNDER/M24.3.1599.20.AUS.M,Labour Market,Per cent,Month
2005-06-01,11.7439945,Labour Underutilisation Rate,ABS:LF_UNDER/M24.3.1599.20.AUS.M,Labour Market,Per cent,Month
2005-07-01,11.5715299,Labour Underutilisation Rate,ABS:LF_UNDER/M24.3.1599.20.AUS.M,Labour Market,Per cent,Month
2005-08-01,11.4904488,Labour Underutilisation Rate,ABS:LF_UNDER/M24.3.1599.20.AUS.M,Labour Market,Per cent,Month
2005-09-01,11.671548,Labour Underutilisation Rate,ABS:LF_UNDER/M24.3.1599.20.AUS.M,Labour Market,Per cent,Month
2005-10-01,11.6974856,Labour Underutilisation Rate,ABS:LF_UNDER/M24.3.1599.20.AUS.M,Labour Market,Per cent,Month
2005-11-01,11.7361048,Labour Underutilisation Rate,ABS:LF_UNDER/M24.3.1599.20.AUS.M,Labour Market,Per cent,Month
2005-12-01,11.7453446,Labour Underutilisation Rate,ABS:LF_UNDER/M24.3.1599.20.AUS.M,Labour Market,Per cent,Month
2006-01-01,11.8402955,Labour Underutilisation Rate,ABS:LF_UNDER/M24.3.1599.20.AUS.M,Labour Market,Per cent,Month
2006-02-01,11.7502175,Labour Underutilisation Rate,ABS:LF_UNDER/M24.3.1599.20.AUS.M,Labour Market,Per cent,Month
2006-03-01,11.396514,Labour Underutilisation Rate,ABS:LF_UNDER/M24.3.1599.20.AUS.M,Labour Market,Per cent,Month
2006-04-01,11.5015279,Labour Underutilisation Rate,ABS:LF_UNDER/M24.3.1599.20.AUS.M,Labour Market,Per cent,Month
2006-05-01,11.3248357,Labour Underutilisation Rate,ABS:LF_UNDER/M24.3.1599.20.AUS.M,Labour Market,Per cent,Month
2006-06-01,11.3807069,Labour Underutilisation Rate,ABS:LF_UNDER/M24.3.1599.20.AUS.M,Labour Market,Per cent,Month
2006-07-01,11.2552552,Labour Underutilisation Rate,ABS:LF_UNDER/M24.3.1599.20.AUS.M,Labour Market,Per cent,Month
2006-08-01,11.3193325,Labour Underutilisation Rate,ABS:LF_UNDER/M24.3.1599.20.AUS.M,Labour Market,Per cent,Month
2006-09-01,11.2606749,Labour Underutilisation Rate,ABS:LF_UNDER/M24.3.1599.20.AUS.M,Labour Market,Per cent,Month
2006-10-01,10.8479859,Labour Underutilisation Rate,ABS:LF_UNDER/M24.3.1599.20.AUS.M,Labour Market,Per cent,Month
2006-11-01,10.7683797,Labour Underutilisation Rate,ABS:LF_UNDER/M24.3.1599.20.AUS.M,Labour Market,Per cent,Month
2006-12-01,10.8551013,Labour Underutilisation Rate,ABS:LF_UNDER/M24.3.1599.20.AUS.M,Labour Market,Per cent,Month
2007-01-01,10.8836128,Labour Underutilisation Rate,ABS:LF_UNDER/M24.3.1599.20.AUS.M,Labour Market,Per cent,Month
2007-02-01,11.0672294,Labour Underutilisation Rate,ABS:LF_UNDER/M24.3.1599.20.AUS.M,Labour Market,Per cent,Month
2007-03-01,10.7634587,Labour Underutilisation Rate,ABS:LF_UNDER/M24.3.1599.20.AUS.M,Labour Market,Per cent,Month
2007-04-01,10.61694,Labour Underutilisation Rate,ABS:LF_UNDER/M24.3.1599.20.AUS.M,Labour Market,Per cent,Month
2007-05-01,10.5384999,Labour Underutilisation Rate,ABS:LF_UNDER/M24.3.1599.20.AUS.M,Labour Market,Per cent,Month
2007-06-01,10.5735222,Labour Underutilisation Rate,ABS:LF_UNDER/M24.3.1599.20.AUS.M,Labour Market,Per cent,Month
2007-07-01,10.5218338,Labour Underutilisation Rate,ABS:LF_UNDER/M24.3.1599.20.AUS.M,Labour Market,Per cent,Month
2007-08-01,10.5478791,Labour Underutilisation Rate,ABS:LF_UNDER/M24.3.1599.20.AUS.M,Labour Market,Per cent,Month
2007-09-01,10.4041419,Labour Underutilisation Rate,ABS:LF_UNDER/M24.3.1599.20.AUS.M,Labour Market,Per cent,Month
2007-10-01,10.4852929,Labour Underutilisation Rate,ABS:LF_UNDER/M24.3.1599.20.AUS.M,Labour Market,Per cent,Month
2007-11-01,10.4802731,Labour Underutilisation Rate,ABS:LF_UNDER/M24.3.1599.20.AUS.M,Labour Market,Per cent,Month
2007-12-01,10.3599813,Labour Underutilisation Rate,ABS:LF_UNDER/M24.3.1599.20.AUS.M,Labour Market,Per cent,Month
2008-01-01,10.2366907,Labour Underutilisation Rate,ABS:LF_UNDER/M24.3.1599.20.AUS.M,Labour Market,Per cent,Month
2008-02-01,9.8874779,Labour Underutilisation Rate,ABS:LF_UNDER/M24.3.1599.20.AUS.M,Labour Market,Per cent,Month
2008-03-01,9.9851829,Labour Underutilisation Rate,ABS:LF_UNDER/M24.3.1599.20.AUS.M,Labour Market,Per cent,Month
2008-04-01,10.2830129,Labour Underutilisation Rate,ABS:LF_UNDER/M24.3.1599.20.AUS.M,Labour Market,Per cent,Month
2008-05-01,10.2124867,Labour Underutilisation Rate,ABS:LF_UNDER/M24.3.1599.20.AUS.M,Labour Market,Per cent,Month
2008-06-01,10.0471488,Labour Underutilisation Rate,ABS:LF_UNDER/M24.3.1599.20.AUS.M,Labour Market,Per cent,Month
2008-07-01,10.1018409,Labour Underutilisation Rate,ABS:LF_UNDER/M24.3.1599.20.AUS.M,Labour Market,Per cent,Month
2008-08-01,9.7369107,Labour Underutilisation Rate,ABS:LF_UNDER/M24.3.1599.20.AUS.M,Labour Market,Per cent,Month
2008-09-01,10.2431558,Labour Underutilisation Rate,ABS:LF_UNDER/M24.3.1599.20.AUS.M,Labour Market,Per cent,Month
2008-10-01,10.5290169,Labour Underutilisation Rate,ABS:LF_UNDER/M24.3.1599.20.AUS.M,Labour Market,Per cent,Month
2008-11-01,10.7696581,Labour Underutilisation Rate,ABS:LF_UNDER/M24.3.1599.20.AUS.M,Labour Market,Per cent,Month
2008-12-01,11.2501123,Labour Underutilisation Rate,ABS:LF_UNDER/M24.3.1599.20.AUS.M,Labour Market,Per cent,Month
2009-01-01,11.8495639,Labour Underutilisation Rate,ABS:LF_UNDER/M24.3.1599.20.AUS.M,Labour Market,Per cent,Month
2009-02-01,12.5551093,Labour Underutilisation Rate,ABS:LF_UNDER/M24.3.1599.20.AUS.M,Labour Market,Per cent,Month
2009-03-01,13.0600784,Labour Underutilisation Rate,ABS:LF_UNDER/M24.3.1599.20.AUS.M,Labour Market,Per cent,Month
2009-04-01,12.9441368,Labour Underutilisation Rate,ABS:LF_UNDER/M24.3.1599.20.AUS.M,Labour Market,Per cent,Month
2009-05-01,13.4648055,Labour Underutilisation Rate,ABS:LF_UNDER/M24.3.1599.20.AUS.M,Labour Market,Per cent,Month
2009-06-01,13.3666372,Labour Underutilisation Rate,ABS:LF_UNDER/M24.3.1599.20.AUS.M,Labour Market,Per cent,Month
2009-07-01,13.237439,Labour Underutilisation Rate,ABS:LF_UNDER/M24.3.1599.20.AUS.M,Labour Market,Per cent,Month
2009-08-01,13.2744452,Labour Underutilisation Rate,ABS:LF_UNDER/M24.3.1599.20.AUS.M,Labour Market,Per cent,Month
2009-09-01,13.2634844,Labour Underutilisation Rate,ABS:LF_UNDER/M24.3.1599.20.AUS.M,Labour Market,Per cent,Month
2009-10-01,13.1846835,Labour Underutilisation Rate,ABS:LF_UNDER/M24.3.1599.20.AUS.M,Labour Market,Per cent,Month
2009-11-01,13.1621123,Labour Underutilisation Rate,ABS:LF_UNDER/M24.3.1599.20.AUS.M,Labour Market,Per cent,Month
2009-12-01,13.0331812,Labour Underutilisation Rate,ABS:LF_UNDER/M24.3.1599.20.AUS.M,Labour Market,Per cent,Month
2010-01-01,12.8140872,Labour Underutilisation Rate,ABS:LF_UNDER/M24.3.1599.20.AUS.M,Labour Market,Per cent,Month
2010-02-01,12.7654407,Labour Underutilisation Rate,ABS:LF_UNDER/M24.3.1599.20.AUS.M,Labour Market,Per cent,Month
2010-03-01,12.7172046,Labour Underutilisation Rate,ABS:LF_UNDER/M24.3.1599.20.AUS.M,Labour Market,Per cent,Month
2010-04-01,12.6081729,Labour Underutilisation Rate,ABS:LF_UNDER/M24.3.1599.20.AUS.M,Labour Market,Per cent,Month
2010-05-01,12.2220702,Labour Underutilisation Rate,ABS:LF_UNDER/M24.3.1599.20.AUS.M,Labour Market,Per cent,Month
2010-06-01,12.1783308,Labour Underutilisation Rate,ABS:LF_UNDER/M24.3.1599.20.AUS.M,Labour Market,Per cent,Month
2010-07-01,12.363073,Labour Underutilisation Rate,ABS:LF_UNDER/M24.3.1599.20.AUS.M,Labour Market,Per cent,Month
2010-08-01,12.2245792,Labour Underutilisation Rate,ABS:LF_UNDER/M24.3.1599.20.AUS.M,Labour Market,Per cent,Month
2010-09-01,12.2046671,Labour Underutilisation Rate,ABS:LF_UNDER/M24.3.1599.20.AUS.M,Labour Market,Per cent,Month
2010-10-01,12.3403685,Labour Underutilisation Rate,ABS:LF_UNDER/M24.3.1599.20.AUS.M,Labour Market,Per cent,Month
2010-11-01,12.0252437,Labour Underutilisation Rate,ABS:LF_UNDER/M24.3.1599.20.AUS.M,Labour Market,Per cent,Month
2010-12-01,11.8317588,Labour Underutilisation Rate,ABS:LF_UNDER/M24.3.1599.20.AUS.M,Labour Market,Per cent,Month
2011-01-01,11.8438787,Labour Underutilisation Rate,ABS:LF_UNDER/M24.3.1599.20.AUS.M,Labour Market,Per cent,Month
2011-02-01,11.8378682,Labour Underutilisation Rate,ABS:LF_UNDER/M24.3.1599.20.AUS.M,Labour Market,Per cent,Month
2011-03-01,11.8762365,Labour Underutilisation Rate,ABS:LF_UNDER/M24.3.1599.20.AUS.M,Labour Market,Per cent,Month
2011-04-01,11.9850548,Labour Underutilisation Rate,ABS:LF_UNDER/M24.3.1599.20.AUS.M,Labour Market,Per cent,Month
2011-05-01,12.0840045,Labour Underutilisation Rate,ABS:LF_UNDER/M24.3.1599.20.AUS.M,Labour Market,Per cent,Month
2011-06-01,11.8993302,Labour Underutilisation Rate,ABS:LF_UNDER/M24.3.1599.20.AUS.M,Labour Market,Per cent,Month
2011-07-01,11.9042072,Labour Underutilisation Rate,ABS:LF_UNDER/M24.3.1599.20.AUS.M,Labour Market,Per cent,Month
2011-08-01,12.028905,Labour Underutilisation Rate,ABS:LF_UNDER/M24.3.1599.20.AUS.M,Labour Market,Per cent,Month
2011-09-01,12.060085,Labour Underutilisation Rate,ABS:LF_UNDER/M24.3.1599.20.AUS.M,Labour Market,Per cent,Month
2011-10-01,12.1374299,Labour Underutilisation Rate,ABS:LF_UNDER/M24.3.1599.20.AUS.M,Labour Market,Per cent,Month
2011-11-01,12.2993751,Labour Underutilisation Rate,ABS:LF_UNDER/M24.3.1599.20.AUS.M,Labour Market,Per cent,Month
2011-12-01,12.3312384,Labour Underutilisation Rate,ABS:LF_UNDER/M24.3.1599.20.AUS.M,Labour Market,Per cent,Month
2012-01-01,12.2029792,Labour Underutilisation Rate,ABS:LF_UNDER/M24.3.1599.20.AUS.M,Labour Market,Per cent,Month
2012-02-01,12.441745,Labour Underutilisation Rate,ABS:LF_UNDER/M24.3.1599.20.AUS.M,Labour Market,Per cent,Month
2012-03-01,12.4177338,Labour Underutilisation Rate,ABS:LF_UNDER/M24.3.1599.20.AUS.M,Labour Market,Per cent,Month
2012-04-01,12.289502,Labour Underutilisation Rate,ABS:LF_UNDER/M24.3.1599.20.AUS.M,Labour Market,Per cent,Month
2012-05-01,12.5539628,Labour Underutilisation Rate,ABS:LF_UNDER/M24.3.1599.20.AUS.M,Labour Market,Per cent,Month
2012-06-01,12.3448102,Labour Underutilisation Rate,ABS:LF_UNDER/M24.3.1599.20.AUS.M,Labour Market,Per cent,Month
2012-07-01,12.2418832,Labour Underutilisation Rate,ABS:LF_UNDER/M24.3.1599.20.AUS.M,Labour Market,Per cent,Month
2012-08-01,12.0835238,Labour Underutilisation Rate,ABS:LF_UNDER/M24.3.1599.20.AUS.M,Labour Market,Per cent,Month
2012-09-01,12.3355912,Labour Underutilisation Rate,ABS:LF_UNDER/M24.3.1599.20.AUS.M,Labour Market,Per cent,Month
2012-10-01,12.4034512,Labour Underutilisation Rate,ABS:LF_UNDER/M24.3.1599.20.AUS.M,Labour Market,Per cent,Month
2012-11-01,12.2993352,Labour Underutilisation Rate,ABS:LF_UNDER/M24.3.1599.20.AUS.M,Labour Market,Per cent,Month
2012-12-01,12.4558173,Labour Underutilisation Rate,ABS:LF_UNDER/M24.3.1599.20.AUS.M,Labour Market,Per cent,Month
2013-01-01,12.3742403,Labour Underutilisation Rate,ABS:LF_UNDER/M24.3.1599.20.AUS.M,Labour Market,Per cent,Month
2013-02-01,12.4395532,Labour Underutilisation Rate,ABS:LF_UNDER/M24.3.1599.20.AUS.M,Labour Market,Per cent,Month
2013-03-01,12.8672662,Labour Underutilisation Rate,ABS:LF_UNDER/M24.3.1599.20.AUS.M,Labour Market,Per cent,Month
2013-04-01,12.7988767,Labour Underutilisation Rate,ABS:LF_UNDER/M24.3.1599.20.AUS.M,Labour Market,Per cent,Month
2013-05-01,13.0686389,Labour Underutilisation Rate,ABS:LF_UNDER/M24.3.1599.20.AUS.M,Labour Market,Per cent,Month
2013-06-01,13.2387205,Labour Underutilisation Rate,ABS:LF_UNDER/M24.3.1599.20.AUS.M,Labour Market,Per cent,Month
2013-07-01,13.015435,Labour Underutilisation Rate,ABS:LF_UNDER/M24.3.1599.20.AUS.M,Labour Market,Per cent,Month
2013-08-01,13.4493179,Labour Underutilisation Rate,ABS:LF_UNDER/M24.3.1599.20.AUS.M,Labour Market,Per cent,Month
2013-09-01,13.1623862,Labour Underutilisation Rate,ABS:LF_UNDER/M24.3.1599.20.AUS.M,Labour Market,Per cent,Month
2013-10-01,13.3387941,Labour Underutilisation Rate,ABS:LF_UNDER/M24.3.1599.20.AUS.M,Labour Market,Per cent,Month
2013-11-01,13.2646284,Labour Underutilisation Rate,ABS:LF_UNDER/M24.3.1599.20.AUS.M,Labour Market,Per cent,Month
2013-12-01,13.4121879,Labour Underutilisation Rate,ABS:LF_UNDER/M24.3.1599.20.AUS.M,Labour Market,Per cent,Month
2014-01-01,13.2902867,Labour Underutilisation Rate,ABS:LF_UNDER/M24.3.1599.20.AUS.M,Labour Market,Per cent,Month
2014-02-01,13.3773551,Labour Underutilisation Rate,ABS:LF_UNDER/M24.3.1599.20.AUS.M,Labour Market,Per cent,Month
2014-03-01,13.4086025,Labour Underutilisation Rate,ABS:LF_UNDER/M24.3.1599.20.AUS.M,Labour Market,Per cent,Month
2014-04-01,13.457436,Labour Underutilisation Rate,ABS:LF_UNDER/M24.3.1599.20.AUS.M,Labour Market,Per cent,Month
2014-05-01,13.693108,Labour Underutilisation Rate,ABS:LF_UNDER/M24.3.1599.20.AUS.M,Labour Market,Per cent,Month
2014-06-01,13.9726459,Labour Underutilisation Rate,ABS:LF_UNDER/M24.3.1599.20.AUS.M,Labour Market,Per cent,Month
2014-07-01,14.4776843,Labour Underutilisation Rate,ABS:LF_UNDER/M24.3.1599.20.AUS.M,Labour Market,Per cent,Month
2014-08-01,14.5019651,Labour Underutilisation Rate,ABS:LF_UNDER/M24.3.1599.20.AUS.M,Labour Market,Per cent,Month
2014-09-01,15.0418676,Labour Underutilisation Rate,ABS:LF_UNDER/M24.3.1599.20.AUS.M,Labour Market,Per cent,Month
2014-10-01,14.5594353,Labour Underutilisation Rate,ABS:LF_UNDER/M24.3.1599.20.AUS.M,Labour Market,Per cent,Month
2014-11-01,14.9411061,Labour Underutilisation Rate,ABS:LF_UNDER/M24.3.1599.20.AUS.M,Labour Market,Per cent,Month
2014-12-01,14.5492908,Labour Underutilisation Rate,ABS:LF_UNDER/M24.3.1599.20.AUS.M,Labour Market,Per cent,Month
2015-01-01,14.8778417,Labour Underutilisation Rate,ABS:LF_UNDER/M24.3.1599.20.AUS.M,Labour Market,Per cent,Month
2015-02-01,14.6775373,Labour Underutilisation Rate,ABS:LF_UNDER/M24.3.1599.20.AUS.M,Labour Market,Per cent,Month
2015-03-01,14.2529137,Labour Underutilisation Rate,ABS:LF_UNDER/M24.3.1599.20.AUS.M,Labour Market,Per cent,Month
2015-04-01,14.4347772,Labour Underutilisation Rate,ABS:LF_UNDER/M24.3.1599.20.AUS.M,Labour Market,Per cent,Month
2015-05-01,14.3156558,Labour Underutilisation Rate,ABS:LF_UNDER/M24.3.1599.20.AUS.M,Labour Market,Per cent,Month
2015-06-01,14.3905524,Labour Underutilisation Rate,ABS:LF_UNDER/M24.3.1599.20.AUS.M,Labour Market,Per cent,Month
2015-07-01,14.9189513,Labour Underutilisation Rate,ABS:LF_UNDER/M24.3.1599.20.AUS.M,Labour Market,Per cent,Month
2015-08-01,14.5046406,Labour Underutilisation Rate,ABS:LF_UNDER/M24.3.1599.20.AUS.M,Labour Market,Per cent,Month
2015-09-01,14.9412291,Labour Underutilisation Rate,ABS:LF_UNDER/M24.3.1599.20.AUS.M,Labour Market,Per cent,Month
2015-10-01,14.6166889,Labour Underutilisation Rate,ABS:LF_UNDER/M24.3.1599.20.AUS.M,Labour Market,Per cent,Month
2015-11-01,14.4237685,Labour Underutilisation Rate,ABS:LF_UNDER/M24.3.1599.20.AUS.M,Labour Market,Per cent,Month
2015-12-01,14.1939726,Labour Underutilisation Rate,ABS:LF_UNDER/M24.3.1599.20.AUS.M,Labour Market,Per cent,Month
2016-01-01,14.5617048,Labour Underutilisation Rate,ABS:LF_UNDER/M24.3.1599.20.AUS.M,Labour Market,Per cent,Month
2016-02-01,14.0660942,Labour Underutilisation Rate,ABS:LF_UNDER/M24.3.1599.20.AUS.M,Labour Market,Per cent,Month
2016-03-01,14.0372957,Labour Underutilisation Rate,ABS:LF_UNDER/M24.3.1599.20.AUS.M,Labour Market,Per cent,Month
2016-04-01,14.2615949,Labour Underutilisation Rate,ABS:LF_UNDER/M24.3.1599.20.AUS.M,Labour Market,Per cent,Month
2016-05-01,14.0568129,Labour Underutilisation Rate,ABS:LF_UNDER/M24.3.1599.20.AUS.M,Labour Market,Per cent,Month
2016-06-01,14.478812,Labour Underutilisation Rate,ABS:LF_UNDER/M24.3.1599.20.AUS.M,Labour Market,Per cent,Month
2016-07-01,14.7161355,Labour Underutilisation Rate,ABS:LF_UNDER/M24.3.1599.20.AUS.M,Labour Market,Per cent,Month
2016-08-01,14.3856043,Labour Underutilisation Rate,ABS:LF_UNDER/M24.3.1599.20.AUS.M,Labour Market,Per cent,Month
2016-09-01,14.3594338,Labour Underutilisation Rate,ABS:LF_UNDER/M24.3.1599.20.AUS.M,Labour Market,Per cent,Month
2016-10-01,14.1022898,Labour Underutilisation Rate,ABS:LF_UNDER/M24.3.1599.20.AUS.M,Labour Market,Per cent,Month
2016-11-01,14.2471517,Labour Underutilisation Rate,ABS:LF_UNDER/M24.3.1599.20.AUS.M,Labour Market,Per cent,Month
2016-12-01,14.4047352,Labour Underutilisation Rate,ABS:LF_UNDER/M24.3.1599.20.AUS.M,Labour Market,Per cent,Month
2017-01-01,14.4242709,Labour Underutilisation Rate,ABS:LF_UNDER/M24.3.1599.20.AUS.M,Labour Market,Per cent,Month
2017-02-01,14.8753103,Labour Underutilisation Rate,ABS:LF_UNDER/M24.3.1599.20.AUS.M,Labour Market,Per cent,Month
2017-03-01,14.4354096,Labour Underutilisation Rate,ABS:LF_UNDER/M24.3.1599.20.AUS.M,Labour Market,Per cent,Month
2017-04-01,14.3353832,Labour Underutilisation Rate,ABS:LF_UNDER/M24.3.1599.20.AUS.M,Labour Market,Per cent,Month
2017-05-01,14.2778196,Labour Underutilisation Rate,ABS:LF_UNDER/M24.3.1599.20.AUS.M,Labour Market,Per cent,Month
2017-06-01,14.0431035,Labour Underutilisation Rate,ABS:LF_UNDER/M24.3.1599.20.AUS.M,Labour Market,Per cent,Month
2017-07-01,14.1069381,Labour Underutilisation Rate,ABS:LF_UNDER/M24.3.1599.20.AUS.M,Labour Market,Per cent,Month
2017-08-01,14.1052278,Labour Underutilisation Rate,ABS:LF_UNDER/M24.3.1599.20.AUS.M,Labour Market,Per cent,Month
2017-09-01,13.9656189,Labour Underutilisation Rate,ABS:LF_UNDER/M24.3.1599.20.AUS.M,Labour Market,Per cent,Month
2017-10-01,13.848245,Labour Underutilisation Rate,ABS:LF_UNDER/M24.3.1599.20.AUS.M,Labour Market,Per cent,Month
2017-11-01,13.9678847,Labour Underutilisation Rate,ABS:LF_UNDER/M24.3.1599.20.AUS.M,Labour Market,Per cent,Month
2017-12-01,14.0812464,Labour Underutilisation Rate,ABS:LF_UNDER/M24.3.1599.20.AUS.M,Labour Market,Per cent,Month
2018-01-01,14.2116235,Labour Underutilisation Rate,ABS:LF_UNDER/M24.3.1599.20.AUS.M,Labour Market,Per cent,Month
2018-02-01,14.0630412,Labour Underutilisation Rate,ABS:LF_UNDER/M24.3.1599.20.AUS.M,Labour Market,Per cent,Month
2018-03-01,14.101898,Labour Underutilisation Rate,ABS:LF_UNDER/M24.3.1599.20.AUS.M,Labour Market,Per cent,Month
2018-04-01,13.9754795,Labour Underutilisation Rate,ABS:LF_UNDER/M24.3.1599.20.AUS.M,Labour Market,Per cent,Month
2018-05-01,13.9604816,Labour Underutilisation Rate,ABS:LF_UNDER/M24.3.1599.20.AUS.M,Labour Market,Per cent,Month
2018-06-01,13.9275606,Labour Underutilisation Rate,ABS:LF_UNDER/M24.3.1599.20.AUS.M,Labour Market,Per cent,Month
2018-07-01,13.7713014,Labour Underutilisation Rate,ABS:LF_UNDER/M24.3.1599.20.AUS.M,Labour Market,Per cent,Month
2018-08-01,13.3892988,Labour Underutilisation Rate,ABS:LF_UNDER/M24.3.1599.20.AUS.M,Labour Market,Per cent,Month
2018-09-01,13.2792475,Labour Underutilisation Rate,ABS:LF_UNDER/M24.3.1599.20.AUS.M,Labour Market,Per cent,Month
2018-10-01,13.2107799,Labour Underutilisation Rate,ABS:LF_UNDER/M24.3.1599.20.AUS.M,Labour Market,Per cent,Month
2018-11-01,13.6206357,Labour Underutilisation Rate,ABS:LF_UNDER/M24.3.1599.20.AUS.M,Labour Market,Per cent,Month
2018-12-01,13.3182406,Labour Underutilisation Rate,ABS:LF_UNDER/M24.3.1599.20.AUS.M,Labour Market,Per cent,Month
2019-01-01,13.1315198,Labour Underutilisation Rate,ABS:LF_UNDER/M24.3.1599.20.AUS.M,Labour Market,Per cent,Month
2019-02-01,12.9650138,Labour Underutilisation Rate,ABS:LF_UNDER/M24.3.1599.20.AUS.M,Labour Market,Per cent,Month
2019-03-01,13.2839654,Labour Underutilisation Rate,ABS:LF_UNDER/M24.3.1599.20.AUS.M,Labour Market,Per cent,Month
2019-04-01,13.6659558,Labour Underutilisation Rate,ABS:LF_UNDER/M24.3.1599.20.AUS.M,Labour Market,Per cent,Month
2019-05-01,13.911089,Labour Underutilisation Rate,ABS:LF_UNDER/M24.3.1599.20.AUS.M,Labour Market,Per cent,Month
2019-06-01,13.4720381,Labour Underutilisation Rate,ABS:LF_UNDER/M24.3.1599.20.AUS.M,Labour Market,Per cent,Month
2019-07-01,13.6625466,Labour Underutilisation Rate,ABS:LF_UNDER/M24.3.1599.20.AUS.M,Labour Market,Per cent,Month
2019-08-01,13.7165644,Labour Underutilisation Rate,ABS:LF_UNDER/M24.3.1599.20.AUS.M,Labour Market,Per cent,Month
2019-09-01,13.5014787,Labour Underutilisation Rate,ABS:LF_UNDER/M24.3.1599.20.AUS.M,Labour Market,Per cent,Month
2019-10-01,13.7385293,Labour Underutilisation Rate,ABS:LF_UNDER/M24.3.1599.20.AUS.M,Labour Market,Per cent,Month
2019-11-01,13.4829685,Labour Underutilisation Rate,ABS:LF_UNDER/M24.3.1599.20.AUS.M,Labour Market,Per cent,Month
2019-12-01,13.3071503,Labour Underutilisation Rate,ABS:LF_UNDER/M24.3.1599.20.AUS.M,Labour Market,Per cent,Month
2020-01-01,13.7874109,Labour Underutilisation Rate,ABS:LF_UNDER/M24.3.1599.20.AUS.M,Labour Market,Per cent,Month
2020-02-01,13.6643912,Labour Underutilisation Rate,ABS:LF_UNDER/M24.3.1599.20.AUS.M,Labour Market,Per cent,Month
2020-03-01,13.92165,Labour Underutilisation Rate,ABS:LF_UNDER/M24.3.1599.20.AUS.M,Labour Market,Per cent,Month
2020-04-01,19.875587,Labour Underutilisation Rate,ABS:LF_UNDER/M24.3.1599.20.AUS.M,Labour Market,Per cent,Month
2020-05-01,20.2753488,Labour Underutilisation Rate,ABS:LF_UNDER/M24.3.1599.20.AUS.M,Labour Market,Per cent,Month
2020-06-01,19.033848,Labour Underutilisation Rate,ABS:LF_UNDER/M24.3.1599.20.AUS.M,Labour Market,Per cent,Month
2020-07-01,18.6034318,Labour Underutilisation Rate,ABS:LF_UNDER/M24.3.1599.20.AUS.M,Labour Market,Per cent,Month
2020-08-01,17.8656996,Labour Underutilisation Rate,ABS:LF_UNDER/M24.3.1599.20.AUS.M,Labour Market,Per cent,Month
2020-09-01,18.0936647,Labour Underutilisation Rate,ABS:LF_UNDER/M24.3.1599.20.AUS.M,Labour Market,Per cent,Month
2020-10-01,17.1694299,Labour Underutilisation Rate,ABS:LF_UNDER/M24.3.1599.20.AUS.M,Labour Market,Per cent,Month
2020-11-01,16.1242247,Labour Underutilisation Rate,ABS:LF_UNDER/M24.3.1599.20.AUS.M,Labour Market,Per cent,Month
2020-12-01,15.0997691,Labour Underutilisation Rate,ABS:LF_UNDER/M24.3.1599.20.AUS.M,Labour Market,Per cent,Month
2021-01-01,14.3619825,Labour Underutilisation Rate,ABS:LF_UNDER/M24.3.1599.20.AUS.M,Labour Market,Per cent,Month
2021-02-01,14.2253404,Labour Underutilisation Rate,ABS:LF_UNDER/M24.3.1599.20.AUS.M,Labour Market,Per cent,Month
2021-03-01,13.5433135,Labour Underutilisation Rate,ABS:LF_UNDER/M24.3.1599.20.AUS.M,Labour Market,Per cent,Month
2021-04-01,13.2737536,Labour Underutilisation Rate,ABS:LF_UNDER/M24.3.1599.20.AUS.M,Labour Market,Per cent,Month
2021-05-01,12.8253847,Labour Underutilisation Rate,ABS:LF_UNDER/M24.3.1599.20.AUS.M,Labour Market,Per cent,Month
2021-06-01,12.9170299,Labour Underutilisation Rate,ABS:LF_UNDER/M24.3.1599.20.AUS.M,Labour Market,Per cent,Month
2021-07-01,12.9861119,Labour Underutilisation Rate,ABS:LF_UNDER/M24.3.1599.20.AUS.M,Labour Market,Per cent,Month
2021-08-01,13.7118843,Labour Underutilisation Rate,ABS:LF_UNDER/M24.3.1599.20.AUS.M,Labour Market,Per cent,Month
2021-09-01,13.7435246,Labour Underutilisation Rate,ABS:LF_UNDER/M24.3.1599.20.AUS.M,Labour Market,Per cent,Month
2021-10-01,14.5797965,Labour Underutilisation Rate,ABS:LF_UNDER/M24.3.1599.20.AUS.M,Labour Market,Per cent,Month
2021-11-01,12.1500689,Labour Underutilisation Rate,ABS:LF_UNDER/M24.3.1599.20.AUS.M,Labour Market,Per cent,Month
2021-12-01,10.8848705,Labour Underutilisation Rate,ABS:LF_UNDER/M24.3.1599.20.AUS.M,Labour Market,Per cent,Month
2022-01-01,10.7317593,Labour Underutilisation Rate,ABS:LF_UNDER/M24.3.1599.20.AUS.M,Labour Market,Per cent,Month
2022-02-01,10.6622932,Labour Underutilisation Rate,ABS:LF_UNDER/M24.3.1599.20.AUS.M,Labour Market,Per cent,Month
2022-03-01,10.319363,Labour Underutilisation Rate,ABS:LF_UNDER/M24.3.1599.20.AUS.M,Labour Market,Per cent,Month
2022-04-01,10.0310188,Labour Underutilisation Rate,ABS:LF_UNDER/M24.3.1599.20.AUS.M,Labour Market,Per cent,Month
2022-05-01,9.9238523,Labour Underutilisation Rate,ABS:LF_UNDER/M24.3.1599.20.AUS.M,Labour Market,Per cent,Month
2022-06-01,9.7132396,Labour Underutilisation Rate,ABS:LF_UNDER/M24.3.1599.20.AUS.M,Labour Market,Per cent,Month
2022-07-01,9.5500982,Labour Underutilisation Rate,ABS:LF_UNDER/M24.3.1599.20.AUS.M,Labour Market,Per cent,Month
2022-08-01,9.5068112,Labour Underutilisation Rate,ABS:LF_UNDER/M24.3.1599.20.AUS.M,Labour Market,Per cent,Month
2022-09-01,9.5800698,Labour Underutilisation Rate,ABS:LF_UNDER/M24.3.1599.20.AUS.M,Labour Market,Per cent,Month
2022-10-01,9.4436493,Labour Underutilisation Rate,ABS:LF_UNDER/M24.3.1599.20.AUS.M,Labour Market,Per cent,Month
2022-11-01,9.4187276,Labour Underutilisation Rate,ABS:LF_UNDER/M24.3.1599.20.AUS.M,Labour Market,Per cent,Month
2022-12-01,9.7249367,Labour Underutilisation Rate,ABS:LF_UNDER/M24.3.1599.20.AUS.M,Labour Market,Per cent,Month
2023-01-01,9.8377026,Labour Underutilisation Rate,ABS:LF_UNDER/M24.3.1599.20.AUS.M,Labour Market,Per cent,Month
2023-02-01,9.5442376,Labour Underutilisation Rate,ABS:LF_UNDER/M24.3.1599.20.AUS.M,Labour Market,Per cent,Month
2023-03-01,9.8515361,Labour Underutilisation Rate,ABS:LF_UNDER/M24.3.1599.20.AUS.M,Labour Market,Per cent,Month
2023-04-01,9.8472504,Labour Underutilisation Rate,ABS:LF_UNDER/M24.3.1599.20.AUS.M,Labour Market,Per cent,Month
2023-05-01,10.0269036,Labour Underutilisation Rate,ABS:LF_UNDER/M24.3.1599.20.AUS.M,Labour Market,Per cent,Month
2023-06-01,9.9472466,Labour Underutilisation Rate,ABS:LF_UNDER/M24.3.1599.20.AUS.M,Labour Market,Per cent,Month
2023-07-01,10.1556587,Labour Underutilisation Rate,ABS:LF_UNDER/M24.3.1599.20.AUS.M,Labour Market,Per cent,Month
2023-08-01,10.2780229,Labour Underutilisation Rate,ABS:LF_UNDER/M24.3.1599.20.AUS.M,Labour Market,Per cent,Month
2023-09-01,9.9151102,Labour Underutilisation Rate,ABS:LF_UNDER/M24.3.1599.20.AUS.M,Labour Market,Per cent,Month
2023-10-01,10.2042846,Labour Underutilisation Rate,ABS:LF_UNDER/M24.3.1599.20.AUS.M,Labour Market,Per cent,Month
2023-11-01,10.5227901,Labour Underutilisation Rate,ABS:LF_UNDER/M24.3.1599.20.AUS.M,Labour Market,Per cent,Month
2023-12-01,10.5797087,Labour Underutilisation Rate,ABS:LF_UNDER/M24.3.1599.20.AUS.M,Labour Market,Per cent,Month
2024-01-01,10.7922695,Labour Underutilisation Rate,ABS:LF_UNDER/M24.3.1599.20.AUS.M,Labour Market,Per cent,Month
2024-02-01,10.3834183,Labour Underutilisation Rate,ABS:LF_UNDER/M24.3.1599.20.AUS.M,Labour Market,Per cent,Month
2024-03-01,10.369955,Labour Underutilisation Rate,ABS:LF_UNDER/M24.3.1599.20.AUS.M,Labour Market,Per cent,Month
2024-04-01,10.6496477,Labour Underutilisation Rate,ABS:LF_UNDER/M24.3.1599.20.AUS.M,Labour Market,Per cent,Month
2024-05-01,10.6851782,Labour Underutilisation Rate,ABS:LF_UNDER/M24.3.1599.20.AUS.M,Labour Market,Per cent,Month
2024-06-01,10.3277976,Labour Underutilisation Rate,ABS:LF_UNDER/M24.3.1599.20.AUS.M,Labour Market,Per cent,Month
2024-07-01,10.4767967,Labour Underutilisation Rate,ABS:LF_UNDER/M24.3.1599.20.AUS.M,Labour Market,Per cent,Month
2024-08-01,10.6326546,Labour Underutilisation Rate,ABS:LF_UNDER/M24.3.1599.20.AUS.M,Labour Market,Per cent,Month
2024-09-01,10.2612601,Labour Underutilisation Rate,ABS:LF_UNDER/M24.3.1599.20.AUS.M,Labour Market,Per cent,Month
2024-10-01,10.3086895,Labour Underutilisation Rate,ABS:LF_UNDER/M24.3.1599.20.AUS.M,Labour Market,Per cent,Month
2024-11-01,9.964001,Labour Underutilisation Rate,ABS:LF_UNDER/M24.3.1599.20.AUS.M,Labour Market,Per cent,Month
2024-12-01,9.9865186,Labour Underutilisation Rate,ABS:LF_UNDER/M24.3.1599.20.AUS.M,Labour Market,Per cent,Month
2025-01-01,10.1091578,Labour Underutilisation Rate,ABS:LF_UNDER/M24.3.1599.20.AUS.M,Labour Market,Per cent,Month
2025-02-01,10.0204301,Labour Underutilisation Rate,ABS:LF_UNDER/M24.3.1599.20.AUS.M,Labour Market,Per cent,Month
2025-03-01,9.9753508,Labour Underutilisation Rate,ABS:LF_UNDER/M24.3.1599.20.AUS.M,Labour Market,Per cent,Month
2025-04-01,10.1016254,Labour Underutilisation Rate,ABS:LF_UNDER/M24.3.1599.20.AUS.M,Labour Market,Per cent,Month
2025-05-01,9.9265878,Labour Underutilisation Rate,ABS:LF_UNDER/M24.3.1599.20.AUS.M,Labour Market,Per cent,Month
2025-06-01,10.1986838,Labour Underutilisation Rate,ABS:LF_UNDER/M24.3.1599.20.AUS.M,Labour Market,Per cent,Month
2025-07-01,10.0664564,Labour Underutilisation Rate,ABS:LF_UNDER/M24.3.1599.20.AUS.M,Labour Market,Per cent,Month
2025-08-01,9.9491839,Labour Underutilisation Rate,ABS:LF_UNDER/M24.3.1599.20.AUS.M,Labour Market,Per cent,Month
2025-09-01,10.3508443,Labour Underutilisation Rate,ABS:LF_UNDER/M24.3.1599.20.AUS.M,Labour Market,Per cent,Month
2025-10-01,10.0335424,Labour Underutilisation Rate,ABS:LF_UNDER/M24.3.1599.20.AUS.M,Labour Market,Per cent,Month
2025-11-01,10.4978476,Labour Underutilisation Rate,ABS:LF_UNDER/M24.3.1599.20.AUS.M,Labour Market,Per cent,Month
2025-12-01,9.8544178,Labour Underutilisation Rate,ABS:LF_UNDER/M24.3.1599.20.AUS.M,Labour Market,Per cent,Month
2026-01-01,10.0042737,Labour Underutilisation Rate,ABS:LF_UNDER/M24.3.1599.20.AUS.M,Labour Market,Per cent,Month
2026-02-01,10.2074143,Labour Underutilisation Rate,ABS:LF_UNDER/M24.3.1599.20.AUS.M,Labour Market,Per cent,Month
2026-03-01,10.2643826,Labour Underutilisation Rate,ABS:LF_UNDER/M24.3.1599.20.AUS.M,Labour Market,Per cent,Month
2026-04-01,10.4128078,Labour Underutilisation Rate,ABS:LF_UNDER/M24.3.1599.20.AUS.M,Labour Market,Per cent,Month
2026-05-01,10.6832411,Labour Underutilisation Rate,ABS:LF_UNDER/M24.3.1599.20.AUS.M,Labour Market,Per cent,Month
2026-06-01,10.8974178,Labour Underutilisation Rate,ABS:LF_UNDER/M24.3.1599.20.AUS.M,Labour Market,Per cent,Month
2026-07-01,10.8223611,Labour Underutilisation Rate,ABS:LF_UNDER/M24.3.1599.20.AUS.M,Labour Market,Per cent,Month
2026-08-01,10.834935,Labour Underutilisation Rate,ABS:LF_UNDER/M24.3.1599.20.AUS.M,Labour Market,Per cent,Month
1978-02-01,61.24396342,Participation Rate,ABS:LF/M12.3.1599.20.AUS.M,Labour Market,Per cent,Month
1978-03-01,60.9638648,Participation Rate,ABS:LF/M12.3.1599.20.AUS.M,Labour Market,Per cent,Month
1978-04-01,61.16444256,Participation Rate,ABS:LF/M12.3.1599.20.AUS.M,Labour Market,Per cent,Month
1978-05-01,61.08144982,Participation Rate,ABS:LF/M12.3.1599.20.AUS.M,Labour Market,Per cent,Month
1978-06-01,61.0766447,Participation Rate,ABS:LF/M12.3.1599.20.AUS.M,Labour Market,Per cent,Month
1978-07-01,60.92006273,Participation Rate,ABS:LF/M12.3.1599.20.AUS.M,Labour Market,Per cent,Month
1978-08-01,61.06632709,Participation Rate,ABS:LF/M12.3.1599.20.AUS.M,Labour Market,Per cent,Month
1978-09-01,60.76070462,Participation Rate,ABS:LF/M12.3.1599.20.AUS.M,Labour Market,Per cent,Month
1978-10-01,60.68893007,Participation Rate,ABS:LF/M12.3.1599.20.AUS.M,Labour Market,Per cent,Month
1978-11-01,60.63670011,Participation Rate,ABS:LF/M12.3.1599.20.AUS.M,Labour Market,Per cent,Month
1978-12-01,60.84412081,Participation Rate,ABS:LF/M12.3.1599.20.AUS.M,Labour Market,Per cent,Month
1979-01-01,60.71662237,Participation Rate,ABS:LF/M12.3.1599.20.AUS.M,Labour Market,Per cent,Month
1979-02-01,60.67077818,Participation Rate,ABS:LF/M12.3.1599.20.AUS.M,Labour Market,Per cent,Month
1979-03-01,60.51292095,Participation Rate,ABS:LF/M12.3.1599.20.AUS.M,Labour Market,Per cent,Month
1979-04-01,60.66045021,Participation Rate,ABS:LF/M12.3.1599.20.AUS.M,Labour Market,Per cent,Month
1979-05-01,60.44474614,Participation Rate,ABS:LF/M12.3.1599.20.AUS.M,Labour Market,Per cent,Month
1979-06-01,60.66427973,Participation Rate,ABS:LF/M12.3.1599.20.AUS.M,Labour Market,Per cent,Month
1979-07-01,60.59030497,Participation Rate,ABS:LF/M12.3.1599.20.AUS.M,Labour Market,Per cent,Month
1979-08-01,60.5823951,Participation Rate,ABS:LF/M12.3.1599.20.AUS.M,Labour Market,Per cent,Month
1979-09-01,60.5858421,Participation Rate,ABS:LF/M12.3.1599.20.AUS.M,Labour Market,Per cent,Month
1979-10-01,60.95179746,Participation Rate,ABS:LF/M12.3.1599.20.AUS.M,Labour Market,Per cent,Month
1979-11-01,60.91929634,Participation Rate,ABS:LF/M12.3.1599.20.AUS.M,Labour Market,Per cent,Month
1979-12-01,60.89801336,Participation Rate,ABS:LF/M12.3.1599.20.AUS.M,Labour Market,Per cent,Month
1980-01-01,61.03824319,Participation Rate,ABS:LF/M12.3.1599.20.AUS.M,Labour Market,Per cent,Month
1980-02-01,61.03393201,Participation Rate,ABS:LF/M12.3.1599.20.AUS.M,Labour Market,Per cent,Month
1980-03-01,61.00681001,Participation Rate,ABS:LF/M12.3.1599.20.AUS.M,Labour Market,Per cent,Month
1980-04-01,61.17572969,Participation Rate,ABS:LF/M12.3.1599.20.AUS.M,Labour Market,Per cent,Month
1980-05-01,61.37742922,Participation Rate,ABS:LF/M12.3.1599.20.AUS.M,Labour Market,Per cent,Month
1980-06-01,61.40153441,Participation Rate,ABS:LF/M12.3.1599.20.AUS.M,Labour Market,Per cent,Month
1980-07-01,61.46230221,Participation Rate,ABS:LF/M12.3.1599.20.AUS.M,Labour Market,Per cent,Month
1980-08-01,61.52367161,Participation Rate,ABS:LF/M12.3.1599.20.AUS.M,Labour Market,Per cent,Month
1980-09-01,61.41517098,Participation Rate,ABS:LF/M12.3.1599.20.AUS.M,Labour Market,Per cent,Month
1980-10-01,61.15599521,Participation Rate,ABS:LF/M12.3.1599.20.AUS.M,Labour Market,Per cent,Month
1980-11-01,61.12168241,Participation Rate,ABS:LF/M12.3.1599.20.AUS.M,Labour Market,Per cent,Month
1980-12-01,61.35054433,Participation Rate,ABS:LF/M12.3.1599.20.AUS.M,Labour Market,Per cent,Month
1981-01-01,61.2206169,Participation Rate,ABS:LF/M12.3.1599.20.AUS.M,Labour Market,Per cent,Month
1981-02-01,61.06361404,Participation Rate,ABS:LF/M12.3.1599.20.AUS.M,Labour Market,Per cent,Month
1981-03-01,61.06013716,Participation Rate,ABS:LF/M12.3.1599.20.AUS.M,Labour Market,Per cent,Month
1981-04-01,61.12025666,Participation Rate,ABS:LF/M12.3.1599.20.AUS.M,Labour Market,Per cent,Month
1981-05-01,61.0613398,Participation Rate,ABS:LF/M12.3.1599.20.AUS.M,Labour Market,Per cent,Month
1981-06-01,60.97480719,Participation Rate,ABS:LF/M12.3.1599.20.AUS.M,Labour Market,Per cent,Month
1981-07-01,61.1406249,Participation Rate,ABS:LF/M12.3.1599.20.AUS.M,Labour Market,Per cent,Month
1981-08-01,61.20414561,Participation Rate,ABS:LF/M12.3.1599.20.AUS.M,Labour Market,Per cent,Month
1981-09-01,61.31548718,Participation Rate,ABS:LF/M12.3.1599.20.AUS.M,Labour Market,Per cent,Month
1981-10-01,60.96349243,Participation Rate,ABS:LF/M12.3.1599.20.AUS.M,Labour Market,Per cent,Month
1981-11-01,60.80990923,Participation Rate,ABS:LF/M12.3.1599.20.AUS.M,Labour Market,Per cent,Month
1981-12-01,60.84518952,Participation Rate,ABS:LF/M12.3.1599.20.AUS.M,Labour Market,Per cent,Month
1982-01-01,61.07234307,Participation Rate,ABS:LF/M12.3.1599.20.AUS.M,Labour Market,Per cent,Month
1982-02-01,60.99892114,Participation Rate,ABS:LF/M12.3.1599.20.AUS.M,Labour Market,Per cent,Month
1982-03-01,60.8288278,Participation Rate,ABS:LF/M12.3.1599.20.AUS.M,Labour Market,Per cent,Month
1982-04-01,60.85159935,Participation Rate,ABS:LF/M12.3.1599.20.AUS.M,Labour Market,Per cent,Month
1982-05-01,60.70438552,Participation Rate,ABS:LF/M12.3.1599.20.AUS.M,Labour Market,Per cent,Month
1982-06-01,60.6055403,Participation Rate,ABS:LF/M12.3.1599.20.AUS.M,Labour Market,Per cent,Month
1982-07-01,60.57695383,Participation Rate,ABS:LF/M12.3.1599.20.AUS.M,Labour Market,Per cent,Month
1982-08-01,60.53628577,Participation Rate,ABS:LF/M12.3.1599.20.AUS.M,Labour Market,Per cent,Month
1982-09-01,60.5667399,Participation Rate,ABS:LF/M12.3.1599.20.AUS.M,Labour Market,Per cent,Month
1982-10-01,61.08095918,Participation Rate,ABS:LF/M12.3.1599.20.AUS.M,Labour Market,Per cent,Month
1982-11-01,60.71689118,Participation Rate,ABS:LF/M12.3.1599.20.AUS.M,Labour Market,Per cent,Month
1982-12-01,60.63914052,Participation Rate,ABS:LF/M12.3.1599.20.AUS.M,Labour Market,Per cent,Month
1983-01-01,60.47421363,Participation Rate,ABS:LF/M12.3.1599.20.AUS.M,Labour Market,Per cent,Month
1983-02-01,60.54526397,Participation Rate,ABS:LF/M12.3.1599.20.AUS.M,Labour Market,Per cent,Month
1983-03-01,60.31372661,Participation Rate,ABS:LF/M12.3.1599.20.AUS.M,Labour Market,Per cent,Month
1983-04-01,60.13261321,Participation Rate,ABS:LF/M12.3.1599.20.AUS.M,Labour Market,Per cent,Month
1983-05-01,60.44988573,Participation Rate,ABS:LF/M12.3.1599.20.AUS.M,Labour Market,Per cent,Month
1983-06-01,60.34545185,Participation Rate,ABS:LF/M12.3.1599.20.AUS.M,Labour Market,Per cent,Month
1983-07-01,60.52136345,Participation Rate,ABS:LF/M12.3.1599.20.AUS.M,Labour Market,Per cent,Month
1983-08-01,60.29450944,Participation Rate,ABS:LF/M12.3.1599.20.AUS.M,Labour Market,Per cent,Month
1983-09-01,60.6100296,Participation Rate,ABS:LF/M12.3.1599.20.AUS.M,Labour Market,Per cent,Month
1983-10-01,60.31427925,Participation Rate,ABS:LF/M12.3.1599.20.AUS.M,Labour Market,Per cent,Month
1983-11-01,60.35245111,Participation Rate,ABS:LF/M12.3.1599.20.AUS.M,Labour Market,Per cent,Month
1983-12-01,60.37849677,Participation Rate,ABS:LF/M12.3.1599.20.AUS.M,Labour Market,Per cent,Month
1984-01-01,60.3072063,Participation Rate,ABS:LF/M12.3.1599.20.AUS.M,Labour Market,Per cent,Month
1984-02-01,60.25903678,Participation Rate,ABS:LF/M12.3.1599.20.AUS.M,Labour Market,Per cent,Month
1984-03-01,60.574519,Participation Rate,ABS:LF/M12.3.1599.20.AUS.M,Labour Market,Per cent,Month
1984-04-01,60.65539323,Participation Rate,ABS:LF/M12.3.1599.20.AUS.M,Labour Market,Per cent,Month
1984-05-01,60.51589557,Participation Rate,ABS:LF/M12.3.1599.20.AUS.M,Labour Market,Per cent,Month
1984-06-01,60.74022499,Participation Rate,ABS:LF/M12.3.1599.20.AUS.M,Labour Market,Per cent,Month
1984-07-01,60.61447824,Participation Rate,ABS:LF/M12.3.1599.20.AUS.M,Labour Market,Per cent,Month
1984-08-01,60.44585331,Participation Rate,ABS:LF/M12.3.1599.20.AUS.M,Labour Market,Per cent,Month
1984-09-01,60.57380988,Participation Rate,ABS:LF/M12.3.1599.20.AUS.M,Labour Market,Per cent,Month
1984-10-01,60.42393168,Participation Rate,ABS:LF/M12.3.1599.20.AUS.M,Labour Market,Per cent,Month
1984-11-01,60.46141286,Participation Rate,ABS:LF/M12.3.1599.20.AUS.M,Labour Market,Per cent,Month
1984-12-01,60.29670422,Participation Rate,ABS:LF/M12.3.1599.20.AUS.M,Labour Market,Per cent,Month
1985-01-01,60.28811431,Participation Rate,ABS:LF/M12.3.1599.20.AUS.M,Labour Market,Per cent,Month
1985-02-01,60.67353065,Participation Rate,ABS:LF/M12.3.1599.20.AUS.M,Labour Market,Per cent,Month
1985-03-01,60.52440104,Participation Rate,ABS:LF/M12.3.1599.20.AUS.M,Labour Market,Per cent,Month
1985-04-01,60.3555205,Participation Rate,ABS:LF/M12.3.1599.20.AUS.M,Labour Market,Per cent,Month
1985-05-01,60.56937635,Participation Rate,ABS:LF/M12.3.1599.20.AUS.M,Labour Market,Per cent,Month
1985-06-01,60.73704481,Participation Rate,ABS:LF/M12.3.1599.20.AUS.M,Labour Market,Per cent,Month
1985-07-01,60.69297448,Participation Rate,ABS:LF/M12.3.1599.20.AUS.M,Labour Market,Per cent,Month
1985-08-01,60.87884952,Participation Rate,ABS:LF/M12.3.1599.20.AUS.M,Labour Market,Per cent,Month
1985-09-01,61.11655806,Participation Rate,ABS:LF/M12.3.1599.20.AUS.M,Labour Market,Per cent,Month
1985-10-01,60.72359856,Participation Rate,ABS:LF/M12.3.1599.20.AUS.M,Labour Market,Per cent,Month
1985-11-01,61.56602451,Participation Rate,ABS:LF/M12.3.1599.20.AUS.M,Labour Market,Per cent,Month
1985-12-01,61.047158,Participation Rate,ABS:LF/M12.3.1599.20.AUS.M,Labour Market,Per cent,Month
1986-01-01,61.36473704,Participation Rate,ABS:LF/M12.3.1599.20.AUS.M,Labour Market,Per cent,Month
1986-02-01,61.58625316,Participation Rate,ABS:LF/M12.3.1599.20.AUS.M,Labour Market,Per cent,Month
1986-03-01,61.51392829,Participation Rate,ABS:LF/M12.3.1599.20.AUS.M,Labour Market,Per cent,Month
1986-04-01,62.0023198,Participation Rate,ABS:LF/M12.3.1599.20.AUS.M,Labour Market,Per cent,Month
1986-05-01,61.80423583,Participation Rate,ABS:LF/M12.3.1599.20.AUS.M,Labour Market,Per cent,Month
1986-06-01,61.92584364,Participation Rate,ABS:LF/M12.3.1599.20.AUS.M,Labour Market,Per cent,Month
1986-07-01,61.96807906,Participation Rate,ABS:LF/M12.3.1599.20.AUS.M,Labour Market,Per cent,Month
1986-08-01,61.78567507,Participation Rate,ABS:LF/M12.3.1599.20.AUS.M,Labour Market,Per cent,Month
1986-09-01,61.96882221,Participation Rate,ABS:LF/M12.3.1599.20.AUS.M,Labour Market,Per cent,Month
1986-10-01,62.0570088,Participation Rate,ABS:LF/M12.3.1599.20.AUS.M,Labour Market,Per cent,Month
1986-11-01,61.85878548,Participation Rate,ABS:LF/M12.3.1599.20.AUS.M,Labour Market,Per cent,Month
1986-12-01,61.92463353,Participation Rate,ABS:LF/M12.3.1599.20.AUS.M,Labour Market,Per cent,Month
1987-01-01,61.6945604,Participation Rate,ABS:LF/M12.3.1599.20.AUS.M,Labour Market,Per cent,Month
1987-02-01,61.87503311,Participation Rate,ABS:LF/M12.3.1599.20.AUS.M,Labour Market,Per cent,Month
1987-03-01,62.03101093,Participation Rate,ABS:LF/M12.3.1599.20.AUS.M,Labour Market,Per cent,Month
1987-04-01,61.9589685,Participation Rate,ABS:LF/M12.3.1599.20.AUS.M,Labour Market,Per cent,Month
1987-05-01,61.8344759,Participation Rate,ABS:LF/M12.3.1599.20.AUS.M,Labour Market,Per cent,Month
1987-06-01,61.909065,Participation Rate,ABS:LF/M12.3.1599.20.AUS.M,Labour Market,Per cent,Month
1987-07-01,62.25310345,Participation Rate,ABS:LF/M12.3.1599.20.AUS.M,Labour Market,Per cent,Month
1987-08-01,61.9845665,Participation Rate,ABS:LF/M12.3.1599.20.AUS.M,Labour Market,Per cent,Month
1987-09-01,61.54852133,Participation Rate,ABS:LF/M12.3.1599.20.AUS.M,Labour Market,Per cent,Month
1987-10-01,61.91144033,Participation Rate,ABS:LF/M12.3.1599.20.AUS.M,Labour Market,Per cent,Month
1987-11-01,61.6090398,Participation Rate,ABS:LF/M12.3.1599.20.AUS.M,Labour Market,Per cent,Month
1987-12-01,62.02680564,Participation Rate,ABS:LF/M12.3.1599.20.AUS.M,Labour Market,Per cent,Month
1988-01-01,62.37204015,Participation Rate,ABS:LF/M12.3.1599.20.AUS.M,Labour Market,Per cent,Month
1988-02-01,61.98851049,Participation Rate,ABS:LF/M12.3.1599.20.AUS.M,Labour Market,Per cent,Month
1988-03-01,62.3361066,Participation Rate,ABS:LF/M12.3.1599.20.AUS.M,Labour Market,Per cent,Month
1988-04-01,62.7676659,Participation Rate,ABS:LF/M12.3.1599.20.AUS.M,Labour Market,Per cent,Month
1988-05-01,62.21167688,Participation Rate,ABS:LF/M12.3.1599.20.AUS.M,Labour Market,Per cent,Month
1988-06-01,62.34174442,Participation Rate,ABS:LF/M12.3.1599.20.AUS.M,Labour Market,Per cent,Month
1988-07-01,61.844019,Participation Rate,ABS:LF/M12.3.1599.20.AUS.M,Labour Market,Per cent,Month
1988-08-01,62.20571866,Participation Rate,ABS:LF/M12.3.1599.20.AUS.M,Labour Market,Per cent,Month
1988-09-01,62.37926847,Participation Rate,ABS:LF/M12.3.1599.20.AUS.M,Labour Market,Per cent,Month
1988-10-01,62.32010348,Participation Rate,ABS:LF/M12.3.1599.20.AUS.M,Labour Market,Per cent,Month
1988-11-01,62.25220706,Participation Rate,ABS:LF/M12.3.1599.20.AUS.M,Labour Market,Per cent,Month
1988-12-01,62.57162393,Participation Rate,ABS:LF/M12.3.1599.20.AUS.M,Labour Market,Per cent,Month
1989-01-01,62.73474815,Participation Rate,ABS:LF/M12.3.1599.20.AUS.M,Labour Market,Per cent,Month
1989-02-01,62.94295349,Participation Rate,ABS:LF/M12.3.1599.20.AUS.M,Labour Market,Per cent,Month
1989-03-01,62.80251032,Participation Rate,ABS:LF/M12.3.1599.20.AUS.M,Labour Market,Per cent,Month
1989-04-01,62.87662607,Participation Rate,ABS:LF/M12.3.1599.20.AUS.M,Labour Market,Per cent,Month
1989-05-01,63.29701885,Participation Rate,ABS:LF/M12.3.1599.20.AUS.M,Labour Market,Per cent,Month
1989-06-01,63.01985515,Participation Rate,ABS:LF/M12.3.1599.20.AUS.M,Labour Market,Per cent,Month
1989-07-01,63.15528685,Participation Rate,ABS:LF/M12.3.1599.20.AUS.M,Labour Market,Per cent,Month
1989-08-01,63.31229428,Participation Rate,ABS:LF/M12.3.1599.20.AUS.M,Labour Market,Per cent,Month
1989-09-01,63.35641655,Participation Rate,ABS:LF/M12.3.1599.20.AUS.M,Labour Market,Per cent,Month
1989-10-01,63.25572085,Participation Rate,ABS:LF/M12.3.1599.20.AUS.M,Labour Market,Per cent,Month
1989-11-01,63.49416945,Participation Rate,ABS:LF/M12.3.1599.20.AUS.M,Labour Market,Per cent,Month
1989-12-01,63.32037713,Participation Rate,ABS:LF/M12.3.1599.20.AUS.M,Labour Market,Per cent,Month
1990-01-01,63.50824684,Participation Rate,ABS:LF/M12.3.1599.20.AUS.M,Labour Market,Per cent,Month
1990-02-01,63.64802923,Participation Rate,ABS:LF/M12.3.1599.20.AUS.M,Labour Market,Per cent,Month
1990-03-01,63.54143126,Participation Rate,ABS:LF/M12.3.1599.20.AUS.M,Labour Market,Per cent,Month
1990-04-01,63.5584431,Participation Rate,ABS:LF/M12.3.1599.20.AUS.M,Labour Market,Per cent,Month
1990-05-01,63.90044306,Participation Rate,ABS:LF/M12.3.1599.20.AUS.M,Labour Market,Per cent,Month
1990-06-01,63.8923196,Participation Rate,ABS:LF/M12.3.1599.20.AUS.M,Labour Market,Per cent,Month
1990-07-01,64.13662584,Participation Rate,ABS:LF/M12.3.1599.20.AUS.M,Labour Market,Per cent,Month
1990-08-01,63.90256907,Participation Rate,ABS:LF/M12.3.1599.20.AUS.M,Labour Market,Per cent,Month
1990-09-01,63.74106021,Participation Rate,ABS:LF/M12.3.1599.20.AUS.M,Labour Market,Per cent,Month
1990-10-01,63.71965348,Participation Rate,ABS:LF/M12.3.1599.20.AUS.M,Labour Market,Per cent,Month
1990-11-01,63.68770822,Participation Rate,ABS:LF/M12.3.1599.20.AUS.M,Labour Market,Per cent,Month
1990-12-01,63.68004438,Participation Rate,ABS:LF/M12.3.1599.20.AUS.M,Labour Market,Per cent,Month
1991-01-01,63.30932119,Participation Rate,ABS:LF/M12.3.1599.20.AUS.M,Labour Market,Per cent,Month
1991-02-01,63.5018494,Participation Rate,ABS:LF/M12.3.1599.20.AUS.M,Labour Market,Per cent,Month
1991-03-01,63.36317467,Participation Rate,ABS:LF/M12.3.1599.20.AUS.M,Labour Market,Per cent,Month
1991-04-01,63.71801675,Participation Rate,ABS:LF/M12.3.1599.20.AUS.M,Labour Market,Per cent,Month
1991-05-01,63.37860777,Participation Rate,ABS:LF/M12.3.1599.20.AUS.M,Labour Market,Per cent,Month
1991-06-01,63.04750036,Participation Rate,ABS:LF/M12.3.1599.20.AUS.M,Labour Market,Per cent,Month
1991-07-01,62.80405718,Participation Rate,ABS:LF/M12.3.1599.20.AUS.M,Labour Market,Per cent,Month
1991-08-01,62.90491713,Participation Rate,ABS:LF/M12.3.1599.20.AUS.M,Labour Market,Per cent,Month
1991-09-01,63.0578048,Participation Rate,ABS:LF/M12.3.1599.20.AUS.M,Labour Market,Per cent,Month
1991-10-01,62.72908683,Participation Rate,ABS:LF/M12.3.1599.20.AUS.M,Labour Market,Per cent,Month
1991-11-01,62.66121486,Participation Rate,ABS:LF/M12.3.1599.20.AUS.M,Labour Market,Per cent,Month
1991-12-01,62.96178949,Participation Rate,ABS:LF/M12.3.1599.20.AUS.M,Labour Market,Per cent,Month
1992-01-01,62.90449738,Participation Rate,ABS:LF/M12.3.1599.20.AUS.M,Labour Market,Per cent,Month
1992-02-01,63.01944408,Participation Rate,ABS:LF/M12.3.1599.20.AUS.M,Labour Market,Per cent,Month
1992-03-01,62.84401591,Participation Rate,ABS:LF/M12.3.1599.20.AUS.M,Labour Market,Per cent,Month
1992-04-01,62.72113793,Participation Rate,ABS:LF/M12.3.1599.20.AUS.M,Labour Market,Per cent,Month
1992-05-01,62.74833558,Participation Rate,ABS:LF/M12.3.1599.20.AUS.M,Labour Market,Per cent,Month
1992-06-01,62.93739232,Participation Rate,ABS:LF/M12.3.1599.20.AUS.M,Labour Market,Per cent,Month
1992-07-01,63.25634427,Participation Rate,ABS:LF/M12.3.1599.20.AUS.M,Labour Market,Per cent,Month
1992-08-01,63.06355435,Participation Rate,ABS:LF/M12.3.1599.20.AUS.M,Labour Market,Per cent,Month
1992-09-01,62.64455424,Participation Rate,ABS:LF/M12.3.1599.20.AUS.M,Labour Market,Per cent,Month
1992-10-01,63.00591111,Participation Rate,ABS:LF/M12.3.1599.20.AUS.M,Labour Market,Per cent,Month
1992-11-01,62.37176313,Participation Rate,ABS:LF/M12.3.1599.20.AUS.M,Labour Market,Per cent,Month
1992-12-01,62.63096707,Participation Rate,ABS:LF/M12.3.1599.20.AUS.M,Labour Market,Per cent,Month
1993-01-01,62.70638457,Participation Rate,ABS:LF/M12.3.1599.20.AUS.M,Labour Market,Per cent,Month
1993-02-01,62.19462522,Participation Rate,ABS:LF/M12.3.1599.20.AUS.M,Labour Market,Per cent,Month
1993-03-01,62.41740141,Participation Rate,ABS:LF/M12.3.1599.20.AUS.M,Labour Market,Per cent,Month
1993-04-01,62.15735119,Participation Rate,ABS:LF/M12.3.1599.20.AUS.M,Labour Market,Per cent,Month
1993-05-01,62.14229093,Participation Rate,ABS:LF/M12.3.1599.20.AUS.M,Labour Market,Per cent,Month
1993-06-01,62.35307885,Participation Rate,ABS:LF/M12.3.1599.20.AUS.M,Labour Market,Per cent,Month
1993-07-01,62.27487013,Participation Rate,ABS:LF/M12.3.1599.20.AUS.M,Labour Market,Per cent,Month
1993-08-01,62.42732039,Participation Rate,ABS:LF/M12.3.1599.20.AUS.M,Labour Market,Per cent,Month
1993-09-01,62.35806849,Participation Rate,ABS:LF/M12.3.1599.20.AUS.M,Labour Market,Per cent,Month
1993-10-01,62.85743203,Participation Rate,ABS:LF/M12.3.1599.20.AUS.M,Labour Market,Per cent,Month
1993-11-01,62.88785389,Participation Rate,ABS:LF/M12.3.1599.20.AUS.M,Labour Market,Per cent,Month
1993-12-01,62.83132854,Participation Rate,ABS:LF/M12.3.1599.20.AUS.M,Labour Market,Per cent,Month
1994-01-01,62.79037499,Participation Rate,ABS:LF/M12.3.1599.20.AUS.M,Labour Market,Per cent,Month
1994-02-01,62.78611076,Participation Rate,ABS:LF/M12.3.1599.20.AUS.M,Labour Market,Per cent,Month
1994-03-01,62.83303894,Participation Rate,ABS:LF/M12.3.1599.20.AUS.M,Labour Market,Per cent,Month
1994-04-01,62.60644246,Participation Rate,ABS:LF/M12.3.1599.20.AUS.M,Labour Market,Per cent,Month
1994-05-01,62.69050218,Participation Rate,ABS:LF/M12.3.1599.20.AUS.M,Labour Market,Per cent,Month
1994-06-01,62.85660836,Participation Rate,ABS:LF/M12.3.1599.20.AUS.M,Labour Market,Per cent,Month
1994-07-01,63.23819315,Participation Rate,ABS:LF/M12.3.1599.20.AUS.M,Labour Market,Per cent,Month
1994-08-01,62.91029085,Participation Rate,ABS:LF/M12.3.1599.20.AUS.M,Labour Market,Per cent,Month
1994-09-01,63.17075549,Participation Rate,ABS:LF/M12.3.1599.20.AUS.M,Labour Market,Per cent,Month
1994-10-01,62.91729971,Participation Rate,ABS:LF/M12.3.1599.20.AUS.M,Labour Market,Per cent,Month
1994-11-01,62.99694828,Participation Rate,ABS:LF/M12.3.1599.20.AUS.M,Labour Market,Per cent,Month
1994-12-01,63.1532205,Participation Rate,ABS:LF/M12.3.1599.20.AUS.M,Labour Market,Per cent,Month
1995-01-01,63.14247693,Participation Rate,ABS:LF/M12.3.1599.20.AUS.M,Labour Market,Per cent,Month
1995-02-01,63.41958409,Participation Rate,ABS:LF/M12.3.1599.20.AUS.M,Labour Market,Per cent,Month
1995-03-01,63.22117742,Participation Rate,ABS:LF/M12.3.1599.20.AUS.M,Labour Market,Per cent,Month
1995-04-01,63.35806368,Participation Rate,ABS:LF/M12.3.1599.20.AUS.M,Labour Market,Per cent,Month
1995-05-01,63.48057526,Participation Rate,ABS:LF/M12.3.1599.20.AUS.M,Labour Market,Per cent,Month
1995-06-01,63.59619612,Participation Rate,ABS:LF/M12.3.1599.20.AUS.M,Labour Market,Per cent,Month
1995-07-01,63.62453048,Participation Rate,ABS:LF/M12.3.1599.20.AUS.M,Labour Market,Per cent,Month
1995-08-01,63.69633494,Participation Rate,ABS:LF/M12.3.1599.20.AUS.M,Labour Market,Per cent,Month
1995-09-01,63.56068366,Participation Rate,ABS:LF/M12.3.1599.20.AUS.M,Labour Market,Per cent,Month
1995-10-01,63.55065318,Participation Rate,ABS:LF/M12.3.1599.20.AUS.M,Labour Market,Per cent,Month
1995-11-01,63.95838693,Participation Rate,ABS:LF/M12.3.1599.20.AUS.M,Labour Market,Per cent,Month
1995-12-01,63.67706414,Participation Rate,ABS:LF/M12.3.1599.20.AUS.M,Labour Market,Per cent,Month
1996-01-01,63.82552593,Participation Rate,ABS:LF/M12.3.1599.20.AUS.M,Labour Market,Per cent,Month
1996-02-01,63.6677668,Participation Rate,ABS:LF/M12.3.1599.20.AUS.M,Labour Market,Per cent,Month
1996-03-01,63.44974041,Participation Rate,ABS:LF/M12.3.1599.20.AUS.M,Labour Market,Per cent,Month
1996-04-01,63.72053963,Participation Rate,ABS:LF/M12.3.1599.20.AUS.M,Labour Market,Per cent,Month
1996-05-01,63.58125013,Participation Rate,ABS:LF/M12.3.1599.20.AUS.M,Labour Market,Per cent,Month
1996-06-01,63.43070876,Participation Rate,ABS:LF/M12.3.1599.20.AUS.M,Labour Market,Per cent,Month
1996-07-01,63.59025586,Participation Rate,ABS:LF/M12.3.1599.20.AUS.M,Labour Market,Per cent,Month
1996-08-01,63.60798605,Participation Rate,ABS:LF/M12.3.1599.20.AUS.M,Labour Market,Per cent,Month
1996-09-01,63.35838134,Participation Rate,ABS:LF/M12.3.1599.20.AUS.M,Labour Market,Per cent,Month
1996-10-01,63.46652177,Participation Rate,ABS:LF/M12.3.1599.20.AUS.M,Labour Market,Per cent,Month
1996-11-01,63.19427093,Participation Rate,ABS:LF/M12.3.1599.20.AUS.M,Labour Market,Per cent,Month
1996-12-01,63.4200668,Participation Rate,ABS:LF/M12.3.1599.20.AUS.M,Labour Market,Per cent,Month
1997-01-01,63.36051196,Participation Rate,ABS:LF/M12.3.1599.20.AUS.M,Labour Market,Per cent,Month
1997-02-01,63.38188497,Participation Rate,ABS:LF/M12.3.1599.20.AUS.M,Labour Market,Per cent,Month
1997-03-01,63.2457148,Participation Rate,ABS:LF/M12.3.1599.20.AUS.M,Labour Market,Per cent,Month
1997-04-01,63.12661264,Participation Rate,ABS:LF/M12.3.1599.20.AUS.M,Labour Market,Per cent,Month
1997-05-01,63.09556094,Participation Rate,ABS:LF/M12.3.1599.20.AUS.M,Labour Market,Per cent,Month
1997-06-01,62.90738198,Participation Rate,ABS:LF/M12.3.1599.20.AUS.M,Labour Market,Per cent,Month
1997-07-01,63.10551643,Participation Rate,ABS:LF/M12.3.1599.20.AUS.M,Labour Market,Per cent,Month
1997-08-01,62.85473298,Participation Rate,ABS:LF/M12.3.1599.20.AUS.M,Labour Market,Per cent,Month
1997-09-01,62.99195977,Participation Rate,ABS:LF/M12.3.1599.20.AUS.M,Labour Market,Per cent,Month
1997-10-01,62.85735141,Participation Rate,ABS:LF/M12.3.1599.20.AUS.M,Labour Market,Per cent,Month
1997-11-01,63.20465019,Participation Rate,ABS:LF/M12.3.1599.20.AUS.M,Labour Market,Per cent,Month
1997-12-01,62.98524528,Participation Rate,ABS:LF/M12.3.1599.20.AUS.M,Labour Market,Per cent,Month
1998-01-01,62.9127935,Participation Rate,ABS:LF/M12.3.1599.20.AUS.M,Labour Market,Per cent,Month
1998-02-01,62.86598646,Participation Rate,ABS:LF/M12.3.1599.20.AUS.M,Labour Market,Per cent,Month
1998-03-01,62.87652522,Participation Rate,ABS:LF/M12.3.1599.20.AUS.M,Labour Market,Per cent,Month
1998-04-01,62.87644607,Participation Rate,ABS:LF/M12.3.1599.20.AUS.M,Labour Market,Per cent,Month
1998-05-01,62.92369255,Participation Rate,ABS:LF/M12.3.1599.20.AUS.M,Labour Market,Per cent,Month
1998-06-01,63.06806972,Participation Rate,ABS:LF/M12.3.1599.20.AUS.M,Labour Market,Per cent,Month
1998-07-01,63.19029756,Participation Rate,ABS:LF/M12.3.1599.20.AUS.M,Labour Market,Per cent,Month
1998-08-01,63.06152535,Participation Rate,ABS:LF/M12.3.1599.20.AUS.M,Labour Market,Per cent,Month
1998-09-01,63.23801246,Participation Rate,ABS:LF/M12.3.1599.20.AUS.M,Labour Market,Per cent,Month
1998-10-01,63.03044903,Participation Rate,ABS:LF/M12.3.1599.20.AUS.M,Labour Market,Per cent,Month
1998-11-01,63.02420732,Participation Rate,ABS:LF/M12.3.1599.20.AUS.M,Labour Market,Per cent,Month
1998-12-01,62.81544176,Participation Rate,ABS:LF/M12.3.1599.20.AUS.M,Labour Market,Per cent,Month
1999-01-01,62.68782061,Participation Rate,ABS:LF/M12.3.1599.20.AUS.M,Labour Market,Per cent,Month
1999-02-01,62.65433667,Participation Rate,ABS:LF/M12.3.1599.20.AUS.M,Labour Market,Per cent,Month
1999-03-01,62.69319008,Participation Rate,ABS:LF/M12.3.1599.20.AUS.M,Labour Market,Per cent,Month
1999-04-01,62.62821727,Participation Rate,ABS:LF/M12.3.1599.20.AUS.M,Labour Market,Per cent,Month
1999-05-01,62.51812814,Participation Rate,ABS:LF/M12.3.1599.20.AUS.M,Labour Market,Per cent,Month
1999-06-01,62.58425434,Participation Rate,ABS:LF/M12.3.1599.20.AUS.M,Labour Market,Per cent,Month
1999-07-01,62.65965049,Participation Rate,ABS:LF/M12.3.1599.20.AUS.M,Labour Market,Per cent,Month
1999-08-01,62.80032069,Participation Rate,ABS:LF/M12.3.1599.20.AUS.M,Labour Market,Per cent,Month
1999-09-01,62.92101275,Participation Rate,ABS:LF/M12.3.1599.20.AUS.M,Labour Market,Per cent,Month
1999-10-01,62.96027685,Participation Rate,ABS:LF/M12.3.1599.20.AUS.M,Labour Market,Per cent,Month
1999-11-01,62.73592397,Participation Rate,ABS:LF/M12.3.1599.20.AUS.M,Labour Market,Per cent,Month
1999-12-01,63.0767389,Participation Rate,ABS:LF/M12.3.1599.20.AUS.M,Labour Market,Per cent,Month
2000-01-01,62.710003210000004,Participation Rate,ABS:LF/M12.3.1599.20.AUS.M,Labour Market,Per cent,Month
2000-02-01,62.87082244,Participation Rate,ABS:LF/M12.3.1599.20.AUS.M,Labour Market,Per cent,Month
2000-03-01,63.0863628,Participation Rate,ABS:LF/M12.3.1599.20.AUS.M,Labour Market,Per cent,Month
2000-04-01,63.16280555,Participation Rate,ABS:LF/M12.3.1599.20.AUS.M,Labour Market,Per cent,Month
2000-05-01,63.10282321,Participation Rate,ABS:LF/M12.3.1599.20.AUS.M,Labour Market,Per cent,Month
2000-06-01,63.12816806,Participation Rate,ABS:LF/M12.3.1599.20.AUS.M,Labour Market,Per cent,Month
2000-07-01,63.52649405,Participation Rate,ABS:LF/M12.3.1599.20.AUS.M,Labour Market,Per cent,Month
2000-08-01,63.49692858,Participation Rate,ABS:LF/M12.3.1599.20.AUS.M,Labour Market,Per cent,Month
2000-09-01,63.34156802,Participation Rate,ABS:LF/M12.3.1599.20.AUS.M,Labour Market,Per cent,Month
2000-10-01,63.12484343,Participation Rate,ABS:LF/M12.3.1599.20.AUS.M,Labour Market,Per cent,Month
2000-11-01,62.81725404,Participation Rate,ABS:LF/M12.3.1599.20.AUS.M,Labour Market,Per cent,Month
2000-12-01,63.02587733,Participation Rate,ABS:LF/M12.3.1599.20.AUS.M,Labour Market,Per cent,Month
2001-01-01,62.93898624,Participation Rate,ABS:LF/M12.3.1599.20.AUS.M,Labour Market,Per cent,Month
2001-02-01,63.04657131,Participation Rate,ABS:LF/M12.3.1599.20.AUS.M,Labour Market,Per cent,Month
2001-03-01,62.97713662,Participation Rate,ABS:LF/M12.3.1599.20.AUS.M,Labour Market,Per cent,Month
2001-04-01,63.48936709,Participation Rate,ABS:LF/M12.3.1599.20.AUS.M,Labour Market,Per cent,Month
2001-05-01,63.45232784,Participation Rate,ABS:LF/M12.3.1599.20.AUS.M,Labour Market,Per cent,Month
2001-06-01,63.39307461,Participation Rate,ABS:LF/M12.3.1599.20.AUS.M,Labour Market,Per cent,Month
2001-07-01,63.42304977,Participation Rate,ABS:LF/M12.3.1599.20.AUS.M,Labour Market,Per cent,Month
2001-08-01,63.50858841,Participation Rate,ABS:LF/M12.3.1599.20.AUS.M,Labour Market,Per cent,Month
2001-09-01,63.26909277,Participation Rate,ABS:LF/M12.3.1599.20.AUS.M,Labour Market,Per cent,Month
2001-10-01,63.56368176,Participation Rate,ABS:LF/M12.3.1599.20.AUS.M,Labour Market,Per cent,Month
2001-11-01,63.50054034,Participation Rate,ABS:LF/M12.3.1599.20.AUS.M,Labour Market,Per cent,Month
2001-12-01,63.31118369,Participation Rate,ABS:LF/M12.3.1599.20.AUS.M,Labour Market,Per cent,Month
2002-01-01,63.38523028,Participation Rate,ABS:LF/M12.3.1599.20.AUS.M,Labour Market,Per cent,Month
2002-02-01,63.34237828,Participation Rate,ABS:LF/M12.3.1599.20.AUS.M,Labour Market,Per cent,Month
2002-03-01,63.21927904,Participation Rate,ABS:LF/M12.3.1599.20.AUS.M,Labour Market,Per cent,Month
2002-04-01,63.01671917,Participation Rate,ABS:LF/M12.3.1599.20.AUS.M,Labour Market,Per cent,Month
2002-05-01,63.08609469,Participation Rate,ABS:LF/M12.3.1599.20.AUS.M,Labour Market,Per cent,Month
2002-06-01,63.2924815,Participation Rate,ABS:LF/M12.3.1599.20.AUS.M,Labour Market,Per cent,Month
2002-07-01,63.05184636,Participation Rate,ABS:LF/M12.3.1599.20.AUS.M,Labour Market,Per cent,Month
2002-08-01,63.49031555,Participation Rate,ABS:LF/M12.3.1599.20.AUS.M,Labour Market,Per cent,Month
2002-09-01,63.40759026,Participation Rate,ABS:LF/M12.3.1599.20.AUS.M,Labour Market,Per cent,Month
2002-10-01,63.26901409,Participation Rate,ABS:LF/M12.3.1599.20.AUS.M,Labour Market,Per cent,Month
2002-11-01,63.55380046,Participation Rate,ABS:LF/M12.3.1599.20.AUS.M,Labour Market,Per cent,Month
2002-12-01,63.79140775,Participation Rate,ABS:LF/M12.3.1599.20.AUS.M,Labour Market,Per cent,Month
2003-01-01,63.97438212,Participation Rate,ABS:LF/M12.3.1599.20.AUS.M,Labour Market,Per cent,Month
2003-02-01,63.97661367,Participation Rate,ABS:LF/M12.3.1599.20.AUS.M,Labour Market,Per cent,Month
2003-03-01,63.68541859,Participation Rate,ABS:LF/M12.3.1599.20.AUS.M,Labour Market,Per cent,Month
2003-04-01,63.5450487,Participation Rate,ABS:LF/M12.3.1599.20.AUS.M,Labour Market,Per cent,Month
2003-05-01,63.63317918,Participation Rate,ABS:LF/M12.3.1599.20.AUS.M,Labour Market,Per cent,Month
2003-06-01,63.40751414,Participation Rate,ABS:LF/M12.3.1599.20.AUS.M,Labour Market,Per cent,Month
2003-07-01,63.32851922,Participation Rate,ABS:LF/M12.3.1599.20.AUS.M,Labour Market,Per cent,Month
2003-08-01,63.43834662,Participation Rate,ABS:LF/M12.3.1599.20.AUS.M,Labour Market,Per cent,Month
2003-09-01,63.39696582,Participation Rate,ABS:LF/M12.3.1599.20.AUS.M,Labour Market,Per cent,Month
2003-10-01,63.48970265,Participation Rate,ABS:LF/M12.3.1599.20.AUS.M,Labour Market,Per cent,Month
2003-11-01,63.31034186,Participation Rate,ABS:LF/M12.3.1599.20.AUS.M,Labour Market,Per cent,Month
2003-12-01,63.46599434,Participation Rate,ABS:LF/M12.3.1599.20.AUS.M,Labour Market,Per cent,Month
2004-01-01,63.28116991,Participation Rate,ABS:LF/M12.3.1599.20.AUS.M,Labour Market,Per cent,Month
2004-02-01,63.30260156,Participation Rate,ABS:LF/M12.3.1599.20.AUS.M,Labour Market,Per cent,Month
2004-03-01,63.30287223,Participation Rate,ABS:LF/M12.3.1599.20.AUS.M,Labour Market,Per cent,Month
2004-04-01,63.36234274,Participation Rate,ABS:LF/M12.3.1599.20.AUS.M,Labour Market,Per cent,Month
2004-05-01,63.30151306,Participation Rate,ABS:LF/M12.3.1599.20.AUS.M,Labour Market,Per cent,Month
2004-06-01,63.36749182,Participation Rate,ABS:LF/M12.3.1599.20.AUS.M,Labour Market,Per cent,Month
2004-07-01,63.40877626,Participation Rate,ABS:LF/M12.3.1599.20.AUS.M,Labour Market,Per cent,Month
2004-08-01,63.29570459,Participation Rate,ABS:LF/M12.3.1599.20.AUS.M,Labour Market,Per cent,Month
2004-09-01,63.49794786,Participation Rate,ABS:LF/M12.3.1599.20.AUS.M,Labour Market,Per cent,Month
2004-10-01,63.61405366,Participation Rate,ABS:LF/M12.3.1599.20.AUS.M,Labour Market,Per cent,Month
2004-11-01,63.81489767,Participation Rate,ABS:LF/M12.3.1599.20.AUS.M,Labour Market,Per cent,Month
2004-12-01,63.73580532,Participation Rate,ABS:LF/M12.3.1599.20.AUS.M,Labour Market,Per cent,Month
2005-01-01,63.98357772,Participation Rate,ABS:LF/M12.3.1599.20.AUS.M,Labour Market,Per cent,Month
2005-02-01,64.08481606,Participation Rate,ABS:LF/M12.3.1599.20.AUS.M,Labour Market,Per cent,Month
2005-03-01,64.30727289,Participation Rate,ABS:LF/M12.3.1599.20.AUS.M,Labour Market,Per cent,Month
2005-04-01,64.47168837,Participation Rate,ABS:LF/M12.3.1599.20.AUS.M,Labour Market,Per cent,Month
2005-05-01,64.28981762,Participation Rate,ABS:LF/M12.3.1599.20.AUS.M,Labour Market,Per cent,Month
2005-06-01,64.43030587,Participation Rate,ABS:LF/M12.3.1599.20.AUS.M,Labour Market,Per cent,Month
2005-07-01,64.45863821,Participation Rate,ABS:LF/M12.3.1599.20.AUS.M,Labour Market,Per cent,Month
2005-08-01,64.61504831,Participation Rate,ABS:LF/M12.3.1599.20.AUS.M,Labour Market,Per cent,Month
2005-09-01,64.49591615,Participation Rate,ABS:LF/M12.3.1599.20.AUS.M,Labour Market,Per cent,Month
2005-10-01,64.45121747,Participation Rate,ABS:LF/M12.3.1599.20.AUS.M,Labour Market,Per cent,Month
2005-11-01,64.37619594,Participation Rate,ABS:LF/M12.3.1599.20.AUS.M,Labour Market,Per cent,Month
2005-12-01,64.48002501,Participation Rate,ABS:LF/M12.3.1599.20.AUS.M,Labour Market,Per cent,Month
2006-01-01,64.43916819,Participation Rate,ABS:LF/M12.3.1599.20.AUS.M,Labour Market,Per cent,Month
2006-02-01,64.51692006,Participation Rate,ABS:LF/M12.3.1599.20.AUS.M,Labour Market,Per cent,Month
2006-03-01,64.51533966,Participation Rate,ABS:LF/M12.3.1599.20.AUS.M,Labour Market,Per cent,Month
2006-04-01,64.56546424,Participation Rate,ABS:LF/M12.3.1599.20.AUS.M,Labour Market,Per cent,Month
2006-05-01,64.56692476,Participation Rate,ABS:LF/M12.3.1599.20.AUS.M,Labour Market,Per cent,Month
2006-06-01,64.76740865,Participation Rate,ABS:LF/M12.3.1599.20.AUS.M,Labour Market,Per cent,Month
2006-07-01,64.89117434,Participation Rate,ABS:LF/M12.3.1599.20.AUS.M,Labour Market,Per cent,Month
2006-08-01,64.94136099,Participation Rate,ABS:LF/M12.3.1599.20.AUS.M,Labour Market,Per cent,Month
2006-09-01,65.08572549,Participation Rate,ABS:LF/M12.3.1599.20.AUS.M,Labour Market,Per cent,Month
2006-10-01,64.67098374,Participation Rate,ABS:LF/M12.3.1599.20.AUS.M,Labour Market,Per cent,Month
2006-11-01,64.82054589,Participation Rate,ABS:LF/M12.3.1599.20.AUS.M,Labour Market,Per cent,Month
2006-12-01,65.0886169,Participation Rate,ABS:LF/M12.3.1599.20.AUS.M,Labour Market,Per cent,Month
2007-01-01,64.93175558,Participation Rate,ABS:LF/M12.3.1599.20.AUS.M,Labour Market,Per cent,Month
2007-02-01,65.03293128,Participation Rate,ABS:LF/M12.3.1599.20.AUS.M,Labour Market,Per cent,Month
2007-03-01,64.96387364,Participation Rate,ABS:LF/M12.3.1599.20.AUS.M,Labour Market,Per cent,Month
2007-04-01,65.00090666,Participation Rate,ABS:LF/M12.3.1599.20.AUS.M,Labour Market,Per cent,Month
2007-05-01,65.04491799,Participation Rate,ABS:LF/M12.3.1599.20.AUS.M,Labour Market,Per cent,Month
2007-06-01,65.13079206,Participation Rate,ABS:LF/M12.3.1599.20.AUS.M,Labour Market,Per cent,Month
2007-07-01,65.11948848,Participation Rate,ABS:LF/M12.3.1599.20.AUS.M,Labour Market,Per cent,Month
2007-08-01,65.28102575,Participation Rate,ABS:LF/M12.3.1599.20.AUS.M,Labour Market,Per cent,Month
2007-09-01,65.30087936,Participation Rate,ABS:LF/M12.3.1599.20.AUS.M,Labour Market,Per cent,Month
2007-10-01,65.21165732,Participation Rate,ABS:LF/M12.3.1599.20.AUS.M,Labour Market,Per cent,Month
2007-11-01,65.52928079,Participation Rate,ABS:LF/M12.3.1599.20.AUS.M,Labour Market,Per cent,Month
2007-12-01,65.4696299,Participation Rate,ABS:LF/M12.3.1599.20.AUS.M,Labour Market,Per cent,Month
2008-01-01,65.42843177,Participation Rate,ABS:LF/M12.3.1599.20.AUS.M,Labour Market,Per cent,Month
2008-02-01,65.36043074,Participation Rate,ABS:LF/M12.3.1599.20.AUS.M,Labour Market,Per cent,Month
2008-03-01,65.39119402,Participation Rate,ABS:LF/M12.3.1599.20.AUS.M,Labour Market,Per cent,Month
2008-04-01,65.65787851,Participation Rate,ABS:LF/M12.3.1599.20.AUS.M,Labour Market,Per cent,Month
2008-05-01,65.3715663,Participation Rate,ABS:LF/M12.3.1599.20.AUS.M,Labour Market,Per cent,Month
2008-06-01,65.56980932,Participation Rate,ABS:LF/M12.3.1599.20.AUS.M,Labour Market,Per cent,Month
2008-07-01,65.55605609,Participation Rate,ABS:LF/M12.3.1599.20.AUS.M,Labour Market,Per cent,Month
2008-08-01,65.52418468,Participation Rate,ABS:LF/M12.3.1599.20.AUS.M,Labour Market,Per cent,Month
2008-09-01,65.49008376,Participation Rate,ABS:LF/M12.3.1599.20.AUS.M,Labour Market,Per cent,Month
2008-10-01,65.42954943,Participation Rate,ABS:LF/M12.3.1599.20.AUS.M,Labour Market,Per cent,Month
2008-11-01,65.38784604,Participation Rate,ABS:LF/M12.3.1599.20.AUS.M,Labour Market,Per cent,Month
2008-12-01,65.39151894,Participation Rate,ABS:LF/M12.3.1599.20.AUS.M,Labour Market,Per cent,Month
2009-01-01,65.496758259999993,Participation Rate,ABS:LF/M12.3.1599.20.AUS.M,Labour Market,Per cent,Month
2009-02-01,65.71609277,Participation Rate,ABS:LF/M12.3.1599.20.AUS.M,Labour Market,Per cent,Month
2009-03-01,65.65304042,Participation Rate,ABS:LF/M12.3.1599.20.AUS.M,Labour Market,Per cent,Month
2009-04-01,65.56442194,Participation Rate,ABS:LF/M12.3.1599.20.AUS.M,Labour Market,Per cent,Month
2009-05-01,65.54415499,Participation Rate,ABS:LF/M12.3.1599.20.AUS.M,Labour Market,Per cent,Month
2009-06-01,65.37764342,Participation Rate,ABS:LF/M12.3.1599.20.AUS.M,Labour Market,Per cent,Month
2009-07-01,65.40742699,Participation Rate,ABS:LF/M12.3.1599.20.AUS.M,Labour Market,Per cent,Month
2009-08-01,65.26945354,Participation Rate,ABS:LF/M12.3.1599.20.AUS.M,Labour Market,Per cent,Month
2009-09-01,65.25531665,Participation Rate,ABS:LF/M12.3.1599.20.AUS.M,Labour Market,Per cent,Month
2009-10-01,65.20938859,Participation Rate,ABS:LF/M12.3.1599.20.AUS.M,Labour Market,Per cent,Month
2009-11-01,65.26232758,Participation Rate,ABS:LF/M12.3.1599.20.AUS.M,Labour Market,Per cent,Month
2009-12-01,65.35349074,Participation Rate,ABS:LF/M12.3.1599.20.AUS.M,Labour Market,Per cent,Month
2010-01-01,65.38877437,Participation Rate,ABS:LF/M12.3.1599.20.AUS.M,Labour Market,Per cent,Month
2010-02-01,65.20527419,Participation Rate,ABS:LF/M12.3.1599.20.AUS.M,Labour Market,Per cent,Month
2010-03-01,65.21273513,Participation Rate,ABS:LF/M12.3.1599.20.AUS.M,Labour Market,Per cent,Month
2010-04-01,65.2638002,Participation Rate,ABS:LF/M12.3.1599.20.AUS.M,Labour Market,Per cent,Month
2010-05-01,65.014208,Participation Rate,ABS:LF/M12.3.1599.20.AUS.M,Labour Market,Per cent,Month
2010-06-01,65.20491711,Participation Rate,ABS:LF/M12.3.1599.20.AUS.M,Labour Market,Per cent,Month
2010-07-01,65.38091663,Participation Rate,ABS:LF/M12.3.1599.20.AUS.M,Labour Market,Per cent,Month
2010-08-01,65.37320647,Participation Rate,ABS:LF/M12.3.1599.20.AUS.M,Labour Market,Per cent,Month
2010-09-01,65.47116494,Participation Rate,ABS:LF/M12.3.1599.20.AUS.M,Labour Market,Per cent,Month
2010-10-01,65.65467965,Participation Rate,ABS:LF/M12.3.1599.20.AUS.M,Labour Market,Per cent,Month
2010-11-01,65.80040645,Participation Rate,ABS:LF/M12.3.1599.20.AUS.M,Labour Market,Per cent,Month
2010-12-01,65.59915942,Participation Rate,ABS:LF/M12.3.1599.20.AUS.M,Labour Market,Per cent,Month
2011-01-01,65.7790823,Participation Rate,ABS:LF/M12.3.1599.20.AUS.M,Labour Market,Per cent,Month
2011-02-01,65.50592287,Participation Rate,ABS:LF/M12.3.1599.20.AUS.M,Labour Market,Per cent,Month
2011-03-01,65.60250004,Participation Rate,ABS:LF/M12.3.1599.20.AUS.M,Labour Market,Per cent,Month
2011-04-01,65.35522196,Participation Rate,ABS:LF/M12.3.1599.20.AUS.M,Labour Market,Per cent,Month
2011-05-01,65.25665718,Participation Rate,ABS:LF/M12.3.1599.20.AUS.M,Labour Market,Per cent,Month
2011-06-01,65.30512391,Participation Rate,ABS:LF/M12.3.1599.20.AUS.M,Labour Market,Per cent,Month
2011-07-01,65.36922099,Participation Rate,ABS:LF/M12.3.1599.20.AUS.M,Labour Market,Per cent,Month
2011-08-01,65.45977952,Participation Rate,ABS:LF/M12.3.1599.20.AUS.M,Labour Market,Per cent,Month
2011-09-01,65.50912674,Participation Rate,ABS:LF/M12.3.1599.20.AUS.M,Labour Market,Per cent,Month
2011-10-01,65.40528398,Participation Rate,ABS:LF/M12.3.1599.20.AUS.M,Labour Market,Per cent,Month
2011-11-01,65.3553157,Participation Rate,ABS:LF/M12.3.1599.20.AUS.M,Labour Market,Per cent,Month
2011-12-01,65.111787090000007,Participation Rate,ABS:LF/M12.3.1599.20.AUS.M,Labour Market,Per cent,Month
2012-01-01,65.33910102,Participation Rate,ABS:LF/M12.3.1599.20.AUS.M,Labour Market,Per cent,Month
2012-02-01,65.10946791,Participation Rate,ABS:LF/M12.3.1599.20.AUS.M,Labour Market,Per cent,Month
2012-03-01,65.34304485,Participation Rate,ABS:LF/M12.3.1599.20.AUS.M,Labour Market,Per cent,Month
2012-04-01,65.05555742,Participation Rate,ABS:LF/M12.3.1599.20.AUS.M,Labour Market,Per cent,Month
2012-05-01,65.34681322,Participation Rate,ABS:LF/M12.3.1599.20.AUS.M,Labour Market,Per cent,Month
2012-06-01,65.08391263,Participation Rate,ABS:LF/M12.3.1599.20.AUS.M,Labour Market,Per cent,Month
2012-07-01,65.05630517,Participation Rate,ABS:LF/M12.3.1599.20.AUS.M,Labour Market,Per cent,Month
2012-08-01,65.01130512,Participation Rate,ABS:LF/M12.3.1599.20.AUS.M,Labour Market,Per cent,Month
2012-09-01,65.31711352,Participation Rate,ABS:LF/M12.3.1599.20.AUS.M,Labour Market,Per cent,Month
2012-10-01,65.17884019,Participation Rate,ABS:LF/M12.3.1599.20.AUS.M,Labour Market,Per cent,Month
2012-11-01,64.94855827,Participation Rate,ABS:LF/M12.3.1599.20.AUS.M,Labour Market,Per cent,Month
2012-12-01,65.04697827,Participation Rate,ABS:LF/M12.3.1599.20.AUS.M,Labour Market,Per cent,Month
2013-01-01,65.3281217,Participation Rate,ABS:LF/M12.3.1599.20.AUS.M,Labour Market,Per cent,Month
2013-02-01,65.2145372,Participation Rate,ABS:LF/M12.3.1599.20.AUS.M,Labour Market,Per cent,Month
2013-03-01,65.08545518,Participation Rate,ABS:LF/M12.3.1599.20.AUS.M,Labour Market,Per cent,Month
2013-04-01,65.14767685,Participation Rate,ABS:LF/M12.3.1599.20.AUS.M,Labour Market,Per cent,Month
2013-05-01,65.02262569,Participation Rate,ABS:LF/M12.3.1599.20.AUS.M,Labour Market,Per cent,Month
2013-06-01,65.06985133,Participation Rate,ABS:LF/M12.3.1599.20.AUS.M,Labour Market,Per cent,Month
2013-07-01,64.86425638,Participation Rate,ABS:LF/M12.3.1599.20.AUS.M,Labour Market,Per cent,Month
2013-08-01,64.92796709,Participation Rate,ABS:LF/M12.3.1599.20.AUS.M,Labour Market,Per cent,Month
2013-09-01,64.83800386,Participation Rate,ABS:LF/M12.3.1599.20.AUS.M,Labour Market,Per cent,Month
2013-10-01,64.83075576,Participation Rate,ABS:LF/M12.3.1599.20.AUS.M,Labour Market,Per cent,Month
2013-11-01,64.62463606,Participation Rate,ABS:LF/M12.3.1599.20.AUS.M,Labour Market,Per cent,Month
2013-12-01,64.46195074,Participation Rate,ABS:LF/M12.3.1599.20.AUS.M,Labour Market,Per cent,Month
2014-01-01,64.5772424,Participation Rate,ABS:LF/M12.3.1599.20.AUS.M,Labour Market,Per cent,Month
2014-02-01,64.5634624,Participation Rate,ABS:LF/M12.3.1599.20.AUS.M,Labour Market,Per cent,Month
2014-03-01,64.75385116,Participation Rate,ABS:LF/M12.3.1599.20.AUS.M,Labour Market,Per cent,Month
2014-04-01,64.67338321,Participation Rate,ABS:LF/M12.3.1599.20.AUS.M,Labour Market,Per cent,Month
2014-05-01,64.556073369999993,Participation Rate,ABS:LF/M12.3.1599.20.AUS.M,Labour Market,Per cent,Month
2014-06-01,64.66592501,Participation Rate,ABS:LF/M12.3.1599.20.AUS.M,Labour Market,Per cent,Month
2014-07-01,64.76401541,Participation Rate,ABS:LF/M12.3.1599.20.AUS.M,Labour Market,Per cent,Month
2014-08-01,64.65515344,Participation Rate,ABS:LF/M12.3.1599.20.AUS.M,Labour Market,Per cent,Month
2014-09-01,64.65616851,Participation Rate,ABS:LF/M12.3.1599.20.AUS.M,Labour Market,Per cent,Month
2014-10-01,64.64421567,Participation Rate,ABS:LF/M12.3.1599.20.AUS.M,Labour Market,Per cent,Month
2014-11-01,64.52882669,Participation Rate,ABS:LF/M12.3.1599.20.AUS.M,Labour Market,Per cent,Month
2014-12-01,64.64272935,Participation Rate,ABS:LF/M12.3.1599.20.AUS.M,Labour Market,Per cent,Month
2015-01-01,64.76541399,Participation Rate,ABS:LF/M12.3.1599.20.AUS.M,Labour Market,Per cent,Month
2015-02-01,64.89260793,Participation Rate,ABS:LF/M12.3.1599.20.AUS.M,Labour Market,Per cent,Month
2015-03-01,64.86805202,Participation Rate,ABS:LF/M12.3.1599.20.AUS.M,Labour Market,Per cent,Month
2015-04-01,64.80091947,Participation Rate,ABS:LF/M12.3.1599.20.AUS.M,Labour Market,Per cent,Month
2015-05-01,64.84007992,Participation Rate,ABS:LF/M12.3.1599.20.AUS.M,Labour Market,Per cent,Month
2015-06-01,64.79605687,Participation Rate,ABS:LF/M12.3.1599.20.AUS.M,Labour Market,Per cent,Month
2015-07-01,65.0837945,Participation Rate,ABS:LF/M12.3.1599.20.AUS.M,Labour Market,Per cent,Month
2015-08-01,64.90620547,Participation Rate,ABS:LF/M12.3.1599.20.AUS.M,Labour Market,Per cent,Month
2015-09-01,64.98256455,Participation Rate,ABS:LF/M12.3.1599.20.AUS.M,Labour Market,Per cent,Month
2015-10-01,65.15371488,Participation Rate,ABS:LF/M12.3.1599.20.AUS.M,Labour Market,Per cent,Month
2015-11-01,65.21717075,Participation Rate,ABS:LF/M12.3.1599.20.AUS.M,Labour Market,Per cent,Month
2015-12-01,65.14700478,Participation Rate,ABS:LF/M12.3.1599.20.AUS.M,Labour Market,Per cent,Month
2016-01-01,65.27074812,Participation Rate,ABS:LF/M12.3.1599.20.AUS.M,Labour Market,Per cent,Month
2016-02-01,64.99663719,Participation Rate,ABS:LF/M12.3.1599.20.AUS.M,Labour Market,Per cent,Month
2016-03-01,64.94349167,Participation Rate,ABS:LF/M12.3.1599.20.AUS.M,Labour Market,Per cent,Month
2016-04-01,64.89883759,Participation Rate,ABS:LF/M12.3.1599.20.AUS.M,Labour Market,Per cent,Month
2016-05-01,64.84381563,Participation Rate,ABS:LF/M12.3.1599.20.AUS.M,Labour Market,Per cent,Month
2016-06-01,64.86837436,Participation Rate,ABS:LF/M12.3.1599.20.AUS.M,Labour Market,Per cent,Month
2016-07-01,64.94863534,Participation Rate,ABS:LF/M12.3.1599.20.AUS.M,Labour Market,Per cent,Month
2016-08-01,64.58441019,Participation Rate,ABS:LF/M12.3.1599.20.AUS.M,Labour Market,Per cent,Month
2016-09-01,64.44303563,Participation Rate,ABS:LF/M12.3.1599.20.AUS.M,Labour Market,Per cent,Month
2016-10-01,64.41880241,Participation Rate,ABS:LF/M12.3.1599.20.AUS.M,Labour Market,Per cent,Month
2016-11-01,64.59663336,Participation Rate,ABS:LF/M12.3.1599.20.AUS.M,Labour Market,Per cent,Month
2016-12-01,64.72891902,Participation Rate,ABS:LF/M12.3.1599.20.AUS.M,Labour Market,Per cent,Month
2017-01-01,64.61951725,Participation Rate,ABS:LF/M12.3.1599.20.AUS.M,Labour Market,Per cent,Month
2017-02-01,64.51505234,Participation Rate,ABS:LF/M12.3.1599.20.AUS.M,Labour Market,Per cent,Month
2017-03-01,64.6880163,Participation Rate,ABS:LF/M12.3.1599.20.AUS.M,Labour Market,Per cent,Month
2017-04-01,64.75693553,Participation Rate,ABS:LF/M12.3.1599.20.AUS.M,Labour Market,Per cent,Month
2017-05-01,64.81133529,Participation Rate,ABS:LF/M12.3.1599.20.AUS.M,Labour Market,Per cent,Month
2017-06-01,64.9625433,Participation Rate,ABS:LF/M12.3.1599.20.AUS.M,Labour Market,Per cent,Month
2017-07-01,65.05063371,Participation Rate,ABS:LF/M12.3.1599.20.AUS.M,Labour Market,Per cent,Month
2017-08-01,65.17024774,Participation Rate,ABS:LF/M12.3.1599.20.AUS.M,Labour Market,Per cent,Month
2017-09-01,65.24133156,Participation Rate,ABS:LF/M12.3.1599.20.AUS.M,Labour Market,Per cent,Month
2017-10-01,65.15430327,Participation Rate,ABS:LF/M12.3.1599.20.AUS.M,Labour Market,Per cent,Month
2017-11-01,65.35140468,Participation Rate,ABS:LF/M12.3.1599.20.AUS.M,Labour Market,Per cent,Month
2017-12-01,65.55630247,Participation Rate,ABS:LF/M12.3.1599.20.AUS.M,Labour Market,Per cent,Month
2018-01-01,65.58155464,Participation Rate,ABS:LF/M12.3.1599.20.AUS.M,Labour Market,Per cent,Month
2018-02-01,65.42156729,Participation Rate,ABS:LF/M12.3.1599.20.AUS.M,Labour Market,Per cent,Month
2018-03-01,65.37673954,Participation Rate,ABS:LF/M12.3.1599.20.AUS.M,Labour Market,Per cent,Month
2018-04-01,65.40645595,Participation Rate,ABS:LF/M12.3.1599.20.AUS.M,Labour Market,Per cent,Month
2018-05-01,65.21357526,Participation Rate,ABS:LF/M12.3.1599.20.AUS.M,Labour Market,Per cent,Month
2018-06-01,65.43868891,Participation Rate,ABS:LF/M12.3.1599.20.AUS.M,Labour Market,Per cent,Month
2018-07-01,65.31177587,Participation Rate,ABS:LF/M12.3.1599.20.AUS.M,Labour Market,Per cent,Month
2018-08-01,65.5057341,Participation Rate,ABS:LF/M12.3.1599.20.AUS.M,Labour Market,Per cent,Month
2018-09-01,65.33271635,Participation Rate,ABS:LF/M12.3.1599.20.AUS.M,Labour Market,Per cent,Month
2018-10-01,65.36649268,Participation Rate,ABS:LF/M12.3.1599.20.AUS.M,Labour Market,Per cent,Month
2018-11-01,65.46843655,Participation Rate,ABS:LF/M12.3.1599.20.AUS.M,Labour Market,Per cent,Month
2018-12-01,65.46483692,Participation Rate,ABS:LF/M12.3.1599.20.AUS.M,Labour Market,Per cent,Month
2019-01-01,65.60172359,Participation Rate,ABS:LF/M12.3.1599.20.AUS.M,Labour Market,Per cent,Month
2019-02-01,65.50487878,Participation Rate,ABS:LF/M12.3.1599.20.AUS.M,Labour Market,Per cent,Month
2019-03-01,65.58071072,Participation Rate,ABS:LF/M12.3.1599.20.AUS.M,Labour Market,Per cent,Month
2019-04-01,65.79771934,Participation Rate,ABS:LF/M12.3.1599.20.AUS.M,Labour Market,Per cent,Month
2019-05-01,65.75079648,Participation Rate,ABS:LF/M12.3.1599.20.AUS.M,Labour Market,Per cent,Month
2019-06-01,65.796679,Participation Rate,ABS:LF/M12.3.1599.20.AUS.M,Labour Market,Per cent,Month
2019-07-01,65.87763532,Participation Rate,ABS:LF/M12.3.1599.20.AUS.M,Labour Market,Per cent,Month
2019-08-01,65.99758899,Participation Rate,ABS:LF/M12.3.1599.20.AUS.M,Labour Market,Per cent,Month
2019-09-01,65.98069517,Participation Rate,ABS:LF/M12.3.1599.20.AUS.M,Labour Market,Per cent,Month
2019-10-01,65.69975283,Participation Rate,ABS:LF/M12.3.1599.20.AUS.M,Labour Market,Per cent,Month
2019-11-01,65.63529469,Participation Rate,ABS:LF/M12.3.1599.20.AUS.M,Labour Market,Per cent,Month
2019-12-01,65.71741572,Participation Rate,ABS:LF/M12.3.1599.20.AUS.M,Labour Market,Per cent,Month
2020-01-01,65.79334844,Participation Rate,ABS:LF/M12.3.1599.20.AUS.M,Labour Market,Per cent,Month
2020-02-01,65.59505145,Participation Rate,ABS:LF/M12.3.1599.20.AUS.M,Labour Market,Per cent,Month
2020-03-01,65.52737456,Participation Rate,ABS:LF/M12.3.1599.20.AUS.M,Labour Market,Per cent,Month
2020-04-01,63.30941253,Participation Rate,ABS:LF/M12.3.1599.20.AUS.M,Labour Market,Per cent,Month
2020-05-01,62.2330347,Participation Rate,ABS:LF/M12.3.1599.20.AUS.M,Labour Market,Per cent,Month
2020-06-01,63.68910479,Participation Rate,ABS:LF/M12.3.1599.20.AUS.M,Labour Market,Per cent,Month
2020-07-01,64.41516409,Participation Rate,ABS:LF/M12.3.1599.20.AUS.M,Labour Market,Per cent,Month
2020-08-01,64.6717576,Participation Rate,ABS:LF/M12.3.1599.20.AUS.M,Labour Market,Per cent,Month
2020-09-01,64.60789104,Participation Rate,ABS:LF/M12.3.1599.20.AUS.M,Labour Market,Per cent,Month
2020-10-01,65.33178634,Participation Rate,ABS:LF/M12.3.1599.20.AUS.M,Labour Market,Per cent,Month
2020-11-01,65.66280944,Participation Rate,ABS:LF/M12.3.1599.20.AUS.M,Labour Market,Per cent,Month
2020-12-01,65.76876695,Participation Rate,ABS:LF/M12.3.1599.20.AUS.M,Labour Market,Per cent,Month
2021-01-01,65.76973775,Participation Rate,ABS:LF/M12.3.1599.20.AUS.M,Labour Market,Per cent,Month
2021-02-01,65.71776982,Participation Rate,ABS:LF/M12.3.1599.20.AUS.M,Labour Market,Per cent,Month
2021-03-01,65.88265412,Participation Rate,ABS:LF/M12.3.1599.20.AUS.M,Labour Market,Per cent,Month
2021-04-01,65.68217028,Participation Rate,ABS:LF/M12.3.1599.20.AUS.M,Labour Market,Per cent,Month
2021-05-01,65.86658367,Participation Rate,ABS:LF/M12.3.1599.20.AUS.M,Labour Market,Per cent,Month
2021-06-01,65.87834426,Participation Rate,ABS:LF/M12.3.1599.20.AUS.M,Labour Market,Per cent,Month
2021-07-01,65.78163067,Participation Rate,ABS:LF/M12.3.1599.20.AUS.M,Labour Market,Per cent,Month
2021-08-01,64.98071116,Participation Rate,ABS:LF/M12.3.1599.20.AUS.M,Labour Market,Per cent,Month
2021-09-01,64.42365502,Participation Rate,ABS:LF/M12.3.1599.20.AUS.M,Labour Market,Per cent,Month
2021-10-01,64.46868066,Participation Rate,ABS:LF/M12.3.1599.20.AUS.M,Labour Market,Per cent,Month
2021-11-01,65.82473219,Participation Rate,ABS:LF/M12.3.1599.20.AUS.M,Labour Market,Per cent,Month
2021-12-01,65.88048669,Participation Rate,ABS:LF/M12.3.1599.20.AUS.M,Labour Market,Per cent,Month
2022-01-01,66.03261885,Participation Rate,ABS:LF/M12.3.1599.20.AUS.M,Labour Market,Per cent,Month
2022-02-01,66.17099658,Participation Rate,ABS:LF/M12.3.1599.20.AUS.M,Labour Market,Per cent,Month
2022-03-01,66.10921651,Participation Rate,ABS:LF/M12.3.1599.20.AUS.M,Labour Market,Per cent,Month
2022-04-01,66.21966443,Participation Rate,ABS:LF/M12.3.1599.20.AUS.M,Labour Market,Per cent,Month
2022-05-01,66.36737901,Participation Rate,ABS:LF/M12.3.1599.20.AUS.M,Labour Market,Per cent,Month
2022-06-01,66.49136583,Participation Rate,ABS:LF/M12.3.1599.20.AUS.M,Labour Market,Per cent,Month
2022-07-01,66.28655156,Participation Rate,ABS:LF/M12.3.1599.20.AUS.M,Labour Market,Per cent,Month
2022-08-01,66.52776881,Participation Rate,ABS:LF/M12.3.1599.20.AUS.M,Labour Market,Per cent,Month
2022-09-01,66.47335635,Participation Rate,ABS:LF/M12.3.1599.20.AUS.M,Labour Market,Per cent,Month
2022-10-01,66.39615074,Participation Rate,ABS:LF/M12.3.1599.20.AUS.M,Labour Market,Per cent,Month
2022-11-01,66.6241193,Participation Rate,ABS:LF/M12.3.1599.20.AUS.M,Labour Market,Per cent,Month
2022-12-01,66.4675124,Participation Rate,ABS:LF/M12.3.1599.20.AUS.M,Labour Market,Per cent,Month
2023-01-01,66.4703181,Participation Rate,ABS:LF/M12.3.1599.20.AUS.M,Labour Market,Per cent,Month
2023-02-01,66.42585708,Participation Rate,ABS:LF/M12.3.1599.20.AUS.M,Labour Market,Per cent,Month
2023-03-01,66.65454191,Participation Rate,ABS:LF/M12.3.1599.20.AUS.M,Labour Market,Per cent,Month
2023-04-01,66.58915093,Participation Rate,ABS:LF/M12.3.1599.20.AUS.M,Labour Market,Per cent,Month
2023-05-01,66.78710752,Participation Rate,ABS:LF/M12.3.1599.20.AUS.M,Labour Market,Per cent,Month
2023-06-01,66.64217028,Participation Rate,ABS:LF/M12.3.1599.20.AUS.M,Labour Market,Per cent,Month
2023-07-01,66.62171119,Participation Rate,ABS:LF/M12.3.1599.20.AUS.M,Labour Market,Per cent,Month
2023-08-01,66.75027549,Participation Rate,ABS:LF/M12.3.1599.20.AUS.M,Labour Market,Per cent,Month
2023-09-01,66.48685271,Participation Rate,ABS:LF/M12.3.1599.20.AUS.M,Labour Market,Per cent,Month
2023-10-01,66.77737694,Participation Rate,ABS:LF/M12.3.1599.20.AUS.M,Labour Market,Per cent,Month
2023-11-01,66.98334875,Participation Rate,ABS:LF/M12.3.1599.20.AUS.M,Labour Market,Per cent,Month
2023-12-01,66.65057686,Participation Rate,ABS:LF/M12.3.1599.20.AUS.M,Labour Market,Per cent,Month
2024-01-01,66.55937065,Participation Rate,ABS:LF/M12.3.1599.20.AUS.M,Labour Market,Per cent,Month
2024-02-01,66.66385442,Participation Rate,ABS:LF/M12.3.1599.20.AUS.M,Labour Market,Per cent,Month
2024-03-01,66.52305346,Participation Rate,ABS:LF/M12.3.1599.20.AUS.M,Labour Market,Per cent,Month
2024-04-01,66.75016786,Participation Rate,ABS:LF/M12.3.1599.20.AUS.M,Labour Market,Per cent,Month
2024-05-01,66.75409749,Participation Rate,ABS:LF/M12.3.1599.20.AUS.M,Labour Market,Per cent,Month
2024-06-01,66.80739846,Participation Rate,ABS:LF/M12.3.1599.20.AUS.M,Labour Market,Per cent,Month
2024-07-01,67.09728696,Participation Rate,ABS:LF/M12.3.1599.20.AUS.M,Labour Market,Per cent,Month
2024-08-01,67.05807051,Participation Rate,ABS:LF/M12.3.1599.20.AUS.M,Labour Market,Per cent,Month
2024-09-01,67.07035436,Participation Rate,ABS:LF/M12.3.1599.20.AUS.M,Labour Market,Per cent,Month
2024-10-01,67.02287949,Participation Rate,ABS:LF/M12.3.1599.20.AUS.M,Labour Market,Per cent,Month
2024-11-01,66.90413587,Participation Rate,ABS:LF/M12.3.1599.20.AUS.M,Labour Market,Per cent,Month
2024-12-01,67.08007267,Participation Rate,ABS:LF/M12.3.1599.20.AUS.M,Labour Market,Per cent,Month
2025-01-01,67.18341679,Participation Rate,ABS:LF/M12.3.1599.20.AUS.M,Labour Market,Per cent,Month
2025-02-01,66.65620676,Participation Rate,ABS:LF/M12.3.1599.20.AUS.M,Labour Market,Per cent,Month
2025-03-01,66.67871096,Participation Rate,ABS:LF/M12.3.1599.20.AUS.M,Labour Market,Per cent,Month
2025-04-01,67.07777585,Participation Rate,ABS:LF/M12.3.1599.20.AUS.M,Labour Market,Per cent,Month
2025-05-01,66.99231338,Participation Rate,ABS:LF/M12.3.1599.20.AUS.M,Labour Market,Per cent,Month
2025-06-01,66.96116995,Participation Rate,ABS:LF/M12.3.1599.20.AUS.M,Labour Market,Per cent,Month
2025-07-01,67.01520897,Participation Rate,ABS:LF/M12.3.1599.20.AUS.M,Labour Market,Per cent,Month
2025-08-01,66.80548664,Participation Rate,ABS:LF/M12.3.1599.20.AUS.M,Labour Market,Per cent,Month
2025-09-01,66.90200722,Participation Rate,ABS:LF/M12.3.1599.20.AUS.M,Labour Market,Per cent,Month
2025-10-01,66.89622593,Participation Rate,ABS:LF/M12.3.1599.20.AUS.M,Labour Market,Per cent,Month
2025-11-01,66.62265191,Participation Rate,ABS:LF/M12.3.1599.20.AUS.M,Labour Market,Per cent,Month
2025-12-01,66.66514533,Participation Rate,ABS:LF/M12.3.1599.20.AUS.M,Labour Market,Per cent,Month
2026-01-01,66.67367691,Participation Rate,ABS:LF/M12.3.1599.20.AUS.M,Labour Market,Per cent,Month
2026-02-01,66.8053225,Participation Rate,ABS:LF/M12.3.1599.20.AUS.M,Labour Market,Per cent,Month
2026-03-01,66.76610369,Participation Rate,ABS:LF/M12.3.1599.20.AUS.M,Labour Market,Per cent,Month
2026-04-01,66.67343272,Participation Rate,ABS:LF/M12.3.1599.20.AUS.M,Labour Market,Per cent,Month
2026-05-01,66.69196096,Participation Rate,ABS:LF/M12.3.1599.20.AUS.M,Labour Market,Per cent,Month
2026-06-01,67.01843099,Participation Rate,ABS:LF/M12.3.1599.20.AUS.M,Labour Market,Per cent,Month
2026-07-01,66.86845556,Participation Rate,ABS:LF/M12.3.1599.20.AUS.M,Labour Market,Per cent,Month
2026-08-01,67.05820676,Participation Rate,ABS:LF/M12.3.1599.20.AUS.M,Labour Market,Per cent,Month
1978-02-01,2.55141,Underemployment Rate,ABS:LF_UNDER/M23.3.1599.20.AUS.M,Labour Market,Per cent,Month
1978-03-01,2.431108,Underemployment Rate,ABS:LF_UNDER/M23.3.1599.20.AUS.M,Labour Market,Per cent,Month
1978-04-01,2.5892985,Underemployment Rate,ABS:LF_UNDER/M23.3.1599.20.AUS.M,Labour Market,Per cent,Month
1978-05-01,2.6182906,Underemployment Rate,ABS:LF_UNDER/M23.3.1599.20.AUS.M,Labour Market,Per cent,Month
1978-06-01,2.6643779,Underemployment Rate,ABS:LF_UNDER/M23.3.1599.20.AUS.M,Labour Market,Per cent,Month
1978-07-01,2.7382256,Underemployment Rate,ABS:LF_UNDER/M23.3.1599.20.AUS.M,Labour Market,Per cent,Month
1978-08-01,2.722785,Underemployment Rate,ABS:LF_UNDER/M23.3.1599.20.AUS.M,Labour Market,Per cent,Month
1978-09-01,2.655771,Underemployment Rate,ABS:LF_UNDER/M23.3.1599.20.AUS.M,Labour Market,Per cent,Month
1978-10-01,2.611046,Underemployment Rate,ABS:LF_UNDER/M23.3.1599.20.AUS.M,Labour Market,Per cent,Month
1978-11-01,2.521319,Underemployment Rate,ABS:LF_UNDER/M23.3.1599.20.AUS.M,Labour Market,Per cent,Month
1978-12-01,2.4913947,Underemployment Rate,ABS:LF_UNDER/M23.3.1599.20.AUS.M,Labour Market,Per cent,Month
1979-01-01,2.557824,Underemployment Rate,ABS:LF_UNDER/M23.3.1599.20.AUS.M,Labour Market,Per cent,Month
1979-02-01,2.6409084,Underemployment Rate,ABS:LF_UNDER/M23.3.1599.20.AUS.M,Labour Market,Per cent,Month
1979-03-01,2.518744,Underemployment Rate,ABS:LF_UNDER/M23.3.1599.20.AUS.M,Labour Market,Per cent,Month
1979-04-01,2.8500306,Underemployment Rate,ABS:LF_UNDER/M23.3.1599.20.AUS.M,Labour Market,Per cent,Month
1979-05-01,2.753587,Underemployment Rate,ABS:LF_UNDER/M23.3.1599.20.AUS.M,Labour Market,Per cent,Month
1979-06-01,2.743265,Underemployment Rate,ABS:LF_UNDER/M23.3.1599.20.AUS.M,Labour Market,Per cent,Month
1979-07-01,2.7288025,Underemployment Rate,ABS:LF_UNDER/M23.3.1599.20.AUS.M,Labour Market,Per cent,Month
1979-08-01,2.671072,Underemployment Rate,ABS:LF_UNDER/M23.3.1599.20.AUS.M,Labour Market,Per cent,Month
1979-09-01,2.6785886,Underemployment Rate,ABS:LF_UNDER/M23.3.1599.20.AUS.M,Labour Market,Per cent,Month
1979-10-01,2.6803041,Underemployment Rate,ABS:LF_UNDER/M23.3.1599.20.AUS.M,Labour Market,Per cent,Month
1979-11-01,2.7962054,Underemployment Rate,ABS:LF_UNDER/M23.3.1599.20.AUS.M,Labour Market,Per cent,Month
1979-12-01,2.8866914,Underemployment Rate,ABS:LF_UNDER/M23.3.1599.20.AUS.M,Labour Market,Per cent,Month
1980-01-01,2.875974,Underemployment Rate,ABS:LF_UNDER/M23.3.1599.20.AUS.M,Labour Market,Per cent,Month
1980-02-01,2.8458407,Underemployment Rate,ABS:LF_UNDER/M23.3.1599.20.AUS.M,Labour Market,Per cent,Month
1980-03-01,2.9193765,Underemployment Rate,ABS:LF_UNDER/M23.3.1599.20.AUS.M,Labour Market,Per cent,Month
1980-04-01,2.8585689,Underemployment Rate,ABS:LF_UNDER/M23.3.1599.20.AUS.M,Labour Market,Per cent,Month
1980-05-01,2.8280661,Underemployment Rate,ABS:LF_UNDER/M23.3.1599.20.AUS.M,Labour Market,Per cent,Month
1980-06-01,2.9230805,Underemployment Rate,ABS:LF_UNDER/M23.3.1599.20.AUS.M,Labour Market,Per cent,Month
1980-07-01,2.8764548,Underemployment Rate,ABS:LF_UNDER/M23.3.1599.20.AUS.M,Labour Market,Per cent,Month
1980-08-01,2.9834443,Underemployment Rate,ABS:LF_UNDER/M23.3.1599.20.AUS.M,Labour Market,Per cent,Month
1980-09-01,3.0089437,Underemployment Rate,ABS:LF_UNDER/M23.3.1599.20.AUS.M,Labour Market,Per cent,Month
1980-10-01,2.9419589,Underemployment Rate,ABS:LF_UNDER/M23.3.1599.20.AUS.M,Labour Market,Per cent,Month
1980-11-01,2.9055777,Underemployment Rate,ABS:LF_UNDER/M23.3.1599.20.AUS.M,Labour Market,Per cent,Month
1980-12-01,2.7894302,Underemployment Rate,ABS:LF_UNDER/M23.3.1599.20.AUS.M,Labour Market,Per cent,Month
1981-01-01,2.8589596,Underemployment Rate,ABS:LF_UNDER/M23.3.1599.20.AUS.M,Labour Market,Per cent,Month
1981-02-01,2.8120227,Underemployment Rate,ABS:LF_UNDER/M23.3.1599.20.AUS.M,Labour Market,Per cent,Month
1981-03-01,2.8631042,Underemployment Rate,ABS:LF_UNDER/M23.3.1599.20.AUS.M,Labour Market,Per cent,Month
1981-04-01,2.774666,Underemployment Rate,ABS:LF_UNDER/M23.3.1599.20.AUS.M,Labour Market,Per cent,Month
1981-05-01,2.7897468,Underemployment Rate,ABS:LF_UNDER/M23.3.1599.20.AUS.M,Labour Market,Per cent,Month
1981-06-01,2.6574593,Underemployment Rate,ABS:LF_UNDER/M23.3.1599.20.AUS.M,Labour Market,Per cent,Month
1981-07-01,2.9029183,Underemployment Rate,ABS:LF_UNDER/M23.3.1599.20.AUS.M,Labour Market,Per cent,Month
1981-08-01,2.7038374,Underemployment Rate,ABS:LF_UNDER/M23.3.1599.20.AUS.M,Labour Market,Per cent,Month
1981-09-01,2.7132847,Underemployment Rate,ABS:LF_UNDER/M23.3.1599.20.AUS.M,Labour Market,Per cent,Month
1981-10-01,2.7842697,Underemployment Rate,ABS:LF_UNDER/M23.3.1599.20.AUS.M,Labour Market,Per cent,Month
1981-11-01,2.8157678,Underemployment Rate,ABS:LF_UNDER/M23.3.1599.20.AUS.M,Labour Market,Per cent,Month
1981-12-01,2.9137564,Underemployment Rate,ABS:LF_UNDER/M23.3.1599.20.AUS.M,Labour Market,Per cent,Month
1982-01-01,2.9713251,Underemployment Rate,ABS:LF_UNDER/M23.3.1599.20.AUS.M,Labour Market,Per cent,Month
1982-02-01,2.8658007,Underemployment Rate,ABS:LF_UNDER/M23.3.1599.20.AUS.M,Labour Market,Per cent,Month
1982-03-01,2.9444457,Underemployment Rate,ABS:LF_UNDER/M23.3.1599.20.AUS.M,Labour Market,Per cent,Month
1982-04-01,3.0311726,Underemployment Rate,ABS:LF_UNDER/M23.3.1599.20.AUS.M,Labour Market,Per cent,Month
1982-05-01,3.1658092,Underemployment Rate,ABS:LF_UNDER/M23.3.1599.20.AUS.M,Labour Market,Per cent,Month
1982-06-01,3.1085406,Underemployment Rate,ABS:LF_UNDER/M23.3.1599.20.AUS.M,Labour Market,Per cent,Month
1982-07-01,3.2410644,Underemployment Rate,ABS:LF_UNDER/M23.3.1599.20.AUS.M,Labour Market,Per cent,Month
1982-08-01,3.4326242,Underemployment Rate,ABS:LF_UNDER/M23.3.1599.20.AUS.M,Labour Market,Per cent,Month
1982-09-01,3.4202962,Underemployment Rate,ABS:LF_UNDER/M23.3.1599.20.AUS.M,Labour Market,Per cent,Month
1982-10-01,3.8844349,Underemployment Rate,ABS:LF_UNDER/M23.3.1599.20.AUS.M,Labour Market,Per cent,Month
1982-11-01,4.0921686,Underemployment Rate,ABS:LF_UNDER/M23.3.1599.20.AUS.M,Labour Market,Per cent,Month
1982-12-01,3.9488601,Underemployment Rate,ABS:LF_UNDER/M23.3.1599.20.AUS.M,Labour Market,Per cent,Month
1983-01-01,3.7822078,Underemployment Rate,ABS:LF_UNDER/M23.3.1599.20.AUS.M,Labour Market,Per cent,Month
1983-02-01,3.8831562,Underemployment Rate,ABS:LF_UNDER/M23.3.1599.20.AUS.M,Labour Market,Per cent,Month
1983-03-01,4.0483501,Underemployment Rate,ABS:LF_UNDER/M23.3.1599.20.AUS.M,Labour Market,Per cent,Month
1983-04-01,3.7981808,Underemployment Rate,ABS:LF_UNDER/M23.3.1599.20.AUS.M,Labour Market,Per cent,Month
1983-05-01,4.1533681,Underemployment Rate,ABS:LF_UNDER/M23.3.1599.20.AUS.M,Labour Market,Per cent,Month
1983-06-01,4.1028812,Underemployment Rate,ABS:LF_UNDER/M23.3.1599.20.AUS.M,Labour Market,Per cent,Month
1983-07-01,3.9446154,Underemployment Rate,ABS:LF_UNDER/M23.3.1599.20.AUS.M,Labour Market,Per cent,Month
1983-08-01,3.9147165,Underemployment Rate,ABS:LF_UNDER/M23.3.1599.20.AUS.M,Labour Market,Per cent,Month
1983-09-01,3.8478346,Underemployment Rate,ABS:LF_UNDER/M23.3.1599.20.AUS.M,Labour Market,Per cent,Month
1983-10-01,3.6547855,Underemployment Rate,ABS:LF_UNDER/M23.3.1599.20.AUS.M,Labour Market,Per cent,Month
1983-11-01,3.6336025,Underemployment Rate,ABS:LF_UNDER/M23.3.1599.20.AUS.M,Labour Market,Per cent,Month
1983-12-01,3.3961169,Underemployment Rate,ABS:LF_UNDER/M23.3.1599.20.AUS.M,Labour Market,Per cent,Month
1984-01-01,3.5898286,Underemployment Rate,ABS:LF_UNDER/M23.3.1599.20.AUS.M,Labour Market,Per cent,Month
1984-02-01,3.5535399,Underemployment Rate,ABS:LF_UNDER/M23.3.1599.20.AUS.M,Labour Market,Per cent,Month
1984-03-01,3.5752804,Underemployment Rate,ABS:LF_UNDER/M23.3.1599.20.AUS.M,Labour Market,Per cent,Month
1984-04-01,3.6729798,Underemployment Rate,ABS:LF_UNDER/M23.3.1599.20.AUS.M,Labour Market,Per cent,Month
1984-05-01,3.5914702,Underemployment Rate,ABS:LF_UNDER/M23.3.1599.20.AUS.M,Labour Market,Per cent,Month
1984-06-01,3.5065325,Underemployment Rate,ABS:LF_UNDER/M23.3.1599.20.AUS.M,Labour Market,Per cent,Month
1984-07-01,3.5766908,Underemployment Rate,ABS:LF_UNDER/M23.3.1599.20.AUS.M,Labour Market,Per cent,Month
1984-08-01,3.4517232,Underemployment Rate,ABS:LF_UNDER/M23.3.1599.20.AUS.M,Labour Market,Per cent,Month
1984-09-01,3.5357633,Underemployment Rate,ABS:LF_UNDER/M23.3.1599.20.AUS.M,Labour Market,Per cent,Month
1984-10-01,3.558035,Underemployment Rate,ABS:LF_UNDER/M23.3.1599.20.AUS.M,Labour Market,Per cent,Month
1984-11-01,3.4608072,Underemployment Rate,ABS:LF_UNDER/M23.3.1599.20.AUS.M,Labour Market,Per cent,Month
1984-12-01,3.2382693,Underemployment Rate,ABS:LF_UNDER/M23.3.1599.20.AUS.M,Labour Market,Per cent,Month
1985-01-01,3.4545178,Underemployment Rate,ABS:LF_UNDER/M23.3.1599.20.AUS.M,Labour Market,Per cent,Month
1985-02-01,3.5405865,Underemployment Rate,ABS:LF_UNDER/M23.3.1599.20.AUS.M,Labour Market,Per cent,Month
1985-03-01,3.2899761,Underemployment Rate,ABS:LF_UNDER/M23.3.1599.20.AUS.M,Labour Market,Per cent,Month
1985-04-01,3.3041952,Underemployment Rate,ABS:LF_UNDER/M23.3.1599.20.AUS.M,Labour Market,Per cent,Month
1985-05-01,3.1395283,Underemployment Rate,ABS:LF_UNDER/M23.3.1599.20.AUS.M,Labour Market,Per cent,Month
1985-06-01,3.1282655,Underemployment Rate,ABS:LF_UNDER/M23.3.1599.20.AUS.M,Labour Market,Per cent,Month
1985-07-01,3.2343051,Underemployment Rate,ABS:LF_UNDER/M23.3.1599.20.AUS.M,Labour Market,Per cent,Month
1985-08-01,3.2711065,Underemployment Rate,ABS:LF_UNDER/M23.3.1599.20.AUS.M,Labour Market,Per cent,Month
1985-09-01,3.1774666,Underemployment Rate,ABS:LF_UNDER/M23.3.1599.20.AUS.M,Labour Market,Per cent,Month
1985-10-01,3.311355,Underemployment Rate,ABS:LF_UNDER/M23.3.1599.20.AUS.M,Labour Market,Per cent,Month
1985-11-01,3.264767,Underemployment Rate,ABS:LF_UNDER/M23.3.1599.20.AUS.M,Labour Market,Per cent,Month
1985-12-01,3.114221,Underemployment Rate,ABS:LF_UNDER/M23.3.1599.20.AUS.M,Labour Market,Per cent,Month
1986-01-01,3.2528574,Underemployment Rate,ABS:LF_UNDER/M23.3.1599.20.AUS.M,Labour Market,Per cent,Month
1986-02-01,3.4156741,Underemployment Rate,ABS:LF_UNDER/M23.3.1599.20.AUS.M,Labour Market,Per cent,Month
1986-03-01,3.4313224,Underemployment Rate,ABS:LF_UNDER/M23.3.1599.20.AUS.M,Labour Market,Per cent,Month
1986-04-01,3.7015318,Underemployment Rate,ABS:LF_UNDER/M23.3.1599.20.AUS.M,Labour Market,Per cent,Month
1986-05-01,3.5596217,Underemployment Rate,ABS:LF_UNDER/M23.3.1599.20.AUS.M,Labour Market,Per cent,Month
1986-06-01,3.7388928,Underemployment Rate,ABS:LF_UNDER/M23.3.1599.20.AUS.M,Labour Market,Per cent,Month
1986-07-01,3.6787875,Underemployment Rate,ABS:LF_UNDER/M23.3.1599.20.AUS.M,Labour Market,Per cent,Month
1986-08-01,3.65492,Underemployment Rate,ABS:LF_UNDER/M23.3.1599.20.AUS.M,Labour Market,Per cent,Month
1986-09-01,3.702749,Underemployment Rate,ABS:LF_UNDER/M23.3.1599.20.AUS.M,Labour Market,Per cent,Month
1986-10-01,3.5607019,Underemployment Rate,ABS:LF_UNDER/M23.3.1599.20.AUS.M,Labour Market,Per cent,Month
1986-11-01,3.8235402,Underemployment Rate,ABS:LF_UNDER/M23.3.1599.20.AUS.M,Labour Market,Per cent,Month
1986-12-01,3.8922192,Underemployment Rate,ABS:LF_UNDER/M23.3.1599.20.AUS.M,Labour Market,Per cent,Month
1987-01-01,3.790717,Underemployment Rate,ABS:LF_UNDER/M23.3.1599.20.AUS.M,Labour Market,Per cent,Month
1987-02-01,3.8319075,Underemployment Rate,ABS:LF_UNDER/M23.3.1599.20.AUS.M,Labour Market,Per cent,Month
1987-03-01,3.8488631,Underemployment Rate,ABS:LF_UNDER/M23.3.1599.20.AUS.M,Labour Market,Per cent,Month
1987-04-01,3.8748794,Underemployment Rate,ABS:LF_UNDER/M23.3.1599.20.AUS.M,Labour Market,Per cent,Month
1987-05-01,3.9817415,Underemployment Rate,ABS:LF_UNDER/M23.3.1599.20.AUS.M,Labour Market,Per cent,Month
1987-06-01,4.0783782,Underemployment Rate,ABS:LF_UNDER/M23.3.1599.20.AUS.M,Labour Market,Per cent,Month
1987-07-01,4.0136442,Underemployment Rate,ABS:LF_UNDER/M23.3.1599.20.AUS.M,Labour Market,Per cent,Month
1987-08-01,4.167018,Underemployment Rate,ABS:LF_UNDER/M23.3.1599.20.AUS.M,Labour Market,Per cent,Month
1987-09-01,3.9907484,Underemployment Rate,ABS:LF_UNDER/M23.3.1599.20.AUS.M,Labour Market,Per cent,Month
1987-10-01,3.9565225,Underemployment Rate,ABS:LF_UNDER/M23.3.1599.20.AUS.M,Labour Market,Per cent,Month
1987-11-01,4.0291333,Underemployment Rate,ABS:LF_UNDER/M23.3.1599.20.AUS.M,Labour Market,Per cent,Month
1987-12-01,3.9904309,Underemployment Rate,ABS:LF_UNDER/M23.3.1599.20.AUS.M,Labour Market,Per cent,Month
1988-01-01,4.0675356,Underemployment Rate,ABS:LF_UNDER/M23.3.1599.20.AUS.M,Labour Market,Per cent,Month
1988-02-01,4.0309682,Underemployment Rate,ABS:LF_UNDER/M23.3.1599.20.AUS.M,Labour Market,Per cent,Month
1988-03-01,3.795319,Underemployment Rate,ABS:LF_UNDER/M23.3.1599.20.AUS.M,Labour Market,Per cent,Month
1988-04-01,3.8238297,Underemployment Rate,ABS:LF_UNDER/M23.3.1599.20.AUS.M,Labour Market,Per cent,Month
1988-05-01,3.2987267,Underemployment Rate,ABS:LF_UNDER/M23.3.1599.20.AUS.M,Labour Market,Per cent,Month
1988-06-01,3.9466904,Underemployment Rate,ABS:LF_UNDER/M23.3.1599.20.AUS.M,Labour Market,Per cent,Month
1988-07-01,3.6764458,Underemployment Rate,ABS:LF_UNDER/M23.3.1599.20.AUS.M,Labour Market,Per cent,Month
1988-08-01,3.6019469,Underemployment Rate,ABS:LF_UNDER/M23.3.1599.20.AUS.M,Labour Market,Per cent,Month
1988-09-01,3.6605534,Underemployment Rate,ABS:LF_UNDER/M23.3.1599.20.AUS.M,Labour Market,Per cent,Month
1988-10-01,3.715481,Underemployment Rate,ABS:LF_UNDER/M23.3.1599.20.AUS.M,Labour Market,Per cent,Month
1988-11-01,3.6611718,Underemployment Rate,ABS:LF_UNDER/M23.3.1599.20.AUS.M,Labour Market,Per cent,Month
1988-12-01,4.0036326,Underemployment Rate,ABS:LF_UNDER/M23.3.1599.20.AUS.M,Labour Market,Per cent,Month
1989-01-01,3.8164633,Underemployment Rate,ABS:LF_UNDER/M23.3.1599.20.AUS.M,Labour Market,Per cent,Month
1989-02-01,3.9294075,Underemployment Rate,ABS:LF_UNDER/M23.3.1599.20.AUS.M,Labour Market,Per cent,Month
1989-03-01,3.713697,Underemployment Rate,ABS:LF_UNDER/M23.3.1599.20.AUS.M,Labour Market,Per cent,Month
1989-04-01,3.7523416,Underemployment Rate,ABS:LF_UNDER/M23.3.1599.20.AUS.M,Labour Market,Per cent,Month
1989-05-01,3.808882,Underemployment Rate,ABS:LF_UNDER/M23.3.1599.20.AUS.M,Labour Market,Per cent,Month
1989-06-01,3.6697231,Underemployment Rate,ABS:LF_UNDER/M23.3.1599.20.AUS.M,Labour Market,Per cent,Month
1989-07-01,3.8582587,Underemployment Rate,ABS:LF_UNDER/M23.3.1599.20.AUS.M,Labour Market,Per cent,Month
1989-08-01,3.9566939,Underemployment Rate,ABS:LF_UNDER/M23.3.1599.20.AUS.M,Labour Market,Per cent,Month
1989-09-01,4.2059424,Underemployment Rate,ABS:LF_UNDER/M23.3.1599.20.AUS.M,Labour Market,Per cent,Month
1989-10-01,3.8767366,Underemployment Rate,ABS:LF_UNDER/M23.3.1599.20.AUS.M,Labour Market,Per cent,Month
1989-11-01,4.0107934,Underemployment Rate,ABS:LF_UNDER/M23.3.1599.20.AUS.M,Labour Market,Per cent,Month
1989-12-01,4.0893024,Underemployment Rate,ABS:LF_UNDER/M23.3.1599.20.AUS.M,Labour Market,Per cent,Month
1990-01-01,4.2384375,Underemployment Rate,ABS:LF_UNDER/M23.3.1599.20.AUS.M,Labour Market,Per cent,Month
1990-02-01,4.0380594,Underemployment Rate,ABS:LF_UNDER/M23.3.1599.20.AUS.M,Labour Market,Per cent,Month
1990-03-01,4.13905,Underemployment Rate,ABS:LF_UNDER/M23.3.1599.20.AUS.M,Labour Market,Per cent,Month
1990-04-01,4.1978014,Underemployment Rate,ABS:LF_UNDER/M23.3.1599.20.AUS.M,Labour Market,Per cent,Month
1990-05-01,4.2434966,Underemployment Rate,ABS:LF_UNDER/M23.3.1599.20.AUS.M,Labour Market,Per cent,Month
1990-06-01,4.3195251,Underemployment Rate,ABS:LF_UNDER/M23.3.1599.20.AUS.M,Labour Market,Per cent,Month
1990-07-01,4.3935437,Underemployment Rate,ABS:LF_UNDER/M23.3.1599.20.AUS.M,Labour Market,Per cent,Month
1990-08-01,4.466921,Underemployment Rate,ABS:LF_UNDER/M23.3.1599.20.AUS.M,Labour Market,Per cent,Month
1990-09-01,4.812872,Underemployment Rate,ABS:LF_UNDER/M23.3.1599.20.AUS.M,Labour Market,Per cent,Month
1990-10-01,4.8430613,Underemployment Rate,ABS:LF_UNDER/M23.3.1599.20.AUS.M,Labour Market,Per cent,Month
1990-11-01,5.0632816,Underemployment Rate,ABS:LF_UNDER/M23.3.1599.20.AUS.M,Labour Market,Per cent,Month
1990-12-01,5.1860859,Underemployment Rate,ABS:LF_UNDER/M23.3.1599.20.AUS.M,Labour Market,Per cent,Month
1991-01-01,5.226159,Underemployment Rate,ABS:LF_UNDER/M23.3.1599.20.AUS.M,Labour Market,Per cent,Month
1991-02-01,5.5302967,Underemployment Rate,ABS:LF_UNDER/M23.3.1599.20.AUS.M,Labour Market,Per cent,Month
1991-03-01,5.800562,Underemployment Rate,ABS:LF_UNDER/M23.3.1599.20.AUS.M,Labour Market,Per cent,Month
1991-04-01,5.9112081,Underemployment Rate,ABS:LF_UNDER/M23.3.1599.20.AUS.M,Labour Market,Per cent,Month
1991-05-01,5.3487226,Underemployment Rate,ABS:LF_UNDER/M23.3.1599.20.AUS.M,Labour Market,Per cent,Month
1991-06-01,6.1722154,Underemployment Rate,ABS:LF_UNDER/M23.3.1599.20.AUS.M,Labour Market,Per cent,Month
1991-07-01,6.3407878,Underemployment Rate,ABS:LF_UNDER/M23.3.1599.20.AUS.M,Labour Market,Per cent,Month
1991-08-01,6.1105682,Underemployment Rate,ABS:LF_UNDER/M23.3.1599.20.AUS.M,Labour Market,Per cent,Month
1991-09-01,6.0804592,Underemployment Rate,ABS:LF_UNDER/M23.3.1599.20.AUS.M,Labour Market,Per cent,Month
1991-10-01,6.0945577,Underemployment Rate,ABS:LF_UNDER/M23.3.1599.20.AUS.M,Labour Market,Per cent,Month
1991-11-01,6.2581382,Underemployment Rate,ABS:LF_UNDER/M23.3.1599.20.AUS.M,Labour Market,Per cent,Month
1991-12-01,6.1287705,Underemployment Rate,ABS:LF_UNDER/M23.3.1599.20.AUS.M,Labour Market,Per cent,Month
1992-01-01,6.3655271,Underemployment Rate,ABS:LF_UNDER/M23.3.1599.20.AUS.M,Labour Market,Per cent,Month
1992-02-01,6.6183413,Underemployment Rate,ABS:LF_UNDER/M23.3.1599.20.AUS.M,Labour Market,Per cent,Month
1992-03-01,6.5560848,Underemployment Rate,ABS:LF_UNDER/M23.3.1599.20.AUS.M,Labour Market,Per cent,Month
1992-04-01,6.854677,Underemployment Rate,ABS:LF_UNDER/M23.3.1599.20.AUS.M,Labour Market,Per cent,Month
1992-05-01,6.8699977,Underemployment Rate,ABS:LF_UNDER/M23.3.1599.20.AUS.M,Labour Market,Per cent,Month
1992-06-01,6.7648015,Underemployment Rate,ABS:LF_UNDER/M23.3.1599.20.AUS.M,Labour Market,Per cent,Month
1992-07-01,6.8556353,Underemployment Rate,ABS:LF_UNDER/M23.3.1599.20.AUS.M,Labour Market,Per cent,Month
1992-08-01,7.0213431,Underemployment Rate,ABS:LF_UNDER/M23.3.1599.20.AUS.M,Labour Market,Per cent,Month
1992-09-01,7.1719159,Underemployment Rate,ABS:LF_UNDER/M23.3.1599.20.AUS.M,Labour Market,Per cent,Month
1992-10-01,7.0369472,Underemployment Rate,ABS:LF_UNDER/M23.3.1599.20.AUS.M,Labour Market,Per cent,Month
1992-11-01,7.0214337,Underemployment Rate,ABS:LF_UNDER/M23.3.1599.20.AUS.M,Labour Market,Per cent,Month
1992-12-01,6.9038103,Underemployment Rate,ABS:LF_UNDER/M23.3.1599.20.AUS.M,Labour Market,Per cent,Month
1993-01-01,6.9489633,Underemployment Rate,ABS:LF_UNDER/M23.3.1599.20.AUS.M,Labour Market,Per cent,Month
1993-02-01,6.8685283,Underemployment Rate,ABS:LF_UNDER/M23.3.1599.20.AUS.M,Labour Market,Per cent,Month
1993-03-01,6.9630549,Underemployment Rate,ABS:LF_UNDER/M23.3.1599.20.AUS.M,Labour Market,Per cent,Month
1993-04-01,6.9669345,Underemployment Rate,ABS:LF_UNDER/M23.3.1599.20.AUS.M,Labour Market,Per cent,Month
1993-05-01,6.8579926,Underemployment Rate,ABS:LF_UNDER/M23.3.1599.20.AUS.M,Labour Market,Per cent,Month
1993-06-01,6.7856174,Underemployment Rate,ABS:LF_UNDER/M23.3.1599.20.AUS.M,Labour Market,Per cent,Month
1993-07-01,6.7835028,Underemployment Rate,ABS:LF_UNDER/M23.3.1599.20.AUS.M,Labour Market,Per cent,Month
1993-08-01,6.7818,Underemployment Rate,ABS:LF_UNDER/M23.3.1599.20.AUS.M,Labour Market,Per cent,Month
1993-09-01,7.1875276,Underemployment Rate,ABS:LF_UNDER/M23.3.1599.20.AUS.M,Labour Market,Per cent,Month
1993-10-01,6.8938581,Underemployment Rate,ABS:LF_UNDER/M23.3.1599.20.AUS.M,Labour Market,Per cent,Month
1993-11-01,6.5860696,Underemployment Rate,ABS:LF_UNDER/M23.3.1599.20.AUS.M,Labour Market,Per cent,Month
1993-12-01,6.6919166,Underemployment Rate,ABS:LF_UNDER/M23.3.1599.20.AUS.M,Labour Market,Per cent,Month
1994-01-01,6.6726793,Underemployment Rate,ABS:LF_UNDER/M23.3.1599.20.AUS.M,Labour Market,Per cent,Month
1994-02-01,6.6269816,Underemployment Rate,ABS:LF_UNDER/M23.3.1599.20.AUS.M,Labour Market,Per cent,Month
1994-03-01,6.6744691,Underemployment Rate,ABS:LF_UNDER/M23.3.1599.20.AUS.M,Labour Market,Per cent,Month
1994-04-01,6.4366581,Underemployment Rate,ABS:LF_UNDER/M23.3.1599.20.AUS.M,Labour Market,Per cent,Month
1994-05-01,6.6052036,Underemployment Rate,ABS:LF_UNDER/M23.3.1599.20.AUS.M,Labour Market,Per cent,Month
1994-06-01,6.5003849,Underemployment Rate,ABS:LF_UNDER/M23.3.1599.20.AUS.M,Labour Market,Per cent,Month
1994-07-01,6.4484816,Underemployment Rate,ABS:LF_UNDER/M23.3.1599.20.AUS.M,Labour Market,Per cent,Month
1994-08-01,6.502534,Underemployment Rate,ABS:LF_UNDER/M23.3.1599.20.AUS.M,Labour Market,Per cent,Month
1994-09-01,5.9313362,Underemployment Rate,ABS:LF_UNDER/M23.3.1599.20.AUS.M,Labour Market,Per cent,Month
1994-10-01,6.4174178,Underemployment Rate,ABS:LF_UNDER/M23.3.1599.20.AUS.M,Labour Market,Per cent,Month
1994-11-01,6.3811782,Underemployment Rate,ABS:LF_UNDER/M23.3.1599.20.AUS.M,Labour Market,Per cent,Month
1994-12-01,6.5509182,Underemployment Rate,ABS:LF_UNDER/M23.3.1599.20.AUS.M,Labour Market,Per cent,Month
1995-01-01,6.3579043,Underemployment Rate,ABS:LF_UNDER/M23.3.1599.20.AUS.M,Labour Market,Per cent,Month
1995-02-01,6.480601,Underemployment Rate,ABS:LF_UNDER/M23.3.1599.20.AUS.M,Labour Market,Per cent,Month
1995-03-01,6.4370172,Underemployment Rate,ABS:LF_UNDER/M23.3.1599.20.AUS.M,Labour Market,Per cent,Month
1995-04-01,6.4434398,Underemployment Rate,ABS:LF_UNDER/M23.3.1599.20.AUS.M,Labour Market,Per cent,Month
1995-05-01,6.3012411,Underemployment Rate,ABS:LF_UNDER/M23.3.1599.20.AUS.M,Labour Market,Per cent,Month
1995-06-01,6.511726,Underemployment Rate,ABS:LF_UNDER/M23.3.1599.20.AUS.M,Labour Market,Per cent,Month
1995-07-01,6.6109139,Underemployment Rate,ABS:LF_UNDER/M23.3.1599.20.AUS.M,Labour Market,Per cent,Month
1995-08-01,6.7120047,Underemployment Rate,ABS:LF_UNDER/M23.3.1599.20.AUS.M,Labour Market,Per cent,Month
1995-09-01,6.6934298,Underemployment Rate,ABS:LF_UNDER/M23.3.1599.20.AUS.M,Labour Market,Per cent,Month
1995-10-01,6.5485995,Underemployment Rate,ABS:LF_UNDER/M23.3.1599.20.AUS.M,Labour Market,Per cent,Month
1995-11-01,6.4282804,Underemployment Rate,ABS:LF_UNDER/M23.3.1599.20.AUS.M,Labour Market,Per cent,Month
1995-12-01,6.7019493,Underemployment Rate,ABS:LF_UNDER/M23.3.1599.20.AUS.M,Labour Market,Per cent,Month
1996-01-01,6.4036607,Underemployment Rate,ABS:LF_UNDER/M23.3.1599.20.AUS.M,Labour Market,Per cent,Month
1996-02-01,6.6989426,Underemployment Rate,ABS:LF_UNDER/M23.3.1599.20.AUS.M,Labour Market,Per cent,Month
1996-03-01,6.6570187,Underemployment Rate,ABS:LF_UNDER/M23.3.1599.20.AUS.M,Labour Market,Per cent,Month
1996-04-01,6.6037639,Underemployment Rate,ABS:LF_UNDER/M23.3.1599.20.AUS.M,Labour Market,Per cent,Month
1996-05-01,6.5608355,Underemployment Rate,ABS:LF_UNDER/M23.3.1599.20.AUS.M,Labour Market,Per cent,Month
1996-06-01,6.8161426,Underemployment Rate,ABS:LF_UNDER/M23.3.1599.20.AUS.M,Labour Market,Per cent,Month
1996-07-01,6.6876826,Underemployment Rate,ABS:LF_UNDER/M23.3.1599.20.AUS.M,Labour Market,Per cent,Month
1996-08-01,6.5860379,Underemployment Rate,ABS:LF_UNDER/M23.3.1599.20.AUS.M,Labour Market,Per cent,Month
1996-09-01,6.4282003,Underemployment Rate,ABS:LF_UNDER/M23.3.1599.20.AUS.M,Labour Market,Per cent,Month
1996-10-01,6.4750078,Underemployment Rate,ABS:LF_UNDER/M23.3.1599.20.AUS.M,Labour Market,Per cent,Month
1996-11-01,6.6143875,Underemployment Rate,ABS:LF_UNDER/M23.3.1599.20.AUS.M,Labour Market,Per cent,Month
1996-12-01,6.6232924,Underemployment Rate,ABS:LF_UNDER/M23.3.1599.20.AUS.M,Labour Market,Per cent,Month
1997-01-01,6.6645074,Underemployment Rate,ABS:LF_UNDER/M23.3.1599.20.AUS.M,Labour Market,Per cent,Month
1997-02-01,6.8396769,Underemployment Rate,ABS:LF_UNDER/M23.3.1599.20.AUS.M,Labour Market,Per cent,Month
1997-03-01,6.9224017,Underemployment Rate,ABS:LF_UNDER/M23.3.1599.20.AUS.M,Labour Market,Per cent,Month
1997-04-01,6.9122413,Underemployment Rate,ABS:LF_UNDER/M23.3.1599.20.AUS.M,Labour Market,Per cent,Month
1997-05-01,6.9539108,Underemployment Rate,ABS:LF_UNDER/M23.3.1599.20.AUS.M,Labour Market,Per cent,Month
1997-06-01,6.9522676,Underemployment Rate,ABS:LF_UNDER/M23.3.1599.20.AUS.M,Labour Market,Per cent,Month
1997-07-01,6.8874594,Underemployment Rate,ABS:LF_UNDER/M23.3.1599.20.AUS.M,Labour Market,Per cent,Month
1997-08-01,6.8495258,Underemployment Rate,ABS:LF_UNDER/M23.3.1599.20.AUS.M,Labour Market,Per cent,Month
1997-09-01,6.6850436,Underemployment Rate,ABS:LF_UNDER/M23.3.1599.20.AUS.M,Labour Market,Per cent,Month
1997-10-01,6.9462504,Underemployment Rate,ABS:LF_UNDER/M23.3.1599.20.AUS.M,Labour Market,Per cent,Month
1997-11-01,6.9022873,Underemployment Rate,ABS:LF_UNDER/M23.3.1599.20.AUS.M,Labour Market,Per cent,Month
1997-12-01,6.8296561,Underemployment Rate,ABS:LF_UNDER/M23.3.1599.20.AUS.M,Labour Market,Per cent,Month
1998-01-01,6.8627101,Underemployment Rate,ABS:LF_UNDER/M23.3.1599.20.AUS.M,Labour Market,Per cent,Month
1998-02-01,6.7604369,Underemployment Rate,ABS:LF_UNDER/M23.3.1599.20.AUS.M,Labour Market,Per cent,Month
1998-03-01,6.7332457,Underemployment Rate,ABS:LF_UNDER/M23.3.1599.20.AUS.M,Labour Market,Per cent,Month
1998-04-01,6.9856707,Underemployment Rate,ABS:LF_UNDER/M23.3.1599.20.AUS.M,Labour Market,Per cent,Month
1998-05-01,6.8444208,Underemployment Rate,ABS:LF_UNDER/M23.3.1599.20.AUS.M,Labour Market,Per cent,Month
1998-06-01,6.8380066,Underemployment Rate,ABS:LF_UNDER/M23.3.1599.20.AUS.M,Labour Market,Per cent,Month
1998-07-01,6.7207733,Underemployment Rate,ABS:LF_UNDER/M23.3.1599.20.AUS.M,Labour Market,Per cent,Month
1998-08-01,6.9103118,Underemployment Rate,ABS:LF_UNDER/M23.3.1599.20.AUS.M,Labour Market,Per cent,Month
1998-09-01,6.6012688,Underemployment Rate,ABS:LF_UNDER/M23.3.1599.20.AUS.M,Labour Market,Per cent,Month
1998-10-01,6.9398703,Underemployment Rate,ABS:LF_UNDER/M23.3.1599.20.AUS.M,Labour Market,Per cent,Month
1998-11-01,6.7271241,Underemployment Rate,ABS:LF_UNDER/M23.3.1599.20.AUS.M,Labour Market,Per cent,Month
1998-12-01,6.7781313,Underemployment Rate,ABS:LF_UNDER/M23.3.1599.20.AUS.M,Labour Market,Per cent,Month
1999-01-01,6.6325335,Underemployment Rate,ABS:LF_UNDER/M23.3.1599.20.AUS.M,Labour Market,Per cent,Month
1999-02-01,6.5920727,Underemployment Rate,ABS:LF_UNDER/M23.3.1599.20.AUS.M,Labour Market,Per cent,Month
1999-03-01,6.6004262,Underemployment Rate,ABS:LF_UNDER/M23.3.1599.20.AUS.M,Labour Market,Per cent,Month
1999-04-01,6.8040939,Underemployment Rate,ABS:LF_UNDER/M23.3.1599.20.AUS.M,Labour Market,Per cent,Month
1999-05-01,6.756874,Underemployment Rate,ABS:LF_UNDER/M23.3.1599.20.AUS.M,Labour Market,Per cent,Month
1999-06-01,6.9168757,Underemployment Rate,ABS:LF_UNDER/M23.3.1599.20.AUS.M,Labour Market,Per cent,Month
1999-07-01,6.6496636,Underemployment Rate,ABS:LF_UNDER/M23.3.1599.20.AUS.M,Labour Market,Per cent,Month
1999-08-01,6.4025194,Underemployment Rate,ABS:LF_UNDER/M23.3.1599.20.AUS.M,Labour Market,Per cent,Month
1999-09-01,6.0692663,Underemployment Rate,ABS:LF_UNDER/M23.3.1599.20.AUS.M,Labour Market,Per cent,Month
1999-10-01,6.3908451,Underemployment Rate,ABS:LF_UNDER/M23.3.1599.20.AUS.M,Labour Market,Per cent,Month
1999-11-01,6.5108877,Underemployment Rate,ABS:LF_UNDER/M23.3.1599.20.AUS.M,Labour Market,Per cent,Month
1999-12-01,6.3563458,Underemployment Rate,ABS:LF_UNDER/M23.3.1599.20.AUS.M,Labour Market,Per cent,Month
2000-01-01,6.3763158,Underemployment Rate,ABS:LF_UNDER/M23.3.1599.20.AUS.M,Labour Market,Per cent,Month
2000-02-01,6.4439696,Underemployment Rate,ABS:LF_UNDER/M23.3.1599.20.AUS.M,Labour Market,Per cent,Month
2000-03-01,5.7417356,Underemployment Rate,ABS:LF_UNDER/M23.3.1599.20.AUS.M,Labour Market,Per cent,Month
2000-04-01,5.9203326,Underemployment Rate,ABS:LF_UNDER/M23.3.1599.20.AUS.M,Labour Market,Per cent,Month
2000-05-01,6.4082923,Underemployment Rate,ABS:LF_UNDER/M23.3.1599.20.AUS.M,Labour Market,Per cent,Month
2000-06-01,5.9294731,Underemployment Rate,ABS:LF_UNDER/M23.3.1599.20.AUS.M,Labour Market,Per cent,Month
2000-07-01,5.7054956,Underemployment Rate,ABS:LF_UNDER/M23.3.1599.20.AUS.M,Labour Market,Per cent,Month
2000-08-01,6.5242462,Underemployment Rate,ABS:LF_UNDER/M23.3.1599.20.AUS.M,Labour Market,Per cent,Month
2000-09-01,6.1083116,Underemployment Rate,ABS:LF_UNDER/M23.3.1599.20.AUS.M,Labour Market,Per cent,Month
2000-10-01,6.6367722,Underemployment Rate,ABS:LF_UNDER/M23.3.1599.20.AUS.M,Labour Market,Per cent,Month
2000-11-01,6.7476837,Underemployment Rate,ABS:LF_UNDER/M23.3.1599.20.AUS.M,Labour Market,Per cent,Month
2000-12-01,6.5559781,Underemployment Rate,ABS:LF_UNDER/M23.3.1599.20.AUS.M,Labour Market,Per cent,Month
2001-01-01,6.6266049,Underemployment Rate,ABS:LF_UNDER/M23.3.1599.20.AUS.M,Labour Market,Per cent,Month
2001-02-01,6.5811919,Underemployment Rate,ABS:LF_UNDER/M23.3.1599.20.AUS.M,Labour Market,Per cent,Month
2001-03-01,6.628155,Underemployment Rate,ABS:LF_UNDER/M23.3.1599.20.AUS.M,Labour Market,Per cent,Month
2001-04-01,6.3086343,Underemployment Rate,ABS:LF_UNDER/M23.3.1599.20.AUS.M,Labour Market,Per cent,Month
2001-05-01,6.2333112,Underemployment Rate,ABS:LF_UNDER/M23.3.1599.20.AUS.M,Labour Market,Per cent,Month
2001-06-01,6.3677456,Underemployment Rate,ABS:LF_UNDER/M23.3.1599.20.AUS.M,Labour Market,Per cent,Month
2001-07-01,6.5134409,Underemployment Rate,ABS:LF_UNDER/M23.3.1599.20.AUS.M,Labour Market,Per cent,Month
2001-08-01,6.5811461,Underemployment Rate,ABS:LF_UNDER/M23.3.1599.20.AUS.M,Labour Market,Per cent,Month
2001-09-01,6.6649376,Underemployment Rate,ABS:LF_UNDER/M23.3.1599.20.AUS.M,Labour Market,Per cent,Month
2001-10-01,6.5932027,Underemployment Rate,ABS:LF_UNDER/M23.3.1599.20.AUS.M,Labour Market,Per cent,Month
2001-11-01,6.5338656,Underemployment Rate,ABS:LF_UNDER/M23.3.1599.20.AUS.M,Labour Market,Per cent,Month
2001-12-01,6.5370173,Underemployment Rate,ABS:LF_UNDER/M23.3.1599.20.AUS.M,Labour Market,Per cent,Month
2002-01-01,6.5852895,Underemployment Rate,ABS:LF_UNDER/M23.3.1599.20.AUS.M,Labour Market,Per cent,Month
2002-02-01,6.576965,Underemployment Rate,ABS:LF_UNDER/M23.3.1599.20.AUS.M,Labour Market,Per cent,Month
2002-03-01,6.4866914,Underemployment Rate,ABS:LF_UNDER/M23.3.1599.20.AUS.M,Labour Market,Per cent,Month
2002-04-01,6.4278014,Underemployment Rate,ABS:LF_UNDER/M23.3.1599.20.AUS.M,Labour Market,Per cent,Month
2002-05-01,6.3055967,Underemployment Rate,ABS:LF_UNDER/M23.3.1599.20.AUS.M,Labour Market,Per cent,Month
2002-06-01,6.1885254,Underemployment Rate,ABS:LF_UNDER/M23.3.1599.20.AUS.M,Labour Market,Per cent,Month
2002-07-01,6.3134457,Underemployment Rate,ABS:LF_UNDER/M23.3.1599.20.AUS.M,Labour Market,Per cent,Month
2002-08-01,6.2893606,Underemployment Rate,ABS:LF_UNDER/M23.3.1599.20.AUS.M,Labour Market,Per cent,Month
2002-09-01,6.2283029,Underemployment Rate,ABS:LF_UNDER/M23.3.1599.20.AUS.M,Labour Market,Per cent,Month
2002-10-01,6.1133845000000004,Underemployment Rate,ABS:LF_UNDER/M23.3.1599.20.AUS.M,Labour Market,Per cent,Month
2002-11-01,5.8861439,Underemployment Rate,ABS:LF_UNDER/M23.3.1599.20.AUS.M,Labour Market,Per cent,Month
2002-12-01,6.1318301,Underemployment Rate,ABS:LF_UNDER/M23.3.1599.20.AUS.M,Labour Market,Per cent,Month
2003-01-01,6.5094153,Underemployment Rate,ABS:LF_UNDER/M23.3.1599.20.AUS.M,Labour Market,Per cent,Month
2003-02-01,6.8244325,Underemployment Rate,ABS:LF_UNDER/M23.3.1599.20.AUS.M,Labour Market,Per cent,Month
2003-03-01,6.9546277,Underemployment Rate,ABS:LF_UNDER/M23.3.1599.20.AUS.M,Labour Market,Per cent,Month
2003-04-01,7.1466712,Underemployment Rate,ABS:LF_UNDER/M23.3.1599.20.AUS.M,Labour Market,Per cent,Month
2003-05-01,7.101464,Underemployment Rate,ABS:LF_UNDER/M23.3.1599.20.AUS.M,Labour Market,Per cent,Month
2003-06-01,7.1359142,Underemployment Rate,ABS:LF_UNDER/M23.3.1599.20.AUS.M,Labour Market,Per cent,Month
2003-07-01,7.0138501,Underemployment Rate,ABS:LF_UNDER/M23.3.1599.20.AUS.M,Labour Market,Per cent,Month
2003-08-01,6.9429542,Underemployment Rate,ABS:LF_UNDER/M23.3.1599.20.AUS.M,Labour Market,Per cent,Month
2003-09-01,7.0801703,Underemployment Rate,ABS:LF_UNDER/M23.3.1599.20.AUS.M,Labour Market,Per cent,Month
2003-10-01,7.1635517,Underemployment Rate,ABS:LF_UNDER/M23.3.1599.20.AUS.M,Labour Market,Per cent,Month
2003-11-01,7.2911524,Underemployment Rate,ABS:LF_UNDER/M23.3.1599.20.AUS.M,Labour Market,Per cent,Month
2003-12-01,7.133735,Underemployment Rate,ABS:LF_UNDER/M23.3.1599.20.AUS.M,Labour Market,Per cent,Month
2004-01-01,6.9307528,Underemployment Rate,ABS:LF_UNDER/M23.3.1599.20.AUS.M,Labour Market,Per cent,Month
2004-02-01,6.8960804,Underemployment Rate,ABS:LF_UNDER/M23.3.1599.20.AUS.M,Labour Market,Per cent,Month
2004-03-01,7.0184436,Underemployment Rate,ABS:LF_UNDER/M23.3.1599.20.AUS.M,Labour Market,Per cent,Month
2004-04-01,6.7568851,Underemployment Rate,ABS:LF_UNDER/M23.3.1599.20.AUS.M,Labour Market,Per cent,Month
2004-05-01,7.0445471,Underemployment Rate,ABS:LF_UNDER/M23.3.1599.20.AUS.M,Labour Market,Per cent,Month
2004-06-01,7.0685674,Underemployment Rate,ABS:LF_UNDER/M23.3.1599.20.AUS.M,Labour Market,Per cent,Month
2004-07-01,6.970349,Underemployment Rate,ABS:LF_UNDER/M23.3.1599.20.AUS.M,Labour Market,Per cent,Month
2004-08-01,6.9590181,Underemployment Rate,ABS:LF_UNDER/M23.3.1599.20.AUS.M,Labour Market,Per cent,Month
2004-09-01,7.0121377,Underemployment Rate,ABS:LF_UNDER/M23.3.1599.20.AUS.M,Labour Market,Per cent,Month
2004-10-01,6.8911647,Underemployment Rate,ABS:LF_UNDER/M23.3.1599.20.AUS.M,Labour Market,Per cent,Month
2004-11-01,6.8473474,Underemployment Rate,ABS:LF_UNDER/M23.3.1599.20.AUS.M,Labour Market,Per cent,Month
2004-12-01,6.8881635,Underemployment Rate,ABS:LF_UNDER/M23.3.1599.20.AUS.M,Labour Market,Per cent,Month
2005-01-01,6.8121607,Underemployment Rate,ABS:LF_UNDER/M23.3.1599.20.AUS.M,Labour Market,Per cent,Month
2005-02-01,6.8204823,Underemployment Rate,ABS:LF_UNDER/M23.3.1599.20.AUS.M,Labour Market,Per cent,Month
2005-03-01,6.7911859,Underemployment Rate,ABS:LF_UNDER/M23.3.1599.20.AUS.M,Labour Market,Per cent,Month
2005-04-01,6.8392098,Underemployment Rate,ABS:LF_UNDER/M23.3.1599.20.AUS.M,Labour Market,Per cent,Month
2005-05-01,6.7658712,Underemployment Rate,ABS:LF_UNDER/M23.3.1599.20.AUS.M,Labour Market,Per cent,Month
2005-06-01,6.7943206,Underemployment Rate,ABS:LF_UNDER/M23.3.1599.20.AUS.M,Labour Market,Per cent,Month
2005-07-01,6.5997175,Underemployment Rate,ABS:LF_UNDER/M23.3.1599.20.AUS.M,Labour Market,Per cent,Month
2005-08-01,6.589989,Underemployment Rate,ABS:LF_UNDER/M23.3.1599.20.AUS.M,Labour Market,Per cent,Month
2005-09-01,6.669939,Underemployment Rate,ABS:LF_UNDER/M23.3.1599.20.AUS.M,Labour Market,Per cent,Month
2005-10-01,6.682022,Underemployment Rate,ABS:LF_UNDER/M23.3.1599.20.AUS.M,Labour Market,Per cent,Month
2005-11-01,6.7983712,Underemployment Rate,ABS:LF_UNDER/M23.3.1599.20.AUS.M,Labour Market,Per cent,Month
2005-12-01,6.6761526,Underemployment Rate,ABS:LF_UNDER/M23.3.1599.20.AUS.M,Labour Market,Per cent,Month
2006-01-01,6.6785301,Underemployment Rate,ABS:LF_UNDER/M23.3.1599.20.AUS.M,Labour Market,Per cent,Month
2006-02-01,6.6469561,Underemployment Rate,ABS:LF_UNDER/M23.3.1599.20.AUS.M,Labour Market,Per cent,Month
2006-03-01,6.5296448,Underemployment Rate,ABS:LF_UNDER/M23.3.1599.20.AUS.M,Labour Market,Per cent,Month
2006-04-01,6.5356594,Underemployment Rate,ABS:LF_UNDER/M23.3.1599.20.AUS.M,Labour Market,Per cent,Month
2006-05-01,6.5264592,Underemployment Rate,ABS:LF_UNDER/M23.3.1599.20.AUS.M,Labour Market,Per cent,Month
2006-06-01,6.5729228,Underemployment Rate,ABS:LF_UNDER/M23.3.1599.20.AUS.M,Labour Market,Per cent,Month
2006-07-01,6.5988389,Underemployment Rate,ABS:LF_UNDER/M23.3.1599.20.AUS.M,Labour Market,Per cent,Month
2006-08-01,6.6081741,Underemployment Rate,ABS:LF_UNDER/M23.3.1599.20.AUS.M,Labour Market,Per cent,Month
2006-09-01,6.5953599,Underemployment Rate,ABS:LF_UNDER/M23.3.1599.20.AUS.M,Labour Market,Per cent,Month
2006-10-01,6.3849945,Underemployment Rate,ABS:LF_UNDER/M23.3.1599.20.AUS.M,Labour Market,Per cent,Month
2006-11-01,6.2535821,Underemployment Rate,ABS:LF_UNDER/M23.3.1599.20.AUS.M,Labour Market,Per cent,Month
2006-12-01,6.2876693,Underemployment Rate,ABS:LF_UNDER/M23.3.1599.20.AUS.M,Labour Market,Per cent,Month
2007-01-01,6.3303191,Underemployment Rate,ABS:LF_UNDER/M23.3.1599.20.AUS.M,Labour Market,Per cent,Month
2007-02-01,6.4328997,Underemployment Rate,ABS:LF_UNDER/M23.3.1599.20.AUS.M,Labour Market,Per cent,Month
2007-03-01,6.3038464,Underemployment Rate,ABS:LF_UNDER/M23.3.1599.20.AUS.M,Labour Market,Per cent,Month
2007-04-01,6.2306213,Underemployment Rate,ABS:LF_UNDER/M23.3.1599.20.AUS.M,Labour Market,Per cent,Month
2007-05-01,6.2737004,Underemployment Rate,ABS:LF_UNDER/M23.3.1599.20.AUS.M,Labour Market,Per cent,Month
2007-06-01,6.249651,Underemployment Rate,ABS:LF_UNDER/M23.3.1599.20.AUS.M,Labour Market,Per cent,Month
2007-07-01,6.2689815,Underemployment Rate,ABS:LF_UNDER/M23.3.1599.20.AUS.M,Labour Market,Per cent,Month
2007-08-01,6.2503267,Underemployment Rate,ABS:LF_UNDER/M23.3.1599.20.AUS.M,Labour Market,Per cent,Month
2007-09-01,6.1914899,Underemployment Rate,ABS:LF_UNDER/M23.3.1599.20.AUS.M,Labour Market,Per cent,Month
2007-10-01,6.1591111,Underemployment Rate,ABS:LF_UNDER/M23.3.1599.20.AUS.M,Labour Market,Per cent,Month
2007-11-01,6.053734,Underemployment Rate,ABS:LF_UNDER/M23.3.1599.20.AUS.M,Labour Market,Per cent,Month
2007-12-01,6.0522603,Underemployment Rate,ABS:LF_UNDER/M23.3.1599.20.AUS.M,Labour Market,Per cent,Month
2008-01-01,6.0143012,Underemployment Rate,ABS:LF_UNDER/M23.3.1599.20.AUS.M,Labour Market,Per cent,Month
2008-02-01,5.9084388,Underemployment Rate,ABS:LF_UNDER/M23.3.1599.20.AUS.M,Labour Market,Per cent,Month
2008-03-01,5.9280316,Underemployment Rate,ABS:LF_UNDER/M23.3.1599.20.AUS.M,Labour Market,Per cent,Month
2008-04-01,6.0170407,Underemployment Rate,ABS:LF_UNDER/M23.3.1599.20.AUS.M,Labour Market,Per cent,Month
2008-05-01,5.9457729,Underemployment Rate,ABS:LF_UNDER/M23.3.1599.20.AUS.M,Labour Market,Per cent,Month
2008-06-01,5.8037641,Underemployment Rate,ABS:LF_UNDER/M23.3.1599.20.AUS.M,Labour Market,Per cent,Month
2008-07-01,5.8520461,Underemployment Rate,ABS:LF_UNDER/M23.3.1599.20.AUS.M,Labour Market,Per cent,Month
2008-08-01,5.7233545,Underemployment Rate,ABS:LF_UNDER/M23.3.1599.20.AUS.M,Labour Market,Per cent,Month
2008-09-01,5.9547287,Underemployment Rate,ABS:LF_UNDER/M23.3.1599.20.AUS.M,Labour Market,Per cent,Month
2008-10-01,6.2388016,Underemployment Rate,ABS:LF_UNDER/M23.3.1599.20.AUS.M,Labour Market,Per cent,Month
2008-11-01,6.307013,Underemployment Rate,ABS:LF_UNDER/M23.3.1599.20.AUS.M,Labour Market,Per cent,Month
2008-12-01,6.680746,Underemployment Rate,ABS:LF_UNDER/M23.3.1599.20.AUS.M,Labour Market,Per cent,Month
2009-01-01,6.9414471,Underemployment Rate,ABS:LF_UNDER/M23.3.1599.20.AUS.M,Labour Market,Per cent,Month
2009-02-01,7.2524197,Underemployment Rate,ABS:LF_UNDER/M23.3.1599.20.AUS.M,Labour Market,Per cent,Month
2009-03-01,7.3485185,Underemployment Rate,ABS:LF_UNDER/M23.3.1599.20.AUS.M,Labour Market,Per cent,Month
2009-04-01,7.4301458,Underemployment Rate,ABS:LF_UNDER/M23.3.1599.20.AUS.M,Labour Market,Per cent,Month
2009-05-01,7.6523581,Underemployment Rate,ABS:LF_UNDER/M23.3.1599.20.AUS.M,Labour Market,Per cent,Month
2009-06-01,7.5051069,Underemployment Rate,ABS:LF_UNDER/M23.3.1599.20.AUS.M,Labour Market,Per cent,Month
2009-07-01,7.5655862,Underemployment Rate,ABS:LF_UNDER/M23.3.1599.20.AUS.M,Labour Market,Per cent,Month
2009-08-01,7.5638395,Underemployment Rate,ABS:LF_UNDER/M23.3.1599.20.AUS.M,Labour Market,Per cent,Month
2009-09-01,7.6024764,Underemployment Rate,ABS:LF_UNDER/M23.3.1599.20.AUS.M,Labour Market,Per cent,Month
2009-10-01,7.5606627,Underemployment Rate,ABS:LF_UNDER/M23.3.1599.20.AUS.M,Labour Market,Per cent,Month
2009-11-01,7.6037615,Underemployment Rate,ABS:LF_UNDER/M23.3.1599.20.AUS.M,Labour Market,Per cent,Month
2009-12-01,7.5426871,Underemployment Rate,ABS:LF_UNDER/M23.3.1599.20.AUS.M,Labour Market,Per cent,Month
2010-01-01,7.5478422,Underemployment Rate,ABS:LF_UNDER/M23.3.1599.20.AUS.M,Labour Market,Per cent,Month
2010-02-01,7.4669849,Underemployment Rate,ABS:LF_UNDER/M23.3.1599.20.AUS.M,Labour Market,Per cent,Month
2010-03-01,7.2940922,Underemployment Rate,ABS:LF_UNDER/M23.3.1599.20.AUS.M,Labour Market,Per cent,Month
2010-04-01,7.108398,Underemployment Rate,ABS:LF_UNDER/M23.3.1599.20.AUS.M,Labour Market,Per cent,Month
2010-05-01,6.9918965,Underemployment Rate,ABS:LF_UNDER/M23.3.1599.20.AUS.M,Labour Market,Per cent,Month
2010-06-01,7.0339629,Underemployment Rate,ABS:LF_UNDER/M23.3.1599.20.AUS.M,Labour Market,Per cent,Month
2010-07-01,7.0757298,Underemployment Rate,ABS:LF_UNDER/M23.3.1599.20.AUS.M,Labour Market,Per cent,Month
2010-08-01,7.1983876,Underemployment Rate,ABS:LF_UNDER/M23.3.1599.20.AUS.M,Labour Market,Per cent,Month
2010-09-01,7.1511002,Underemployment Rate,ABS:LF_UNDER/M23.3.1599.20.AUS.M,Labour Market,Per cent,Month
2010-10-01,7.0546554,Underemployment Rate,ABS:LF_UNDER/M23.3.1599.20.AUS.M,Labour Market,Per cent,Month
2010-11-01,6.9160811,Underemployment Rate,ABS:LF_UNDER/M23.3.1599.20.AUS.M,Labour Market,Per cent,Month
2010-12-01,6.9552855,Underemployment Rate,ABS:LF_UNDER/M23.3.1599.20.AUS.M,Labour Market,Per cent,Month
2011-01-01,6.8402003,Underemployment Rate,ABS:LF_UNDER/M23.3.1599.20.AUS.M,Labour Market,Per cent,Month
2011-02-01,6.8655355,Underemployment Rate,ABS:LF_UNDER/M23.3.1599.20.AUS.M,Labour Market,Per cent,Month
2011-03-01,6.9489639,Underemployment Rate,ABS:LF_UNDER/M23.3.1599.20.AUS.M,Labour Market,Per cent,Month
2011-04-01,7.0242631,Underemployment Rate,ABS:LF_UNDER/M23.3.1599.20.AUS.M,Labour Market,Per cent,Month
2011-05-01,7.0699245,Underemployment Rate,ABS:LF_UNDER/M23.3.1599.20.AUS.M,Labour Market,Per cent,Month
2011-06-01,6.9822418,Underemployment Rate,ABS:LF_UNDER/M23.3.1599.20.AUS.M,Labour Market,Per cent,Month
2011-07-01,6.8122492,Underemployment Rate,ABS:LF_UNDER/M23.3.1599.20.AUS.M,Labour Market,Per cent,Month
2011-08-01,6.7679276,Underemployment Rate,ABS:LF_UNDER/M23.3.1599.20.AUS.M,Labour Market,Per cent,Month
2011-09-01,6.8389907,Underemployment Rate,ABS:LF_UNDER/M23.3.1599.20.AUS.M,Labour Market,Per cent,Month
2011-10-01,6.9486305,Underemployment Rate,ABS:LF_UNDER/M23.3.1599.20.AUS.M,Labour Market,Per cent,Month
2011-11-01,7.0679358,Underemployment Rate,ABS:LF_UNDER/M23.3.1599.20.AUS.M,Labour Market,Per cent,Month
2011-12-01,7.1345737,Underemployment Rate,ABS:LF_UNDER/M23.3.1599.20.AUS.M,Labour Market,Per cent,Month
2012-01-01,7.1546604,Underemployment Rate,ABS:LF_UNDER/M23.3.1599.20.AUS.M,Labour Market,Per cent,Month
2012-02-01,7.2493183,Underemployment Rate,ABS:LF_UNDER/M23.3.1599.20.AUS.M,Labour Market,Per cent,Month
2012-03-01,7.2333035,Underemployment Rate,ABS:LF_UNDER/M23.3.1599.20.AUS.M,Labour Market,Per cent,Month
2012-04-01,7.293206,Underemployment Rate,ABS:LF_UNDER/M23.3.1599.20.AUS.M,Labour Market,Per cent,Month
2012-05-01,7.3522699,Underemployment Rate,ABS:LF_UNDER/M23.3.1599.20.AUS.M,Labour Market,Per cent,Month
2012-06-01,7.1814052,Underemployment Rate,ABS:LF_UNDER/M23.3.1599.20.AUS.M,Labour Market,Per cent,Month
2012-07-01,7.0606378,Underemployment Rate,ABS:LF_UNDER/M23.3.1599.20.AUS.M,Labour Market,Per cent,Month
2012-08-01,6.938247,Underemployment Rate,ABS:LF_UNDER/M23.3.1599.20.AUS.M,Labour Market,Per cent,Month
2012-09-01,6.8475475,Underemployment Rate,ABS:LF_UNDER/M23.3.1599.20.AUS.M,Labour Market,Per cent,Month
2012-10-01,6.9914435,Underemployment Rate,ABS:LF_UNDER/M23.3.1599.20.AUS.M,Labour Market,Per cent,Month
2012-11-01,7.0418555,Underemployment Rate,ABS:LF_UNDER/M23.3.1599.20.AUS.M,Labour Market,Per cent,Month
2012-12-01,7.0231731,Underemployment Rate,ABS:LF_UNDER/M23.3.1599.20.AUS.M,Labour Market,Per cent,Month
2013-01-01,6.9840298,Underemployment Rate,ABS:LF_UNDER/M23.3.1599.20.AUS.M,Labour Market,Per cent,Month
2013-02-01,7.0442189,Underemployment Rate,ABS:LF_UNDER/M23.3.1599.20.AUS.M,Labour Market,Per cent,Month
2013-03-01,7.2250661,Underemployment Rate,ABS:LF_UNDER/M23.3.1599.20.AUS.M,Labour Market,Per cent,Month
2013-04-01,7.2078958,Underemployment Rate,ABS:LF_UNDER/M23.3.1599.20.AUS.M,Labour Market,Per cent,Month
2013-05-01,7.4573192,Underemployment Rate,ABS:LF_UNDER/M23.3.1599.20.AUS.M,Labour Market,Per cent,Month
2013-06-01,7.5417576,Underemployment Rate,ABS:LF_UNDER/M23.3.1599.20.AUS.M,Labour Market,Per cent,Month
2013-07-01,7.3811426000000004,Underemployment Rate,ABS:LF_UNDER/M23.3.1599.20.AUS.M,Labour Market,Per cent,Month
2013-08-01,7.6237443,Underemployment Rate,ABS:LF_UNDER/M23.3.1599.20.AUS.M,Labour Market,Per cent,Month
2013-09-01,7.4558755,Underemployment Rate,ABS:LF_UNDER/M23.3.1599.20.AUS.M,Labour Market,Per cent,Month
2013-10-01,7.5138919,Underemployment Rate,ABS:LF_UNDER/M23.3.1599.20.AUS.M,Labour Market,Per cent,Month
2013-11-01,7.4670777,Underemployment Rate,ABS:LF_UNDER/M23.3.1599.20.AUS.M,Labour Market,Per cent,Month
2013-12-01,7.5106818,Underemployment Rate,ABS:LF_UNDER/M23.3.1599.20.AUS.M,Labour Market,Per cent,Month
2014-01-01,7.3422325,Underemployment Rate,ABS:LF_UNDER/M23.3.1599.20.AUS.M,Labour Market,Per cent,Month
2014-02-01,7.4993539,Underemployment Rate,ABS:LF_UNDER/M23.3.1599.20.AUS.M,Labour Market,Per cent,Month
2014-03-01,7.5311515,Underemployment Rate,ABS:LF_UNDER/M23.3.1599.20.AUS.M,Labour Market,Per cent,Month
2014-04-01,7.6503918,Underemployment Rate,ABS:LF_UNDER/M23.3.1599.20.AUS.M,Labour Market,Per cent,Month
2014-05-01,7.7610735,Underemployment Rate,ABS:LF_UNDER/M23.3.1599.20.AUS.M,Labour Market,Per cent,Month
2014-06-01,7.9208737,Underemployment Rate,ABS:LF_UNDER/M23.3.1599.20.AUS.M,Labour Market,Per cent,Month
2014-07-01,8.3021713,Underemployment Rate,ABS:LF_UNDER/M23.3.1599.20.AUS.M,Labour Market,Per cent,Month
2014-08-01,8.3930933,Underemployment Rate,ABS:LF_UNDER/M23.3.1599.20.AUS.M,Labour Market,Per cent,Month
2014-09-01,8.8020726,Underemployment Rate,ABS:LF_UNDER/M23.3.1599.20.AUS.M,Labour Market,Per cent,Month
2014-10-01,8.1993121,Underemployment Rate,ABS:LF_UNDER/M23.3.1599.20.AUS.M,Labour Market,Per cent,Month
2014-11-01,8.6424321,Underemployment Rate,ABS:LF_UNDER/M23.3.1599.20.AUS.M,Labour Market,Per cent,Month
2014-12-01,8.4419875,Underemployment Rate,ABS:LF_UNDER/M23.3.1599.20.AUS.M,Labour Market,Per cent,Month
2015-01-01,8.5248435,Underemployment Rate,ABS:LF_UNDER/M23.3.1599.20.AUS.M,Labour Market,Per cent,Month
2015-02-01,8.5218105,Underemployment Rate,ABS:LF_UNDER/M23.3.1599.20.AUS.M,Labour Market,Per cent,Month
2015-03-01,8.1466753,Underemployment Rate,ABS:LF_UNDER/M23.3.1599.20.AUS.M,Labour Market,Per cent,Month
2015-04-01,8.3189826,Underemployment Rate,ABS:LF_UNDER/M23.3.1599.20.AUS.M,Labour Market,Per cent,Month
2015-05-01,8.3817853,Underemployment Rate,ABS:LF_UNDER/M23.3.1599.20.AUS.M,Labour Market,Per cent,Month
2015-06-01,8.3784162,Underemployment Rate,ABS:LF_UNDER/M23.3.1599.20.AUS.M,Labour Market,Per cent,Month
2015-07-01,8.6408968,Underemployment Rate,ABS:LF_UNDER/M23.3.1599.20.AUS.M,Labour Market,Per cent,Month
2015-08-01,8.3908442,Underemployment Rate,ABS:LF_UNDER/M23.3.1599.20.AUS.M,Labour Market,Per cent,Month
2015-09-01,8.7637105,Underemployment Rate,ABS:LF_UNDER/M23.3.1599.20.AUS.M,Labour Market,Per cent,Month
2015-10-01,8.7018796,Underemployment Rate,ABS:LF_UNDER/M23.3.1599.20.AUS.M,Labour Market,Per cent,Month
2015-11-01,8.5711275,Underemployment Rate,ABS:LF_UNDER/M23.3.1599.20.AUS.M,Labour Market,Per cent,Month
2015-12-01,8.4510765,Underemployment Rate,ABS:LF_UNDER/M23.3.1599.20.AUS.M,Labour Market,Per cent,Month
2016-01-01,8.5190099,Underemployment Rate,ABS:LF_UNDER/M23.3.1599.20.AUS.M,Labour Market,Per cent,Month
2016-02-01,8.3692102,Underemployment Rate,ABS:LF_UNDER/M23.3.1599.20.AUS.M,Labour Market,Per cent,Month
2016-03-01,8.3808119,Underemployment Rate,ABS:LF_UNDER/M23.3.1599.20.AUS.M,Labour Market,Per cent,Month
2016-04-01,8.6126626,Underemployment Rate,ABS:LF_UNDER/M23.3.1599.20.AUS.M,Labour Market,Per cent,Month
2016-05-01,8.3318755,Underemployment Rate,ABS:LF_UNDER/M23.3.1599.20.AUS.M,Labour Market,Per cent,Month
2016-06-01,8.7783804,Underemployment Rate,ABS:LF_UNDER/M23.3.1599.20.AUS.M,Labour Market,Per cent,Month
2016-07-01,9.0184249,Underemployment Rate,ABS:LF_UNDER/M23.3.1599.20.AUS.M,Labour Market,Per cent,Month
2016-08-01,8.7518163,Underemployment Rate,ABS:LF_UNDER/M23.3.1599.20.AUS.M,Labour Market,Per cent,Month
2016-09-01,8.6913336,Underemployment Rate,ABS:LF_UNDER/M23.3.1599.20.AUS.M,Labour Market,Per cent,Month
2016-10-01,8.5032515,Underemployment Rate,ABS:LF_UNDER/M23.3.1599.20.AUS.M,Labour Market,Per cent,Month
2016-11-01,8.4774786,Underemployment Rate,ABS:LF_UNDER/M23.3.1599.20.AUS.M,Labour Market,Per cent,Month
2016-12-01,8.5659833,Underemployment Rate,ABS:LF_UNDER/M23.3.1599.20.AUS.M,Labour Market,Per cent,Month
2017-01-01,8.738806,Underemployment Rate,ABS:LF_UNDER/M23.3.1599.20.AUS.M,Labour Market,Per cent,Month
2017-02-01,8.9791222,Underemployment Rate,ABS:LF_UNDER/M23.3.1599.20.AUS.M,Labour Market,Per cent,Month
2017-03-01,8.5859206,Underemployment Rate,ABS:LF_UNDER/M23.3.1599.20.AUS.M,Labour Market,Per cent,Month
2017-04-01,8.7220846,Underemployment Rate,ABS:LF_UNDER/M23.3.1599.20.AUS.M,Labour Market,Per cent,Month
2017-05-01,8.7263356,Underemployment Rate,ABS:LF_UNDER/M23.3.1599.20.AUS.M,Labour Market,Per cent,Month
2017-06-01,8.4143741,Underemployment Rate,ABS:LF_UNDER/M23.3.1599.20.AUS.M,Labour Market,Per cent,Month
2017-07-01,8.4961485,Underemployment Rate,ABS:LF_UNDER/M23.3.1599.20.AUS.M,Labour Market,Per cent,Month
2017-08-01,8.5608654,Underemployment Rate,ABS:LF_UNDER/M23.3.1599.20.AUS.M,Labour Market,Per cent,Month
2017-09-01,8.4995078,Underemployment Rate,ABS:LF_UNDER/M23.3.1599.20.AUS.M,Labour Market,Per cent,Month
2017-10-01,8.4428804,Underemployment Rate,ABS:LF_UNDER/M23.3.1599.20.AUS.M,Labour Market,Per cent,Month
2017-11-01,8.5111428,Underemployment Rate,ABS:LF_UNDER/M23.3.1599.20.AUS.M,Labour Market,Per cent,Month
2017-12-01,8.4618199,Underemployment Rate,ABS:LF_UNDER/M23.3.1599.20.AUS.M,Labour Market,Per cent,Month
2018-01-01,8.6857241,Underemployment Rate,ABS:LF_UNDER/M23.3.1599.20.AUS.M,Labour Market,Per cent,Month
2018-02-01,8.4783571,Underemployment Rate,ABS:LF_UNDER/M23.3.1599.20.AUS.M,Labour Market,Per cent,Month
2018-03-01,8.5678199,Underemployment Rate,ABS:LF_UNDER/M23.3.1599.20.AUS.M,Labour Market,Per cent,Month
2018-04-01,8.4254653,Underemployment Rate,ABS:LF_UNDER/M23.3.1599.20.AUS.M,Labour Market,Per cent,Month
2018-05-01,8.5189288,Underemployment Rate,ABS:LF_UNDER/M23.3.1599.20.AUS.M,Labour Market,Per cent,Month
2018-06-01,8.5783911,Underemployment Rate,ABS:LF_UNDER/M23.3.1599.20.AUS.M,Labour Market,Per cent,Month
2018-07-01,8.470597,Underemployment Rate,ABS:LF_UNDER/M23.3.1599.20.AUS.M,Labour Market,Per cent,Month
2018-08-01,8.1367872,Underemployment Rate,ABS:LF_UNDER/M23.3.1599.20.AUS.M,Labour Market,Per cent,Month
2018-09-01,8.2589921,Underemployment Rate,ABS:LF_UNDER/M23.3.1599.20.AUS.M,Labour Market,Per cent,Month
2018-10-01,8.2080187,Underemployment Rate,ABS:LF_UNDER/M23.3.1599.20.AUS.M,Labour Market,Per cent,Month
2018-11-01,8.5093673,Underemployment Rate,ABS:LF_UNDER/M23.3.1599.20.AUS.M,Labour Market,Per cent,Month
2018-12-01,8.297683,Underemployment Rate,ABS:LF_UNDER/M23.3.1599.20.AUS.M,Labour Market,Per cent,Month
2019-01-01,8.0802865,Underemployment Rate,ABS:LF_UNDER/M23.3.1599.20.AUS.M,Labour Market,Per cent,Month
2019-02-01,7.9691474,Underemployment Rate,ABS:LF_UNDER/M23.3.1599.20.AUS.M,Labour Market,Per cent,Month
2019-03-01,8.1908601,Underemployment Rate,ABS:LF_UNDER/M23.3.1599.20.AUS.M,Labour Market,Per cent,Month
2019-04-01,8.4408995,Underemployment Rate,ABS:LF_UNDER/M23.3.1599.20.AUS.M,Labour Market,Per cent,Month
2019-05-01,8.7077276,Underemployment Rate,ABS:LF_UNDER/M23.3.1599.20.AUS.M,Labour Market,Per cent,Month
2019-06-01,8.2039784,Underemployment Rate,ABS:LF_UNDER/M23.3.1599.20.AUS.M,Labour Market,Per cent,Month
2019-07-01,8.3798704,Underemployment Rate,ABS:LF_UNDER/M23.3.1599.20.AUS.M,Labour Market,Per cent,Month
2019-08-01,8.4539818,Underemployment Rate,ABS:LF_UNDER/M23.3.1599.20.AUS.M,Labour Market,Per cent,Month
2019-09-01,8.27453,Underemployment Rate,ABS:LF_UNDER/M23.3.1599.20.AUS.M,Labour Market,Per cent,Month
2019-10-01,8.4362599,Underemployment Rate,ABS:LF_UNDER/M23.3.1599.20.AUS.M,Labour Market,Per cent,Month
2019-11-01,8.308741,Underemployment Rate,ABS:LF_UNDER/M23.3.1599.20.AUS.M,Labour Market,Per cent,Month
2019-12-01,8.2650423,Underemployment Rate,ABS:LF_UNDER/M23.3.1599.20.AUS.M,Labour Market,Per cent,Month
2020-01-01,8.5367161,Underemployment Rate,ABS:LF_UNDER/M23.3.1599.20.AUS.M,Labour Market,Per cent,Month
2020-02-01,8.5480569,Underemployment Rate,ABS:LF_UNDER/M23.3.1599.20.AUS.M,Labour Market,Per cent,Month
2020-03-01,8.7178138,Underemployment Rate,ABS:LF_UNDER/M23.3.1599.20.AUS.M,Labour Market,Per cent,Month
2020-04-01,13.566374,Underemployment Rate,ABS:LF_UNDER/M23.3.1599.20.AUS.M,Labour Market,Per cent,Month
2020-05-01,13.2741983,Underemployment Rate,ABS:LF_UNDER/M23.3.1599.20.AUS.M,Labour Market,Per cent,Month
2020-06-01,11.5949262,Underemployment Rate,ABS:LF_UNDER/M23.3.1599.20.AUS.M,Labour Market,Per cent,Month
2020-07-01,11.1565936,Underemployment Rate,ABS:LF_UNDER/M23.3.1599.20.AUS.M,Labour Market,Per cent,Month
2020-08-01,11.0722443,Underemployment Rate,ABS:LF_UNDER/M23.3.1599.20.AUS.M,Labour Market,Per cent,Month
2020-09-01,11.1717456,Underemployment Rate,ABS:LF_UNDER/M23.3.1599.20.AUS.M,Labour Market,Per cent,Month
2020-10-01,10.2225746,Underemployment Rate,ABS:LF_UNDER/M23.3.1599.20.AUS.M,Labour Market,Per cent,Month
2020-11-01,9.3119694,Underemployment Rate,ABS:LF_UNDER/M23.3.1599.20.AUS.M,Labour Market,Per cent,Month
2020-12-01,8.536905,Underemployment Rate,ABS:LF_UNDER/M23.3.1599.20.AUS.M,Labour Market,Per cent,Month
2021-01-01,8.0834236,Underemployment Rate,ABS:LF_UNDER/M23.3.1599.20.AUS.M,Labour Market,Per cent,Month
2021-02-01,8.3744113,Underemployment Rate,ABS:LF_UNDER/M23.3.1599.20.AUS.M,Labour Market,Per cent,Month
2021-03-01,7.86226,Underemployment Rate,ABS:LF_UNDER/M23.3.1599.20.AUS.M,Labour Market,Per cent,Month
2021-04-01,7.8008641,Underemployment Rate,ABS:LF_UNDER/M23.3.1599.20.AUS.M,Labour Market,Per cent,Month
2021-05-01,7.7029645,Underemployment Rate,ABS:LF_UNDER/M23.3.1599.20.AUS.M,Labour Market,Per cent,Month
2021-06-01,7.8792863,Underemployment Rate,ABS:LF_UNDER/M23.3.1599.20.AUS.M,Labour Market,Per cent,Month
2021-07-01,8.2526227,Underemployment Rate,ABS:LF_UNDER/M23.3.1599.20.AUS.M,Labour Market,Per cent,Month
2021-08-01,9.1438225,Underemployment Rate,ABS:LF_UNDER/M23.3.1599.20.AUS.M,Labour Market,Per cent,Month
2021-09-01,9.046228,Underemployment Rate,ABS:LF_UNDER/M23.3.1599.20.AUS.M,Labour Market,Per cent,Month
2021-10-01,9.3468668,Underemployment Rate,ABS:LF_UNDER/M23.3.1599.20.AUS.M,Labour Market,Per cent,Month
2021-11-01,7.5163374,Underemployment Rate,ABS:LF_UNDER/M23.3.1599.20.AUS.M,Labour Market,Per cent,Month
2021-12-01,6.6722863,Underemployment Rate,ABS:LF_UNDER/M23.3.1599.20.AUS.M,Labour Market,Per cent,Month
2022-01-01,6.5634659,Underemployment Rate,ABS:LF_UNDER/M23.3.1599.20.AUS.M,Labour Market,Per cent,Month
2022-02-01,6.6277925,Underemployment Rate,ABS:LF_UNDER/M23.3.1599.20.AUS.M,Labour Market,Per cent,Month
2022-03-01,6.3295553,Underemployment Rate,ABS:LF_UNDER/M23.3.1599.20.AUS.M,Labour Market,Per cent,Month
2022-04-01,6.1730635,Underemployment Rate,ABS:LF_UNDER/M23.3.1599.20.AUS.M,Labour Market,Per cent,Month
2022-05-01,5.9736303,Underemployment Rate,ABS:LF_UNDER/M23.3.1599.20.AUS.M,Labour Market,Per cent,Month
2022-06-01,6.0954865,Underemployment Rate,ABS:LF_UNDER/M23.3.1599.20.AUS.M,Labour Market,Per cent,Month
2022-07-01,6.0921546,Underemployment Rate,ABS:LF_UNDER/M23.3.1599.20.AUS.M,Labour Market,Per cent,Month
2022-08-01,5.9885261,Underemployment Rate,ABS:LF_UNDER/M23.3.1599.20.AUS.M,Labour Market,Per cent,Month
2022-09-01,5.9881163,Underemployment Rate,ABS:LF_UNDER/M23.3.1599.20.AUS.M,Labour Market,Per cent,Month
2022-10-01,6.0108402,Underemployment Rate,ABS:LF_UNDER/M23.3.1599.20.AUS.M,Labour Market,Per cent,Month
2022-11-01,5.9026996,Underemployment Rate,ABS:LF_UNDER/M23.3.1599.20.AUS.M,Labour Market,Per cent,Month
2022-12-01,6.1963453,Underemployment Rate,ABS:LF_UNDER/M23.3.1599.20.AUS.M,Labour Market,Per cent,Month
2023-01-01,6.1739588,Underemployment Rate,ABS:LF_UNDER/M23.3.1599.20.AUS.M,Labour Market,Per cent,Month
2023-02-01,5.9308992,Underemployment Rate,ABS:LF_UNDER/M23.3.1599.20.AUS.M,Labour Market,Per cent,Month
2023-03-01,6.2495119,Underemployment Rate,ABS:LF_UNDER/M23.3.1599.20.AUS.M,Labour Market,Per cent,Month
2023-04-01,6.1363637,Underemployment Rate,ABS:LF_UNDER/M23.3.1599.20.AUS.M,Labour Market,Per cent,Month
2023-05-01,6.4281261,Underemployment Rate,ABS:LF_UNDER/M23.3.1599.20.AUS.M,Labour Market,Per cent,Month
2023-06-01,6.41496,Underemployment Rate,ABS:LF_UNDER/M23.3.1599.20.AUS.M,Labour Market,Per cent,Month
2023-07-01,6.427205,Underemployment Rate,ABS:LF_UNDER/M23.3.1599.20.AUS.M,Labour Market,Per cent,Month
2023-08-01,6.6141629,Underemployment Rate,ABS:LF_UNDER/M23.3.1599.20.AUS.M,Labour Market,Per cent,Month
2023-09-01,6.3649936,Underemployment Rate,ABS:LF_UNDER/M23.3.1599.20.AUS.M,Labour Market,Per cent,Month
2023-10-01,6.4306519,Underemployment Rate,ABS:LF_UNDER/M23.3.1599.20.AUS.M,Labour Market,Per cent,Month
2023-11-01,6.5915379,Underemployment Rate,ABS:LF_UNDER/M23.3.1599.20.AUS.M,Labour Market,Per cent,Month
2023-12-01,6.590277,Underemployment Rate,ABS:LF_UNDER/M23.3.1599.20.AUS.M,Labour Market,Per cent,Month
2024-01-01,6.696893,Underemployment Rate,ABS:LF_UNDER/M23.3.1599.20.AUS.M,Labour Market,Per cent,Month
2024-02-01,6.6392116,Underemployment Rate,ABS:LF_UNDER/M23.3.1599.20.AUS.M,Labour Market,Per cent,Month
2024-03-01,6.463339,Underemployment Rate,ABS:LF_UNDER/M23.3.1599.20.AUS.M,Labour Market,Per cent,Month
2024-04-01,6.5595308,Underemployment Rate,ABS:LF_UNDER/M23.3.1599.20.AUS.M,Labour Market,Per cent,Month
2024-05-01,6.6696407,Underemployment Rate,ABS:LF_UNDER/M23.3.1599.20.AUS.M,Labour Market,Per cent,Month
2024-06-01,6.2771064,Underemployment Rate,ABS:LF_UNDER/M23.3.1599.20.AUS.M,Labour Market,Per cent,Month
2024-07-01,6.2632128,Underemployment Rate,ABS:LF_UNDER/M23.3.1599.20.AUS.M,Labour Market,Per cent,Month
2024-08-01,6.5268772,Underemployment Rate,ABS:LF_UNDER/M23.3.1599.20.AUS.M,Labour Market,Per cent,Month
2024-09-01,6.2585616,Underemployment Rate,ABS:LF_UNDER/M23.3.1599.20.AUS.M,Labour Market,Per cent,Month
2024-10-01,6.2239795000000004,Underemployment Rate,ABS:LF_UNDER/M23.3.1599.20.AUS.M,Labour Market,Per cent,Month
2024-11-01,6.029335,Underemployment Rate,ABS:LF_UNDER/M23.3.1599.20.AUS.M,Labour Market,Per cent,Month
2024-12-01,5.9866764,Underemployment Rate,ABS:LF_UNDER/M23.3.1599.20.AUS.M,Labour Market,Per cent,Month
2025-01-01,5.9795222,Underemployment Rate,ABS:LF_UNDER/M23.3.1599.20.AUS.M,Labour Market,Per cent,Month
2025-02-01,5.9446592,Underemployment Rate,ABS:LF_UNDER/M23.3.1599.20.AUS.M,Labour Market,Per cent,Month
2025-03-01,5.8899128,Underemployment Rate,ABS:LF_UNDER/M23.3.1599.20.AUS.M,Labour Market,Per cent,Month
2025-04-01,6.0386307,Underemployment Rate,ABS:LF_UNDER/M23.3.1599.20.AUS.M,Labour Market,Per cent,Month
2025-05-01,5.8146777,Underemployment Rate,ABS:LF_UNDER/M23.3.1599.20.AUS.M,Labour Market,Per cent,Month
2025-06-01,5.859813,Underemployment Rate,ABS:LF_UNDER/M23.3.1599.20.AUS.M,Labour Market,Per cent,Month
2025-07-01,5.8066963,Underemployment Rate,ABS:LF_UNDER/M23.3.1599.20.AUS.M,Labour Market,Per cent,Month
2025-08-01,5.7308683,Underemployment Rate,ABS:LF_UNDER/M23.3.1599.20.AUS.M,Labour Market,Per cent,Month
2025-09-01,5.9270665,Underemployment Rate,ABS:LF_UNDER/M23.3.1599.20.AUS.M,Labour Market,Per cent,Month
2025-10-01,5.7118339,Underemployment Rate,ABS:LF_UNDER/M23.3.1599.20.AUS.M,Labour Market,Per cent,Month
2025-11-01,6.180603,Underemployment Rate,ABS:LF_UNDER/M23.3.1599.20.AUS.M,Labour Market,Per cent,Month
2025-12-01,5.7373085,Underemployment Rate,ABS:LF_UNDER/M23.3.1599.20.AUS.M,Labour Market,Per cent,Month
2026-01-01,5.9211493,Underemployment Rate,ABS:LF_UNDER/M23.3.1599.20.AUS.M,Labour Market,Per cent,Month
2026-02-01,5.9000596,Underemployment Rate,ABS:LF_UNDER/M23.3.1599.20.AUS.M,Labour Market,Per cent,Month
2026-03-01,5.9736562,Underemployment Rate,ABS:LF_UNDER/M23.3.1599.20.AUS.M,Labour Market,Per cent,Month
2026-04-01,5.912684,Underemployment Rate,ABS:LF_UNDER/M23.3.1599.20.AUS.M,Labour Market,Per cent,Month
2026-05-01,6.2908317,Underemployment Rate,ABS:LF_UNDER/M23.3.1599.20.AUS.M,Labour Market,Per cent,Month
2026-06-01,6.4474454,Underemployment Rate,ABS:LF_UNDER/M23.3.1599.20.AUS.M,Labour Market,Per cent,Month
2026-07-01,6.337885,Underemployment Rate,ABS:LF_UNDER/M23.3.1599.20.AUS.M,Labour Market,Per cent,Month
2026-08-01,6.1886389,Underemployment Rate,ABS:LF_UNDER/M23.3.1599.20.AUS.M,Labour Market,Per cent,Month
1978-02-01,6.64454762,Unemployment Rate,ABS:LF/M13.3.1599.20.AUS.M,Labour Market,Per cent,Month
1978-03-01,6.30279285,Unemployment Rate,ABS:LF/M13.3.1599.20.AUS.M,Labour Market,Per cent,Month
1978-04-01,6.2673341,Unemployment Rate,ABS:LF/M13.3.1599.20.AUS.M,Labour Market,Per cent,Month
1978-05-01,6.20943677,Unemployment Rate,ABS:LF/M13.3.1599.20.AUS.M,Labour Market,Per cent,Month
1978-06-01,6.30377788,Unemployment Rate,ABS:LF/M13.3.1599.20.AUS.M,Labour Market,Per cent,Month
1978-07-01,6.2220319,Unemployment Rate,ABS:LF/M13.3.1599.20.AUS.M,Labour Market,Per cent,Month
1978-08-01,6.49009282,Unemployment Rate,ABS:LF/M13.3.1599.20.AUS.M,Labour Market,Per cent,Month
1978-09-01,6.25659489,Unemployment Rate,ABS:LF/M13.3.1599.20.AUS.M,Labour Market,Per cent,Month
1978-10-01,6.16313596,Unemployment Rate,ABS:LF/M13.3.1599.20.AUS.M,Labour Market,Per cent,Month
1978-11-01,6.33111655,Unemployment Rate,ABS:LF/M13.3.1599.20.AUS.M,Labour Market,Per cent,Month
1978-12-01,6.40574119,Unemployment Rate,ABS:LF/M13.3.1599.20.AUS.M,Labour Market,Per cent,Month
1979-01-01,6.37219985,Unemployment Rate,ABS:LF/M13.3.1599.20.AUS.M,Labour Market,Per cent,Month
1979-02-01,6.2569962,Unemployment Rate,ABS:LF/M13.3.1599.20.AUS.M,Labour Market,Per cent,Month
1979-03-01,6.30309084,Unemployment Rate,ABS:LF/M13.3.1599.20.AUS.M,Labour Market,Per cent,Month
1979-04-01,6.49822446,Unemployment Rate,ABS:LF/M13.3.1599.20.AUS.M,Labour Market,Per cent,Month
1979-05-01,6.20366933,Unemployment Rate,ABS:LF/M13.3.1599.20.AUS.M,Labour Market,Per cent,Month
1979-06-01,6.25148375,Unemployment Rate,ABS:LF/M13.3.1599.20.AUS.M,Labour Market,Per cent,Month
1979-07-01,6.27234415,Unemployment Rate,ABS:LF/M13.3.1599.20.AUS.M,Labour Market,Per cent,Month
1979-08-01,6.11799713,Unemployment Rate,ABS:LF/M13.3.1599.20.AUS.M,Labour Market,Per cent,Month
1979-09-01,6.23158248,Unemployment Rate,ABS:LF/M13.3.1599.20.AUS.M,Labour Market,Per cent,Month
1979-10-01,6.38354852,Unemployment Rate,ABS:LF/M13.3.1599.20.AUS.M,Labour Market,Per cent,Month
1979-11-01,6.04486843,Unemployment Rate,ABS:LF/M13.3.1599.20.AUS.M,Labour Market,Per cent,Month
1979-12-01,6.12038398,Unemployment Rate,ABS:LF/M13.3.1599.20.AUS.M,Labour Market,Per cent,Month
1980-01-01,6.14719967,Unemployment Rate,ABS:LF/M13.3.1599.20.AUS.M,Labour Market,Per cent,Month
1980-02-01,5.9984711,Unemployment Rate,ABS:LF/M13.3.1599.20.AUS.M,Labour Market,Per cent,Month
1980-03-01,5.93656349,Unemployment Rate,ABS:LF/M13.3.1599.20.AUS.M,Labour Market,Per cent,Month
1980-04-01,6.11451163,Unemployment Rate,ABS:LF/M13.3.1599.20.AUS.M,Labour Market,Per cent,Month
1980-05-01,6.24582653,Unemployment Rate,ABS:LF/M13.3.1599.20.AUS.M,Labour Market,Per cent,Month
1980-06-01,6.3231088,Unemployment Rate,ABS:LF/M13.3.1599.20.AUS.M,Labour Market,Per cent,Month
1980-07-01,6.07510703,Unemployment Rate,ABS:LF/M13.3.1599.20.AUS.M,Labour Market,Per cent,Month
1980-08-01,6.17695796,Unemployment Rate,ABS:LF/M13.3.1599.20.AUS.M,Labour Market,Per cent,Month
1980-09-01,6.14028617,Unemployment Rate,ABS:LF/M13.3.1599.20.AUS.M,Labour Market,Per cent,Month
1980-10-01,6.05492699,Unemployment Rate,ABS:LF/M13.3.1599.20.AUS.M,Labour Market,Per cent,Month
1980-11-01,5.85023909,Unemployment Rate,ABS:LF/M13.3.1599.20.AUS.M,Labour Market,Per cent,Month
1980-12-01,6.05124823,Unemployment Rate,ABS:LF/M13.3.1599.20.AUS.M,Labour Market,Per cent,Month
1981-01-01,5.91589708,Unemployment Rate,ABS:LF/M13.3.1599.20.AUS.M,Labour Market,Per cent,Month
1981-02-01,5.61627939,Unemployment Rate,ABS:LF/M13.3.1599.20.AUS.M,Labour Market,Per cent,Month
1981-03-01,5.74592472,Unemployment Rate,ABS:LF/M13.3.1599.20.AUS.M,Labour Market,Per cent,Month
1981-04-01,5.5546552,Unemployment Rate,ABS:LF/M13.3.1599.20.AUS.M,Labour Market,Per cent,Month
1981-05-01,5.58864581,Unemployment Rate,ABS:LF/M13.3.1599.20.AUS.M,Labour Market,Per cent,Month
1981-06-01,5.37419941,Unemployment Rate,ABS:LF/M13.3.1599.20.AUS.M,Labour Market,Per cent,Month
1981-07-01,5.82540152,Unemployment Rate,ABS:LF/M13.3.1599.20.AUS.M,Labour Market,Per cent,Month
1981-08-01,5.8459965800000004,Unemployment Rate,ABS:LF/M13.3.1599.20.AUS.M,Labour Market,Per cent,Month
1981-09-01,5.8113959,Unemployment Rate,ABS:LF/M13.3.1599.20.AUS.M,Labour Market,Per cent,Month
1981-10-01,5.87224078,Unemployment Rate,ABS:LF/M13.3.1599.20.AUS.M,Labour Market,Per cent,Month
1981-11-01,5.99503571,Unemployment Rate,ABS:LF/M13.3.1599.20.AUS.M,Labour Market,Per cent,Month
1981-12-01,6.02706846,Unemployment Rate,ABS:LF/M13.3.1599.20.AUS.M,Labour Market,Per cent,Month
1982-01-01,5.981328,Unemployment Rate,ABS:LF/M13.3.1599.20.AUS.M,Labour Market,Per cent,Month
1982-02-01,6.308119,Unemployment Rate,ABS:LF/M13.3.1599.20.AUS.M,Labour Market,Per cent,Month
1982-03-01,6.32271215,Unemployment Rate,ABS:LF/M13.3.1599.20.AUS.M,Labour Market,Per cent,Month
1982-04-01,6.33301318,Unemployment Rate,ABS:LF/M13.3.1599.20.AUS.M,Labour Market,Per cent,Month
1982-05-01,6.59253079,Unemployment Rate,ABS:LF/M13.3.1599.20.AUS.M,Labour Market,Per cent,Month
1982-06-01,6.76681973,Unemployment Rate,ABS:LF/M13.3.1599.20.AUS.M,Labour Market,Per cent,Month
1982-07-01,6.88077865,Unemployment Rate,ABS:LF/M13.3.1599.20.AUS.M,Labour Market,Per cent,Month
1982-08-01,7.01124665,Unemployment Rate,ABS:LF/M13.3.1599.20.AUS.M,Labour Market,Per cent,Month
1982-09-01,7.42867746,Unemployment Rate,ABS:LF/M13.3.1599.20.AUS.M,Labour Market,Per cent,Month
1982-10-01,8.29461134,Unemployment Rate,ABS:LF/M13.3.1599.20.AUS.M,Labour Market,Per cent,Month
1982-11-01,8.67934847,Unemployment Rate,ABS:LF/M13.3.1599.20.AUS.M,Labour Market,Per cent,Month
1982-12-01,9.40200376,Unemployment Rate,ABS:LF/M13.3.1599.20.AUS.M,Labour Market,Per cent,Month
1983-01-01,9.29738109,Unemployment Rate,ABS:LF/M13.3.1599.20.AUS.M,Labour Market,Per cent,Month
1983-02-01,9.65828026,Unemployment Rate,ABS:LF/M13.3.1599.20.AUS.M,Labour Market,Per cent,Month
1983-03-01,9.9510394,Unemployment Rate,ABS:LF/M13.3.1599.20.AUS.M,Labour Market,Per cent,Month
1983-04-01,10.15174738,Unemployment Rate,ABS:LF/M13.3.1599.20.AUS.M,Labour Market,Per cent,Month
1983-05-01,10.32272538,Unemployment Rate,ABS:LF/M13.3.1599.20.AUS.M,Labour Market,Per cent,Month
1983-06-01,10.20384638,Unemployment Rate,ABS:LF/M13.3.1599.20.AUS.M,Labour Market,Per cent,Month
1983-07-01,10.51526264,Unemployment Rate,ABS:LF/M13.3.1599.20.AUS.M,Labour Market,Per cent,Month
1983-08-01,10.21872019,Unemployment Rate,ABS:LF/M13.3.1599.20.AUS.M,Labour Market,Per cent,Month
1983-09-01,10.33710973,Unemployment Rate,ABS:LF/M13.3.1599.20.AUS.M,Labour Market,Per cent,Month
1983-10-01,10.00758931,Unemployment Rate,ABS:LF/M13.3.1599.20.AUS.M,Labour Market,Per cent,Month
1983-11-01,9.65402585,Unemployment Rate,ABS:LF/M13.3.1599.20.AUS.M,Labour Market,Per cent,Month
1983-12-01,9.45722358,Unemployment Rate,ABS:LF/M13.3.1599.20.AUS.M,Labour Market,Per cent,Month
1984-01-01,9.49468636,Unemployment Rate,ABS:LF/M13.3.1599.20.AUS.M,Labour Market,Per cent,Month
1984-02-01,9.38528269,Unemployment Rate,ABS:LF/M13.3.1599.20.AUS.M,Labour Market,Per cent,Month
1984-03-01,9.20753478,Unemployment Rate,ABS:LF/M13.3.1599.20.AUS.M,Labour Market,Per cent,Month
1984-04-01,9.36983196,Unemployment Rate,ABS:LF/M13.3.1599.20.AUS.M,Labour Market,Per cent,Month
1984-05-01,8.93618874,Unemployment Rate,ABS:LF/M13.3.1599.20.AUS.M,Labour Market,Per cent,Month
1984-06-01,9.09593902,Unemployment Rate,ABS:LF/M13.3.1599.20.AUS.M,Labour Market,Per cent,Month
1984-07-01,8.91402118,Unemployment Rate,ABS:LF/M13.3.1599.20.AUS.M,Labour Market,Per cent,Month
1984-08-01,8.8281848,Unemployment Rate,ABS:LF/M13.3.1599.20.AUS.M,Labour Market,Per cent,Month
1984-09-01,8.73415259,Unemployment Rate,ABS:LF/M13.3.1599.20.AUS.M,Labour Market,Per cent,Month
1984-10-01,8.69490869,Unemployment Rate,ABS:LF/M13.3.1599.20.AUS.M,Labour Market,Per cent,Month
1984-11-01,8.67888114,Unemployment Rate,ABS:LF/M13.3.1599.20.AUS.M,Labour Market,Per cent,Month
1984-12-01,8.51924361,Unemployment Rate,ABS:LF/M13.3.1599.20.AUS.M,Labour Market,Per cent,Month
1985-01-01,8.55220561,Unemployment Rate,ABS:LF/M13.3.1599.20.AUS.M,Labour Market,Per cent,Month
1985-02-01,8.38893638,Unemployment Rate,ABS:LF/M13.3.1599.20.AUS.M,Labour Market,Per cent,Month
1985-03-01,8.66435129,Unemployment Rate,ABS:LF/M13.3.1599.20.AUS.M,Labour Market,Per cent,Month
1985-04-01,8.40131172,Unemployment Rate,ABS:LF/M13.3.1599.20.AUS.M,Labour Market,Per cent,Month
1985-05-01,8.37542677,Unemployment Rate,ABS:LF/M13.3.1599.20.AUS.M,Labour Market,Per cent,Month
1985-06-01,8.57115504,Unemployment Rate,ABS:LF/M13.3.1599.20.AUS.M,Labour Market,Per cent,Month
1985-07-01,8.30365623,Unemployment Rate,ABS:LF/M13.3.1599.20.AUS.M,Labour Market,Per cent,Month
1985-08-01,8.15511461,Unemployment Rate,ABS:LF/M13.3.1599.20.AUS.M,Labour Market,Per cent,Month
1985-09-01,8.05676618,Unemployment Rate,ABS:LF/M13.3.1599.20.AUS.M,Labour Market,Per cent,Month
1985-10-01,7.84811203,Unemployment Rate,ABS:LF/M13.3.1599.20.AUS.M,Labour Market,Per cent,Month
1985-11-01,7.94997899,Unemployment Rate,ABS:LF/M13.3.1599.20.AUS.M,Labour Market,Per cent,Month
1985-12-01,7.78414539,Unemployment Rate,ABS:LF/M13.3.1599.20.AUS.M,Labour Market,Per cent,Month
1986-01-01,7.80615877,Unemployment Rate,ABS:LF/M13.3.1599.20.AUS.M,Labour Market,Per cent,Month
1986-02-01,8.00227266,Unemployment Rate,ABS:LF/M13.3.1599.20.AUS.M,Labour Market,Per cent,Month
1986-03-01,7.92519582,Unemployment Rate,ABS:LF/M13.3.1599.20.AUS.M,Labour Market,Per cent,Month
1986-04-01,7.90009897,Unemployment Rate,ABS:LF/M13.3.1599.20.AUS.M,Labour Market,Per cent,Month
1986-05-01,7.84608458,Unemployment Rate,ABS:LF/M13.3.1599.20.AUS.M,Labour Market,Per cent,Month
1986-06-01,7.65306848,Unemployment Rate,ABS:LF/M13.3.1599.20.AUS.M,Labour Market,Per cent,Month
1986-07-01,8.1089229,Unemployment Rate,ABS:LF/M13.3.1599.20.AUS.M,Labour Market,Per cent,Month
1986-08-01,8.23878343,Unemployment Rate,ABS:LF/M13.3.1599.20.AUS.M,Labour Market,Per cent,Month
1986-09-01,8.3375323,Unemployment Rate,ABS:LF/M13.3.1599.20.AUS.M,Labour Market,Per cent,Month
1986-10-01,8.30919232,Unemployment Rate,ABS:LF/M13.3.1599.20.AUS.M,Labour Market,Per cent,Month
1986-11-01,8.31856661,Unemployment Rate,ABS:LF/M13.3.1599.20.AUS.M,Labour Market,Per cent,Month
1986-12-01,8.36265931,Unemployment Rate,ABS:LF/M13.3.1599.20.AUS.M,Labour Market,Per cent,Month
1987-01-01,8.18676211,Unemployment Rate,ABS:LF/M13.3.1599.20.AUS.M,Labour Market,Per cent,Month
1987-02-01,8.21026279,Unemployment Rate,ABS:LF/M13.3.1599.20.AUS.M,Labour Market,Per cent,Month
1987-03-01,8.43285659,Unemployment Rate,ABS:LF/M13.3.1599.20.AUS.M,Labour Market,Per cent,Month
1987-04-01,8.29951154,Unemployment Rate,ABS:LF/M13.3.1599.20.AUS.M,Labour Market,Per cent,Month
1987-05-01,8.20130194,Unemployment Rate,ABS:LF/M13.3.1599.20.AUS.M,Labour Market,Per cent,Month
1987-06-01,8.00807339,Unemployment Rate,ABS:LF/M13.3.1599.20.AUS.M,Labour Market,Per cent,Month
1987-07-01,8.07589697,Unemployment Rate,ABS:LF/M13.3.1599.20.AUS.M,Labour Market,Per cent,Month
1987-08-01,8.10487295,Unemployment Rate,ABS:LF/M13.3.1599.20.AUS.M,Labour Market,Per cent,Month
1987-09-01,7.7547017,Unemployment Rate,ABS:LF/M13.3.1599.20.AUS.M,Labour Market,Per cent,Month
1987-10-01,8.08506148,Unemployment Rate,ABS:LF/M13.3.1599.20.AUS.M,Labour Market,Per cent,Month
1987-11-01,7.93078008,Unemployment Rate,ABS:LF/M13.3.1599.20.AUS.M,Labour Market,Per cent,Month
1987-12-01,7.72739102,Unemployment Rate,ABS:LF/M13.3.1599.20.AUS.M,Labour Market,Per cent,Month
1988-01-01,7.63050058,Unemployment Rate,ABS:LF/M13.3.1599.20.AUS.M,Labour Market,Per cent,Month
1988-02-01,7.41619373,Unemployment Rate,ABS:LF/M13.3.1599.20.AUS.M,Labour Market,Per cent,Month
1988-03-01,7.50081984,Unemployment Rate,ABS:LF/M13.3.1599.20.AUS.M,Labour Market,Per cent,Month
1988-04-01,7.91209901,Unemployment Rate,ABS:LF/M13.3.1599.20.AUS.M,Labour Market,Per cent,Month
1988-05-01,7.45064178,Unemployment Rate,ABS:LF/M13.3.1599.20.AUS.M,Labour Market,Per cent,Month
1988-06-01,7.57651634,Unemployment Rate,ABS:LF/M13.3.1599.20.AUS.M,Labour Market,Per cent,Month
1988-07-01,6.75733683,Unemployment Rate,ABS:LF/M13.3.1599.20.AUS.M,Labour Market,Per cent,Month
1988-08-01,7.06819525,Unemployment Rate,ABS:LF/M13.3.1599.20.AUS.M,Labour Market,Per cent,Month
1988-09-01,6.93379364,Unemployment Rate,ABS:LF/M13.3.1599.20.AUS.M,Labour Market,Per cent,Month
1988-10-01,6.81717342,Unemployment Rate,ABS:LF/M13.3.1599.20.AUS.M,Labour Market,Per cent,Month
1988-11-01,6.61237219,Unemployment Rate,ABS:LF/M13.3.1599.20.AUS.M,Labour Market,Per cent,Month
1988-12-01,6.83191187,Unemployment Rate,ABS:LF/M13.3.1599.20.AUS.M,Labour Market,Per cent,Month
1989-01-01,6.80542793,Unemployment Rate,ABS:LF/M13.3.1599.20.AUS.M,Labour Market,Per cent,Month
1989-02-01,6.63707599,Unemployment Rate,ABS:LF/M13.3.1599.20.AUS.M,Labour Market,Per cent,Month
1989-03-01,6.34395869,Unemployment Rate,ABS:LF/M13.3.1599.20.AUS.M,Labour Market,Per cent,Month
1989-04-01,6.19955698,Unemployment Rate,ABS:LF/M13.3.1599.20.AUS.M,Labour Market,Per cent,Month
1989-05-01,6.27914815,Unemployment Rate,ABS:LF/M13.3.1599.20.AUS.M,Labour Market,Per cent,Month
1989-06-01,6.01119718,Unemployment Rate,ABS:LF/M13.3.1599.20.AUS.M,Labour Market,Per cent,Month
1989-07-01,6.04364714,Unemployment Rate,ABS:LF/M13.3.1599.20.AUS.M,Labour Market,Per cent,Month
1989-08-01,5.94374055,Unemployment Rate,ABS:LF/M13.3.1599.20.AUS.M,Labour Market,Per cent,Month
1989-09-01,6.03036533,Unemployment Rate,ABS:LF/M13.3.1599.20.AUS.M,Labour Market,Per cent,Month
1989-10-01,5.92350509,Unemployment Rate,ABS:LF/M13.3.1599.20.AUS.M,Labour Market,Per cent,Month
1989-11-01,5.786368,Unemployment Rate,ABS:LF/M13.3.1599.20.AUS.M,Labour Market,Per cent,Month
1989-12-01,5.84762088,Unemployment Rate,ABS:LF/M13.3.1599.20.AUS.M,Labour Market,Per cent,Month
1990-01-01,6.11028832,Unemployment Rate,ABS:LF/M13.3.1599.20.AUS.M,Labour Market,Per cent,Month
1990-02-01,6.39111653,Unemployment Rate,ABS:LF/M13.3.1599.20.AUS.M,Labour Market,Per cent,Month
1990-03-01,6.18787776,Unemployment Rate,ABS:LF/M13.3.1599.20.AUS.M,Labour Market,Per cent,Month
1990-04-01,6.27868251,Unemployment Rate,ABS:LF/M13.3.1599.20.AUS.M,Labour Market,Per cent,Month
1990-05-01,6.50388662,Unemployment Rate,ABS:LF/M13.3.1599.20.AUS.M,Labour Market,Per cent,Month
1990-06-01,6.60796677,Unemployment Rate,ABS:LF/M13.3.1599.20.AUS.M,Labour Market,Per cent,Month
1990-07-01,7.09314667,Unemployment Rate,ABS:LF/M13.3.1599.20.AUS.M,Labour Market,Per cent,Month
1990-08-01,7.21146832,Unemployment Rate,ABS:LF/M13.3.1599.20.AUS.M,Labour Market,Per cent,Month
1990-09-01,7.37354864,Unemployment Rate,ABS:LF/M13.3.1599.20.AUS.M,Labour Market,Per cent,Month
1990-10-01,7.63670667,Unemployment Rate,ABS:LF/M13.3.1599.20.AUS.M,Labour Market,Per cent,Month
1990-11-01,7.94568777,Unemployment Rate,ABS:LF/M13.3.1599.20.AUS.M,Labour Market,Per cent,Month
1990-12-01,8.01873115,Unemployment Rate,ABS:LF/M13.3.1599.20.AUS.M,Labour Market,Per cent,Month
1991-01-01,8.39995357,Unemployment Rate,ABS:LF/M13.3.1599.20.AUS.M,Labour Market,Per cent,Month
1991-02-01,8.61639049,Unemployment Rate,ABS:LF/M13.3.1599.20.AUS.M,Labour Market,Per cent,Month
1991-03-01,9.18529145,Unemployment Rate,ABS:LF/M13.3.1599.20.AUS.M,Labour Market,Per cent,Month
1991-04-01,9.86034188,Unemployment Rate,ABS:LF/M13.3.1599.20.AUS.M,Labour Market,Per cent,Month
1991-05-01,9.50222544,Unemployment Rate,ABS:LF/M13.3.1599.20.AUS.M,Labour Market,Per cent,Month
1991-06-01,9.54704984,Unemployment Rate,ABS:LF/M13.3.1599.20.AUS.M,Labour Market,Per cent,Month
1991-07-01,9.68501988,Unemployment Rate,ABS:LF/M13.3.1599.20.AUS.M,Labour Market,Per cent,Month
1991-08-01,9.78656506,Unemployment Rate,ABS:LF/M13.3.1599.20.AUS.M,Labour Market,Per cent,Month
1991-09-01,10.031960400000001,Unemployment Rate,ABS:LF/M13.3.1599.20.AUS.M,Labour Market,Per cent,Month
1991-10-01,9.98705341,Unemployment Rate,ABS:LF/M13.3.1599.20.AUS.M,Labour Market,Per cent,Month
1991-11-01,10.19792156,Unemployment Rate,ABS:LF/M13.3.1599.20.AUS.M,Labour Market,Per cent,Month
1991-12-01,10.47346827,Unemployment Rate,ABS:LF/M13.3.1599.20.AUS.M,Labour Market,Per cent,Month
1992-01-01,10.34958158,Unemployment Rate,ABS:LF/M13.3.1599.20.AUS.M,Labour Market,Per cent,Month
1992-02-01,10.40493361,Unemployment Rate,ABS:LF/M13.3.1599.20.AUS.M,Labour Market,Per cent,Month
1992-03-01,10.49810782,Unemployment Rate,ABS:LF/M13.3.1599.20.AUS.M,Labour Market,Per cent,Month
1992-04-01,10.47049999,Unemployment Rate,ABS:LF/M13.3.1599.20.AUS.M,Labour Market,Per cent,Month
1992-05-01,10.61888498,Unemployment Rate,ABS:LF/M13.3.1599.20.AUS.M,Labour Market,Per cent,Month
1992-06-01,10.81028784,Unemployment Rate,ABS:LF/M13.3.1599.20.AUS.M,Labour Market,Per cent,Month
1992-07-01,11.13325855,Unemployment Rate,ABS:LF/M13.3.1599.20.AUS.M,Labour Market,Per cent,Month
1992-08-01,10.72307917,Unemployment Rate,ABS:LF/M13.3.1599.20.AUS.M,Labour Market,Per cent,Month
1992-09-01,10.61593345,Unemployment Rate,ABS:LF/M13.3.1599.20.AUS.M,Labour Market,Per cent,Month
1992-10-01,11.09109123,Unemployment Rate,ABS:LF/M13.3.1599.20.AUS.M,Labour Market,Per cent,Month
1992-11-01,11.13643002,Unemployment Rate,ABS:LF/M13.3.1599.20.AUS.M,Labour Market,Per cent,Month
1992-12-01,11.21735301,Unemployment Rate,ABS:LF/M13.3.1599.20.AUS.M,Labour Market,Per cent,Month
1993-01-01,10.83412564,Unemployment Rate,ABS:LF/M13.3.1599.20.AUS.M,Labour Market,Per cent,Month
1993-02-01,11.0144927,Unemployment Rate,ABS:LF/M13.3.1599.20.AUS.M,Labour Market,Per cent,Month
1993-03-01,10.85881222,Unemployment Rate,ABS:LF/M13.3.1599.20.AUS.M,Labour Market,Per cent,Month
1993-04-01,10.76534132,Unemployment Rate,ABS:LF/M13.3.1599.20.AUS.M,Labour Market,Per cent,Month
1993-05-01,10.78636339,Unemployment Rate,ABS:LF/M13.3.1599.20.AUS.M,Labour Market,Per cent,Month
1993-06-01,10.99233341,Unemployment Rate,ABS:LF/M13.3.1599.20.AUS.M,Labour Market,Per cent,Month
1993-07-01,10.94172492,Unemployment Rate,ABS:LF/M13.3.1599.20.AUS.M,Labour Market,Per cent,Month
1993-08-01,10.98409423,Unemployment Rate,ABS:LF/M13.3.1599.20.AUS.M,Labour Market,Per cent,Month
1993-09-01,10.74080152,Unemployment Rate,ABS:LF/M13.3.1599.20.AUS.M,Labour Market,Per cent,Month
1993-10-01,10.95733505,Unemployment Rate,ABS:LF/M13.3.1599.20.AUS.M,Labour Market,Per cent,Month
1993-11-01,10.94915922,Unemployment Rate,ABS:LF/M13.3.1599.20.AUS.M,Labour Market,Per cent,Month
1993-12-01,10.75652128,Unemployment Rate,ABS:LF/M13.3.1599.20.AUS.M,Labour Market,Per cent,Month
1994-01-01,10.56759221,Unemployment Rate,ABS:LF/M13.3.1599.20.AUS.M,Labour Market,Per cent,Month
1994-02-01,10.39910379,Unemployment Rate,ABS:LF/M13.3.1599.20.AUS.M,Labour Market,Per cent,Month
1994-03-01,10.3537697,Unemployment Rate,ABS:LF/M13.3.1599.20.AUS.M,Labour Market,Per cent,Month
1994-04-01,10.06197445,Unemployment Rate,ABS:LF/M13.3.1599.20.AUS.M,Labour Market,Per cent,Month
1994-05-01,9.76659597,Unemployment Rate,ABS:LF/M13.3.1599.20.AUS.M,Labour Market,Per cent,Month
1994-06-01,9.81928346,Unemployment Rate,ABS:LF/M13.3.1599.20.AUS.M,Labour Market,Per cent,Month
1994-07-01,9.63022043,Unemployment Rate,ABS:LF/M13.3.1599.20.AUS.M,Labour Market,Per cent,Month
1994-08-01,9.44496058,Unemployment Rate,ABS:LF/M13.3.1599.20.AUS.M,Labour Market,Per cent,Month
1994-09-01,9.35356336,Unemployment Rate,ABS:LF/M13.3.1599.20.AUS.M,Labour Market,Per cent,Month
1994-10-01,9.0924321,Unemployment Rate,ABS:LF/M13.3.1599.20.AUS.M,Labour Market,Per cent,Month
1994-11-01,9.14284011,Unemployment Rate,ABS:LF/M13.3.1599.20.AUS.M,Labour Market,Per cent,Month
1994-12-01,8.93523768,Unemployment Rate,ABS:LF/M13.3.1599.20.AUS.M,Labour Market,Per cent,Month
1995-01-01,8.85483319,Unemployment Rate,ABS:LF/M13.3.1599.20.AUS.M,Labour Market,Per cent,Month
1995-02-01,8.82336912,Unemployment Rate,ABS:LF/M13.3.1599.20.AUS.M,Labour Market,Per cent,Month
1995-03-01,8.61695111,Unemployment Rate,ABS:LF/M13.3.1599.20.AUS.M,Labour Market,Per cent,Month
1995-04-01,8.26660136,Unemployment Rate,ABS:LF/M13.3.1599.20.AUS.M,Labour Market,Per cent,Month
1995-05-01,8.47416621,Unemployment Rate,ABS:LF/M13.3.1599.20.AUS.M,Labour Market,Per cent,Month
1995-06-01,8.35310712,Unemployment Rate,ABS:LF/M13.3.1599.20.AUS.M,Labour Market,Per cent,Month
1995-07-01,8.42590769,Unemployment Rate,ABS:LF/M13.3.1599.20.AUS.M,Labour Market,Per cent,Month
1995-08-01,8.32010044,Unemployment Rate,ABS:LF/M13.3.1599.20.AUS.M,Labour Market,Per cent,Month
1995-09-01,8.36219604,Unemployment Rate,ABS:LF/M13.3.1599.20.AUS.M,Labour Market,Per cent,Month
1995-10-01,8.57490004,Unemployment Rate,ABS:LF/M13.3.1599.20.AUS.M,Labour Market,Per cent,Month
1995-11-01,8.45180516,Unemployment Rate,ABS:LF/M13.3.1599.20.AUS.M,Labour Market,Per cent,Month
1995-12-01,8.14399242,Unemployment Rate,ABS:LF/M13.3.1599.20.AUS.M,Labour Market,Per cent,Month
1996-01-01,8.45115235,Unemployment Rate,ABS:LF/M13.3.1599.20.AUS.M,Labour Market,Per cent,Month
1996-02-01,8.32668042,Unemployment Rate,ABS:LF/M13.3.1599.20.AUS.M,Labour Market,Per cent,Month
1996-03-01,8.42085506,Unemployment Rate,ABS:LF/M13.3.1599.20.AUS.M,Labour Market,Per cent,Month
1996-04-01,8.57753543,Unemployment Rate,ABS:LF/M13.3.1599.20.AUS.M,Labour Market,Per cent,Month
1996-05-01,8.41387429,Unemployment Rate,ABS:LF/M13.3.1599.20.AUS.M,Labour Market,Per cent,Month
1996-06-01,8.2546093,Unemployment Rate,ABS:LF/M13.3.1599.20.AUS.M,Labour Market,Per cent,Month
1996-07-01,8.56729398,Unemployment Rate,ABS:LF/M13.3.1599.20.AUS.M,Labour Market,Per cent,Month
1996-08-01,8.71857551,Unemployment Rate,ABS:LF/M13.3.1599.20.AUS.M,Labour Market,Per cent,Month
1996-09-01,8.5756635,Unemployment Rate,ABS:LF/M13.3.1599.20.AUS.M,Labour Market,Per cent,Month
1996-10-01,8.75918414,Unemployment Rate,ABS:LF/M13.3.1599.20.AUS.M,Labour Market,Per cent,Month
1996-11-01,8.47034106,Unemployment Rate,ABS:LF/M13.3.1599.20.AUS.M,Labour Market,Per cent,Month
1996-12-01,8.63034466,Unemployment Rate,ABS:LF/M13.3.1599.20.AUS.M,Labour Market,Per cent,Month
1997-01-01,8.56772907,Unemployment Rate,ABS:LF/M13.3.1599.20.AUS.M,Labour Market,Per cent,Month
1997-02-01,8.70250066,Unemployment Rate,ABS:LF/M13.3.1599.20.AUS.M,Labour Market,Per cent,Month
1997-03-01,8.59199102,Unemployment Rate,ABS:LF/M13.3.1599.20.AUS.M,Labour Market,Per cent,Month
1997-04-01,8.56773105,Unemployment Rate,ABS:LF/M13.3.1599.20.AUS.M,Labour Market,Per cent,Month
1997-05-01,8.54703352,Unemployment Rate,ABS:LF/M13.3.1599.20.AUS.M,Labour Market,Per cent,Month
1997-06-01,8.33118559,Unemployment Rate,ABS:LF/M13.3.1599.20.AUS.M,Labour Market,Per cent,Month
1997-07-01,8.58894621,Unemployment Rate,ABS:LF/M13.3.1599.20.AUS.M,Labour Market,Per cent,Month
1997-08-01,8.46498605,Unemployment Rate,ABS:LF/M13.3.1599.20.AUS.M,Labour Market,Per cent,Month
1997-09-01,8.06727726,Unemployment Rate,ABS:LF/M13.3.1599.20.AUS.M,Labour Market,Per cent,Month
1997-10-01,8.03294609,Unemployment Rate,ABS:LF/M13.3.1599.20.AUS.M,Labour Market,Per cent,Month
1997-11-01,7.98660781,Unemployment Rate,ABS:LF/M13.3.1599.20.AUS.M,Labour Market,Per cent,Month
1997-12-01,7.91016459,Unemployment Rate,ABS:LF/M13.3.1599.20.AUS.M,Labour Market,Per cent,Month
1998-01-01,7.86562334,Unemployment Rate,ABS:LF/M13.3.1599.20.AUS.M,Labour Market,Per cent,Month
1998-02-01,7.77221863,Unemployment Rate,ABS:LF/M13.3.1599.20.AUS.M,Labour Market,Per cent,Month
1998-03-01,7.88316004,Unemployment Rate,ABS:LF/M13.3.1599.20.AUS.M,Labour Market,Per cent,Month
1998-04-01,7.60330553,Unemployment Rate,ABS:LF/M13.3.1599.20.AUS.M,Labour Market,Per cent,Month
1998-05-01,7.76453128,Unemployment Rate,ABS:LF/M13.3.1599.20.AUS.M,Labour Market,Per cent,Month
1998-06-01,7.83228955,Unemployment Rate,ABS:LF/M13.3.1599.20.AUS.M,Labour Market,Per cent,Month
1998-07-01,7.97437529,Unemployment Rate,ABS:LF/M13.3.1599.20.AUS.M,Labour Market,Per cent,Month
1998-08-01,7.75522574,Unemployment Rate,ABS:LF/M13.3.1599.20.AUS.M,Labour Market,Per cent,Month
1998-09-01,7.63331168,Unemployment Rate,ABS:LF/M13.3.1599.20.AUS.M,Labour Market,Per cent,Month
1998-10-01,7.31342801,Unemployment Rate,ABS:LF/M13.3.1599.20.AUS.M,Labour Market,Per cent,Month
1998-11-01,7.62578193,Unemployment Rate,ABS:LF/M13.3.1599.20.AUS.M,Labour Market,Per cent,Month
1998-12-01,7.18345852,Unemployment Rate,ABS:LF/M13.3.1599.20.AUS.M,Labour Market,Per cent,Month
1999-01-01,7.1183602,Unemployment Rate,ABS:LF/M13.3.1599.20.AUS.M,Labour Market,Per cent,Month
1999-02-01,7.11489228,Unemployment Rate,ABS:LF/M13.3.1599.20.AUS.M,Labour Market,Per cent,Month
1999-03-01,7.01236957,Unemployment Rate,ABS:LF/M13.3.1599.20.AUS.M,Labour Market,Per cent,Month
1999-04-01,6.97917853,Unemployment Rate,ABS:LF/M13.3.1599.20.AUS.M,Labour Market,Per cent,Month
1999-05-01,7.02469335,Unemployment Rate,ABS:LF/M13.3.1599.20.AUS.M,Labour Market,Per cent,Month
1999-06-01,6.6532404,Unemployment Rate,ABS:LF/M13.3.1599.20.AUS.M,Labour Market,Per cent,Month
1999-07-01,6.67497095,Unemployment Rate,ABS:LF/M13.3.1599.20.AUS.M,Labour Market,Per cent,Month
1999-08-01,6.9056511799999996,Unemployment Rate,ABS:LF/M13.3.1599.20.AUS.M,Labour Market,Per cent,Month
1999-09-01,7.04098542,Unemployment Rate,ABS:LF/M13.3.1599.20.AUS.M,Labour Market,Per cent,Month
1999-10-01,6.7760832,Unemployment Rate,ABS:LF/M13.3.1599.20.AUS.M,Labour Market,Per cent,Month
1999-11-01,6.43985193,Unemployment Rate,ABS:LF/M13.3.1599.20.AUS.M,Labour Market,Per cent,Month
1999-12-01,6.68422628,Unemployment Rate,ABS:LF/M13.3.1599.20.AUS.M,Labour Market,Per cent,Month
2000-01-01,6.76631257,Unemployment Rate,ABS:LF/M13.3.1599.20.AUS.M,Labour Market,Per cent,Month
2000-02-01,6.61880338,Unemployment Rate,ABS:LF/M13.3.1599.20.AUS.M,Labour Market,Per cent,Month
2000-03-01,6.56476718,Unemployment Rate,ABS:LF/M13.3.1599.20.AUS.M,Labour Market,Per cent,Month
2000-04-01,6.37609304,Unemployment Rate,ABS:LF/M13.3.1599.20.AUS.M,Labour Market,Per cent,Month
2000-05-01,6.41421445,Unemployment Rate,ABS:LF/M13.3.1599.20.AUS.M,Labour Market,Per cent,Month
2000-06-01,6.1148239,Unemployment Rate,ABS:LF/M13.3.1599.20.AUS.M,Labour Market,Per cent,Month
2000-07-01,5.95383233,Unemployment Rate,ABS:LF/M13.3.1599.20.AUS.M,Labour Market,Per cent,Month
2000-08-01,6.0511574,Unemployment Rate,ABS:LF/M13.3.1599.20.AUS.M,Labour Market,Per cent,Month
2000-09-01,5.9628185,Unemployment Rate,ABS:LF/M13.3.1599.20.AUS.M,Labour Market,Per cent,Month
2000-10-01,6.0094717,Unemployment Rate,ABS:LF/M13.3.1599.20.AUS.M,Labour Market,Per cent,Month
2000-11-01,6.26153679,Unemployment Rate,ABS:LF/M13.3.1599.20.AUS.M,Labour Market,Per cent,Month
2000-12-01,6.24363736,Unemployment Rate,ABS:LF/M13.3.1599.20.AUS.M,Labour Market,Per cent,Month
2001-01-01,6.13718597,Unemployment Rate,ABS:LF/M13.3.1599.20.AUS.M,Labour Market,Per cent,Month
2001-02-01,6.50152709,Unemployment Rate,ABS:LF/M13.3.1599.20.AUS.M,Labour Market,Per cent,Month
2001-03-01,6.45837489,Unemployment Rate,ABS:LF/M13.3.1599.20.AUS.M,Labour Market,Per cent,Month
2001-04-01,6.7821473900000004,Unemployment Rate,ABS:LF/M13.3.1599.20.AUS.M,Labour Market,Per cent,Month
2001-05-01,6.89279136,Unemployment Rate,ABS:LF/M13.3.1599.20.AUS.M,Labour Market,Per cent,Month
2001-06-01,6.93254034,Unemployment Rate,ABS:LF/M13.3.1599.20.AUS.M,Labour Market,Per cent,Month
2001-07-01,6.8796302,Unemployment Rate,ABS:LF/M13.3.1599.20.AUS.M,Labour Market,Per cent,Month
2001-08-01,6.88062425,Unemployment Rate,ABS:LF/M13.3.1599.20.AUS.M,Labour Market,Per cent,Month
2001-09-01,6.84120499,Unemployment Rate,ABS:LF/M13.3.1599.20.AUS.M,Labour Market,Per cent,Month
2001-10-01,7.19308204,Unemployment Rate,ABS:LF/M13.3.1599.20.AUS.M,Labour Market,Per cent,Month
2001-11-01,6.88256128,Unemployment Rate,ABS:LF/M13.3.1599.20.AUS.M,Labour Market,Per cent,Month
2001-12-01,6.86100438,Unemployment Rate,ABS:LF/M13.3.1599.20.AUS.M,Labour Market,Per cent,Month
2002-01-01,6.9151104,Unemployment Rate,ABS:LF/M13.3.1599.20.AUS.M,Labour Market,Per cent,Month
2002-02-01,6.53602121,Unemployment Rate,ABS:LF/M13.3.1599.20.AUS.M,Labour Market,Per cent,Month
2002-03-01,6.42991863,Unemployment Rate,ABS:LF/M13.3.1599.20.AUS.M,Labour Market,Per cent,Month
2002-04-01,6.34540045,Unemployment Rate,ABS:LF/M13.3.1599.20.AUS.M,Labour Market,Per cent,Month
2002-05-01,6.37237191,Unemployment Rate,ABS:LF/M13.3.1599.20.AUS.M,Labour Market,Per cent,Month
2002-06-01,6.49548765,Unemployment Rate,ABS:LF/M13.3.1599.20.AUS.M,Labour Market,Per cent,Month
2002-07-01,6.17950212,Unemployment Rate,ABS:LF/M13.3.1599.20.AUS.M,Labour Market,Per cent,Month
2002-08-01,6.34852296,Unemployment Rate,ABS:LF/M13.3.1599.20.AUS.M,Labour Market,Per cent,Month
2002-09-01,6.31158051,Unemployment Rate,ABS:LF/M13.3.1599.20.AUS.M,Labour Market,Per cent,Month
2002-10-01,6.12788051,Unemployment Rate,ABS:LF/M13.3.1599.20.AUS.M,Labour Market,Per cent,Month
2002-11-01,6.16218869,Unemployment Rate,ABS:LF/M13.3.1599.20.AUS.M,Labour Market,Per cent,Month
2002-12-01,6.1816731,Unemployment Rate,ABS:LF/M13.3.1599.20.AUS.M,Labour Market,Per cent,Month
2003-01-01,6.08200346,Unemployment Rate,ABS:LF/M13.3.1599.20.AUS.M,Labour Market,Per cent,Month
2003-02-01,5.95458224,Unemployment Rate,ABS:LF/M13.3.1599.20.AUS.M,Labour Market,Per cent,Month
2003-03-01,6.13085578,Unemployment Rate,ABS:LF/M13.3.1599.20.AUS.M,Labour Market,Per cent,Month
2003-04-01,6.02960878,Unemployment Rate,ABS:LF/M13.3.1599.20.AUS.M,Labour Market,Per cent,Month
2003-05-01,6.06900222,Unemployment Rate,ABS:LF/M13.3.1599.20.AUS.M,Labour Market,Per cent,Month
2003-06-01,6.05435448,Unemployment Rate,ABS:LF/M13.3.1599.20.AUS.M,Labour Market,Per cent,Month
2003-07-01,6.12774297,Unemployment Rate,ABS:LF/M13.3.1599.20.AUS.M,Labour Market,Per cent,Month
2003-08-01,5.81717395,Unemployment Rate,ABS:LF/M13.3.1599.20.AUS.M,Labour Market,Per cent,Month
2003-09-01,5.77492121,Unemployment Rate,ABS:LF/M13.3.1599.20.AUS.M,Labour Market,Per cent,Month
2003-10-01,5.78315767,Unemployment Rate,ABS:LF/M13.3.1599.20.AUS.M,Labour Market,Per cent,Month
2003-11-01,5.66131342,Unemployment Rate,ABS:LF/M13.3.1599.20.AUS.M,Labour Market,Per cent,Month
2003-12-01,5.68080105,Unemployment Rate,ABS:LF/M13.3.1599.20.AUS.M,Labour Market,Per cent,Month
2004-01-01,5.53115862,Unemployment Rate,ABS:LF/M13.3.1599.20.AUS.M,Labour Market,Per cent,Month
2004-02-01,5.64267184,Unemployment Rate,ABS:LF/M13.3.1599.20.AUS.M,Labour Market,Per cent,Month
2004-03-01,5.43709866,Unemployment Rate,ABS:LF/M13.3.1599.20.AUS.M,Labour Market,Per cent,Month
2004-04-01,5.50728253,Unemployment Rate,ABS:LF/M13.3.1599.20.AUS.M,Labour Market,Per cent,Month
2004-05-01,5.33676528,Unemployment Rate,ABS:LF/M13.3.1599.20.AUS.M,Labour Market,Per cent,Month
2004-06-01,5.46292692,Unemployment Rate,ABS:LF/M13.3.1599.20.AUS.M,Labour Market,Per cent,Month
2004-07-01,5.55035674,Unemployment Rate,ABS:LF/M13.3.1599.20.AUS.M,Labour Market,Per cent,Month
2004-08-01,5.51623473,Unemployment Rate,ABS:LF/M13.3.1599.20.AUS.M,Labour Market,Per cent,Month
2004-09-01,5.37003531,Unemployment Rate,ABS:LF/M13.3.1599.20.AUS.M,Labour Market,Per cent,Month
2004-10-01,5.12243308,Unemployment Rate,ABS:LF/M13.3.1599.20.AUS.M,Labour Market,Per cent,Month
2004-11-01,5.16085392,Unemployment Rate,ABS:LF/M13.3.1599.20.AUS.M,Labour Market,Per cent,Month
2004-12-01,5.06798786,Unemployment Rate,ABS:LF/M13.3.1599.20.AUS.M,Labour Market,Per cent,Month
2005-01-01,5.07302053,Unemployment Rate,ABS:LF/M13.3.1599.20.AUS.M,Labour Market,Per cent,Month
2005-02-01,5.08390191,Unemployment Rate,ABS:LF/M13.3.1599.20.AUS.M,Labour Market,Per cent,Month
2005-03-01,5.1624365,Unemployment Rate,ABS:LF/M13.3.1599.20.AUS.M,Labour Market,Per cent,Month
2005-04-01,5.12214715,Unemployment Rate,ABS:LF/M13.3.1599.20.AUS.M,Labour Market,Per cent,Month
2005-05-01,5.09953933,Unemployment Rate,ABS:LF/M13.3.1599.20.AUS.M,Labour Market,Per cent,Month
2005-06-01,4.94967387,Unemployment Rate,ABS:LF/M13.3.1599.20.AUS.M,Labour Market,Per cent,Month
2005-07-01,4.97181238,Unemployment Rate,ABS:LF/M13.3.1599.20.AUS.M,Labour Market,Per cent,Month
2005-08-01,4.90045981,Unemployment Rate,ABS:LF/M13.3.1599.20.AUS.M,Labour Market,Per cent,Month
2005-09-01,5.00160896,Unemployment Rate,ABS:LF/M13.3.1599.20.AUS.M,Labour Market,Per cent,Month
2005-10-01,5.01546356,Unemployment Rate,ABS:LF/M13.3.1599.20.AUS.M,Labour Market,Per cent,Month
2005-11-01,4.93773358,Unemployment Rate,ABS:LF/M13.3.1599.20.AUS.M,Labour Market,Per cent,Month
2005-12-01,5.06919191,Unemployment Rate,ABS:LF/M13.3.1599.20.AUS.M,Labour Market,Per cent,Month
2006-01-01,5.16176536,Unemployment Rate,ABS:LF/M13.3.1599.20.AUS.M,Labour Market,Per cent,Month
2006-02-01,5.10326134,Unemployment Rate,ABS:LF/M13.3.1599.20.AUS.M,Labour Market,Per cent,Month
2006-03-01,4.86686917,Unemployment Rate,ABS:LF/M13.3.1599.20.AUS.M,Labour Market,Per cent,Month
2006-04-01,4.96586853,Unemployment Rate,ABS:LF/M13.3.1599.20.AUS.M,Labour Market,Per cent,Month
2006-05-01,4.79837652,Unemployment Rate,ABS:LF/M13.3.1599.20.AUS.M,Labour Market,Per cent,Month
2006-06-01,4.80778407,Unemployment Rate,ABS:LF/M13.3.1599.20.AUS.M,Labour Market,Per cent,Month
2006-07-01,4.6564163,Unemployment Rate,ABS:LF/M13.3.1599.20.AUS.M,Labour Market,Per cent,Month
2006-08-01,4.71115833,Unemployment Rate,ABS:LF/M13.3.1599.20.AUS.M,Labour Market,Per cent,Month
2006-09-01,4.66531497,Unemployment Rate,ABS:LF/M13.3.1599.20.AUS.M,Labour Market,Per cent,Month
2006-10-01,4.46299143,Unemployment Rate,ABS:LF/M13.3.1599.20.AUS.M,Labour Market,Per cent,Month
2006-11-01,4.51479761,Unemployment Rate,ABS:LF/M13.3.1599.20.AUS.M,Labour Market,Per cent,Month
2006-12-01,4.56743201,Unemployment Rate,ABS:LF/M13.3.1599.20.AUS.M,Labour Market,Per cent,Month
2007-01-01,4.55329364,Unemployment Rate,ABS:LF/M13.3.1599.20.AUS.M,Labour Market,Per cent,Month
2007-02-01,4.63432969,Unemployment Rate,ABS:LF/M13.3.1599.20.AUS.M,Labour Market,Per cent,Month
2007-03-01,4.45961234,Unemployment Rate,ABS:LF/M13.3.1599.20.AUS.M,Labour Market,Per cent,Month
2007-04-01,4.38631867,Unemployment Rate,ABS:LF/M13.3.1599.20.AUS.M,Labour Market,Per cent,Month
2007-05-01,4.26479943,Unemployment Rate,ABS:LF/M13.3.1599.20.AUS.M,Labour Market,Per cent,Month
2007-06-01,4.32387121,Unemployment Rate,ABS:LF/M13.3.1599.20.AUS.M,Labour Market,Per cent,Month
2007-07-01,4.25285226,Unemployment Rate,ABS:LF/M13.3.1599.20.AUS.M,Labour Market,Per cent,Month
2007-08-01,4.29755233,Unemployment Rate,ABS:LF/M13.3.1599.20.AUS.M,Labour Market,Per cent,Month
2007-09-01,4.212652,Unemployment Rate,ABS:LF/M13.3.1599.20.AUS.M,Labour Market,Per cent,Month
2007-10-01,4.32618182,Unemployment Rate,ABS:LF/M13.3.1599.20.AUS.M,Labour Market,Per cent,Month
2007-11-01,4.42653907,Unemployment Rate,ABS:LF/M13.3.1599.20.AUS.M,Labour Market,Per cent,Month
2007-12-01,4.30772104,Unemployment Rate,ABS:LF/M13.3.1599.20.AUS.M,Labour Market,Per cent,Month
2008-01-01,4.22238949,Unemployment Rate,ABS:LF/M13.3.1599.20.AUS.M,Labour Market,Per cent,Month
2008-02-01,3.97903904,Unemployment Rate,ABS:LF/M13.3.1599.20.AUS.M,Labour Market,Per cent,Month
2008-03-01,4.05715126,Unemployment Rate,ABS:LF/M13.3.1599.20.AUS.M,Labour Market,Per cent,Month
2008-04-01,4.26597215,Unemployment Rate,ABS:LF/M13.3.1599.20.AUS.M,Labour Market,Per cent,Month
2008-05-01,4.2667138,Unemployment Rate,ABS:LF/M13.3.1599.20.AUS.M,Labour Market,Per cent,Month
2008-06-01,4.24338462,Unemployment Rate,ABS:LF/M13.3.1599.20.AUS.M,Labour Market,Per cent,Month
2008-07-01,4.24979476,Unemployment Rate,ABS:LF/M13.3.1599.20.AUS.M,Labour Market,Per cent,Month
2008-08-01,4.0135562,Unemployment Rate,ABS:LF/M13.3.1599.20.AUS.M,Labour Market,Per cent,Month
2008-09-01,4.28842712,Unemployment Rate,ABS:LF/M13.3.1599.20.AUS.M,Labour Market,Per cent,Month
2008-10-01,4.29021527,Unemployment Rate,ABS:LF/M13.3.1599.20.AUS.M,Labour Market,Per cent,Month
2008-11-01,4.46264511,Unemployment Rate,ABS:LF/M13.3.1599.20.AUS.M,Labour Market,Per cent,Month
2008-12-01,4.56936629,Unemployment Rate,ABS:LF/M13.3.1599.20.AUS.M,Labour Market,Per cent,Month
2009-01-01,4.90811678,Unemployment Rate,ABS:LF/M13.3.1599.20.AUS.M,Labour Market,Per cent,Month
2009-02-01,5.30268965,Unemployment Rate,ABS:LF/M13.3.1599.20.AUS.M,Labour Market,Per cent,Month
2009-03-01,5.71155987,Unemployment Rate,ABS:LF/M13.3.1599.20.AUS.M,Labour Market,Per cent,Month
2009-04-01,5.51399101,Unemployment Rate,ABS:LF/M13.3.1599.20.AUS.M,Labour Market,Per cent,Month
2009-05-01,5.81244732,Unemployment Rate,ABS:LF/M13.3.1599.20.AUS.M,Labour Market,Per cent,Month
2009-06-01,5.86153032,Unemployment Rate,ABS:LF/M13.3.1599.20.AUS.M,Labour Market,Per cent,Month
2009-07-01,5.67185284,Unemployment Rate,ABS:LF/M13.3.1599.20.AUS.M,Labour Market,Per cent,Month
2009-08-01,5.71060568,Unemployment Rate,ABS:LF/M13.3.1599.20.AUS.M,Labour Market,Per cent,Month
2009-09-01,5.661008,Unemployment Rate,ABS:LF/M13.3.1599.20.AUS.M,Labour Market,Per cent,Month
2009-10-01,5.62402077,Unemployment Rate,ABS:LF/M13.3.1599.20.AUS.M,Labour Market,Per cent,Month
2009-11-01,5.55835087,Unemployment Rate,ABS:LF/M13.3.1599.20.AUS.M,Labour Market,Per cent,Month
2009-12-01,5.49049411,Unemployment Rate,ABS:LF/M13.3.1599.20.AUS.M,Labour Market,Per cent,Month
2010-01-01,5.26624493,Unemployment Rate,ABS:LF/M13.3.1599.20.AUS.M,Labour Market,Per cent,Month
2010-02-01,5.29845582,Unemployment Rate,ABS:LF/M13.3.1599.20.AUS.M,Labour Market,Per cent,Month
2010-03-01,5.42311241,Unemployment Rate,ABS:LF/M13.3.1599.20.AUS.M,Labour Market,Per cent,Month
2010-04-01,5.49977486,Unemployment Rate,ABS:LF/M13.3.1599.20.AUS.M,Labour Market,Per cent,Month
2010-05-01,5.23017372,Unemployment Rate,ABS:LF/M13.3.1599.20.AUS.M,Labour Market,Per cent,Month
2010-06-01,5.14436785,Unemployment Rate,ABS:LF/M13.3.1599.20.AUS.M,Labour Market,Per cent,Month
2010-07-01,5.28734322,Unemployment Rate,ABS:LF/M13.3.1599.20.AUS.M,Labour Market,Per cent,Month
2010-08-01,5.02619158,Unemployment Rate,ABS:LF/M13.3.1599.20.AUS.M,Labour Market,Per cent,Month
2010-09-01,5.05356682,Unemployment Rate,ABS:LF/M13.3.1599.20.AUS.M,Labour Market,Per cent,Month
2010-10-01,5.28571316,Unemployment Rate,ABS:LF/M13.3.1599.20.AUS.M,Labour Market,Per cent,Month
2010-11-01,5.10916264,Unemployment Rate,ABS:LF/M13.3.1599.20.AUS.M,Labour Market,Per cent,Month
2010-12-01,4.87647328,Unemployment Rate,ABS:LF/M13.3.1599.20.AUS.M,Labour Market,Per cent,Month
2011-01-01,5.00367842,Unemployment Rate,ABS:LF/M13.3.1599.20.AUS.M,Labour Market,Per cent,Month
2011-02-01,4.97233274,Unemployment Rate,ABS:LF/M13.3.1599.20.AUS.M,Labour Market,Per cent,Month
2011-03-01,4.92727258,Unemployment Rate,ABS:LF/M13.3.1599.20.AUS.M,Labour Market,Per cent,Month
2011-04-01,4.9607917,Unemployment Rate,ABS:LF/M13.3.1599.20.AUS.M,Labour Market,Per cent,Month
2011-05-01,5.01408002,Unemployment Rate,ABS:LF/M13.3.1599.20.AUS.M,Labour Market,Per cent,Month
2011-06-01,4.91708834,Unemployment Rate,ABS:LF/M13.3.1599.20.AUS.M,Labour Market,Per cent,Month
2011-07-01,5.09195801,Unemployment Rate,ABS:LF/M13.3.1599.20.AUS.M,Labour Market,Per cent,Month
2011-08-01,5.26097748,Unemployment Rate,ABS:LF/M13.3.1599.20.AUS.M,Labour Market,Per cent,Month
2011-09-01,5.22109425,Unemployment Rate,ABS:LF/M13.3.1599.20.AUS.M,Labour Market,Per cent,Month
2011-10-01,5.18879942,Unemployment Rate,ABS:LF/M13.3.1599.20.AUS.M,Labour Market,Per cent,Month
2011-11-01,5.23143925,Unemployment Rate,ABS:LF/M13.3.1599.20.AUS.M,Labour Market,Per cent,Month
2011-12-01,5.19666468,Unemployment Rate,ABS:LF/M13.3.1599.20.AUS.M,Labour Market,Per cent,Month
2012-01-01,5.04831873,Unemployment Rate,ABS:LF/M13.3.1599.20.AUS.M,Labour Market,Per cent,Month
2012-02-01,5.19242673,Unemployment Rate,ABS:LF/M13.3.1599.20.AUS.M,Labour Market,Per cent,Month
2012-03-01,5.18443031,Unemployment Rate,ABS:LF/M13.3.1599.20.AUS.M,Labour Market,Per cent,Month
2012-04-01,4.99629595,Unemployment Rate,ABS:LF/M13.3.1599.20.AUS.M,Labour Market,Per cent,Month
2012-05-01,5.20169294,Unemployment Rate,ABS:LF/M13.3.1599.20.AUS.M,Labour Market,Per cent,Month
2012-06-01,5.16340502,Unemployment Rate,ABS:LF/M13.3.1599.20.AUS.M,Labour Market,Per cent,Month
2012-07-01,5.18124544,Unemployment Rate,ABS:LF/M13.3.1599.20.AUS.M,Labour Market,Per cent,Month
2012-08-01,5.14527687,Unemployment Rate,ABS:LF/M13.3.1599.20.AUS.M,Labour Market,Per cent,Month
2012-09-01,5.48804376,Unemployment Rate,ABS:LF/M13.3.1599.20.AUS.M,Labour Market,Per cent,Month
2012-10-01,5.4120077,Unemployment Rate,ABS:LF/M13.3.1599.20.AUS.M,Labour Market,Per cent,Month
2012-11-01,5.2574797,Unemployment Rate,ABS:LF/M13.3.1599.20.AUS.M,Labour Market,Per cent,Month
2012-12-01,5.43264415,Unemployment Rate,ABS:LF/M13.3.1599.20.AUS.M,Labour Market,Per cent,Month
2013-01-01,5.39021049,Unemployment Rate,ABS:LF/M13.3.1599.20.AUS.M,Labour Market,Per cent,Month
2013-02-01,5.39533426,Unemployment Rate,ABS:LF/M13.3.1599.20.AUS.M,Labour Market,Per cent,Month
2013-03-01,5.64220012,Unemployment Rate,ABS:LF/M13.3.1599.20.AUS.M,Labour Market,Per cent,Month
2013-04-01,5.59098091,Unemployment Rate,ABS:LF/M13.3.1599.20.AUS.M,Labour Market,Per cent,Month
2013-05-01,5.61131967,Unemployment Rate,ABS:LF/M13.3.1599.20.AUS.M,Labour Market,Per cent,Month
2013-06-01,5.69696294,Unemployment Rate,ABS:LF/M13.3.1599.20.AUS.M,Labour Market,Per cent,Month
2013-07-01,5.63429245,Unemployment Rate,ABS:LF/M13.3.1599.20.AUS.M,Labour Market,Per cent,Month
2013-08-01,5.82557358,Unemployment Rate,ABS:LF/M13.3.1599.20.AUS.M,Labour Market,Per cent,Month
2013-09-01,5.70651072,Unemployment Rate,ABS:LF/M13.3.1599.20.AUS.M,Labour Market,Per cent,Month
2013-10-01,5.82490217,Unemployment Rate,ABS:LF/M13.3.1599.20.AUS.M,Labour Market,Per cent,Month
2013-11-01,5.79755063,Unemployment Rate,ABS:LF/M13.3.1599.20.AUS.M,Labour Market,Per cent,Month
2013-12-01,5.9015061,Unemployment Rate,ABS:LF/M13.3.1599.20.AUS.M,Labour Market,Per cent,Month
2014-01-01,5.94805419,Unemployment Rate,ABS:LF/M13.3.1599.20.AUS.M,Labour Market,Per cent,Month
2014-02-01,5.8780012,Unemployment Rate,ABS:LF/M13.3.1599.20.AUS.M,Labour Market,Per cent,Month
2014-03-01,5.87745095,Unemployment Rate,ABS:LF/M13.3.1599.20.AUS.M,Labour Market,Per cent,Month
2014-04-01,5.80704423,Unemployment Rate,ABS:LF/M13.3.1599.20.AUS.M,Labour Market,Per cent,Month
2014-05-01,5.9320344800000004,Unemployment Rate,ABS:LF/M13.3.1599.20.AUS.M,Labour Market,Per cent,Month
2014-06-01,6.05177222,Unemployment Rate,ABS:LF/M13.3.1599.20.AUS.M,Labour Market,Per cent,Month
2014-07-01,6.175513,Unemployment Rate,ABS:LF/M13.3.1599.20.AUS.M,Labour Market,Per cent,Month
2014-08-01,6.10887176,Unemployment Rate,ABS:LF/M13.3.1599.20.AUS.M,Labour Market,Per cent,Month
2014-09-01,6.23979498,Unemployment Rate,ABS:LF/M13.3.1599.20.AUS.M,Labour Market,Per cent,Month
2014-10-01,6.36012324,Unemployment Rate,ABS:LF/M13.3.1599.20.AUS.M,Labour Market,Per cent,Month
2014-11-01,6.29867399,Unemployment Rate,ABS:LF/M13.3.1599.20.AUS.M,Labour Market,Per cent,Month
2014-12-01,6.10730333,Unemployment Rate,ABS:LF/M13.3.1599.20.AUS.M,Labour Market,Per cent,Month
2015-01-01,6.35299819,Unemployment Rate,ABS:LF/M13.3.1599.20.AUS.M,Labour Market,Per cent,Month
2015-02-01,6.15572684,Unemployment Rate,ABS:LF/M13.3.1599.20.AUS.M,Labour Market,Per cent,Month
2015-03-01,6.10623843,Unemployment Rate,ABS:LF/M13.3.1599.20.AUS.M,Labour Market,Per cent,Month
2015-04-01,6.11579465,Unemployment Rate,ABS:LF/M13.3.1599.20.AUS.M,Labour Market,Per cent,Month
2015-05-01,5.93387056,Unemployment Rate,ABS:LF/M13.3.1599.20.AUS.M,Labour Market,Per cent,Month
2015-06-01,6.01213618,Unemployment Rate,ABS:LF/M13.3.1599.20.AUS.M,Labour Market,Per cent,Month
2015-07-01,6.27805448,Unemployment Rate,ABS:LF/M13.3.1599.20.AUS.M,Labour Market,Per cent,Month
2015-08-01,6.11379636,Unemployment Rate,ABS:LF/M13.3.1599.20.AUS.M,Labour Market,Per cent,Month
2015-09-01,6.1775186,Unemployment Rate,ABS:LF/M13.3.1599.20.AUS.M,Labour Market,Per cent,Month
2015-10-01,5.91480934,Unemployment Rate,ABS:LF/M13.3.1599.20.AUS.M,Labour Market,Per cent,Month
2015-11-01,5.852641,Unemployment Rate,ABS:LF/M13.3.1599.20.AUS.M,Labour Market,Per cent,Month
2015-12-01,5.74289613,Unemployment Rate,ABS:LF/M13.3.1599.20.AUS.M,Labour Market,Per cent,Month
2016-01-01,6.04269488,Unemployment Rate,ABS:LF/M13.3.1599.20.AUS.M,Labour Market,Per cent,Month
2016-02-01,5.69688406,Unemployment Rate,ABS:LF/M13.3.1599.20.AUS.M,Labour Market,Per cent,Month
2016-03-01,5.65648377,Unemployment Rate,ABS:LF/M13.3.1599.20.AUS.M,Labour Market,Per cent,Month
2016-04-01,5.64893228,Unemployment Rate,ABS:LF/M13.3.1599.20.AUS.M,Labour Market,Per cent,Month
2016-05-01,5.7249374,Unemployment Rate,ABS:LF/M13.3.1599.20.AUS.M,Labour Market,Per cent,Month
2016-06-01,5.70043161,Unemployment Rate,ABS:LF/M13.3.1599.20.AUS.M,Labour Market,Per cent,Month
2016-07-01,5.69771065,Unemployment Rate,ABS:LF/M13.3.1599.20.AUS.M,Labour Market,Per cent,Month
2016-08-01,5.63378798,Unemployment Rate,ABS:LF/M13.3.1599.20.AUS.M,Labour Market,Per cent,Month
2016-09-01,5.66810015,Unemployment Rate,ABS:LF/M13.3.1599.20.AUS.M,Labour Market,Per cent,Month
2016-10-01,5.59903826,Unemployment Rate,ABS:LF/M13.3.1599.20.AUS.M,Labour Market,Per cent,Month
2016-11-01,5.76967312,Unemployment Rate,ABS:LF/M13.3.1599.20.AUS.M,Labour Market,Per cent,Month
2016-12-01,5.83875191,Unemployment Rate,ABS:LF/M13.3.1599.20.AUS.M,Labour Market,Per cent,Month
2017-01-01,5.6854649,Unemployment Rate,ABS:LF/M13.3.1599.20.AUS.M,Labour Market,Per cent,Month
2017-02-01,5.89618816,Unemployment Rate,ABS:LF/M13.3.1599.20.AUS.M,Labour Market,Per cent,Month
2017-03-01,5.849489,Unemployment Rate,ABS:LF/M13.3.1599.20.AUS.M,Labour Market,Per cent,Month
2017-04-01,5.61329859,Unemployment Rate,ABS:LF/M13.3.1599.20.AUS.M,Labour Market,Per cent,Month
2017-05-01,5.55148401,Unemployment Rate,ABS:LF/M13.3.1599.20.AUS.M,Labour Market,Per cent,Month
2017-06-01,5.62872942,Unemployment Rate,ABS:LF/M13.3.1599.20.AUS.M,Labour Market,Per cent,Month
2017-07-01,5.61078956,Unemployment Rate,ABS:LF/M13.3.1599.20.AUS.M,Labour Market,Per cent,Month
2017-08-01,5.54436239,Unemployment Rate,ABS:LF/M13.3.1599.20.AUS.M,Labour Market,Per cent,Month
2017-09-01,5.46611112,Unemployment Rate,ABS:LF/M13.3.1599.20.AUS.M,Labour Market,Per cent,Month
2017-10-01,5.40536457,Unemployment Rate,ABS:LF/M13.3.1599.20.AUS.M,Labour Market,Per cent,Month
2017-11-01,5.45674183,Unemployment Rate,ABS:LF/M13.3.1599.20.AUS.M,Labour Market,Per cent,Month
2017-12-01,5.61942658,Unemployment Rate,ABS:LF/M13.3.1599.20.AUS.M,Labour Market,Per cent,Month
2018-01-01,5.52589938,Unemployment Rate,ABS:LF/M13.3.1599.20.AUS.M,Labour Market,Per cent,Month
2018-02-01,5.58468414,Unemployment Rate,ABS:LF/M13.3.1599.20.AUS.M,Labour Market,Per cent,Month
2018-03-01,5.53407812,Unemployment Rate,ABS:LF/M13.3.1599.20.AUS.M,Labour Market,Per cent,Month
2018-04-01,5.55001417,Unemployment Rate,ABS:LF/M13.3.1599.20.AUS.M,Labour Market,Per cent,Month
2018-05-01,5.44155276,Unemployment Rate,ABS:LF/M13.3.1599.20.AUS.M,Labour Market,Per cent,Month
2018-06-01,5.34916952,Unemployment Rate,ABS:LF/M13.3.1599.20.AUS.M,Labour Market,Per cent,Month
2018-07-01,5.30070446,Unemployment Rate,ABS:LF/M13.3.1599.20.AUS.M,Labour Market,Per cent,Month
2018-08-01,5.25251152,Unemployment Rate,ABS:LF/M13.3.1599.20.AUS.M,Labour Market,Per cent,Month
2018-09-01,5.02025538,Unemployment Rate,ABS:LF/M13.3.1599.20.AUS.M,Labour Market,Per cent,Month
2018-10-01,5.00276114,Unemployment Rate,ABS:LF/M13.3.1599.20.AUS.M,Labour Market,Per cent,Month
2018-11-01,5.11126844,Unemployment Rate,ABS:LF/M13.3.1599.20.AUS.M,Labour Market,Per cent,Month
2018-12-01,5.02055754,Unemployment Rate,ABS:LF/M13.3.1599.20.AUS.M,Labour Market,Per cent,Month
2019-01-01,5.05123332,Unemployment Rate,ABS:LF/M13.3.1599.20.AUS.M,Labour Market,Per cent,Month
2019-02-01,4.99586634,Unemployment Rate,ABS:LF/M13.3.1599.20.AUS.M,Labour Market,Per cent,Month
2019-03-01,5.09310528,Unemployment Rate,ABS:LF/M13.3.1599.20.AUS.M,Labour Market,Per cent,Month
2019-04-01,5.2250563,Unemployment Rate,ABS:LF/M13.3.1599.20.AUS.M,Labour Market,Per cent,Month
2019-05-01,5.20336139,Unemployment Rate,ABS:LF/M13.3.1599.20.AUS.M,Labour Market,Per cent,Month
2019-06-01,5.26805967,Unemployment Rate,ABS:LF/M13.3.1599.20.AUS.M,Labour Market,Per cent,Month
2019-07-01,5.28267618,Unemployment Rate,ABS:LF/M13.3.1599.20.AUS.M,Labour Market,Per cent,Month
2019-08-01,5.26258262,Unemployment Rate,ABS:LF/M13.3.1599.20.AUS.M,Labour Market,Per cent,Month
2019-09-01,5.22694865,Unemployment Rate,ABS:LF/M13.3.1599.20.AUS.M,Labour Market,Per cent,Month
2019-10-01,5.30226944,Unemployment Rate,ABS:LF/M13.3.1599.20.AUS.M,Labour Market,Per cent,Month
2019-11-01,5.17422756,Unemployment Rate,ABS:LF/M13.3.1599.20.AUS.M,Labour Market,Per cent,Month
2019-12-01,5.04210808,Unemployment Rate,ABS:LF/M13.3.1599.20.AUS.M,Labour Market,Per cent,Month
2020-01-01,5.25069486,Unemployment Rate,ABS:LF/M13.3.1599.20.AUS.M,Labour Market,Per cent,Month
2020-02-01,5.11633431,Unemployment Rate,ABS:LF/M13.3.1599.20.AUS.M,Labour Market,Per cent,Month
2020-03-01,5.20383616,Unemployment Rate,ABS:LF/M13.3.1599.20.AUS.M,Labour Market,Per cent,Month
2020-04-01,6.309213,Unemployment Rate,ABS:LF/M13.3.1599.20.AUS.M,Labour Market,Per cent,Month
2020-05-01,7.00115057,Unemployment Rate,ABS:LF/M13.3.1599.20.AUS.M,Labour Market,Per cent,Month
2020-06-01,7.43892176,Unemployment Rate,ABS:LF/M13.3.1599.20.AUS.M,Labour Market,Per cent,Month
2020-07-01,7.4468382,Unemployment Rate,ABS:LF/M13.3.1599.20.AUS.M,Labour Market,Per cent,Month
2020-08-01,6.79345534,Unemployment Rate,ABS:LF/M13.3.1599.20.AUS.M,Labour Market,Per cent,Month
2020-09-01,6.9219191,Unemployment Rate,ABS:LF/M13.3.1599.20.AUS.M,Labour Market,Per cent,Month
2020-10-01,6.94685531,Unemployment Rate,ABS:LF/M13.3.1599.20.AUS.M,Labour Market,Per cent,Month
2020-11-01,6.81225535,Unemployment Rate,ABS:LF/M13.3.1599.20.AUS.M,Labour Market,Per cent,Month
2020-12-01,6.56286411,Unemployment Rate,ABS:LF/M13.3.1599.20.AUS.M,Labour Market,Per cent,Month
2021-01-01,6.27855889,Unemployment Rate,ABS:LF/M13.3.1599.20.AUS.M,Labour Market,Per cent,Month
2021-02-01,5.85092914,Unemployment Rate,ABS:LF/M13.3.1599.20.AUS.M,Labour Market,Per cent,Month
2021-03-01,5.68105351,Unemployment Rate,ABS:LF/M13.3.1599.20.AUS.M,Labour Market,Per cent,Month
2021-04-01,5.47288947,Unemployment Rate,ABS:LF/M13.3.1599.20.AUS.M,Labour Market,Per cent,Month
2021-05-01,5.12242024,Unemployment Rate,ABS:LF/M13.3.1599.20.AUS.M,Labour Market,Per cent,Month
2021-06-01,5.03774362,Unemployment Rate,ABS:LF/M13.3.1599.20.AUS.M,Labour Market,Per cent,Month
2021-07-01,4.73348917,Unemployment Rate,ABS:LF/M13.3.1599.20.AUS.M,Labour Market,Per cent,Month
2021-08-01,4.56806171,Unemployment Rate,ABS:LF/M13.3.1599.20.AUS.M,Labour Market,Per cent,Month
2021-09-01,4.69729657,Unemployment Rate,ABS:LF/M13.3.1599.20.AUS.M,Labour Market,Per cent,Month
2021-10-01,5.23292972,Unemployment Rate,ABS:LF/M13.3.1599.20.AUS.M,Labour Market,Per cent,Month
2021-11-01,4.63373152,Unemployment Rate,ABS:LF/M13.3.1599.20.AUS.M,Labour Market,Per cent,Month
2021-12-01,4.21258413,Unemployment Rate,ABS:LF/M13.3.1599.20.AUS.M,Labour Market,Per cent,Month
2022-01-01,4.16829334,Unemployment Rate,ABS:LF/M13.3.1599.20.AUS.M,Labour Market,Per cent,Month
2022-02-01,4.03450069,Unemployment Rate,ABS:LF/M13.3.1599.20.AUS.M,Labour Market,Per cent,Month
2022-03-01,3.98980771,Unemployment Rate,ABS:LF/M13.3.1599.20.AUS.M,Labour Market,Per cent,Month
2022-04-01,3.85795528,Unemployment Rate,ABS:LF/M13.3.1599.20.AUS.M,Labour Market,Per cent,Month
2022-05-01,3.950222,Unemployment Rate,ABS:LF/M13.3.1599.20.AUS.M,Labour Market,Per cent,Month
2022-06-01,3.61775316,Unemployment Rate,ABS:LF/M13.3.1599.20.AUS.M,Labour Market,Per cent,Month
2022-07-01,3.45794362,Unemployment Rate,ABS:LF/M13.3.1599.20.AUS.M,Labour Market,Per cent,Month
2022-08-01,3.51828515,Unemployment Rate,ABS:LF/M13.3.1599.20.AUS.M,Labour Market,Per cent,Month
2022-09-01,3.5919535,Unemployment Rate,ABS:LF/M13.3.1599.20.AUS.M,Labour Market,Per cent,Month
2022-10-01,3.43280913,Unemployment Rate,ABS:LF/M13.3.1599.20.AUS.M,Labour Market,Per cent,Month
2022-11-01,3.51602798,Unemployment Rate,ABS:LF/M13.3.1599.20.AUS.M,Labour Market,Per cent,Month
2022-12-01,3.52859132,Unemployment Rate,ABS:LF/M13.3.1599.20.AUS.M,Labour Market,Per cent,Month
2023-01-01,3.66374383,Unemployment Rate,ABS:LF/M13.3.1599.20.AUS.M,Labour Market,Per cent,Month
2023-02-01,3.61333846,Unemployment Rate,ABS:LF/M13.3.1599.20.AUS.M,Labour Market,Per cent,Month
2023-03-01,3.60202417,Unemployment Rate,ABS:LF/M13.3.1599.20.AUS.M,Labour Market,Per cent,Month
2023-04-01,3.7108867,Unemployment Rate,ABS:LF/M13.3.1599.20.AUS.M,Labour Market,Per cent,Month
2023-05-01,3.59877755,Unemployment Rate,ABS:LF/M13.3.1599.20.AUS.M,Labour Market,Per cent,Month
2023-06-01,3.53228654,Unemployment Rate,ABS:LF/M13.3.1599.20.AUS.M,Labour Market,Per cent,Month
2023-07-01,3.72845371,Unemployment Rate,ABS:LF/M13.3.1599.20.AUS.M,Labour Market,Per cent,Month
2023-08-01,3.66385999,Unemployment Rate,ABS:LF/M13.3.1599.20.AUS.M,Labour Market,Per cent,Month
2023-09-01,3.55011662,Unemployment Rate,ABS:LF/M13.3.1599.20.AUS.M,Labour Market,Per cent,Month
2023-10-01,3.77363275,Unemployment Rate,ABS:LF/M13.3.1599.20.AUS.M,Labour Market,Per cent,Month
2023-11-01,3.93125217,Unemployment Rate,ABS:LF/M13.3.1599.20.AUS.M,Labour Market,Per cent,Month
2023-12-01,3.9894317,Unemployment Rate,ABS:LF/M13.3.1599.20.AUS.M,Labour Market,Per cent,Month
2024-01-01,4.09537641,Unemployment Rate,ABS:LF/M13.3.1599.20.AUS.M,Labour Market,Per cent,Month
2024-02-01,3.74420676,Unemployment Rate,ABS:LF/M13.3.1599.20.AUS.M,Labour Market,Per cent,Month
2024-03-01,3.90661595,Unemployment Rate,ABS:LF/M13.3.1599.20.AUS.M,Labour Market,Per cent,Month
2024-04-01,4.09011683,Unemployment Rate,ABS:LF/M13.3.1599.20.AUS.M,Labour Market,Per cent,Month
2024-05-01,4.01553752,Unemployment Rate,ABS:LF/M13.3.1599.20.AUS.M,Labour Market,Per cent,Month
2024-06-01,4.05069119,Unemployment Rate,ABS:LF/M13.3.1599.20.AUS.M,Labour Market,Per cent,Month
2024-07-01,4.21358391,Unemployment Rate,ABS:LF/M13.3.1599.20.AUS.M,Labour Market,Per cent,Month
2024-08-01,4.10577736,Unemployment Rate,ABS:LF/M13.3.1599.20.AUS.M,Labour Market,Per cent,Month
2024-09-01,4.00269847,Unemployment Rate,ABS:LF/M13.3.1599.20.AUS.M,Labour Market,Per cent,Month
2024-10-01,4.08470994,Unemployment Rate,ABS:LF/M13.3.1599.20.AUS.M,Labour Market,Per cent,Month
2024-11-01,3.934666,Unemployment Rate,ABS:LF/M13.3.1599.20.AUS.M,Labour Market,Per cent,Month
2024-12-01,3.99984213,Unemployment Rate,ABS:LF/M13.3.1599.20.AUS.M,Labour Market,Per cent,Month
2025-01-01,4.12963566,Unemployment Rate,ABS:LF/M13.3.1599.20.AUS.M,Labour Market,Per cent,Month
2025-02-01,4.07577093,Unemployment Rate,ABS:LF/M13.3.1599.20.AUS.M,Labour Market,Per cent,Month
2025-03-01,4.08543795,Unemployment Rate,ABS:LF/M13.3.1599.20.AUS.M,Labour Market,Per cent,Month
2025-04-01,4.06299475,Unemployment Rate,ABS:LF/M13.3.1599.20.AUS.M,Labour Market,Per cent,Month
2025-05-01,4.11191008,Unemployment Rate,ABS:LF/M13.3.1599.20.AUS.M,Labour Market,Per cent,Month
2025-06-01,4.33887071,Unemployment Rate,ABS:LF/M13.3.1599.20.AUS.M,Labour Market,Per cent,Month
2025-07-01,4.25976013,Unemployment Rate,ABS:LF/M13.3.1599.20.AUS.M,Labour Market,Per cent,Month
2025-08-01,4.21831567,Unemployment Rate,ABS:LF/M13.3.1599.20.AUS.M,Labour Market,Per cent,Month
2025-09-01,4.42377774,Unemployment Rate,ABS:LF/M13.3.1599.20.AUS.M,Labour Market,Per cent,Month
2025-10-01,4.32170847,Unemployment Rate,ABS:LF/M13.3.1599.20.AUS.M,Labour Market,Per cent,Month
2025-11-01,4.31724462,Unemployment Rate,ABS:LF/M13.3.1599.20.AUS.M,Labour Market,Per cent,Month
2025-12-01,4.11710932,Unemployment Rate,ABS:LF/M13.3.1599.20.AUS.M,Labour Market,Per cent,Month
2026-01-01,4.08312439,Unemployment Rate,ABS:LF/M13.3.1599.20.AUS.M,Labour Market,Per cent,Month
2026-02-01,4.30735473,Unemployment Rate,ABS:LF/M13.3.1599.20.AUS.M,Labour Market,Per cent,Month
2026-03-01,4.29072641,Unemployment Rate,ABS:LF/M13.3.1599.20.AUS.M,Labour Market,Per cent,Month
2026-04-01,4.5001238,Unemployment Rate,ABS:LF/M13.3.1599.20.AUS.M,Labour Market,Per cent,Month
2026-05-01,4.39240934,Unemployment Rate,ABS:LF/M13.3.1599.20.AUS.M,Labour Market,Per cent,Month
2026-06-01,4.44997236,Unemployment Rate,ABS:LF/M13.3.1599.20.AUS.M,Labour Market,Per cent,Month
2026-07-01,4.48447608,Unemployment Rate,ABS:LF/M13.3.1599.20.AUS.M,Labour Market,Per cent,Month
2026-08-01,4.64629609,Unemployment Rate,ABS:LF/M13.3.1599.20.AUS.M,Labour Market,Per cent,Month
1948-07-01,2.59,CPI All Groups,NA,Prices,Index,Quarter
1948-10-01,2.63,CPI All Groups,NA,Prices,Index,Quarter
1949-01-01,2.71,CPI All Groups,NA,Prices,Index,Quarter
1949-04-01,2.74,CPI All Groups,NA,Prices,Index,Quarter
1949-07-01,2.82,CPI All Groups,NA,Prices,Index,Quarter
1949-10-01,2.86,CPI All Groups,NA,Prices,Index,Quarter
1950-01-01,2.9,CPI All Groups,NA,Prices,Index,Quarter
1950-04-01,3.02,CPI All Groups,NA,Prices,Index,Quarter
1950-07-01,3.05,CPI All Groups,NA,Prices,Index,Quarter
1950-10-01,3.17,CPI All Groups,NA,Prices,Index,Quarter
1951-01-01,3.32,CPI All Groups,NA,Prices,Index,Quarter
1951-04-01,3.52,CPI All Groups,NA,Prices,Index,Quarter
1951-07-01,3.71,CPI All Groups,NA,Prices,Index,Quarter
1951-10-01,3.98,CPI All Groups,NA,Prices,Index,Quarter
1952-01-01,4.1,CPI All Groups,NA,Prices,Index,Quarter
1952-04-01,4.25,CPI All Groups,NA,Prices,Index,Quarter
1952-07-01,4.33,CPI All Groups,NA,Prices,Index,Quarter
1952-10-01,4.37,CPI All Groups,NA,Prices,Index,Quarter
1953-01-01,4.41,CPI All Groups,NA,Prices,Index,Quarter
1953-04-01,4.45,CPI All Groups,NA,Prices,Index,Quarter
1953-07-01,4.48,CPI All Groups,NA,Prices,Index,Quarter
1953-10-01,4.45,CPI All Groups,NA,Prices,Index,Quarter
1954-01-01,4.48,CPI All Groups,NA,Prices,Index,Quarter
1954-04-01,4.48,CPI All Groups,NA,Prices,Index,Quarter
1954-07-01,4.48,CPI All Groups,NA,Prices,Index,Quarter
1954-10-01,4.48,CPI All Groups,NA,Prices,Index,Quarter
1955-01-01,4.52,CPI All Groups,NA,Prices,Index,Quarter
1955-04-01,4.56,CPI All Groups,NA,Prices,Index,Quarter
1955-07-01,4.6,CPI All Groups,NA,Prices,Index,Quarter
1955-10-01,4.64,CPI All Groups,NA,Prices,Index,Quarter
1956-01-01,4.68,CPI All Groups,NA,Prices,Index,Quarter
1956-04-01,4.83,CPI All Groups,NA,Prices,Index,Quarter
1956-07-01,4.95,CPI All Groups,NA,Prices,Index,Quarter
1956-10-01,4.95,CPI All Groups,NA,Prices,Index,Quarter
1957-01-01,4.95,CPI All Groups,NA,Prices,Index,Quarter
1957-04-01,4.99,CPI All Groups,NA,Prices,Index,Quarter
1957-07-01,4.99,CPI All Groups,NA,Prices,Index,Quarter
1957-10-01,4.99,CPI All Groups,NA,Prices,Index,Quarter
1958-01-01,5.03,CPI All Groups,NA,Prices,Index,Quarter
1958-04-01,5.03,CPI All Groups,NA,Prices,Index,Quarter
1958-07-01,5.03,CPI All Groups,NA,Prices,Index,Quarter
1958-10-01,5.06,CPI All Groups,NA,Prices,Index,Quarter
1959-01-01,5.1,CPI All Groups,NA,Prices,Index,Quarter
1959-04-01,5.1,CPI All Groups,NA,Prices,Index,Quarter
1959-07-01,5.14,CPI All Groups,NA,Prices,Index,Quarter
1959-10-01,5.18,CPI All Groups,NA,Prices,Index,Quarter
1960-01-01,5.22,CPI All Groups,NA,Prices,Index,Quarter
1960-04-01,5.3,CPI All Groups,NA,Prices,Index,Quarter
1960-07-01,5.37,CPI All Groups,NA,Prices,Index,Quarter
1960-10-01,5.41,CPI All Groups,NA,Prices,Index,Quarter
1961-01-01,5.45,CPI All Groups,NA,Prices,Index,Quarter
1961-04-01,5.49,CPI All Groups,NA,Prices,Index,Quarter
1961-07-01,5.45,CPI All Groups,NA,Prices,Index,Quarter
1961-10-01,5.45,CPI All Groups,NA,Prices,Index,Quarter
1962-01-01,5.45,CPI All Groups,NA,Prices,Index,Quarter
1962-04-01,5.45,CPI All Groups,NA,Prices,Index,Quarter
1962-07-01,5.45,CPI All Groups,NA,Prices,Index,Quarter
1962-10-01,5.45,CPI All Groups,NA,Prices,Index,Quarter
1963-01-01,5.45,CPI All Groups,NA,Prices,Index,Quarter
1963-04-01,5.45,CPI All Groups,NA,Prices,Index,Quarter
1963-07-01,5.49,CPI All Groups,NA,Prices,Index,Quarter
1963-10-01,5.49,CPI All Groups,NA,Prices,Index,Quarter
1964-01-01,5.53,CPI All Groups,NA,Prices,Index,Quarter
1964-04-01,5.57,CPI All Groups,NA,Prices,Index,Quarter
1964-07-01,5.64,CPI All Groups,NA,Prices,Index,Quarter
1964-10-01,5.68,CPI All Groups,NA,Prices,Index,Quarter
1965-01-01,5.72,CPI All Groups,NA,Prices,Index,Quarter
1965-04-01,5.8,CPI All Groups,NA,Prices,Index,Quarter
1965-07-01,5.84,CPI All Groups,NA,Prices,Index,Quarter
1965-10-01,5.91,CPI All Groups,NA,Prices,Index,Quarter
1966-01-01,5.95,CPI All Groups,NA,Prices,Index,Quarter
1966-04-01,5.99,CPI All Groups,NA,Prices,Index,Quarter
1966-07-01,5.99,CPI All Groups,NA,Prices,Index,Quarter
1966-10-01,6.07,CPI All Groups,NA,Prices,Index,Quarter
1967-01-01,6.11,CPI All Groups,NA,Prices,Index,Quarter
1967-04-01,6.15,CPI All Groups,NA,Prices,Index,Quarter
1967-07-01,6.26,CPI All Groups,NA,Prices,Index,Quarter
1967-10-01,6.26,CPI All Groups,NA,Prices,Index,Quarter
1968-01-01,6.3,CPI All Groups,NA,Prices,Index,Quarter
1968-04-01,6.34,CPI All Groups,NA,Prices,Index,Quarter
1968-07-01,6.38,CPI All Groups,NA,Prices,Index,Quarter
1968-10-01,6.42,CPI All Groups,NA,Prices,Index,Quarter
1969-01-01,6.49,CPI All Groups,NA,Prices,Index,Quarter
1969-04-01,6.53,CPI All Groups,NA,Prices,Index,Quarter
1969-07-01,6.57,CPI All Groups,NA,Prices,Index,Quarter
1969-10-01,6.61,CPI All Groups,NA,Prices,Index,Quarter
1970-01-01,6.69,CPI All Groups,NA,Prices,Index,Quarter
1970-04-01,6.77,CPI All Groups,NA,Prices,Index,Quarter
1970-07-01,6.8,CPI All Groups,NA,Prices,Index,Quarter
1970-10-01,6.92,CPI All Groups,NA,Prices,Index,Quarter
1971-01-01,7,CPI All Groups,NA,Prices,Index,Quarter
1971-04-01,7.11,CPI All Groups,NA,Prices,Index,Quarter
1971-07-01,7.27,CPI All Groups,NA,Prices,Index,Quarter
1971-10-01,7.42,CPI All Groups,NA,Prices,Index,Quarter
1972-01-01,7.5,CPI All Groups,NA,Prices,Index,Quarter
1972-04-01,7.58,CPI All Groups,NA,Prices,Index,Quarter
1972-07-01,7.69,CPI All Groups,NA,Prices,Index,Quarter
1972-10-01,7.77,CPI All Groups,NA,Prices,Index,Quarter
1973-01-01,7.93,CPI All Groups,NA,Prices,Index,Quarter
1973-04-01,8.2,CPI All Groups,NA,Prices,Index,Quarter
1973-07-01,8.47,CPI All Groups,NA,Prices,Index,Quarter
1973-10-01,8.78,CPI All Groups,NA,Prices,Index,Quarter
1974-01-01,9.01,CPI All Groups,NA,Prices,Index,Quarter
1974-04-01,9.39,CPI All Groups,NA,Prices,Index,Quarter
1974-07-01,9.86,CPI All Groups,NA,Prices,Index,Quarter
1974-10-01,10.21,CPI All Groups,NA,Prices,Index,Quarter
1975-01-01,10.59,CPI All Groups,NA,Prices,Index,Quarter
1975-04-01,10.98,CPI All Groups,NA,Prices,Index,Quarter
1975-07-01,11.06,CPI All Groups,NA,Prices,Index,Quarter
1975-10-01,11.68,CPI All Groups,NA,Prices,Index,Quarter
1976-01-01,11.98,CPI All Groups,NA,Prices,Index,Quarter
1976-04-01,12.29,CPI All Groups,NA,Prices,Index,Quarter
1976-07-01,12.6,CPI All Groups,NA,Prices,Index,Quarter
1976-10-01,13.34,CPI All Groups,NA,Prices,Index,Quarter
1977-01-01,13.65,CPI All Groups,NA,Prices,Index,Quarter
1977-04-01,13.96,CPI All Groups,NA,Prices,Index,Quarter
1977-07-01,14.23,CPI All Groups,NA,Prices,Index,Quarter
1977-10-01,14.57,CPI All Groups,NA,Prices,Index,Quarter
1978-01-01,14.77,CPI All Groups,NA,Prices,Index,Quarter
1978-04-01,15.08,CPI All Groups,NA,Prices,Index,Quarter
1978-07-01,15.35,CPI All Groups,NA,Prices,Index,Quarter
1978-10-01,15.7,CPI All Groups,NA,Prices,Index,Quarter
1979-01-01,15.97,CPI All Groups,NA,Prices,Index,Quarter
1979-04-01,16.39,CPI All Groups,NA,Prices,Index,Quarter
1979-07-01,16.78,CPI All Groups,NA,Prices,Index,Quarter
1979-10-01,17.28,CPI All Groups,NA,Prices,Index,Quarter
1980-01-01,17.67,CPI All Groups,NA,Prices,Index,Quarter
1980-04-01,18.17,CPI All Groups,NA,Prices,Index,Quarter
1980-07-01,18.48,CPI All Groups,NA,Prices,Index,Quarter
1980-10-01,18.87,CPI All Groups,NA,Prices,Index,Quarter
1981-01-01,19.33,CPI All Groups,NA,Prices,Index,Quarter
1981-04-01,19.76,CPI All Groups,NA,Prices,Index,Quarter
1981-07-01,20.14,CPI All Groups,NA,Prices,Index,Quarter
1981-10-01,20.99,CPI All Groups,NA,Prices,Index,Quarter
1982-01-01,21.38,CPI All Groups,NA,Prices,Index,Quarter
1982-04-01,21.88,CPI All Groups,NA,Prices,Index,Quarter
1982-07-01,22.65,CPI All Groups,NA,Prices,Index,Quarter
1982-10-01,23.31,CPI All Groups,NA,Prices,Index,Quarter
1983-01-01,23.81,CPI All Groups,NA,Prices,Index,Quarter
1983-04-01,24.32,CPI All Groups,NA,Prices,Index,Quarter
1983-07-01,24.74,CPI All Groups,NA,Prices,Index,Quarter
1983-10-01,25.32,CPI All Groups,NA,Prices,Index,Quarter
1984-01-01,25.21,CPI All Groups,NA,Prices,Index,Quarter
1984-04-01,25.28,CPI All Groups,NA,Prices,Index,Quarter
1984-07-01,25.59,CPI All Groups,NA,Prices,Index,Quarter
1984-10-01,25.98,CPI All Groups,NA,Prices,Index,Quarter
1985-01-01,26.33,CPI All Groups,NA,Prices,Index,Quarter
1985-04-01,26.95,CPI All Groups,NA,Prices,Index,Quarter
1985-07-01,27.56,CPI All Groups,NA,Prices,Index,Quarter
1985-10-01,28.11,CPI All Groups,NA,Prices,Index,Quarter
1986-01-01,28.76,CPI All Groups,NA,Prices,Index,Quarter
1986-04-01,29.23,CPI All Groups,NA,Prices,Index,Quarter
1986-07-01,30,CPI All Groups,NA,Prices,Index,Quarter
1986-10-01,30.85,CPI All Groups,NA,Prices,Index,Quarter
1987-01-01,31.47,CPI All Groups,NA,Prices,Index,Quarter
1987-04-01,31.93,CPI All Groups,NA,Prices,Index,Quarter
1987-07-01,32.47,CPI All Groups,NA,Prices,Index,Quarter
1987-10-01,33.05,CPI All Groups,NA,Prices,Index,Quarter
1988-01-01,33.63,CPI All Groups,NA,Prices,Index,Quarter
1988-04-01,34.21,CPI All Groups,NA,Prices,Index,Quarter
1988-07-01,34.87,CPI All Groups,NA,Prices,Index,Quarter
1988-10-01,35.57,CPI All Groups,NA,Prices,Index,Quarter
1989-01-01,35.91,CPI All Groups,NA,Prices,Index,Quarter
1989-04-01,36.8,CPI All Groups,NA,Prices,Index,Quarter
1989-07-01,37.65,CPI All Groups,NA,Prices,Index,Quarter
1989-10-01,38.35,CPI All Groups,NA,Prices,Index,Quarter
1990-01-01,39.01,CPI All Groups,NA,Prices,Index,Quarter
1990-04-01,39.63,CPI All Groups,NA,Prices,Index,Quarter
1990-07-01,39.94,CPI All Groups,NA,Prices,Index,Quarter
1990-10-01,40.98,CPI All Groups,NA,Prices,Index,Quarter
1991-01-01,40.9,CPI All Groups,NA,Prices,Index,Quarter
1991-04-01,40.98,CPI All Groups,NA,Prices,Index,Quarter
1991-07-01,41.21,CPI All Groups,NA,Prices,Index,Quarter
1991-10-01,41.6,CPI All Groups,NA,Prices,Index,Quarter
1992-01-01,41.6,CPI All Groups,NA,Prices,Index,Quarter
1992-04-01,41.48,CPI All Groups,NA,Prices,Index,Quarter
1992-07-01,41.52,CPI All Groups,NA,Prices,Index,Quarter
1992-10-01,41.71,CPI All Groups,NA,Prices,Index,Quarter
1993-01-01,42.1,CPI All Groups,NA,Prices,Index,Quarter
1993-04-01,42.25,CPI All Groups,NA,Prices,Index,Quarter
1993-07-01,42.45,CPI All Groups,NA,Prices,Index,Quarter
1993-10-01,42.53,CPI All Groups,NA,Prices,Index,Quarter
1994-01-01,42.68,CPI All Groups,NA,Prices,Index,Quarter
1994-04-01,42.99,CPI All Groups,NA,Prices,Index,Quarter
1994-07-01,43.26,CPI All Groups,NA,Prices,Index,Quarter
1994-10-01,43.61,CPI All Groups,NA,Prices,Index,Quarter
1995-01-01,44.34,CPI All Groups,NA,Prices,Index,Quarter
1995-04-01,44.92,CPI All Groups,NA,Prices,Index,Quarter
1995-07-01,45.46,CPI All Groups,NA,Prices,Index,Quarter
1995-10-01,45.81,CPI All Groups,NA,Prices,Index,Quarter
1996-01-01,46,CPI All Groups,NA,Prices,Index,Quarter
1996-04-01,46.31,CPI All Groups,NA,Prices,Index,Quarter
1996-07-01,46.43,CPI All Groups,NA,Prices,Index,Quarter
1996-10-01,46.51,CPI All Groups,NA,Prices,Index,Quarter
1997-01-01,46.58,CPI All Groups,NA,Prices,Index,Quarter
1997-04-01,46.47,CPI All Groups,NA,Prices,Index,Quarter
1997-07-01,46.28,CPI All Groups,NA,Prices,Index,Quarter
1997-10-01,46.39,CPI All Groups,NA,Prices,Index,Quarter
1998-01-01,46.51,CPI All Groups,NA,Prices,Index,Quarter
1998-04-01,46.78,CPI All Groups,NA,Prices,Index,Quarter
1998-07-01,46.91,CPI All Groups,NA,Prices,Index,Quarter
1998-10-01,47.11,CPI All Groups,NA,Prices,Index,Quarter
1999-01-01,47.08,CPI All Groups,NA,Prices,Index,Quarter
1999-04-01,47.29,CPI All Groups,NA,Prices,Index,Quarter
1999-07-01,47.72,CPI All Groups,NA,Prices,Index,Quarter
1999-10-01,47.97,CPI All Groups,NA,Prices,Index,Quarter
2000-01-01,48.4,CPI All Groups,NA,Prices,Index,Quarter
2000-04-01,48.77,CPI All Groups,NA,Prices,Index,Quarter
2000-07-01,50.59,CPI All Groups,NA,Prices,Index,Quarter
2000-10-01,50.76,CPI All Groups,NA,Prices,Index,Quarter
2001-01-01,51.3,CPI All Groups,NA,Prices,Index,Quarter
2001-04-01,51.73,CPI All Groups,NA,Prices,Index,Quarter
2001-07-01,51.87,CPI All Groups,NA,Prices,Index,Quarter
2001-10-01,52.35,CPI All Groups,NA,Prices,Index,Quarter
2002-01-01,52.82,CPI All Groups,NA,Prices,Index,Quarter
2002-04-01,53.2,CPI All Groups,NA,Prices,Index,Quarter
2002-07-01,53.56,CPI All Groups,NA,Prices,Index,Quarter
2002-10-01,53.92,CPI All Groups,NA,Prices,Index,Quarter
2003-01-01,54.62,CPI All Groups,NA,Prices,Index,Quarter
2003-04-01,54.62,CPI All Groups,NA,Prices,Index,Quarter
2003-07-01,54.93,CPI All Groups,NA,Prices,Index,Quarter
2003-10-01,55.22,CPI All Groups,NA,Prices,Index,Quarter
2004-01-01,55.71,CPI All Groups,NA,Prices,Index,Quarter
2004-04-01,55.97,CPI All Groups,NA,Prices,Index,Quarter
2004-07-01,56.2,CPI All Groups,NA,Prices,Index,Quarter
2004-10-01,56.63,CPI All Groups,NA,Prices,Index,Quarter
2005-01-01,57.01,CPI All Groups,NA,Prices,Index,Quarter
2005-04-01,57.35,CPI All Groups,NA,Prices,Index,Quarter
2005-07-01,57.92,CPI All Groups,NA,Prices,Index,Quarter
2005-10-01,58.22,CPI All Groups,NA,Prices,Index,Quarter
2006-01-01,58.72,CPI All Groups,NA,Prices,Index,Quarter
2006-04-01,59.65,CPI All Groups,NA,Prices,Index,Quarter
2006-07-01,60.18,CPI All Groups,NA,Prices,Index,Quarter
2006-10-01,60.11,CPI All Groups,NA,Prices,Index,Quarter
2007-01-01,60.16,CPI All Groups,NA,Prices,Index,Quarter
2007-04-01,60.9,CPI All Groups,NA,Prices,Index,Quarter
2007-07-01,61.32,CPI All Groups,NA,Prices,Index,Quarter
2007-10-01,61.89,CPI All Groups,NA,Prices,Index,Quarter
2008-01-01,62.72,CPI All Groups,NA,Prices,Index,Quarter
2008-04-01,63.63,CPI All Groups,NA,Prices,Index,Quarter
2008-07-01,64.37,CPI All Groups,NA,Prices,Index,Quarter
2008-10-01,64.16,CPI All Groups,NA,Prices,Index,Quarter
2009-01-01,64.23,CPI All Groups,NA,Prices,Index,Quarter
2009-04-01,64.55,CPI All Groups,NA,Prices,Index,Quarter
2009-07-01,65.16,CPI All Groups,NA,Prices,Index,Quarter
2009-10-01,65.51,CPI All Groups,NA,Prices,Index,Quarter
2010-01-01,66.12,CPI All Groups,NA,Prices,Index,Quarter
2010-04-01,66.52,CPI All Groups,NA,Prices,Index,Quarter
2010-07-01,67,CPI All Groups,NA,Prices,Index,Quarter
2010-10-01,67.26,CPI All Groups,NA,Prices,Index,Quarter
2011-01-01,68.3,CPI All Groups,NA,Prices,Index,Quarter
2011-04-01,68.93,CPI All Groups,NA,Prices,Index,Quarter
2011-07-01,69.34,CPI All Groups,NA,Prices,Index,Quarter
2011-10-01,69.34,CPI All Groups,NA,Prices,Index,Quarter
2012-01-01,69.38,CPI All Groups,NA,Prices,Index,Quarter
2012-04-01,69.74,CPI All Groups,NA,Prices,Index,Quarter
2012-07-01,70.69,CPI All Groups,NA,Prices,Index,Quarter
2012-10-01,70.87,CPI All Groups,NA,Prices,Index,Quarter
2013-01-01,71.11,CPI All Groups,NA,Prices,Index,Quarter
2013-04-01,71.38,CPI All Groups,NA,Prices,Index,Quarter
2013-07-01,72.25,CPI All Groups,NA,Prices,Index,Quarter
2013-10-01,72.77,CPI All Groups,NA,Prices,Index,Quarter
2014-01-01,73.2,CPI All Groups,NA,Prices,Index,Quarter
2014-04-01,73.57,CPI All Groups,NA,Prices,Index,Quarter
2014-07-01,73.88,CPI All Groups,NA,Prices,Index,Quarter
2014-10-01,74.02,CPI All Groups,NA,Prices,Index,Quarter
2015-01-01,74.16,CPI All Groups,NA,Prices,Index,Quarter
2015-04-01,74.69,CPI All Groups,NA,Prices,Index,Quarter
2015-07-01,74.98,CPI All Groups,NA,Prices,Index,Quarter
2015-10-01,75.27,CPI All Groups,NA,Prices,Index,Quarter
2016-01-01,75.12,CPI All Groups,NA,Prices,Index,Quarter
2016-04-01,75.45,CPI All Groups,NA,Prices,Index,Quarter
2016-07-01,75.98,CPI All Groups,NA,Prices,Index,Quarter
2016-10-01,76.38,CPI All Groups,NA,Prices,Index,Quarter
2017-01-01,76.73,CPI All Groups,NA,Prices,Index,Quarter
2017-04-01,76.88,CPI All Groups,NA,Prices,Index,Quarter
2017-07-01,77.35,CPI All Groups,NA,Prices,Index,Quarter
2017-10-01,77.87,CPI All Groups,NA,Prices,Index,Quarter
2018-01-01,78.21,CPI All Groups,NA,Prices,Index,Quarter
2018-04-01,78.49,CPI All Groups,NA,Prices,Index,Quarter
2018-07-01,78.83,CPI All Groups,NA,Prices,Index,Quarter
2018-10-01,79.24,CPI All Groups,NA,Prices,Index,Quarter
2019-01-01,79.23,CPI All Groups,NA,Prices,Index,Quarter
2019-04-01,79.7,CPI All Groups,NA,Prices,Index,Quarter
2019-07-01,80.15,CPI All Groups,NA,Prices,Index,Quarter
2019-10-01,80.7,CPI All Groups,NA,Prices,Index,Quarter
2020-01-01,81,CPI All Groups,NA,Prices,Index,Quarter
2020-04-01,79.44,CPI All Groups,NA,Prices,Index,Quarter
2020-07-01,80.67,CPI All Groups,NA,Prices,Index,Quarter
2020-10-01,81.4,CPI All Groups,NA,Prices,Index,Quarter
2021-01-01,81.87,CPI All Groups,NA,Prices,Index,Quarter
2021-04-01,82.47,CPI All Groups,NA,Prices,Index,Quarter
2021-07-01,83.17,CPI All Groups,NA,Prices,Index,Quarter
2021-10-01,84.23,CPI All Groups,NA,Prices,Index,Quarter
2022-01-01,86.05,CPI All Groups,NA,Prices,Index,Quarter
2022-04-01,87.59,CPI All Groups,NA,Prices,Index,Quarter
2022-07-01,89.2,CPI All Groups,NA,Prices,Index,Quarter
2022-10-01,90.85,CPI All Groups,NA,Prices,Index,Quarter
2023-01-01,92.08,CPI All Groups,NA,Prices,Index,Quarter
2023-04-01,92.87,CPI All Groups,NA,Prices,Index,Quarter
2023-07-01,93.94,CPI All Groups,NA,Prices,Index,Quarter
2023-10-01,94.53,CPI All Groups,NA,Prices,Index,Quarter
2024-01-01,95.41,CPI All Groups,NA,Prices,Index,Quarter
2024-04-01,96.41,CPI All Groups,NA,Prices,Index,Quarter
2024-07-01,96.62,CPI All Groups,NA,Prices,Index,Quarter
2024-10-01,96.81,CPI All Groups,NA,Prices,Index,Quarter
2025-01-01,97.7,CPI All Groups,NA,Prices,Index,Quarter
2025-04-01,98.43,CPI All Groups,NA,Prices,Index,Quarter
2025-07-01,99.73,CPI All Groups,NA,Prices,Index,Quarter
2025-10-01,100.32,CPI All Groups,NA,Prices,Index,Quarter
2026-01-01,101.7,CPI All Groups,NA,Prices,Index,Quarter
2026-04-01,102.31,CPI All Groups,NA,Prices,Index,Quarter
1949-07-01,8.880308880308885,CPI Inflation YoY,NA,Prices,Per cent,Quarter
1949-10-01,8.745247148288971,CPI Inflation YoY,NA,Prices,Per cent,Quarter
1950-01-01,7.011070110701101,CPI Inflation YoY,NA,Prices,Per cent,Quarter
1950-04-01,10.21897810218977,CPI Inflation YoY,NA,Prices,Per cent,Quarter
1950-07-01,8.15602836879432,CPI Inflation YoY,NA,Prices,Per cent,Quarter
1950-10-01,10.839160839160833,CPI Inflation YoY,NA,Prices,Per cent,Quarter
1951-01-01,14.482758620689662,CPI Inflation YoY,NA,Prices,Per cent,Quarter
1951-04-01,16.55629139072847,CPI Inflation YoY,NA,Prices,Per cent,Quarter
1951-07-01,21.63934426229508,CPI Inflation YoY,NA,Prices,Per cent,Quarter
1951-10-01,25.552050473186117,CPI Inflation YoY,NA,Prices,Per cent,Quarter
1952-01-01,23.493975903614462,CPI Inflation YoY,NA,Prices,Per cent,Quarter
1952-04-01,20.738636363636353,CPI Inflation YoY,NA,Prices,Per cent,Quarter
1952-07-01,16.71159029649596,CPI Inflation YoY,NA,Prices,Per cent,Quarter
1952-10-01,9.798994974874375,CPI Inflation YoY,NA,Prices,Per cent,Quarter
1953-01-01,7.560975609756104,CPI Inflation YoY,NA,Prices,Per cent,Quarter
1953-04-01,4.705882352941182,CPI Inflation YoY,NA,Prices,Per cent,Quarter
1953-07-01,3.4642032332563577,CPI Inflation YoY,NA,Prices,Per cent,Quarter
1953-10-01,1.8306636155606348,CPI Inflation YoY,NA,Prices,Per cent,Quarter
1954-01-01,1.5873015873016039,CPI Inflation YoY,NA,Prices,Per cent,Quarter
1954-04-01,0.6741573033707926,CPI Inflation YoY,NA,Prices,Per cent,Quarter
1954-07-01,0,CPI Inflation YoY,NA,Prices,Per cent,Quarter
1954-10-01,0.6741573033707926,CPI Inflation YoY,NA,Prices,Per cent,Quarter
1955-01-01,0.8928571428571175,CPI Inflation YoY,NA,Prices,Per cent,Quarter
1955-04-01,1.7857142857142572,CPI Inflation YoY,NA,Prices,Per cent,Quarter
1955-07-01,2.678571428571419,CPI Inflation YoY,NA,Prices,Per cent,Quarter
1955-10-01,3.5714285714285587,CPI Inflation YoY,NA,Prices,Per cent,Quarter
1956-01-01,3.539823008849563,CPI Inflation YoY,NA,Prices,Per cent,Quarter
1956-04-01,5.92105263157896,CPI Inflation YoY,NA,Prices,Per cent,Quarter
1956-07-01,7.608695652173925,CPI Inflation YoY,NA,Prices,Per cent,Quarter
1956-10-01,6.68103448275863,CPI Inflation YoY,NA,Prices,Per cent,Quarter
1957-01-01,5.769230769230771,CPI Inflation YoY,NA,Prices,Per cent,Quarter
1957-04-01,3.31262939958592,CPI Inflation YoY,NA,Prices,Per cent,Quarter
1957-07-01,0.8080808080808133,CPI Inflation YoY,NA,Prices,Per cent,Quarter
1957-10-01,0.8080808080808133,CPI Inflation YoY,NA,Prices,Per cent,Quarter
1958-01-01,1.6161616161616266,CPI Inflation YoY,NA,Prices,Per cent,Quarter
1958-04-01,0.8016032064128265,CPI Inflation YoY,NA,Prices,Per cent,Quarter
1958-07-01,0.8016032064128265,CPI Inflation YoY,NA,Prices,Per cent,Quarter
1958-10-01,1.4028056112224352,CPI Inflation YoY,NA,Prices,Per cent,Quarter
1959-01-01,1.391650099403563,CPI Inflation YoY,NA,Prices,Per cent,Quarter
1959-04-01,1.391650099403563,CPI Inflation YoY,NA,Prices,Per cent,Quarter
1959-07-01,2.1868787276341894,CPI Inflation YoY,NA,Prices,Per cent,Quarter
1959-10-01,2.371541501976293,CPI Inflation YoY,NA,Prices,Per cent,Quarter
1960-01-01,2.35294117647058,CPI Inflation YoY,NA,Prices,Per cent,Quarter
1960-04-01,3.9215686274509887,CPI Inflation YoY,NA,Prices,Per cent,Quarter
1960-07-01,4.474708171206232,CPI Inflation YoY,NA,Prices,Per cent,Quarter
1960-10-01,4.440154440154442,CPI Inflation YoY,NA,Prices,Per cent,Quarter
1961-01-01,4.406130268199249,CPI Inflation YoY,NA,Prices,Per cent,Quarter
1961-04-01,3.584905660377369,CPI Inflation YoY,NA,Prices,Per cent,Quarter
1961-07-01,1.4897579143389184,CPI Inflation YoY,NA,Prices,Per cent,Quarter
1961-10-01,0.7393715341959428,CPI Inflation YoY,NA,Prices,Per cent,Quarter
1962-01-01,0,CPI Inflation YoY,NA,Prices,Per cent,Quarter
1962-04-01,-0.7285974499089298,CPI Inflation YoY,NA,Prices,Per cent,Quarter
1962-07-01,0,CPI Inflation YoY,NA,Prices,Per cent,Quarter
1962-10-01,0,CPI Inflation YoY,NA,Prices,Per cent,Quarter
1963-01-01,0,CPI Inflation YoY,NA,Prices,Per cent,Quarter
1963-04-01,0,CPI Inflation YoY,NA,Prices,Per cent,Quarter
1963-07-01,0.7339449541284404,CPI Inflation YoY,NA,Prices,Per cent,Quarter
1963-10-01,0.7339449541284404,CPI Inflation YoY,NA,Prices,Per cent,Quarter
1964-01-01,1.4678899082568808,CPI Inflation YoY,NA,Prices,Per cent,Quarter
1964-04-01,2.2018348623853212,CPI Inflation YoY,NA,Prices,Per cent,Quarter
1964-07-01,2.7322404371584508,CPI Inflation YoY,NA,Prices,Per cent,Quarter
1964-10-01,3.4608378870673917,CPI Inflation YoY,NA,Prices,Per cent,Quarter
1965-01-01,3.435804701627476,CPI Inflation YoY,NA,Prices,Per cent,Quarter
1965-04-01,4.129263913824044,CPI Inflation YoY,NA,Prices,Per cent,Quarter
1965-07-01,3.546099290780136,CPI Inflation YoY,NA,Prices,Per cent,Quarter
1965-10-01,4.049295774647899,CPI Inflation YoY,NA,Prices,Per cent,Quarter
1966-01-01,4.020979020979021,CPI Inflation YoY,NA,Prices,Per cent,Quarter
1966-04-01,3.2758620689655293,CPI Inflation YoY,NA,Prices,Per cent,Quarter
1966-07-01,2.5684931506849473,CPI Inflation YoY,NA,Prices,Per cent,Quarter
1966-10-01,2.7072758037224975,CPI Inflation YoY,NA,Prices,Per cent,Quarter
1967-01-01,2.6890756302521135,CPI Inflation YoY,NA,Prices,Per cent,Quarter
1967-04-01,2.6711185308848195,CPI Inflation YoY,NA,Prices,Per cent,Quarter
1967-07-01,4.5075125208680955,CPI Inflation YoY,NA,Prices,Per cent,Quarter
1967-10-01,3.13014827018121,CPI Inflation YoY,NA,Prices,Per cent,Quarter
1968-01-01,3.109656301145658,CPI Inflation YoY,NA,Prices,Per cent,Quarter
1968-04-01,3.089430894308931,CPI Inflation YoY,NA,Prices,Per cent,Quarter
1968-07-01,1.9169329073482455,CPI Inflation YoY,NA,Prices,Per cent,Quarter
1968-10-01,2.5559105431310014,CPI Inflation YoY,NA,Prices,Per cent,Quarter
1969-01-01,3.0158730158730274,CPI Inflation YoY,NA,Prices,Per cent,Quarter
1969-04-01,2.9968454258675115,CPI Inflation YoY,NA,Prices,Per cent,Quarter
1969-07-01,2.9780564263322873,CPI Inflation YoY,NA,Prices,Per cent,Quarter
1969-10-01,2.9595015576324046,CPI Inflation YoY,NA,Prices,Per cent,Quarter
1970-01-01,3.081664098613257,CPI Inflation YoY,NA,Prices,Per cent,Quarter
1970-04-01,3.6753445635528292,CPI Inflation YoY,NA,Prices,Per cent,Quarter
1970-07-01,3.5007610350076046,CPI Inflation YoY,NA,Prices,Per cent,Quarter
1970-10-01,4.689863842662634,CPI Inflation YoY,NA,Prices,Per cent,Quarter
1971-01-01,4.6337817638266054,CPI Inflation YoY,NA,Prices,Per cent,Quarter
1971-04-01,5.0221565731167095,CPI Inflation YoY,NA,Prices,Per cent,Quarter
1971-07-01,6.911764705882351,CPI Inflation YoY,NA,Prices,Per cent,Quarter
1971-10-01,7.225433526011571,CPI Inflation YoY,NA,Prices,Per cent,Quarter
1972-01-01,7.14285714285714,CPI Inflation YoY,NA,Prices,Per cent,Quarter
1972-04-01,6.610407876230662,CPI Inflation YoY,NA,Prices,Per cent,Quarter
1972-07-01,5.777166437414039,CPI Inflation YoY,NA,Prices,Per cent,Quarter
1972-10-01,4.7169811320754595,CPI Inflation YoY,NA,Prices,Per cent,Quarter
1973-01-01,5.733333333333324,CPI Inflation YoY,NA,Prices,Per cent,Quarter
1973-04-01,8.179419525065956,CPI Inflation YoY,NA,Prices,Per cent,Quarter
1973-07-01,10.143042912873867,CPI Inflation YoY,NA,Prices,Per cent,Quarter
1973-10-01,12.998712998713003,CPI Inflation YoY,NA,Prices,Per cent,Quarter
1974-01-01,13.61916771752838,CPI Inflation YoY,NA,Prices,Per cent,Quarter
1974-04-01,14.512195121951233,CPI Inflation YoY,NA,Prices,Per cent,Quarter
1974-07-01,16.4108618654073,CPI Inflation YoY,NA,Prices,Per cent,Quarter
1974-10-01,16.287015945330307,CPI Inflation YoY,NA,Prices,Per cent,Quarter
1975-01-01,17.536071032186463,CPI Inflation YoY,NA,Prices,Per cent,Quarter
1975-04-01,16.9329073482428,CPI Inflation YoY,NA,Prices,Per cent,Quarter
1975-07-01,12.170385395537542,CPI Inflation YoY,NA,Prices,Per cent,Quarter
1975-10-01,14.397649363369226,CPI Inflation YoY,NA,Prices,Per cent,Quarter
1976-01-01,13.125590179414548,CPI Inflation YoY,NA,Prices,Per cent,Quarter
1976-04-01,11.930783242258647,CPI Inflation YoY,NA,Prices,Per cent,Quarter
1976-07-01,13.924050632911378,CPI Inflation YoY,NA,Prices,Per cent,Quarter
1976-10-01,14.212328767123283,CPI Inflation YoY,NA,Prices,Per cent,Quarter
1977-01-01,13.93989983305508,CPI Inflation YoY,NA,Prices,Per cent,Quarter
1977-04-01,13.588283157038262,CPI Inflation YoY,NA,Prices,Per cent,Quarter
1977-07-01,12.936507936507935,CPI Inflation YoY,NA,Prices,Per cent,Quarter
1977-10-01,9.22038980509745,CPI Inflation YoY,NA,Prices,Per cent,Quarter
1978-01-01,8.205128205128197,CPI Inflation YoY,NA,Prices,Per cent,Quarter
1978-04-01,8.022922636103136,CPI Inflation YoY,NA,Prices,Per cent,Quarter
1978-07-01,7.870695713281783,CPI Inflation YoY,NA,Prices,Per cent,Quarter
1978-10-01,7.755662319835266,CPI Inflation YoY,NA,Prices,Per cent,Quarter
1979-01-01,8.124576844956,CPI Inflation YoY,NA,Prices,Per cent,Quarter
1979-04-01,8.687002652519894,CPI Inflation YoY,NA,Prices,Per cent,Quarter
1979-07-01,9.315960912052134,CPI Inflation YoY,NA,Prices,Per cent,Quarter
1979-10-01,10.063694267515944,CPI Inflation YoY,NA,Prices,Per cent,Quarter
1980-01-01,10.64495929868503,CPI Inflation YoY,NA,Prices,Per cent,Quarter
1980-04-01,10.860280658938382,CPI Inflation YoY,NA,Prices,Per cent,Quarter
1980-07-01,10.131108462455307,CPI Inflation YoY,NA,Prices,Per cent,Quarter
1980-10-01,9.201388888888884,CPI Inflation YoY,NA,Prices,Per cent,Quarter
1981-01-01,9.39445387662703,CPI Inflation YoY,NA,Prices,Per cent,Quarter
1981-04-01,8.750687947165648,CPI Inflation YoY,NA,Prices,Per cent,Quarter
1981-07-01,8.98268398268398,CPI Inflation YoY,NA,Prices,Per cent,Quarter
1981-10-01,11.234764175940626,CPI Inflation YoY,NA,Prices,Per cent,Quarter
1982-01-01,10.60527677185723,CPI Inflation YoY,NA,Prices,Per cent,Quarter
1982-04-01,10.728744939271252,CPI Inflation YoY,NA,Prices,Per cent,Quarter
1982-07-01,12.462760675273078,CPI Inflation YoY,NA,Prices,Per cent,Quarter
1982-10-01,11.052882324916634,CPI Inflation YoY,NA,Prices,Per cent,Quarter
1983-01-01,11.365762394761457,CPI Inflation YoY,NA,Prices,Per cent,Quarter
1983-04-01,11.151736745886653,CPI Inflation YoY,NA,Prices,Per cent,Quarter
1983-07-01,9.227373068432666,CPI Inflation YoY,NA,Prices,Per cent,Quarter
1983-10-01,8.622908622908621,CPI Inflation YoY,NA,Prices,Per cent,Quarter
1984-01-01,5.879882402351955,CPI Inflation YoY,NA,Prices,Per cent,Quarter
1984-04-01,3.9473684210526327,CPI Inflation YoY,NA,Prices,Per cent,Quarter
1984-07-01,3.4357316087308076,CPI Inflation YoY,NA,Prices,Per cent,Quarter
1984-10-01,2.6066350710900466,CPI Inflation YoY,NA,Prices,Per cent,Quarter
1985-01-01,4.442681475604915,CPI Inflation YoY,NA,Prices,Per cent,Quarter
1985-04-01,6.6060126582278444,CPI Inflation YoY,NA,Prices,Per cent,Quarter
1985-07-01,7.698319656115671,CPI Inflation YoY,NA,Prices,Per cent,Quarter
1985-10-01,8.1986143187067,CPI Inflation YoY,NA,Prices,Per cent,Quarter
1986-01-01,9.229016331181183,CPI Inflation YoY,NA,Prices,Per cent,Quarter
1986-04-01,8.46011131725417,CPI Inflation YoY,NA,Prices,Per cent,Quarter
1986-07-01,8.853410740203206,CPI Inflation YoY,NA,Prices,Per cent,Quarter
1986-10-01,9.747420846673794,CPI Inflation YoY,NA,Prices,Per cent,Quarter
1987-01-01,9.422809457579962,CPI Inflation YoY,NA,Prices,Per cent,Quarter
1987-04-01,9.237085186452276,CPI Inflation YoY,NA,Prices,Per cent,Quarter
1987-07-01,8.233333333333338,CPI Inflation YoY,NA,Prices,Per cent,Quarter
1987-10-01,7.131280388978922,CPI Inflation YoY,NA,Prices,Per cent,Quarter
1988-01-01,6.863679694947589,CPI Inflation YoY,NA,Prices,Per cent,Quarter
1988-04-01,7.140620106482931,CPI Inflation YoY,NA,Prices,Per cent,Quarter
1988-07-01,7.39143825069295,CPI Inflation YoY,NA,Prices,Per cent,Quarter
1988-10-01,7.624810892586997,CPI Inflation YoY,NA,Prices,Per cent,Quarter
1989-01-01,6.7796610169491345,CPI Inflation YoY,NA,Prices,Per cent,Quarter
1989-04-01,7.570885705933916,CPI Inflation YoY,NA,Prices,Per cent,Quarter
1989-07-01,7.9724691712073525,CPI Inflation YoY,NA,Prices,Per cent,Quarter
1989-10-01,7.815574922687651,CPI Inflation YoY,NA,Prices,Per cent,Quarter
1990-01-01,8.63269284321917,CPI Inflation YoY,NA,Prices,Per cent,Quarter
1990-04-01,7.690217391304355,CPI Inflation YoY,NA,Prices,Per cent,Quarter
1990-07-01,6.0823373173970685,CPI Inflation YoY,NA,Prices,Per cent,Quarter
1990-10-01,6.85788787483701,CPI Inflation YoY,NA,Prices,Per cent,Quarter
1991-01-01,4.844911561138177,CPI Inflation YoY,NA,Prices,Per cent,Quarter
1991-04-01,3.406510219530645,CPI Inflation YoY,NA,Prices,Per cent,Quarter
1991-07-01,3.1797696544817233,CPI Inflation YoY,NA,Prices,Per cent,Quarter
1991-10-01,1.512933138116157,CPI Inflation YoY,NA,Prices,Per cent,Quarter
1992-01-01,1.7114914425427896,CPI Inflation YoY,NA,Prices,Per cent,Quarter
1992-04-01,1.2201073694485087,CPI Inflation YoY,NA,Prices,Per cent,Quarter
1992-07-01,0.7522446008250583,CPI Inflation YoY,NA,Prices,Per cent,Quarter
1992-10-01,0.26442307692307043,CPI Inflation YoY,NA,Prices,Per cent,Quarter
1993-01-01,1.2019230769230838,CPI Inflation YoY,NA,Prices,Per cent,Quarter
1993-04-01,1.8563162970106184,CPI Inflation YoY,NA,Prices,Per cent,Quarter
1993-07-01,2.2398843930635737,CPI Inflation YoY,NA,Prices,Per cent,Quarter
1993-10-01,1.965955406377362,CPI Inflation YoY,NA,Prices,Per cent,Quarter
1994-01-01,1.377672209026115,CPI Inflation YoY,NA,Prices,Per cent,Quarter
1994-04-01,1.7514792899408382,CPI Inflation YoY,NA,Prices,Per cent,Quarter
1994-07-01,1.9081272084805478,CPI Inflation YoY,NA,Prices,Per cent,Quarter
1994-10-01,2.539383964260522,CPI Inflation YoY,NA,Prices,Per cent,Quarter
1995-01-01,3.8894095595126688,CPI Inflation YoY,NA,Prices,Per cent,Quarter
1995-04-01,4.489416143289127,CPI Inflation YoY,NA,Prices,Per cent,Quarter
1995-07-01,5.08552935737403,CPI Inflation YoY,NA,Prices,Per cent,Quarter
1995-10-01,5.044714515019488,CPI Inflation YoY,NA,Prices,Per cent,Quarter
1996-01-01,3.743797925124026,CPI Inflation YoY,NA,Prices,Per cent,Quarter
1996-04-01,3.0943900267141666,CPI Inflation YoY,NA,Prices,Per cent,Quarter
1996-07-01,2.1337439507259193,CPI Inflation YoY,NA,Prices,Per cent,Quarter
1996-10-01,1.528050643964196,CPI Inflation YoY,NA,Prices,Per cent,Quarter
1997-01-01,1.2608695652173818,CPI Inflation YoY,NA,Prices,Per cent,Quarter
1997-04-01,0.3454977326711184,CPI Inflation YoY,NA,Prices,Per cent,Quarter
1997-07-01,-0.3230669825543764,CPI Inflation YoY,NA,Prices,Per cent,Quarter
1997-10-01,-0.25800903031605316,CPI Inflation YoY,NA,Prices,Per cent,Quarter
1998-01-01,-0.15027908973808124,CPI Inflation YoY,NA,Prices,Per cent,Quarter
1998-04-01,0.6670970518614316,CPI Inflation YoY,NA,Prices,Per cent,Quarter
1998-07-01,1.361279170267915,CPI Inflation YoY,NA,Prices,Per cent,Quarter
1998-10-01,1.5520586333261477,CPI Inflation YoY,NA,Prices,Per cent,Quarter
1999-01-01,1.225542894001297,CPI Inflation YoY,NA,Prices,Per cent,Quarter
1999-04-01,1.090209491235572,CPI Inflation YoY,NA,Prices,Per cent,Quarter
1999-07-01,1.7267107226604184,CPI Inflation YoY,NA,Prices,Per cent,Quarter
1999-10-01,1.8255147527064253,CPI Inflation YoY,NA,Prices,Per cent,Quarter
2000-01-01,2.8037383177570208,CPI Inflation YoY,NA,Prices,Per cent,Quarter
2000-04-01,3.1296257136815386,CPI Inflation YoY,NA,Prices,Per cent,Quarter
2000-07-01,6.01424979044427,CPI Inflation YoY,NA,Prices,Per cent,Quarter
2000-10-01,5.816135084427776,CPI Inflation YoY,NA,Prices,Per cent,Quarter
2001-01-01,5.991735537190079,CPI Inflation YoY,NA,Prices,Per cent,Quarter
2001-04-01,6.069304900553596,CPI Inflation YoY,NA,Prices,Per cent,Quarter
2001-07-01,2.5301442972919475,CPI Inflation YoY,NA,Prices,Per cent,Quarter
2001-10-01,3.1323877068557993,CPI Inflation YoY,NA,Prices,Per cent,Quarter
2002-01-01,2.9629629629629672,CPI Inflation YoY,NA,Prices,Per cent,Quarter
2002-04-01,2.841677943166454,CPI Inflation YoY,NA,Prices,Per cent,Quarter
2002-07-01,3.2581453634085378,CPI Inflation YoY,NA,Prices,Per cent,Quarter
2002-10-01,2.999044890162361,CPI Inflation YoY,NA,Prices,Per cent,Quarter
2003-01-01,3.407800075728895,CPI Inflation YoY,NA,Prices,Per cent,Quarter
2003-04-01,2.669172932330821,CPI Inflation YoY,NA,Prices,Per cent,Quarter
2003-07-01,2.55787901418969,CPI Inflation YoY,NA,Prices,Per cent,Quarter
2003-10-01,2.4109792284866316,CPI Inflation YoY,NA,Prices,Per cent,Quarter
2004-01-01,1.995606005126338,CPI Inflation YoY,NA,Prices,Per cent,Quarter
2004-04-01,2.4716221164408747,CPI Inflation YoY,NA,Prices,Per cent,Quarter
2004-07-01,2.312033497178234,CPI Inflation YoY,NA,Prices,Per cent,Quarter
2004-10-01,2.553422672944583,CPI Inflation YoY,NA,Prices,Per cent,Quarter
2005-01-01,2.3335128343205946,CPI Inflation YoY,NA,Prices,Per cent,Quarter
2005-04-01,2.4656065749508738,CPI Inflation YoY,NA,Prices,Per cent,Quarter
2005-07-01,3.0604982206405618,CPI Inflation YoY,NA,Prices,Per cent,Quarter
2005-10-01,2.8076990994172712,CPI Inflation YoY,NA,Prices,Per cent,Quarter
2006-01-01,2.999473776530426,CPI Inflation YoY,NA,Prices,Per cent,Quarter
2006-04-01,4.010462074978194,CPI Inflation YoY,NA,Prices,Per cent,Quarter
2006-07-01,3.9019337016574562,CPI Inflation YoY,NA,Prices,Per cent,Quarter
2006-10-01,3.246307110958435,CPI Inflation YoY,NA,Prices,Per cent,Quarter
2007-01-01,2.452316076294281,CPI Inflation YoY,NA,Prices,Per cent,Quarter
2007-04-01,2.095557418273253,CPI Inflation YoY,NA,Prices,Per cent,Quarter
2007-07-01,1.8943170488534333,CPI Inflation YoY,NA,Prices,Per cent,Quarter
2007-10-01,2.9612377308268156,CPI Inflation YoY,NA,Prices,Per cent,Quarter
2008-01-01,4.255319148936176,CPI Inflation YoY,NA,Prices,Per cent,Quarter
2008-04-01,4.482758620689653,CPI Inflation YoY,NA,Prices,Per cent,Quarter
2008-07-01,4.973907371167652,CPI Inflation YoY,NA,Prices,Per cent,Quarter
2008-10-01,3.6677977056067235,CPI Inflation YoY,NA,Prices,Per cent,Quarter
2009-01-01,2.4075255102040893,CPI Inflation YoY,NA,Prices,Per cent,Quarter
2009-04-01,1.4458588716014464,CPI Inflation YoY,NA,Prices,Per cent,Quarter
2009-07-01,1.227279788721436,CPI Inflation YoY,NA,Prices,Per cent,Quarter
2009-10-01,2.1041147132169646,CPI Inflation YoY,NA,Prices,Per cent,Quarter
2010-01-01,2.942550210182149,CPI Inflation YoY,NA,Prices,Per cent,Quarter
2010-04-01,3.0518977536793113,CPI Inflation YoY,NA,Prices,Per cent,Quarter
2010-07-01,2.823818293431568,CPI Inflation YoY,NA,Prices,Per cent,Quarter
2010-10-01,2.671347885818953,CPI Inflation YoY,NA,Prices,Per cent,Quarter
2011-01-01,3.2970356926799615,CPI Inflation YoY,NA,Prices,Per cent,Quarter
2011-04-01,3.6229705351774166,CPI Inflation YoY,NA,Prices,Per cent,Quarter
2011-07-01,3.492537313432842,CPI Inflation YoY,NA,Prices,Per cent,Quarter
2011-10-01,3.092476955099621,CPI Inflation YoY,NA,Prices,Per cent,Quarter
2012-01-01,1.5812591508052698,CPI Inflation YoY,NA,Prices,Per cent,Quarter
2012-04-01,1.1751051791672573,CPI Inflation YoY,NA,Prices,Per cent,Quarter
2012-07-01,1.9469281799826765,CPI Inflation YoY,NA,Prices,Per cent,Quarter
2012-10-01,2.2065186039803786,CPI Inflation YoY,NA,Prices,Per cent,Quarter
2013-01-01,2.493513980974349,CPI Inflation YoY,NA,Prices,Per cent,Quarter
2013-04-01,2.351591626039573,CPI Inflation YoY,NA,Prices,Per cent,Quarter
2013-07-01,2.2068185033243815,CPI Inflation YoY,NA,Prices,Per cent,Quarter
2013-10-01,2.6809651474530627,CPI Inflation YoY,NA,Prices,Per cent,Quarter
2014-01-01,2.9391084235691256,CPI Inflation YoY,NA,Prices,Per cent,Quarter
2014-04-01,3.0680862986830926,CPI Inflation YoY,NA,Prices,Per cent,Quarter
2014-07-01,2.256055363321785,CPI Inflation YoY,NA,Prices,Per cent,Quarter
2014-10-01,1.7177408272639916,CPI Inflation YoY,NA,Prices,Per cent,Quarter
2015-01-01,1.3114754098360493,CPI Inflation YoY,NA,Prices,Per cent,Quarter
2015-04-01,1.5223596574690745,CPI Inflation YoY,NA,Prices,Per cent,Quarter
2015-07-01,1.4889009204114956,CPI Inflation YoY,NA,Prices,Per cent,Quarter
2015-10-01,1.6887327749256942,CPI Inflation YoY,NA,Prices,Per cent,Quarter
2016-01-01,1.2944983818770295,CPI Inflation YoY,NA,Prices,Per cent,Quarter
2016-04-01,1.0175391618690632,CPI Inflation YoY,NA,Prices,Per cent,Quarter
2016-07-01,1.3336889837289867,CPI Inflation YoY,NA,Prices,Per cent,Quarter
2016-10-01,1.4746911119968065,CPI Inflation YoY,NA,Prices,Per cent,Quarter
2017-01-01,2.1432374866879655,CPI Inflation YoY,NA,Prices,Per cent,Quarter
2017-04-01,1.8952948972829509,CPI Inflation YoY,NA,Prices,Per cent,Quarter
2017-07-01,1.8031060805475008,CPI Inflation YoY,NA,Prices,Per cent,Quarter
2017-10-01,1.9507724535218873,CPI Inflation YoY,NA,Prices,Per cent,Quarter
2018-01-01,1.9288413918936431,CPI Inflation YoY,NA,Prices,Per cent,Quarter
2018-04-01,2.09417273673258,CPI Inflation YoY,NA,Prices,Per cent,Quarter
2018-07-01,1.913380736910164,CPI Inflation YoY,NA,Prices,Per cent,Quarter
2018-10-01,1.7593424939000846,CPI Inflation YoY,NA,Prices,Per cent,Quarter
2019-01-01,1.3041810510165064,CPI Inflation YoY,NA,Prices,Per cent,Quarter
2019-04-01,1.5415976557523248,CPI Inflation YoY,NA,Prices,Per cent,Quarter
2019-07-01,1.674489407585944,CPI Inflation YoY,NA,Prices,Per cent,Quarter
2019-10-01,1.842503785966687,CPI Inflation YoY,NA,Prices,Per cent,Quarter
2020-01-01,2.2340022718667196,CPI Inflation YoY,NA,Prices,Per cent,Quarter
2020-04-01,-0.32622333751568533,CPI Inflation YoY,NA,Prices,Per cent,Quarter
2020-07-01,0.6487835308796042,CPI Inflation YoY,NA,Prices,Per cent,Quarter
2020-10-01,0.867410161090465,CPI Inflation YoY,NA,Prices,Per cent,Quarter
2021-01-01,1.0740740740740717,CPI Inflation YoY,NA,Prices,Per cent,Quarter
2021-04-01,3.81419939577039,CPI Inflation YoY,NA,Prices,Per cent,Quarter
2021-07-01,3.099045493987851,CPI Inflation YoY,NA,Prices,Per cent,Quarter
2021-10-01,3.4766584766584785,CPI Inflation YoY,NA,Prices,Per cent,Quarter
2022-01-01,5.105655307194312,CPI Inflation YoY,NA,Prices,Per cent,Quarter
2022-04-01,6.208318176306538,CPI Inflation YoY,NA,Prices,Per cent,Quarter
2022-07-01,7.25021041240832,CPI Inflation YoY,NA,Prices,Per cent,Quarter
2022-10-01,7.859432506232933,CPI Inflation YoY,NA,Prices,Per cent,Quarter
2023-01-01,7.007553747821027,CPI Inflation YoY,NA,Prices,Per cent,Quarter
2023-04-01,6.02808539787647,CPI Inflation YoY,NA,Prices,Per cent,Quarter
2023-07-01,5.313901345291483,CPI Inflation YoY,NA,Prices,Per cent,Quarter
2023-10-01,4.0506329113924044,CPI Inflation YoY,NA,Prices,Per cent,Quarter
2024-01-01,3.6164205039096453,CPI Inflation YoY,NA,Prices,Per cent,Quarter
2024-04-01,3.811779907397428,CPI Inflation YoY,NA,Prices,Per cent,Quarter
2024-07-01,2.852884820097934,CPI Inflation YoY,NA,Prices,Per cent,Quarter
2024-10-01,2.4119327197714924,CPI Inflation YoY,NA,Prices,Per cent,Quarter
2025-01-01,2.400167697306377,CPI Inflation YoY,NA,Prices,Per cent,Quarter
2025-04-01,2.0952183383466494,CPI Inflation YoY,NA,Prices,Per cent,Quarter
2025-07-01,3.2187952804802356,CPI Inflation YoY,NA,Prices,Per cent,Quarter
2025-10-01,3.625658506352636,CPI Inflation YoY,NA,Prices,Per cent,Quarter
2026-01-01,4.094165813715445,CPI Inflation YoY,NA,Prices,Per cent,Quarter
2026-04-01,3.9418876358833677,CPI Inflation YoY,NA,Prices,Per cent,Quarter
2022-07-01,83.03,CPI Rents,A130400542R,Rental Prices,Index Numbers,Month
2022-08-01,83.43,CPI Rents,A130400542R,Rental Prices,Index Numbers,Month
2022-09-01,84.01,CPI Rents,A130400542R,Rental Prices,Index Numbers,Month
2022-10-01,84.6,CPI Rents,A130400542R,Rental Prices,Index Numbers,Month
2022-11-01,84.76,CPI Rents,A130400542R,Rental Prices,Index Numbers,Month
2022-12-01,85.18,CPI Rents,A130400542R,Rental Prices,Index Numbers,Month
2023-01-01,85.7,CPI Rents,A130400542R,Rental Prices,Index Numbers,Month
2023-02-01,86.23,CPI Rents,A130400542R,Rental Prices,Index Numbers,Month
2023-03-01,86.67,CPI Rents,A130400542R,Rental Prices,Index Numbers,Month
2023-04-01,87.36,CPI Rents,A130400542R,Rental Prices,Index Numbers,Month
2023-05-01,87.98,CPI Rents,A130400542R,Rental Prices,Index Numbers,Month
2023-06-01,88.69,CPI Rents,A130400542R,Rental Prices,Index Numbers,Month
2023-07-01,89.35,CPI Rents,A130400542R,Rental Prices,Index Numbers,Month
2023-08-01,89.96,CPI Rents,A130400542R,Rental Prices,Index Numbers,Month
2023-09-01,90.31,CPI Rents,A130400542R,Rental Prices,Index Numbers,Month
2023-10-01,90.2,CPI Rents,A130400542R,Rental Prices,Index Numbers,Month
2023-11-01,90.79,CPI Rents,A130400542R,Rental Prices,Index Numbers,Month
2023-12-01,91.49,CPI Rents,A130400542R,Rental Prices,Index Numbers,Month
2024-01-01,92.11,CPI Rents,A130400542R,Rental Prices,Index Numbers,Month
2024-02-01,92.72,CPI Rents,A130400542R,Rental Prices,Index Numbers,Month
2024-03-01,93.36,CPI Rents,A130400542R,Rental Prices,Index Numbers,Month
2024-04-01,93.9,CPI Rents,A130400542R,Rental Prices,Index Numbers,Month
2024-05-01,94.48,CPI Rents,A130400542R,Rental Prices,Index Numbers,Month
2024-06-01,94.97,CPI Rents,A130400542R,Rental Prices,Index Numbers,Month
2024-07-01,95.51,CPI Rents,A130400542R,Rental Prices,Index Numbers,Month
2024-08-01,96.03,CPI Rents,A130400542R,Rental Prices,Index Numbers,Month
2024-09-01,96.31,CPI Rents,A130400542R,Rental Prices,Index Numbers,Month
2024-10-01,96.28,CPI Rents,A130400542R,Rental Prices,Index Numbers,Month
2024-11-01,96.78,CPI Rents,A130400542R,Rental Prices,Index Numbers,Month
2024-12-01,97.13,CPI Rents,A130400542R,Rental Prices,Index Numbers,Month
2025-01-01,97.47,CPI Rents,A130400542R,Rental Prices,Index Numbers,Month
2025-02-01,97.83,CPI Rents,A130400542R,Rental Prices,Index Numbers,Month
2025-03-01,98.2,CPI Rents,A130400542R,Rental Prices,Index Numbers,Month
2025-04-01,98.55,CPI Rents,A130400542R,Rental Prices,Index Numbers,Month
2025-05-01,98.76,CPI Rents,A130400542R,Rental Prices,Index Numbers,Month
2025-06-01,98.97,CPI Rents,A130400542R,Rental Prices,Index Numbers,Month
2025-07-01,99.26,CPI Rents,A130400542R,Rental Prices,Index Numbers,Month
2025-08-01,99.55,CPI Rents,A130400542R,Rental Prices,Index Numbers,Month
2025-09-01,99.96,CPI Rents,A130400542R,Rental Prices,Index Numbers,Month
2025-10-01,100.33,CPI Rents,A130400542R,Rental Prices,Index Numbers,Month
2025-11-01,100.68,CPI Rents,A130400542R,Rental Prices,Index Numbers,Month
2025-12-01,100.96,CPI Rents,A130400542R,Rental Prices,Index Numbers,Month
2026-01-01,101.26,CPI Rents,A130400542R,Rental Prices,Index Numbers,Month
2026-02-01,101.53,CPI Rents,A130400542R,Rental Prices,Index Numbers,Month
2026-03-01,101.78,CPI Rents,A130400542R,Rental Prices,Index Numbers,Month
2026-04-01,102,CPI Rents,A130400542R,Rental Prices,Index Numbers,Month
2026-05-01,102.26,CPI Rents,A130400542R,Rental Prices,Index Numbers,Month
2026-06-01,102.5,CPI Rents,A130400542R,Rental Prices,Index Numbers,Month
2026-07-01,102.81,CPI Rents,A130400542R,Rental Prices,Index Numbers,Month
2022-07-01,84.29333333333334,CPI Rents ; Adelaide ;,NA,Rental Prices,Index,Quarter
2022-10-01,85.43333333333334,CPI Rents ; Adelaide ;,NA,Rental Prices,Index,Quarter
2023-01-01,86.92666666666666,CPI Rents ; Adelaide ;,NA,Rental Prices,Index,Quarter
2023-04-01,88.56,CPI Rents ; Adelaide ;,NA,Rental Prices,Index,Quarter
2023-07-01,90.26,CPI Rents ; Adelaide ;,NA,Rental Prices,Index,Quarter
2023-10-01,89.96333333333334,CPI Rents ; Adelaide ;,NA,Rental Prices,Index,Quarter
2024-01-01,92.15333333333334,CPI Rents ; Adelaide ;,NA,Rental Prices,Index,Quarter
2024-04-01,93.9,CPI Rents ; Adelaide ;,NA,Rental Prices,Index,Quarter
2024-07-01,95.48666666666666,CPI Rents ; Adelaide ;,NA,Rental Prices,Index,Quarter
2024-10-01,95.60333333333334,CPI Rents ; Adelaide ;,NA,Rental Prices,Index,Quarter
2025-01-01,97.29,CPI Rents ; Adelaide ;,NA,Rental Prices,Index,Quarter
2025-04-01,98.59333333333333,CPI Rents ; Adelaide ;,NA,Rental Prices,Index,Quarter
2025-07-01,99.74333333333334,CPI Rents ; Adelaide ;,NA,Rental Prices,Index,Quarter
2025-10-01,100.61666666666666,CPI Rents ; Adelaide ;,NA,Rental Prices,Index,Quarter
2026-01-01,101.79333333333334,CPI Rents ; Adelaide ;,NA,Rental Prices,Index,Quarter
2026-04-01,102.67,CPI Rents ; Adelaide ;,NA,Rental Prices,Index,Quarter
2022-07-01,81.32,CPI Rents ; Brisbane ;,NA,Rental Prices,Index,Quarter
2022-10-01,82.78,CPI Rents ; Brisbane ;,NA,Rental Prices,Index,Quarter
2023-01-01,84.78666666666666,CPI Rents ; Brisbane ;,NA,Rental Prices,Index,Quarter
2023-04-01,87.02,CPI Rents ; Brisbane ;,NA,Rental Prices,Index,Quarter
2023-07-01,89.05,CPI Rents ; Brisbane ;,NA,Rental Prices,Index,Quarter
2023-10-01,89.41666666666667,CPI Rents ; Brisbane ;,NA,Rental Prices,Index,Quarter
2024-01-01,91.82,CPI Rents ; Brisbane ;,NA,Rental Prices,Index,Quarter
2024-04-01,93.82666666666667,CPI Rents ; Brisbane ;,NA,Rental Prices,Index,Quarter
2024-07-01,95.38000000000001,CPI Rents ; Brisbane ;,NA,Rental Prices,Index,Quarter
2024-10-01,95.67,CPI Rents ; Brisbane ;,NA,Rental Prices,Index,Quarter
2025-01-01,97.15,CPI Rents ; Brisbane ;,NA,Rental Prices,Index,Quarter
2025-04-01,98.43,CPI Rents ; Brisbane ;,NA,Rental Prices,Index,Quarter
2025-07-01,99.62666666666667,CPI Rents ; Brisbane ;,NA,Rental Prices,Index,Quarter
2025-10-01,100.61,CPI Rents ; Brisbane ;,NA,Rental Prices,Index,Quarter
2026-01-01,101.86666666666666,CPI Rents ; Brisbane ;,NA,Rental Prices,Index,Quarter
2026-04-01,102.94333333333333,CPI Rents ; Brisbane ;,NA,Rental Prices,Index,Quarter
2022-07-01,95.34,CPI Rents ; Canberra ;,NA,Rental Prices,Index,Quarter
2022-10-01,96.36666666666667,CPI Rents ; Canberra ;,NA,Rental Prices,Index,Quarter
2023-01-01,97.38,CPI Rents ; Canberra ;,NA,Rental Prices,Index,Quarter
2023-04-01,98.18,CPI Rents ; Canberra ;,NA,Rental Prices,Index,Quarter
2023-07-01,98.72666666666666,CPI Rents ; Canberra ;,NA,Rental Prices,Index,Quarter
2023-10-01,98.45333333333333,CPI Rents ; Canberra ;,NA,Rental Prices,Index,Quarter
2024-01-01,99.00666666666666,CPI Rents ; Canberra ;,NA,Rental Prices,Index,Quarter
2024-04-01,99.22666666666667,CPI Rents ; Canberra ;,NA,Rental Prices,Index,Quarter
2024-07-01,99.44,CPI Rents ; Canberra ;,NA,Rental Prices,Index,Quarter
2024-10-01,99.22,CPI Rents ; Canberra ;,NA,Rental Prices,Index,Quarter
2025-01-01,99.57333333333334,CPI Rents ; Canberra ;,NA,Rental Prices,Index,Quarter
2025-04-01,99.77333333333334,CPI Rents ; Canberra ;,NA,Rental Prices,Index,Quarter
2025-07-01,99.96000000000001,CPI Rents ; Canberra ;,NA,Rental Prices,Index,Quarter
2025-10-01,100.25333333333333,CPI Rents ; Canberra ;,NA,Rental Prices,Index,Quarter
2026-01-01,100.67666666666666,CPI Rents ; Canberra ;,NA,Rental Prices,Index,Quarter
2026-04-01,101.01333333333334,CPI Rents ; Canberra ;,NA,Rental Prices,Index,Quarter
2022-07-01,89.27333333333333,CPI Rents ; Darwin ;,NA,Rental Prices,Index,Quarter
2022-10-01,90.42,CPI Rents ; Darwin ;,NA,Rental Prices,Index,Quarter
2023-01-01,91.7,CPI Rents ; Darwin ;,NA,Rental Prices,Index,Quarter
2023-04-01,93.28666666666666,CPI Rents ; Darwin ;,NA,Rental Prices,Index,Quarter
2023-07-01,94.27,CPI Rents ; Darwin ;,NA,Rental Prices,Index,Quarter
2023-10-01,94.41,CPI Rents ; Darwin ;,NA,Rental Prices,Index,Quarter
2024-01-01,95.17,CPI Rents ; Darwin ;,NA,Rental Prices,Index,Quarter
2024-04-01,96.19,CPI Rents ; Darwin ;,NA,Rental Prices,Index,Quarter
2024-07-01,96.94666666666667,CPI Rents ; Darwin ;,NA,Rental Prices,Index,Quarter
2024-10-01,96.96000000000001,CPI Rents ; Darwin ;,NA,Rental Prices,Index,Quarter
2025-01-01,97.76666666666667,CPI Rents ; Darwin ;,NA,Rental Prices,Index,Quarter
2025-04-01,98.60333333333334,CPI Rents ; Darwin ;,NA,Rental Prices,Index,Quarter
2025-07-01,99.65,CPI Rents ; Darwin ;,NA,Rental Prices,Index,Quarter
2025-10-01,100.58,CPI Rents ; Darwin ;,NA,Rental Prices,Index,Quarter
2026-01-01,102.10666666666667,CPI Rents ; Darwin ;,NA,Rental Prices,Index,Quarter
2026-04-01,103.83333333333333,CPI Rents ; Darwin ;,NA,Rental Prices,Index,Quarter
2022-07-01,99.89666666666666,CPI Rents ; Hobart ;,NA,Rental Prices,Index,Quarter
2022-10-01,100.38,CPI Rents ; Hobart ;,NA,Rental Prices,Index,Quarter
2023-01-01,101.10000000000001,CPI Rents ; Hobart ;,NA,Rental Prices,Index,Quarter
2023-04-01,101.66000000000001,CPI Rents ; Hobart ;,NA,Rental Prices,Index,Quarter
2023-07-01,101.87333333333333,CPI Rents ; Hobart ;,NA,Rental Prices,Index,Quarter
2023-10-01,99.47666666666667,CPI Rents ; Hobart ;,NA,Rental Prices,Index,Quarter
2024-01-01,100.08666666666667,CPI Rents ; Hobart ;,NA,Rental Prices,Index,Quarter
2024-04-01,100.30333333333333,CPI Rents ; Hobart ;,NA,Rental Prices,Index,Quarter
2024-07-01,100.32333333333334,CPI Rents ; Hobart ;,NA,Rental Prices,Index,Quarter
2024-10-01,98.55666666666667,CPI Rents ; Hobart ;,NA,Rental Prices,Index,Quarter
2025-01-01,99.02333333333334,CPI Rents ; Hobart ;,NA,Rental Prices,Index,Quarter
2025-04-01,99.47666666666666,CPI Rents ; Hobart ;,NA,Rental Prices,Index,Quarter
2025-07-01,99.95,CPI Rents ; Hobart ;,NA,Rental Prices,Index,Quarter
2025-10-01,100.47333333333333,CPI Rents ; Hobart ;,NA,Rental Prices,Index,Quarter
2026-01-01,101.34,CPI Rents ; Hobart ;,NA,Rental Prices,Index,Quarter
2026-04-01,102.04666666666667,CPI Rents ; Hobart ;,NA,Rental Prices,Index,Quarter
2022-07-01,85.36333333333333,CPI Rents ; Melbourne ;,NA,Rental Prices,Index,Quarter
2022-10-01,86.07333333333334,CPI Rents ; Melbourne ;,NA,Rental Prices,Index,Quarter
2023-01-01,87.16333333333333,CPI Rents ; Melbourne ;,NA,Rental Prices,Index,Quarter
2023-04-01,88.66666666666667,CPI Rents ; Melbourne ;,NA,Rental Prices,Index,Quarter
2023-07-01,90.41666666666667,CPI Rents ; Melbourne ;,NA,Rental Prices,Index,Quarter
2023-10-01,91.01666666666667,CPI Rents ; Melbourne ;,NA,Rental Prices,Index,Quarter
2024-01-01,92.86333333333333,CPI Rents ; Melbourne ;,NA,Rental Prices,Index,Quarter
2024-04-01,94.54333333333334,CPI Rents ; Melbourne ;,NA,Rental Prices,Index,Quarter
2024-07-01,96.21666666666667,CPI Rents ; Melbourne ;,NA,Rental Prices,Index,Quarter
2024-10-01,96.80666666666666,CPI Rents ; Melbourne ;,NA,Rental Prices,Index,Quarter
2025-01-01,98.02,CPI Rents ; Melbourne ;,NA,Rental Prices,Index,Quarter
2025-04-01,98.96333333333334,CPI Rents ; Melbourne ;,NA,Rental Prices,Index,Quarter
2025-07-01,99.78666666666666,CPI Rents ; Melbourne ;,NA,Rental Prices,Index,Quarter
2025-10-01,100.37666666666667,CPI Rents ; Melbourne ;,NA,Rental Prices,Index,Quarter
2026-01-01,101.05666666666667,CPI Rents ; Melbourne ;,NA,Rental Prices,Index,Quarter
2026-04-01,101.53333333333333,CPI Rents ; Melbourne ;,NA,Rental Prices,Index,Quarter
2022-07-01,78.00666666666666,CPI Rents ; Perth ;,NA,Rental Prices,Index,Quarter
2022-10-01,79.25,CPI Rents ; Perth ;,NA,Rental Prices,Index,Quarter
2023-01-01,80.72333333333333,CPI Rents ; Perth ;,NA,Rental Prices,Index,Quarter
2023-04-01,82.83666666666666,CPI Rents ; Perth ;,NA,Rental Prices,Index,Quarter
2023-07-01,84.97333333333333,CPI Rents ; Perth ;,NA,Rental Prices,Index,Quarter
2023-10-01,86.12333333333333,CPI Rents ; Perth ;,NA,Rental Prices,Index,Quarter
2024-01-01,88.51333333333334,CPI Rents ; Perth ;,NA,Rental Prices,Index,Quarter
2024-04-01,91.10333333333334,CPI Rents ; Perth ;,NA,Rental Prices,Index,Quarter
2024-07-01,93.59333333333333,CPI Rents ; Perth ;,NA,Rental Prices,Index,Quarter
2024-10-01,94.80333333333333,CPI Rents ; Perth ;,NA,Rental Prices,Index,Quarter
2025-01-01,96.46333333333334,CPI Rents ; Perth ;,NA,Rental Prices,Index,Quarter
2025-04-01,98.03999999999999,CPI Rents ; Perth ;,NA,Rental Prices,Index,Quarter
2025-07-01,99.57,CPI Rents ; Perth ;,NA,Rental Prices,Index,Quarter
2025-10-01,100.83,CPI Rents ; Perth ;,NA,Rental Prices,Index,Quarter
2026-01-01,102.07666666666667,CPI Rents ; Perth ;,NA,Rental Prices,Index,Quarter
2026-04-01,103.29333333333334,CPI Rents ; Perth ;,NA,Rental Prices,Index,Quarter
2022-07-01,83.02666666666667,CPI Rents ; Sydney ;,NA,Rental Prices,Index,Quarter
2022-10-01,84.25666666666667,CPI Rents ; Sydney ;,NA,Rental Prices,Index,Quarter
2023-01-01,85.72666666666666,CPI Rents ; Sydney ;,NA,Rental Prices,Index,Quarter
2023-04-01,87.87333333333333,CPI Rents ; Sydney ;,NA,Rental Prices,Index,Quarter
2023-07-01,90.15666666666667,CPI Rents ; Sydney ;,NA,Rental Prices,Index,Quarter
2023-10-01,91.31666666666666,CPI Rents ; Sydney ;,NA,Rental Prices,Index,Quarter
2024-01-01,93.23666666666666,CPI Rents ; Sydney ;,NA,Rental Prices,Index,Quarter
2024-04-01,95.06,CPI Rents ; Sydney ;,NA,Rental Prices,Index,Quarter
2024-07-01,96.61,CPI Rents ; Sydney ;,NA,Rental Prices,Index,Quarter
2024-10-01,97.19666666666667,CPI Rents ; Sydney ;,NA,Rental Prices,Index,Quarter
2025-01-01,98.09666666666666,CPI Rents ; Sydney ;,NA,Rental Prices,Index,Quarter
2025-04-01,98.95,CPI Rents ; Sydney ;,NA,Rental Prices,Index,Quarter
2025-07-01,99.76666666666667,CPI Rents ; Sydney ;,NA,Rental Prices,Index,Quarter
2025-10-01,100.54333333333334,CPI Rents ; Sydney ;,NA,Rental Prices,Index,Quarter
2026-01-01,101.42666666666666,CPI Rents ; Sydney ;,NA,Rental Prices,Index,Quarter
2026-04-01,102.31333333333333,CPI Rents ; Sydney ;,NA,Rental Prices,Index,Quarter
1972-07-01,7.07,CPI Rents ; Weighted average of eight capital cities ;,NA,Rental Prices,Index,Quarter
1972-10-01,7.18,CPI Rents ; Weighted average of eight capital cities ;,NA,Rental Prices,Index,Quarter
1973-01-01,7.29,CPI Rents ; Weighted average of eight capital cities ;,NA,Rental Prices,Index,Quarter
1973-04-01,7.4,CPI Rents ; Weighted average of eight capital cities ;,NA,Rental Prices,Index,Quarter
1973-07-01,7.55,CPI Rents ; Weighted average of eight capital cities ;,NA,Rental Prices,Index,Quarter
1973-10-01,7.8,CPI Rents ; Weighted average of eight capital cities ;,NA,Rental Prices,Index,Quarter
1974-01-01,7.91,CPI Rents ; Weighted average of eight capital cities ;,NA,Rental Prices,Index,Quarter
1974-04-01,8.17,CPI Rents ; Weighted average of eight capital cities ;,NA,Rental Prices,Index,Quarter
1974-07-01,8.5,CPI Rents ; Weighted average of eight capital cities ;,NA,Rental Prices,Index,Quarter
1974-10-01,8.83,CPI Rents ; Weighted average of eight capital cities ;,NA,Rental Prices,Index,Quarter
1975-01-01,9.12,CPI Rents ; Weighted average of eight capital cities ;,NA,Rental Prices,Index,Quarter
1975-04-01,9.48,CPI Rents ; Weighted average of eight capital cities ;,NA,Rental Prices,Index,Quarter
1975-07-01,9.92,CPI Rents ; Weighted average of eight capital cities ;,NA,Rental Prices,Index,Quarter
1975-10-01,10.28,CPI Rents ; Weighted average of eight capital cities ;,NA,Rental Prices,Index,Quarter
1976-01-01,10.61,CPI Rents ; Weighted average of eight capital cities ;,NA,Rental Prices,Index,Quarter
1976-04-01,10.9,CPI Rents ; Weighted average of eight capital cities ;,NA,Rental Prices,Index,Quarter
1976-07-01,11.38,CPI Rents ; Weighted average of eight capital cities ;,NA,Rental Prices,Index,Quarter
1976-10-01,11.71,CPI Rents ; Weighted average of eight capital cities ;,NA,Rental Prices,Index,Quarter
1977-01-01,12,CPI Rents ; Weighted average of eight capital cities ;,NA,Rental Prices,Index,Quarter
1977-04-01,12.25,CPI Rents ; Weighted average of eight capital cities ;,NA,Rental Prices,Index,Quarter
1977-07-01,12.51,CPI Rents ; Weighted average of eight capital cities ;,NA,Rental Prices,Index,Quarter
1977-10-01,12.84,CPI Rents ; Weighted average of eight capital cities ;,NA,Rental Prices,Index,Quarter
1978-01-01,13.06,CPI Rents ; Weighted average of eight capital cities ;,NA,Rental Prices,Index,Quarter
1978-04-01,13.27,CPI Rents ; Weighted average of eight capital cities ;,NA,Rental Prices,Index,Quarter
1978-07-01,13.57,CPI Rents ; Weighted average of eight capital cities ;,NA,Rental Prices,Index,Quarter
1978-10-01,13.86,CPI Rents ; Weighted average of eight capital cities ;,NA,Rental Prices,Index,Quarter
1979-01-01,14.15,CPI Rents ; Weighted average of eight capital cities ;,NA,Rental Prices,Index,Quarter
1979-04-01,14.4,CPI Rents ; Weighted average of eight capital cities ;,NA,Rental Prices,Index,Quarter
1979-07-01,14.7,CPI Rents ; Weighted average of eight capital cities ;,NA,Rental Prices,Index,Quarter
1979-10-01,14.92,CPI Rents ; Weighted average of eight capital cities ;,NA,Rental Prices,Index,Quarter
1980-01-01,15.1,CPI Rents ; Weighted average of eight capital cities ;,NA,Rental Prices,Index,Quarter
1980-04-01,15.35,CPI Rents ; Weighted average of eight capital cities ;,NA,Rental Prices,Index,Quarter
1980-07-01,15.72,CPI Rents ; Weighted average of eight capital cities ;,NA,Rental Prices,Index,Quarter
1980-10-01,15.94,CPI Rents ; Weighted average of eight capital cities ;,NA,Rental Prices,Index,Quarter
1981-01-01,16.23,CPI Rents ; Weighted average of eight capital cities ;,NA,Rental Prices,Index,Quarter
1981-04-01,16.56,CPI Rents ; Weighted average of eight capital cities ;,NA,Rental Prices,Index,Quarter
1981-07-01,16.99,CPI Rents ; Weighted average of eight capital cities ;,NA,Rental Prices,Index,Quarter
1981-10-01,17.43,CPI Rents ; Weighted average of eight capital cities ;,NA,Rental Prices,Index,Quarter
1982-01-01,17.83,CPI Rents ; Weighted average of eight capital cities ;,NA,Rental Prices,Index,Quarter
1982-04-01,18.45,CPI Rents ; Weighted average of eight capital cities ;,NA,Rental Prices,Index,Quarter
1982-07-01,19.18,CPI Rents ; Weighted average of eight capital cities ;,NA,Rental Prices,Index,Quarter
1982-10-01,19.58,CPI Rents ; Weighted average of eight capital cities ;,NA,Rental Prices,Index,Quarter
1983-01-01,19.91,CPI Rents ; Weighted average of eight capital cities ;,NA,Rental Prices,Index,Quarter
1983-04-01,20.28,CPI Rents ; Weighted average of eight capital cities ;,NA,Rental Prices,Index,Quarter
1983-07-01,20.6,CPI Rents ; Weighted average of eight capital cities ;,NA,Rental Prices,Index,Quarter
1983-10-01,20.93,CPI Rents ; Weighted average of eight capital cities ;,NA,Rental Prices,Index,Quarter
1984-01-01,21.26,CPI Rents ; Weighted average of eight capital cities ;,NA,Rental Prices,Index,Quarter
1984-04-01,21.74,CPI Rents ; Weighted average of eight capital cities ;,NA,Rental Prices,Index,Quarter
1984-07-01,22.14,CPI Rents ; Weighted average of eight capital cities ;,NA,Rental Prices,Index,Quarter
1984-10-01,22.54,CPI Rents ; Weighted average of eight capital cities ;,NA,Rental Prices,Index,Quarter
1985-01-01,22.94,CPI Rents ; Weighted average of eight capital cities ;,NA,Rental Prices,Index,Quarter
1985-04-01,23.41,CPI Rents ; Weighted average of eight capital cities ;,NA,Rental Prices,Index,Quarter
1985-07-01,24.18,CPI Rents ; Weighted average of eight capital cities ;,NA,Rental Prices,Index,Quarter
1985-10-01,24.69,CPI Rents ; Weighted average of eight capital cities ;,NA,Rental Prices,Index,Quarter
1986-01-01,25.24,CPI Rents ; Weighted average of eight capital cities ;,NA,Rental Prices,Index,Quarter
1986-04-01,25.93,CPI Rents ; Weighted average of eight capital cities ;,NA,Rental Prices,Index,Quarter
1986-07-01,26.62,CPI Rents ; Weighted average of eight capital cities ;,NA,Rental Prices,Index,Quarter
1986-10-01,27.21,CPI Rents ; Weighted average of eight capital cities ;,NA,Rental Prices,Index,Quarter
1987-01-01,27.83,CPI Rents ; Weighted average of eight capital cities ;,NA,Rental Prices,Index,Quarter
1987-04-01,28.48,CPI Rents ; Weighted average of eight capital cities ;,NA,Rental Prices,Index,Quarter
1987-07-01,29.43,CPI Rents ; Weighted average of eight capital cities ;,NA,Rental Prices,Index,Quarter
1987-10-01,30.12,CPI Rents ; Weighted average of eight capital cities ;,NA,Rental Prices,Index,Quarter
1988-01-01,31,CPI Rents ; Weighted average of eight capital cities ;,NA,Rental Prices,Index,Quarter
1988-04-01,31.76,CPI Rents ; Weighted average of eight capital cities ;,NA,Rental Prices,Index,Quarter
1988-07-01,32.75,CPI Rents ; Weighted average of eight capital cities ;,NA,Rental Prices,Index,Quarter
1988-10-01,33.51,CPI Rents ; Weighted average of eight capital cities ;,NA,Rental Prices,Index,Quarter
1989-01-01,34.32,CPI Rents ; Weighted average of eight capital cities ;,NA,Rental Prices,Index,Quarter
1989-04-01,34.97,CPI Rents ; Weighted average of eight capital cities ;,NA,Rental Prices,Index,Quarter
1989-07-01,35.7,CPI Rents ; Weighted average of eight capital cities ;,NA,Rental Prices,Index,Quarter
1989-10-01,36.32,CPI Rents ; Weighted average of eight capital cities ;,NA,Rental Prices,Index,Quarter
1990-01-01,36.72,CPI Rents ; Weighted average of eight capital cities ;,NA,Rental Prices,Index,Quarter
1990-04-01,37.16,CPI Rents ; Weighted average of eight capital cities ;,NA,Rental Prices,Index,Quarter
1990-07-01,37.67,CPI Rents ; Weighted average of eight capital cities ;,NA,Rental Prices,Index,Quarter
1990-10-01,38.15,CPI Rents ; Weighted average of eight capital cities ;,NA,Rental Prices,Index,Quarter
1991-01-01,38.36,CPI Rents ; Weighted average of eight capital cities ;,NA,Rental Prices,Index,Quarter
1991-04-01,38.66,CPI Rents ; Weighted average of eight capital cities ;,NA,Rental Prices,Index,Quarter
1991-07-01,38.8,CPI Rents ; Weighted average of eight capital cities ;,NA,Rental Prices,Index,Quarter
1991-10-01,38.88,CPI Rents ; Weighted average of eight capital cities ;,NA,Rental Prices,Index,Quarter
1992-01-01,38.95,CPI Rents ; Weighted average of eight capital cities ;,NA,Rental Prices,Index,Quarter
1992-04-01,38.98,CPI Rents ; Weighted average of eight capital cities ;,NA,Rental Prices,Index,Quarter
1992-07-01,39.06,CPI Rents ; Weighted average of eight capital cities ;,NA,Rental Prices,Index,Quarter
1992-10-01,39.09,CPI Rents ; Weighted average of eight capital cities ;,NA,Rental Prices,Index,Quarter
1993-01-01,39.09,CPI Rents ; Weighted average of eight capital cities ;,NA,Rental Prices,Index,Quarter
1993-04-01,39.17,CPI Rents ; Weighted average of eight capital cities ;,NA,Rental Prices,Index,Quarter
1993-07-01,39.2,CPI Rents ; Weighted average of eight capital cities ;,NA,Rental Prices,Index,Quarter
1993-10-01,39.35,CPI Rents ; Weighted average of eight capital cities ;,NA,Rental Prices,Index,Quarter
1994-01-01,39.39,CPI Rents ; Weighted average of eight capital cities ;,NA,Rental Prices,Index,Quarter
1994-04-01,39.46,CPI Rents ; Weighted average of eight capital cities ;,NA,Rental Prices,Index,Quarter
1994-07-01,39.53,CPI Rents ; Weighted average of eight capital cities ;,NA,Rental Prices,Index,Quarter
1994-10-01,39.6,CPI Rents ; Weighted average of eight capital cities ;,NA,Rental Prices,Index,Quarter
1995-01-01,39.71,CPI Rents ; Weighted average of eight capital cities ;,NA,Rental Prices,Index,Quarter
1995-04-01,40.04,CPI Rents ; Weighted average of eight capital cities ;,NA,Rental Prices,Index,Quarter
1995-07-01,40.3,CPI Rents ; Weighted average of eight capital cities ;,NA,Rental Prices,Index,Quarter
1995-10-01,40.55,CPI Rents ; Weighted average of eight capital cities ;,NA,Rental Prices,Index,Quarter
1996-01-01,40.88,CPI Rents ; Weighted average of eight capital cities ;,NA,Rental Prices,Index,Quarter
1996-04-01,41.21,CPI Rents ; Weighted average of eight capital cities ;,NA,Rental Prices,Index,Quarter
1996-07-01,41.54,CPI Rents ; Weighted average of eight capital cities ;,NA,Rental Prices,Index,Quarter
1996-10-01,41.83,CPI Rents ; Weighted average of eight capital cities ;,NA,Rental Prices,Index,Quarter
1997-01-01,42.05,CPI Rents ; Weighted average of eight capital cities ;,NA,Rental Prices,Index,Quarter
1997-04-01,42.45,CPI Rents ; Weighted average of eight capital cities ;,NA,Rental Prices,Index,Quarter
1997-07-01,42.74,CPI Rents ; Weighted average of eight capital cities ;,NA,Rental Prices,Index,Quarter
1997-10-01,43.07,CPI Rents ; Weighted average of eight capital cities ;,NA,Rental Prices,Index,Quarter
1998-01-01,43.32,CPI Rents ; Weighted average of eight capital cities ;,NA,Rental Prices,Index,Quarter
1998-04-01,43.76,CPI Rents ; Weighted average of eight capital cities ;,NA,Rental Prices,Index,Quarter
1998-07-01,44.13,CPI Rents ; Weighted average of eight capital cities ;,NA,Rental Prices,Index,Quarter
1998-10-01,44.31,CPI Rents ; Weighted average of eight capital cities ;,NA,Rental Prices,Index,Quarter
1999-01-01,44.6,CPI Rents ; Weighted average of eight capital cities ;,NA,Rental Prices,Index,Quarter
1999-04-01,44.89,CPI Rents ; Weighted average of eight capital cities ;,NA,Rental Prices,Index,Quarter
1999-07-01,45.17,CPI Rents ; Weighted average of eight capital cities ;,NA,Rental Prices,Index,Quarter
1999-10-01,45.48,CPI Rents ; Weighted average of eight capital cities ;,NA,Rental Prices,Index,Quarter
2000-01-01,45.88,CPI Rents ; Weighted average of eight capital cities ;,NA,Rental Prices,Index,Quarter
2000-04-01,46.32,CPI Rents ; Weighted average of eight capital cities ;,NA,Rental Prices,Index,Quarter
2000-07-01,46.64,CPI Rents ; Weighted average of eight capital cities ;,NA,Rental Prices,Index,Quarter
2000-10-01,46.91,CPI Rents ; Weighted average of eight capital cities ;,NA,Rental Prices,Index,Quarter
2001-01-01,47.32,CPI Rents ; Weighted average of eight capital cities ;,NA,Rental Prices,Index,Quarter
2001-04-01,47.79,CPI Rents ; Weighted average of eight capital cities ;,NA,Rental Prices,Index,Quarter
2001-07-01,48.09,CPI Rents ; Weighted average of eight capital cities ;,NA,Rental Prices,Index,Quarter
2001-10-01,48.38,CPI Rents ; Weighted average of eight capital cities ;,NA,Rental Prices,Index,Quarter
2002-01-01,48.61,CPI Rents ; Weighted average of eight capital cities ;,NA,Rental Prices,Index,Quarter
2002-04-01,49.02,CPI Rents ; Weighted average of eight capital cities ;,NA,Rental Prices,Index,Quarter
2002-07-01,49.2,CPI Rents ; Weighted average of eight capital cities ;,NA,Rental Prices,Index,Quarter
2002-10-01,49.39,CPI Rents ; Weighted average of eight capital cities ;,NA,Rental Prices,Index,Quarter
2003-01-01,49.54,CPI Rents ; Weighted average of eight capital cities ;,NA,Rental Prices,Index,Quarter
2003-04-01,49.8,CPI Rents ; Weighted average of eight capital cities ;,NA,Rental Prices,Index,Quarter
2003-07-01,50.11,CPI Rents ; Weighted average of eight capital cities ;,NA,Rental Prices,Index,Quarter
2003-10-01,50.5,CPI Rents ; Weighted average of eight capital cities ;,NA,Rental Prices,Index,Quarter
2004-01-01,50.8,CPI Rents ; Weighted average of eight capital cities ;,NA,Rental Prices,Index,Quarter
2004-04-01,51.15,CPI Rents ; Weighted average of eight capital cities ;,NA,Rental Prices,Index,Quarter
2004-07-01,51.4,CPI Rents ; Weighted average of eight capital cities ;,NA,Rental Prices,Index,Quarter
2004-10-01,51.62,CPI Rents ; Weighted average of eight capital cities ;,NA,Rental Prices,Index,Quarter
2005-01-01,51.87,CPI Rents ; Weighted average of eight capital cities ;,NA,Rental Prices,Index,Quarter
2005-04-01,52.23,CPI Rents ; Weighted average of eight capital cities ;,NA,Rental Prices,Index,Quarter
2005-07-01,52.55,CPI Rents ; Weighted average of eight capital cities ;,NA,Rental Prices,Index,Quarter
2005-10-01,52.92,CPI Rents ; Weighted average of eight capital cities ;,NA,Rental Prices,Index,Quarter
2006-01-01,53.32,CPI Rents ; Weighted average of eight capital cities ;,NA,Rental Prices,Index,Quarter
2006-04-01,53.81,CPI Rents ; Weighted average of eight capital cities ;,NA,Rental Prices,Index,Quarter
2006-07-01,54.33,CPI Rents ; Weighted average of eight capital cities ;,NA,Rental Prices,Index,Quarter
2006-10-01,54.88,CPI Rents ; Weighted average of eight capital cities ;,NA,Rental Prices,Index,Quarter
2007-01-01,55.66,CPI Rents ; Weighted average of eight capital cities ;,NA,Rental Prices,Index,Quarter
2007-04-01,56.58,CPI Rents ; Weighted average of eight capital cities ;,NA,Rental Prices,Index,Quarter
2007-07-01,57.48,CPI Rents ; Weighted average of eight capital cities ;,NA,Rental Prices,Index,Quarter
2007-10-01,58.44,CPI Rents ; Weighted average of eight capital cities ;,NA,Rental Prices,Index,Quarter
2008-01-01,59.58,CPI Rents ; Weighted average of eight capital cities ;,NA,Rental Prices,Index,Quarter
2008-04-01,60.91,CPI Rents ; Weighted average of eight capital cities ;,NA,Rental Prices,Index,Quarter
2008-07-01,62.17,CPI Rents ; Weighted average of eight capital cities ;,NA,Rental Prices,Index,Quarter
2008-10-01,63.33,CPI Rents ; Weighted average of eight capital cities ;,NA,Rental Prices,Index,Quarter
2009-01-01,64.39,CPI Rents ; Weighted average of eight capital cities ;,NA,Rental Prices,Index,Quarter
2009-04-01,65.3,CPI Rents ; Weighted average of eight capital cities ;,NA,Rental Prices,Index,Quarter
2009-07-01,66.04,CPI Rents ; Weighted average of eight capital cities ;,NA,Rental Prices,Index,Quarter
2009-10-01,66.68,CPI Rents ; Weighted average of eight capital cities ;,NA,Rental Prices,Index,Quarter
2010-01-01,67.34,CPI Rents ; Weighted average of eight capital cities ;,NA,Rental Prices,Index,Quarter
2010-04-01,68.13,CPI Rents ; Weighted average of eight capital cities ;,NA,Rental Prices,Index,Quarter
2010-07-01,68.87,CPI Rents ; Weighted average of eight capital cities ;,NA,Rental Prices,Index,Quarter
2010-10-01,69.47,CPI Rents ; Weighted average of eight capital cities ;,NA,Rental Prices,Index,Quarter
2011-01-01,70.39,CPI Rents ; Weighted average of eight capital cities ;,NA,Rental Prices,Index,Quarter
2011-04-01,71.18,CPI Rents ; Weighted average of eight capital cities ;,NA,Rental Prices,Index,Quarter
2011-07-01,72.05,CPI Rents ; Weighted average of eight capital cities ;,NA,Rental Prices,Index,Quarter
2011-10-01,72.78,CPI Rents ; Weighted average of eight capital cities ;,NA,Rental Prices,Index,Quarter
2012-01-01,73.49,CPI Rents ; Weighted average of eight capital cities ;,NA,Rental Prices,Index,Quarter
2012-04-01,74.31,CPI Rents ; Weighted average of eight capital cities ;,NA,Rental Prices,Index,Quarter
2012-07-01,74.93,CPI Rents ; Weighted average of eight capital cities ;,NA,Rental Prices,Index,Quarter
2012-10-01,75.5,CPI Rents ; Weighted average of eight capital cities ;,NA,Rental Prices,Index,Quarter
2013-01-01,76.1,CPI Rents ; Weighted average of eight capital cities ;,NA,Rental Prices,Index,Quarter
2013-04-01,76.88,CPI Rents ; Weighted average of eight capital cities ;,NA,Rental Prices,Index,Quarter
2013-07-01,77.35,CPI Rents ; Weighted average of eight capital cities ;,NA,Rental Prices,Index,Quarter
2013-10-01,77.78,CPI Rents ; Weighted average of eight capital cities ;,NA,Rental Prices,Index,Quarter
2014-01-01,78.26,CPI Rents ; Weighted average of eight capital cities ;,NA,Rental Prices,Index,Quarter
2014-04-01,78.75,CPI Rents ; Weighted average of eight capital cities ;,NA,Rental Prices,Index,Quarter
2014-07-01,79.22,CPI Rents ; Weighted average of eight capital cities ;,NA,Rental Prices,Index,Quarter
2014-10-01,79.63,CPI Rents ; Weighted average of eight capital cities ;,NA,Rental Prices,Index,Quarter
2015-01-01,79.87,CPI Rents ; Weighted average of eight capital cities ;,NA,Rental Prices,Index,Quarter
2015-04-01,80.17,CPI Rents ; Weighted average of eight capital cities ;,NA,Rental Prices,Index,Quarter
2015-07-01,80.42,CPI Rents ; Weighted average of eight capital cities ;,NA,Rental Prices,Index,Quarter
2015-10-01,80.58,CPI Rents ; Weighted average of eight capital cities ;,NA,Rental Prices,Index,Quarter
2016-01-01,80.6,CPI Rents ; Weighted average of eight capital cities ;,NA,Rental Prices,Index,Quarter
2016-04-01,80.76,CPI Rents ; Weighted average of eight capital cities ;,NA,Rental Prices,Index,Quarter
2016-07-01,81,CPI Rents ; Weighted average of eight capital cities ;,NA,Rental Prices,Index,Quarter
2016-10-01,81.07,CPI Rents ; Weighted average of eight capital cities ;,NA,Rental Prices,Index,Quarter
2017-01-01,81.13,CPI Rents ; Weighted average of eight capital cities ;,NA,Rental Prices,Index,Quarter
2017-04-01,81.27,CPI Rents ; Weighted average of eight capital cities ;,NA,Rental Prices,Index,Quarter
2017-07-01,81.43,CPI Rents ; Weighted average of eight capital cities ;,NA,Rental Prices,Index,Quarter
2017-10-01,81.62,CPI Rents ; Weighted average of eight capital cities ;,NA,Rental Prices,Index,Quarter
2018-01-01,81.83,CPI Rents ; Weighted average of eight capital cities ;,NA,Rental Prices,Index,Quarter
2018-04-01,81.83,CPI Rents ; Weighted average of eight capital cities ;,NA,Rental Prices,Index,Quarter
2018-07-01,81.96,CPI Rents ; Weighted average of eight capital cities ;,NA,Rental Prices,Index,Quarter
2018-10-01,82.09,CPI Rents ; Weighted average of eight capital cities ;,NA,Rental Prices,Index,Quarter
2019-01-01,82.15,CPI Rents ; Weighted average of eight capital cities ;,NA,Rental Prices,Index,Quarter
2019-04-01,82.19,CPI Rents ; Weighted average of eight capital cities ;,NA,Rental Prices,Index,Quarter
2019-07-01,82.23,CPI Rents ; Weighted average of eight capital cities ;,NA,Rental Prices,Index,Quarter
2019-10-01,82.24,CPI Rents ; Weighted average of eight capital cities ;,NA,Rental Prices,Index,Quarter
2020-01-01,82.29,CPI Rents ; Weighted average of eight capital cities ;,NA,Rental Prices,Index,Quarter
2020-04-01,81.22,CPI Rents ; Weighted average of eight capital cities ;,NA,Rental Prices,Index,Quarter
2020-07-01,81.03,CPI Rents ; Weighted average of eight capital cities ;,NA,Rental Prices,Index,Quarter
2020-10-01,81.14,CPI Rents ; Weighted average of eight capital cities ;,NA,Rental Prices,Index,Quarter
2021-01-01,81.14,CPI Rents ; Weighted average of eight capital cities ;,NA,Rental Prices,Index,Quarter
2021-04-01,81.19,CPI Rents ; Weighted average of eight capital cities ;,NA,Rental Prices,Index,Quarter
2021-07-01,81.32,CPI Rents ; Weighted average of eight capital cities ;,NA,Rental Prices,Index,Quarter
2021-10-01,81.4,CPI Rents ; Weighted average of eight capital cities ;,NA,Rental Prices,Index,Quarter
2022-01-01,81.95,CPI Rents ; Weighted average of eight capital cities ;,NA,Rental Prices,Index,Quarter
2022-04-01,82.49,CPI Rents ; Weighted average of eight capital cities ;,NA,Rental Prices,Index,Quarter
2022-07-01,83.62,CPI Rents ; Weighted average of eight capital cities ;,NA,Rental Prices,Index,Quarter
2022-10-01,84.62,CPI Rents ; Weighted average of eight capital cities ;,NA,Rental Prices,Index,Quarter
2023-01-01,85.97,CPI Rents ; Weighted average of eight capital cities ;,NA,Rental Prices,Index,Quarter
2023-04-01,88.1,CPI Rents ; Weighted average of eight capital cities ;,NA,Rental Prices,Index,Quarter
2023-07-01,90.01,CPI Rents ; Weighted average of eight capital cities ;,NA,Rental Prices,Index,Quarter
2023-10-01,90.8,CPI Rents ; Weighted average of eight capital cities ;,NA,Rental Prices,Index,Quarter
2024-01-01,92.7,CPI Rents ; Weighted average of eight capital cities ;,NA,Rental Prices,Index,Quarter
2024-04-01,94.5,CPI Rents ; Weighted average of eight capital cities ;,NA,Rental Prices,Index,Quarter
2024-07-01,96.09,CPI Rents ; Weighted average of eight capital cities ;,NA,Rental Prices,Index,Quarter
2024-10-01,96.64,CPI Rents ; Weighted average of eight capital cities ;,NA,Rental Prices,Index,Quarter
2025-01-01,97.79,CPI Rents ; Weighted average of eight capital cities ;,NA,Rental Prices,Index,Quarter
2025-04-01,98.79,CPI Rents ; Weighted average of eight capital cities ;,NA,Rental Prices,Index,Quarter
2025-07-01,99.74,CPI Rents ; Weighted average of eight capital cities ;,NA,Rental Prices,Index,Quarter
2025-10-01,100.53,CPI Rents ; Weighted average of eight capital cities ;,NA,Rental Prices,Index,Quarter
2026-01-01,101.46,CPI Rents ; Weighted average of eight capital cities ;,NA,Rental Prices,Index,Quarter
2026-04-01,102.29,CPI Rents ; Weighted average of eight capital cities ;,NA,Rental Prices,Index,Quarter
2022-07-01,83.03,CPI Rents Monthly ; Weighted average of eight capital cities ;,A130400542R,Rental Prices,Index,Month
2022-08-01,83.43,CPI Rents Monthly ; Weighted average of eight capital cities ;,A130400542R,Rental Prices,Index,Month
2022-09-01,84.01,CPI Rents Monthly ; Weighted average of eight capital cities ;,A130400542R,Rental Prices,Index,Month
2022-10-01,84.6,CPI Rents Monthly ; Weighted average of eight capital cities ;,A130400542R,Rental Prices,Index,Month
2022-11-01,84.76,CPI Rents Monthly ; Weighted average of eight capital cities ;,A130400542R,Rental Prices,Index,Month
2022-12-01,85.18,CPI Rents Monthly ; Weighted average of eight capital cities ;,A130400542R,Rental Prices,Index,Month
2023-01-01,85.7,CPI Rents Monthly ; Weighted average of eight capital cities ;,A130400542R,Rental Prices,Index,Month
2023-02-01,86.23,CPI Rents Monthly ; Weighted average of eight capital cities ;,A130400542R,Rental Prices,Index,Month
2023-03-01,86.67,CPI Rents Monthly ; Weighted average of eight capital cities ;,A130400542R,Rental Prices,Index,Month
2023-04-01,87.36,CPI Rents Monthly ; Weighted average of eight capital cities ;,A130400542R,Rental Prices,Index,Month
2023-05-01,87.98,CPI Rents Monthly ; Weighted average of eight capital cities ;,A130400542R,Rental Prices,Index,Month
2023-06-01,88.69,CPI Rents Monthly ; Weighted average of eight capital cities ;,A130400542R,Rental Prices,Index,Month
2023-07-01,89.35,CPI Rents Monthly ; Weighted average of eight capital cities ;,A130400542R,Rental Prices,Index,Month
2023-08-01,89.96,CPI Rents Monthly ; Weighted average of eight capital cities ;,A130400542R,Rental Prices,Index,Month
2023-09-01,90.31,CPI Rents Monthly ; Weighted average of eight capital cities ;,A130400542R,Rental Prices,Index,Month
2023-10-01,90.2,CPI Rents Monthly ; Weighted average of eight capital cities ;,A130400542R,Rental Prices,Index,Month
2023-11-01,90.79,CPI Rents Monthly ; Weighted average of eight capital cities ;,A130400542R,Rental Prices,Index,Month
2023-12-01,91.49,CPI Rents Monthly ; Weighted average of eight capital cities ;,A130400542R,Rental Prices,Index,Month
2024-01-01,92.11,CPI Rents Monthly ; Weighted average of eight capital cities ;,A130400542R,Rental Prices,Index,Month
2024-02-01,92.72,CPI Rents Monthly ; Weighted average of eight capital cities ;,A130400542R,Rental Prices,Index,Month
2024-03-01,93.36,CPI Rents Monthly ; Weighted average of eight capital cities ;,A130400542R,Rental Prices,Index,Month
2024-04-01,93.9,CPI Rents Monthly ; Weighted average of eight capital cities ;,A130400542R,Rental Prices,Index,Month
2024-05-01,94.48,CPI Rents Monthly ; Weighted average of eight capital cities ;,A130400542R,Rental Prices,Index,Month
2024-06-01,94.97,CPI Rents Monthly ; Weighted average of eight capital cities ;,A130400542R,Rental Prices,Index,Month
2024-07-01,95.51,CPI Rents Monthly ; Weighted average of eight capital cities ;,A130400542R,Rental Prices,Index,Month
2024-08-01,96.03,CPI Rents Monthly ; Weighted average of eight capital cities ;,A130400542R,Rental Prices,Index,Month
2024-09-01,96.31,CPI Rents Monthly ; Weighted average of eight capital cities ;,A130400542R,Rental Prices,Index,Month
2024-10-01,96.28,CPI Rents Monthly ; Weighted average of eight capital cities ;,A130400542R,Rental Prices,Index,Month
2024-11-01,96.78,CPI Rents Monthly ; Weighted average of eight capital cities ;,A130400542R,Rental Prices,Index,Month
2024-12-01,97.13,CPI Rents Monthly ; Weighted average of eight capital cities ;,A130400542R,Rental Prices,Index,Month
2025-01-01,97.47,CPI Rents Monthly ; Weighted average of eight capital cities ;,A130400542R,Rental Prices,Index,Month
2025-02-01,97.83,CPI Rents Monthly ; Weighted average of eight capital cities ;,A130400542R,Rental Prices,Index,Month
2025-03-01,98.2,CPI Rents Monthly ; Weighted average of eight capital cities ;,A130400542R,Rental Prices,Index,Month
2025-04-01,98.55,CPI Rents Monthly ; Weighted average of eight capital cities ;,A130400542R,Rental Prices,Index,Month
2025-05-01,98.76,CPI Rents Monthly ; Weighted average of eight capital cities ;,A130400542R,Rental Prices,Index,Month
2025-06-01,98.97,CPI Rents Monthly ; Weighted average of eight capital cities ;,A130400542R,Rental Prices,Index,Month
2025-07-01,99.26,CPI Rents Monthly ; Weighted average of eight capital cities ;,A130400542R,Rental Prices,Index,Month
2025-08-01,99.55,CPI Rents Monthly ; Weighted average of eight capital cities ;,A130400542R,Rental Prices,Index,Month
2025-09-01,99.96,CPI Rents Monthly ; Weighted average of eight capital cities ;,A130400542R,Rental Prices,Index,Month
2025-10-01,100.33,CPI Rents Monthly ; Weighted average of eight capital cities ;,A130400542R,Rental Prices,Index,Month
2025-11-01,100.68,CPI Rents Monthly ; Weighted average of eight capital cities ;,A130400542R,Rental Prices,Index,Month
2025-12-01,100.96,CPI Rents Monthly ; Weighted average of eight capital cities ;,A130400542R,Rental Prices,Index,Month
2026-01-01,101.26,CPI Rents Monthly ; Weighted average of eight capital cities ;,A130400542R,Rental Prices,Index,Month
2026-02-01,101.53,CPI Rents Monthly ; Weighted average of eight capital cities ;,A130400542R,Rental Prices,Index,Month
2026-03-01,101.78,CPI Rents Monthly ; Weighted average of eight capital cities ;,A130400542R,Rental Prices,Index,Month
2026-04-01,102,CPI Rents Monthly ; Weighted average of eight capital cities ;,A130400542R,Rental Prices,Index,Month
2026-05-01,102.26,CPI Rents Monthly ; Weighted average of eight capital cities ;,A130400542R,Rental Prices,Index,Month
2026-06-01,102.5,CPI Rents Monthly ; Weighted average of eight capital cities ;,A130400542R,Rental Prices,Index,Month
2026-07-01,102.81,CPI Rents Monthly ; Weighted average of eight capital cities ;,A130400542R,Rental Prices,Index,Month
