date,value,series,series_id,category,unit,frequency
1983-07-01,564,Total number of dwelling units ;  New South Wales ;  Dwellings excluding houses ;  Private Sector ;,A421299L,Building Approvals,Number,Month
1983-08-01,549,Total number of dwelling units ;  New South Wales ;  Dwellings excluding houses ;  Private Sector ;,A421299L,Building Approvals,Number,Month
1983-09-01,531,Total number of dwelling units ;  New South Wales ;  Dwellings excluding houses ;  Private Sector ;,A421299L,Building Approvals,Number,Month
1983-10-01,509,Total number of dwelling units ;  New South Wales ;  Dwellings excluding houses ;  Private Sector ;,A421299L,Building Approvals,Number,Month
1983-11-01,486,Total number of dwelling units ;  New South Wales ;  Dwellings excluding houses ;  Private Sector ;,A421299L,Building Approvals,Number,Month
1983-12-01,476,Total number of dwelling units ;  New South Wales ;  Dwellings excluding houses ;  Private Sector ;,A421299L,Building Approvals,Number,Month
1984-01-01,502,Total number of dwelling units ;  New South Wales ;  Dwellings excluding houses ;  Private Sector ;,A421299L,Building Approvals,Number,Month
1984-02-01,557,Total number of dwelling units ;  New South Wales ;  Dwellings excluding houses ;  Private Sector ;,A421299L,Building Approvals,Number,Month
1984-03-01,622,Total number of dwelling units ;  New South Wales ;  Dwellings excluding houses ;  Private Sector ;,A421299L,Building Approvals,Number,Month
1984-04-01,680,Total number of dwelling units ;  New South Wales ;  Dwellings excluding houses ;  Private Sector ;,A421299L,Building Approvals,Number,Month
1984-05-01,715,Total number of dwelling units ;  New South Wales ;  Dwellings excluding houses ;  Private Sector ;,A421299L,Building Approvals,Number,Month
1984-06-01,736,Total number of dwelling units ;  New South Wales ;  Dwellings excluding houses ;  Private Sector ;,A421299L,Building Approvals,Number,Month
1984-07-01,752,Total number of dwelling units ;  New South Wales ;  Dwellings excluding houses ;  Private Sector ;,A421299L,Building Approvals,Number,Month
1984-08-01,762,Total number of dwelling units ;  New South Wales ;  Dwellings excluding houses ;  Private Sector ;,A421299L,Building Approvals,Number,Month
1984-09-01,778,Total number of dwelling units ;  New South Wales ;  Dwellings excluding houses ;  Private Sector ;,A421299L,Building Approvals,Number,Month
1984-10-01,789,Total number of dwelling units ;  New South Wales ;  Dwellings excluding houses ;  Private Sector ;,A421299L,Building Approvals,Number,Month
1984-11-01,788,Total number of dwelling units ;  New South Wales ;  Dwellings excluding houses ;  Private Sector ;,A421299L,Building Approvals,Number,Month
1984-12-01,765,Total number of dwelling units ;  New South Wales ;  Dwellings excluding houses ;  Private Sector ;,A421299L,Building Approvals,Number,Month
1985-01-01,730,Total number of dwelling units ;  New South Wales ;  Dwellings excluding houses ;  Private Sector ;,A421299L,Building Approvals,Number,Month
1985-02-01,710,Total number of dwelling units ;  New South Wales ;  Dwellings excluding houses ;  Private Sector ;,A421299L,Building Approvals,Number,Month
1985-03-01,708,Total number of dwelling units ;  New South Wales ;  Dwellings excluding houses ;  Private Sector ;,A421299L,Building Approvals,Number,Month
1985-04-01,719,Total number of dwelling units ;  New South Wales ;  Dwellings excluding houses ;  Private Sector ;,A421299L,Building Approvals,Number,Month
1985-05-01,738,Total number of dwelling units ;  New South Wales ;  Dwellings excluding houses ;  Private Sector ;,A421299L,Building Approvals,Number,Month
1985-06-01,754,Total number of dwelling units ;  New South Wales ;  Dwellings excluding houses ;  Private Sector ;,A421299L,Building Approvals,Number,Month
1985-07-01,749,Total number of dwelling units ;  New South Wales ;  Dwellings excluding houses ;  Private Sector ;,A421299L,Building Approvals,Number,Month
1985-08-01,725,Total number of dwelling units ;  New South Wales ;  Dwellings excluding houses ;  Private Sector ;,A421299L,Building Approvals,Number,Month
1985-09-01,677,Total number of dwelling units ;  New South Wales ;  Dwellings excluding houses ;  Private Sector ;,A421299L,Building Approvals,Number,Month
1985-10-01,612,Total number of dwelling units ;  New South Wales ;  Dwellings excluding houses ;  Private Sector ;,A421299L,Building Approvals,Number,Month
1985-11-01,555,Total number of dwelling units ;  New South Wales ;  Dwellings excluding houses ;  Private Sector ;,A421299L,Building Approvals,Number,Month
1985-12-01,512,Total number of dwelling units ;  New South Wales ;  Dwellings excluding houses ;  Private Sector ;,A421299L,Building Approvals,Number,Month
1986-01-01,493,Total number of dwelling units ;  New South Wales ;  Dwellings excluding houses ;  Private Sector ;,A421299L,Building Approvals,Number,Month
1986-02-01,507,Total number of dwelling units ;  New South Wales ;  Dwellings excluding houses ;  Private Sector ;,A421299L,Building Approvals,Number,Month
1986-03-01,561,Total number of dwelling units ;  New South Wales ;  Dwellings excluding houses ;  Private Sector ;,A421299L,Building Approvals,Number,Month
1986-04-01,633,Total number of dwelling units ;  New South Wales ;  Dwellings excluding houses ;  Private Sector ;,A421299L,Building Approvals,Number,Month
1986-05-01,688,Total number of dwelling units ;  New South Wales ;  Dwellings excluding houses ;  Private Sector ;,A421299L,Building Approvals,Number,Month
1986-06-01,706,Total number of dwelling units ;  New South Wales ;  Dwellings excluding houses ;  Private Sector ;,A421299L,Building Approvals,Number,Month
1986-07-01,688,Total number of dwelling units ;  New South Wales ;  Dwellings excluding houses ;  Private Sector ;,A421299L,Building Approvals,Number,Month
1986-08-01,638,Total number of dwelling units ;  New South Wales ;  Dwellings excluding houses ;  Private Sector ;,A421299L,Building Approvals,Number,Month
1986-09-01,570,Total number of dwelling units ;  New South Wales ;  Dwellings excluding houses ;  Private Sector ;,A421299L,Building Approvals,Number,Month
1986-10-01,507,Total number of dwelling units ;  New South Wales ;  Dwellings excluding houses ;  Private Sector ;,A421299L,Building Approvals,Number,Month
1986-11-01,456,Total number of dwelling units ;  New South Wales ;  Dwellings excluding houses ;  Private Sector ;,A421299L,Building Approvals,Number,Month
1986-12-01,435,Total number of dwelling units ;  New South Wales ;  Dwellings excluding houses ;  Private Sector ;,A421299L,Building Approvals,Number,Month
1987-01-01,443,Total number of dwelling units ;  New South Wales ;  Dwellings excluding houses ;  Private Sector ;,A421299L,Building Approvals,Number,Month
1987-02-01,454,Total number of dwelling units ;  New South Wales ;  Dwellings excluding houses ;  Private Sector ;,A421299L,Building Approvals,Number,Month
1987-03-01,474,Total number of dwelling units ;  New South Wales ;  Dwellings excluding houses ;  Private Sector ;,A421299L,Building Approvals,Number,Month
1987-04-01,501,Total number of dwelling units ;  New South Wales ;  Dwellings excluding houses ;  Private Sector ;,A421299L,Building Approvals,Number,Month
1987-05-01,521,Total number of dwelling units ;  New South Wales ;  Dwellings excluding houses ;  Private Sector ;,A421299L,Building Approvals,Number,Month
1987-06-01,532,Total number of dwelling units ;  New South Wales ;  Dwellings excluding houses ;  Private Sector ;,A421299L,Building Approvals,Number,Month
1987-07-01,537,Total number of dwelling units ;  New South Wales ;  Dwellings excluding houses ;  Private Sector ;,A421299L,Building Approvals,Number,Month
1987-08-01,534,Total number of dwelling units ;  New South Wales ;  Dwellings excluding houses ;  Private Sector ;,A421299L,Building Approvals,Number,Month
1987-09-01,543,Total number of dwelling units ;  New South Wales ;  Dwellings excluding houses ;  Private Sector ;,A421299L,Building Approvals,Number,Month
1987-10-01,567,Total number of dwelling units ;  New South Wales ;  Dwellings excluding houses ;  Private Sector ;,A421299L,Building Approvals,Number,Month
1987-11-01,611,Total number of dwelling units ;  New South Wales ;  Dwellings excluding houses ;  Private Sector ;,A421299L,Building Approvals,Number,Month
1987-12-01,680,Total number of dwelling units ;  New South Wales ;  Dwellings excluding houses ;  Private Sector ;,A421299L,Building Approvals,Number,Month
1988-01-01,758,Total number of dwelling units ;  New South Wales ;  Dwellings excluding houses ;  Private Sector ;,A421299L,Building Approvals,Number,Month
1988-02-01,843,Total number of dwelling units ;  New South Wales ;  Dwellings excluding houses ;  Private Sector ;,A421299L,Building Approvals,Number,Month
1988-03-01,914,Total number of dwelling units ;  New South Wales ;  Dwellings excluding houses ;  Private Sector ;,A421299L,Building Approvals,Number,Month
1988-04-01,975,Total number of dwelling units ;  New South Wales ;  Dwellings excluding houses ;  Private Sector ;,A421299L,Building Approvals,Number,Month
1988-05-01,1031,Total number of dwelling units ;  New South Wales ;  Dwellings excluding houses ;  Private Sector ;,A421299L,Building Approvals,Number,Month
1988-06-01,1086,Total number of dwelling units ;  New South Wales ;  Dwellings excluding houses ;  Private Sector ;,A421299L,Building Approvals,Number,Month
1988-07-01,1134,Total number of dwelling units ;  New South Wales ;  Dwellings excluding houses ;  Private Sector ;,A421299L,Building Approvals,Number,Month
1988-08-01,1172,Total number of dwelling units ;  New South Wales ;  Dwellings excluding houses ;  Private Sector ;,A421299L,Building Approvals,Number,Month
1988-09-01,1195,Total number of dwelling units ;  New South Wales ;  Dwellings excluding houses ;  Private Sector ;,A421299L,Building Approvals,Number,Month
1988-10-01,1203,Total number of dwelling units ;  New South Wales ;  Dwellings excluding houses ;  Private Sector ;,A421299L,Building Approvals,Number,Month
1988-11-01,1210,Total number of dwelling units ;  New South Wales ;  Dwellings excluding houses ;  Private Sector ;,A421299L,Building Approvals,Number,Month
1988-12-01,1216,Total number of dwelling units ;  New South Wales ;  Dwellings excluding houses ;  Private Sector ;,A421299L,Building Approvals,Number,Month
1989-01-01,1235,Total number of dwelling units ;  New South Wales ;  Dwellings excluding houses ;  Private Sector ;,A421299L,Building Approvals,Number,Month
1989-02-01,1265,Total number of dwelling units ;  New South Wales ;  Dwellings excluding houses ;  Private Sector ;,A421299L,Building Approvals,Number,Month
1989-03-01,1283,Total number of dwelling units ;  New South Wales ;  Dwellings excluding houses ;  Private Sector ;,A421299L,Building Approvals,Number,Month
1989-04-01,1294,Total number of dwelling units ;  New South Wales ;  Dwellings excluding houses ;  Private Sector ;,A421299L,Building Approvals,Number,Month
1989-05-01,1300,Total number of dwelling units ;  New South Wales ;  Dwellings excluding houses ;  Private Sector ;,A421299L,Building Approvals,Number,Month
1989-06-01,1322,Total number of dwelling units ;  New South Wales ;  Dwellings excluding houses ;  Private Sector ;,A421299L,Building Approvals,Number,Month
1989-07-01,1349,Total number of dwelling units ;  New South Wales ;  Dwellings excluding houses ;  Private Sector ;,A421299L,Building Approvals,Number,Month
1989-08-01,1358,Total number of dwelling units ;  New South Wales ;  Dwellings excluding houses ;  Private Sector ;,A421299L,Building Approvals,Number,Month
1989-09-01,1327,Total number of dwelling units ;  New South Wales ;  Dwellings excluding houses ;  Private Sector ;,A421299L,Building Approvals,Number,Month
1989-10-01,1253,Total number of dwelling units ;  New South Wales ;  Dwellings excluding houses ;  Private Sector ;,A421299L,Building Approvals,Number,Month
1989-11-01,1156,Total number of dwelling units ;  New South Wales ;  Dwellings excluding houses ;  Private Sector ;,A421299L,Building Approvals,Number,Month
1989-12-01,1074,Total number of dwelling units ;  New South Wales ;  Dwellings excluding houses ;  Private Sector ;,A421299L,Building Approvals,Number,Month
1990-01-01,1022,Total number of dwelling units ;  New South Wales ;  Dwellings excluding houses ;  Private Sector ;,A421299L,Building Approvals,Number,Month
1990-02-01,999,Total number of dwelling units ;  New South Wales ;  Dwellings excluding houses ;  Private Sector ;,A421299L,Building Approvals,Number,Month
1990-03-01,997,Total number of dwelling units ;  New South Wales ;  Dwellings excluding houses ;  Private Sector ;,A421299L,Building Approvals,Number,Month
1990-04-01,1002,Total number of dwelling units ;  New South Wales ;  Dwellings excluding houses ;  Private Sector ;,A421299L,Building Approvals,Number,Month
1990-05-01,999,Total number of dwelling units ;  New South Wales ;  Dwellings excluding houses ;  Private Sector ;,A421299L,Building Approvals,Number,Month
1990-06-01,1004,Total number of dwelling units ;  New South Wales ;  Dwellings excluding houses ;  Private Sector ;,A421299L,Building Approvals,Number,Month
1990-07-01,1022,Total number of dwelling units ;  New South Wales ;  Dwellings excluding houses ;  Private Sector ;,A421299L,Building Approvals,Number,Month
1990-08-01,1050,Total number of dwelling units ;  New South Wales ;  Dwellings excluding houses ;  Private Sector ;,A421299L,Building Approvals,Number,Month
1990-09-01,1062,Total number of dwelling units ;  New South Wales ;  Dwellings excluding houses ;  Private Sector ;,A421299L,Building Approvals,Number,Month
1990-10-01,1042,Total number of dwelling units ;  New South Wales ;  Dwellings excluding houses ;  Private Sector ;,A421299L,Building Approvals,Number,Month
1990-11-01,991,Total number of dwelling units ;  New South Wales ;  Dwellings excluding houses ;  Private Sector ;,A421299L,Building Approvals,Number,Month
1990-12-01,928,Total number of dwelling units ;  New South Wales ;  Dwellings excluding houses ;  Private Sector ;,A421299L,Building Approvals,Number,Month
1991-01-01,875,Total number of dwelling units ;  New South Wales ;  Dwellings excluding houses ;  Private Sector ;,A421299L,Building Approvals,Number,Month
1991-02-01,866,Total number of dwelling units ;  New South Wales ;  Dwellings excluding houses ;  Private Sector ;,A421299L,Building Approvals,Number,Month
1991-03-01,899,Total number of dwelling units ;  New South Wales ;  Dwellings excluding houses ;  Private Sector ;,A421299L,Building Approvals,Number,Month
1991-04-01,959,Total number of dwelling units ;  New South Wales ;  Dwellings excluding houses ;  Private Sector ;,A421299L,Building Approvals,Number,Month
1991-05-01,1025,Total number of dwelling units ;  New South Wales ;  Dwellings excluding houses ;  Private Sector ;,A421299L,Building Approvals,Number,Month
1991-06-01,1079,Total number of dwelling units ;  New South Wales ;  Dwellings excluding houses ;  Private Sector ;,A421299L,Building Approvals,Number,Month
1991-07-01,1103,Total number of dwelling units ;  New South Wales ;  Dwellings excluding houses ;  Private Sector ;,A421299L,Building Approvals,Number,Month
1991-08-01,1101,Total number of dwelling units ;  New South Wales ;  Dwellings excluding houses ;  Private Sector ;,A421299L,Building Approvals,Number,Month
1991-09-01,1072,Total number of dwelling units ;  New South Wales ;  Dwellings excluding houses ;  Private Sector ;,A421299L,Building Approvals,Number,Month
1991-10-01,1030,Total number of dwelling units ;  New South Wales ;  Dwellings excluding houses ;  Private Sector ;,A421299L,Building Approvals,Number,Month
1991-11-01,993,Total number of dwelling units ;  New South Wales ;  Dwellings excluding houses ;  Private Sector ;,A421299L,Building Approvals,Number,Month
1991-12-01,983,Total number of dwelling units ;  New South Wales ;  Dwellings excluding houses ;  Private Sector ;,A421299L,Building Approvals,Number,Month
1992-01-01,1005,Total number of dwelling units ;  New South Wales ;  Dwellings excluding houses ;  Private Sector ;,A421299L,Building Approvals,Number,Month
1992-02-01,1055,Total number of dwelling units ;  New South Wales ;  Dwellings excluding houses ;  Private Sector ;,A421299L,Building Approvals,Number,Month
1992-03-01,1100,Total number of dwelling units ;  New South Wales ;  Dwellings excluding houses ;  Private Sector ;,A421299L,Building Approvals,Number,Month
1992-04-01,1132,Total number of dwelling units ;  New South Wales ;  Dwellings excluding houses ;  Private Sector ;,A421299L,Building Approvals,Number,Month
1992-05-01,1149,Total number of dwelling units ;  New South Wales ;  Dwellings excluding houses ;  Private Sector ;,A421299L,Building Approvals,Number,Month
1992-06-01,1177,Total number of dwelling units ;  New South Wales ;  Dwellings excluding houses ;  Private Sector ;,A421299L,Building Approvals,Number,Month
1992-07-01,1225,Total number of dwelling units ;  New South Wales ;  Dwellings excluding houses ;  Private Sector ;,A421299L,Building Approvals,Number,Month
1992-08-01,1297,Total number of dwelling units ;  New South Wales ;  Dwellings excluding houses ;  Private Sector ;,A421299L,Building Approvals,Number,Month
1992-09-01,1391,Total number of dwelling units ;  New South Wales ;  Dwellings excluding houses ;  Private Sector ;,A421299L,Building Approvals,Number,Month
1992-10-01,1494,Total number of dwelling units ;  New South Wales ;  Dwellings excluding houses ;  Private Sector ;,A421299L,Building Approvals,Number,Month
1992-11-01,1581,Total number of dwelling units ;  New South Wales ;  Dwellings excluding houses ;  Private Sector ;,A421299L,Building Approvals,Number,Month
1992-12-01,1640,Total number of dwelling units ;  New South Wales ;  Dwellings excluding houses ;  Private Sector ;,A421299L,Building Approvals,Number,Month
1993-01-01,1649,Total number of dwelling units ;  New South Wales ;  Dwellings excluding houses ;  Private Sector ;,A421299L,Building Approvals,Number,Month
1993-02-01,1620,Total number of dwelling units ;  New South Wales ;  Dwellings excluding houses ;  Private Sector ;,A421299L,Building Approvals,Number,Month
1993-03-01,1569,Total number of dwelling units ;  New South Wales ;  Dwellings excluding houses ;  Private Sector ;,A421299L,Building Approvals,Number,Month
1993-04-01,1517,Total number of dwelling units ;  New South Wales ;  Dwellings excluding houses ;  Private Sector ;,A421299L,Building Approvals,Number,Month
1993-05-01,1471,Total number of dwelling units ;  New South Wales ;  Dwellings excluding houses ;  Private Sector ;,A421299L,Building Approvals,Number,Month
1993-06-01,1467,Total number of dwelling units ;  New South Wales ;  Dwellings excluding houses ;  Private Sector ;,A421299L,Building Approvals,Number,Month
1993-07-01,1503,Total number of dwelling units ;  New South Wales ;  Dwellings excluding houses ;  Private Sector ;,A421299L,Building Approvals,Number,Month
1993-08-01,1569,Total number of dwelling units ;  New South Wales ;  Dwellings excluding houses ;  Private Sector ;,A421299L,Building Approvals,Number,Month
1993-09-01,1633,Total number of dwelling units ;  New South Wales ;  Dwellings excluding houses ;  Private Sector ;,A421299L,Building Approvals,Number,Month
1993-10-01,1670,Total number of dwelling units ;  New South Wales ;  Dwellings excluding houses ;  Private Sector ;,A421299L,Building Approvals,Number,Month
1993-11-01,1663,Total number of dwelling units ;  New South Wales ;  Dwellings excluding houses ;  Private Sector ;,A421299L,Building Approvals,Number,Month
1993-12-01,1625,Total number of dwelling units ;  New South Wales ;  Dwellings excluding houses ;  Private Sector ;,A421299L,Building Approvals,Number,Month
1994-01-01,1596,Total number of dwelling units ;  New South Wales ;  Dwellings excluding houses ;  Private Sector ;,A421299L,Building Approvals,Number,Month
1994-02-01,1582,Total number of dwelling units ;  New South Wales ;  Dwellings excluding houses ;  Private Sector ;,A421299L,Building Approvals,Number,Month
1994-03-01,1581,Total number of dwelling units ;  New South Wales ;  Dwellings excluding houses ;  Private Sector ;,A421299L,Building Approvals,Number,Month
1994-04-01,1664,Total number of dwelling units ;  New South Wales ;  Dwellings excluding houses ;  Private Sector ;,A421299L,Building Approvals,Number,Month
1994-05-01,1847,Total number of dwelling units ;  New South Wales ;  Dwellings excluding houses ;  Private Sector ;,A421299L,Building Approvals,Number,Month
1994-06-01,2080,Total number of dwelling units ;  New South Wales ;  Dwellings excluding houses ;  Private Sector ;,A421299L,Building Approvals,Number,Month
1994-07-01,2288,Total number of dwelling units ;  New South Wales ;  Dwellings excluding houses ;  Private Sector ;,A421299L,Building Approvals,Number,Month
1994-08-01,2408,Total number of dwelling units ;  New South Wales ;  Dwellings excluding houses ;  Private Sector ;,A421299L,Building Approvals,Number,Month
1994-09-01,2399,Total number of dwelling units ;  New South Wales ;  Dwellings excluding houses ;  Private Sector ;,A421299L,Building Approvals,Number,Month
1994-10-01,2281,Total number of dwelling units ;  New South Wales ;  Dwellings excluding houses ;  Private Sector ;,A421299L,Building Approvals,Number,Month
1994-11-01,2101,Total number of dwelling units ;  New South Wales ;  Dwellings excluding houses ;  Private Sector ;,A421299L,Building Approvals,Number,Month
1994-12-01,1938,Total number of dwelling units ;  New South Wales ;  Dwellings excluding houses ;  Private Sector ;,A421299L,Building Approvals,Number,Month
1995-01-01,1824,Total number of dwelling units ;  New South Wales ;  Dwellings excluding houses ;  Private Sector ;,A421299L,Building Approvals,Number,Month
1995-02-01,1800,Total number of dwelling units ;  New South Wales ;  Dwellings excluding houses ;  Private Sector ;,A421299L,Building Approvals,Number,Month
1995-03-01,1833,Total number of dwelling units ;  New South Wales ;  Dwellings excluding houses ;  Private Sector ;,A421299L,Building Approvals,Number,Month
1995-04-01,1835,Total number of dwelling units ;  New South Wales ;  Dwellings excluding houses ;  Private Sector ;,A421299L,Building Approvals,Number,Month
1995-05-01,1781,Total number of dwelling units ;  New South Wales ;  Dwellings excluding houses ;  Private Sector ;,A421299L,Building Approvals,Number,Month
1995-06-01,1718,Total number of dwelling units ;  New South Wales ;  Dwellings excluding houses ;  Private Sector ;,A421299L,Building Approvals,Number,Month
1995-07-01,1655,Total number of dwelling units ;  New South Wales ;  Dwellings excluding houses ;  Private Sector ;,A421299L,Building Approvals,Number,Month
1995-08-01,1575,Total number of dwelling units ;  New South Wales ;  Dwellings excluding houses ;  Private Sector ;,A421299L,Building Approvals,Number,Month
1995-09-01,1488,Total number of dwelling units ;  New South Wales ;  Dwellings excluding houses ;  Private Sector ;,A421299L,Building Approvals,Number,Month
1995-10-01,1393,Total number of dwelling units ;  New South Wales ;  Dwellings excluding houses ;  Private Sector ;,A421299L,Building Approvals,Number,Month
1995-11-01,1289,Total number of dwelling units ;  New South Wales ;  Dwellings excluding houses ;  Private Sector ;,A421299L,Building Approvals,Number,Month
1995-12-01,1209,Total number of dwelling units ;  New South Wales ;  Dwellings excluding houses ;  Private Sector ;,A421299L,Building Approvals,Number,Month
1996-01-01,1170,Total number of dwelling units ;  New South Wales ;  Dwellings excluding houses ;  Private Sector ;,A421299L,Building Approvals,Number,Month
1996-02-01,1194,Total number of dwelling units ;  New South Wales ;  Dwellings excluding houses ;  Private Sector ;,A421299L,Building Approvals,Number,Month
1996-03-01,1267,Total number of dwelling units ;  New South Wales ;  Dwellings excluding houses ;  Private Sector ;,A421299L,Building Approvals,Number,Month
1996-04-01,1365,Total number of dwelling units ;  New South Wales ;  Dwellings excluding houses ;  Private Sector ;,A421299L,Building Approvals,Number,Month
1996-05-01,1432,Total number of dwelling units ;  New South Wales ;  Dwellings excluding houses ;  Private Sector ;,A421299L,Building Approvals,Number,Month
1996-06-01,1468,Total number of dwelling units ;  New South Wales ;  Dwellings excluding houses ;  Private Sector ;,A421299L,Building Approvals,Number,Month
1996-07-01,1474,Total number of dwelling units ;  New South Wales ;  Dwellings excluding houses ;  Private Sector ;,A421299L,Building Approvals,Number,Month
1996-08-01,1469,Total number of dwelling units ;  New South Wales ;  Dwellings excluding houses ;  Private Sector ;,A421299L,Building Approvals,Number,Month
1996-09-01,1481,Total number of dwelling units ;  New South Wales ;  Dwellings excluding houses ;  Private Sector ;,A421299L,Building Approvals,Number,Month
1996-10-01,1519,Total number of dwelling units ;  New South Wales ;  Dwellings excluding houses ;  Private Sector ;,A421299L,Building Approvals,Number,Month
1996-11-01,1586,Total number of dwelling units ;  New South Wales ;  Dwellings excluding houses ;  Private Sector ;,A421299L,Building Approvals,Number,Month
1996-12-01,1660,Total number of dwelling units ;  New South Wales ;  Dwellings excluding houses ;  Private Sector ;,A421299L,Building Approvals,Number,Month
1997-01-01,1715,Total number of dwelling units ;  New South Wales ;  Dwellings excluding houses ;  Private Sector ;,A421299L,Building Approvals,Number,Month
1997-02-01,1750,Total number of dwelling units ;  New South Wales ;  Dwellings excluding houses ;  Private Sector ;,A421299L,Building Approvals,Number,Month
1997-03-01,1770,Total number of dwelling units ;  New South Wales ;  Dwellings excluding houses ;  Private Sector ;,A421299L,Building Approvals,Number,Month
1997-04-01,1803,Total number of dwelling units ;  New South Wales ;  Dwellings excluding houses ;  Private Sector ;,A421299L,Building Approvals,Number,Month
1997-05-01,1832,Total number of dwelling units ;  New South Wales ;  Dwellings excluding houses ;  Private Sector ;,A421299L,Building Approvals,Number,Month
1997-06-01,1851,Total number of dwelling units ;  New South Wales ;  Dwellings excluding houses ;  Private Sector ;,A421299L,Building Approvals,Number,Month
1997-07-01,1874,Total number of dwelling units ;  New South Wales ;  Dwellings excluding houses ;  Private Sector ;,A421299L,Building Approvals,Number,Month
1997-08-01,1914,Total number of dwelling units ;  New South Wales ;  Dwellings excluding houses ;  Private Sector ;,A421299L,Building Approvals,Number,Month
1997-09-01,1940,Total number of dwelling units ;  New South Wales ;  Dwellings excluding houses ;  Private Sector ;,A421299L,Building Approvals,Number,Month
1997-10-01,1907,Total number of dwelling units ;  New South Wales ;  Dwellings excluding houses ;  Private Sector ;,A421299L,Building Approvals,Number,Month
1997-11-01,1837,Total number of dwelling units ;  New South Wales ;  Dwellings excluding houses ;  Private Sector ;,A421299L,Building Approvals,Number,Month
1997-12-01,1754,Total number of dwelling units ;  New South Wales ;  Dwellings excluding houses ;  Private Sector ;,A421299L,Building Approvals,Number,Month
1998-01-01,1686,Total number of dwelling units ;  New South Wales ;  Dwellings excluding houses ;  Private Sector ;,A421299L,Building Approvals,Number,Month
1998-02-01,1698,Total number of dwelling units ;  New South Wales ;  Dwellings excluding houses ;  Private Sector ;,A421299L,Building Approvals,Number,Month
1998-03-01,1811,Total number of dwelling units ;  New South Wales ;  Dwellings excluding houses ;  Private Sector ;,A421299L,Building Approvals,Number,Month
1998-04-01,1976,Total number of dwelling units ;  New South Wales ;  Dwellings excluding houses ;  Private Sector ;,A421299L,Building Approvals,Number,Month
1998-05-01,2116,Total number of dwelling units ;  New South Wales ;  Dwellings excluding houses ;  Private Sector ;,A421299L,Building Approvals,Number,Month
1998-06-01,2180,Total number of dwelling units ;  New South Wales ;  Dwellings excluding houses ;  Private Sector ;,A421299L,Building Approvals,Number,Month
1998-07-01,2145,Total number of dwelling units ;  New South Wales ;  Dwellings excluding houses ;  Private Sector ;,A421299L,Building Approvals,Number,Month
1998-08-01,2047,Total number of dwelling units ;  New South Wales ;  Dwellings excluding houses ;  Private Sector ;,A421299L,Building Approvals,Number,Month
1998-09-01,1951,Total number of dwelling units ;  New South Wales ;  Dwellings excluding houses ;  Private Sector ;,A421299L,Building Approvals,Number,Month
1998-10-01,1888,Total number of dwelling units ;  New South Wales ;  Dwellings excluding houses ;  Private Sector ;,A421299L,Building Approvals,Number,Month
1998-11-01,1859,Total number of dwelling units ;  New South Wales ;  Dwellings excluding houses ;  Private Sector ;,A421299L,Building Approvals,Number,Month
1998-12-01,1849,Total number of dwelling units ;  New South Wales ;  Dwellings excluding houses ;  Private Sector ;,A421299L,Building Approvals,Number,Month
1999-01-01,1851,Total number of dwelling units ;  New South Wales ;  Dwellings excluding houses ;  Private Sector ;,A421299L,Building Approvals,Number,Month
1999-02-01,1838,Total number of dwelling units ;  New South Wales ;  Dwellings excluding houses ;  Private Sector ;,A421299L,Building Approvals,Number,Month
1999-03-01,1829,Total number of dwelling units ;  New South Wales ;  Dwellings excluding houses ;  Private Sector ;,A421299L,Building Approvals,Number,Month
1999-04-01,1869,Total number of dwelling units ;  New South Wales ;  Dwellings excluding houses ;  Private Sector ;,A421299L,Building Approvals,Number,Month
1999-05-01,1945,Total number of dwelling units ;  New South Wales ;  Dwellings excluding houses ;  Private Sector ;,A421299L,Building Approvals,Number,Month
1999-06-01,2021,Total number of dwelling units ;  New South Wales ;  Dwellings excluding houses ;  Private Sector ;,A421299L,Building Approvals,Number,Month
1999-07-01,2047,Total number of dwelling units ;  New South Wales ;  Dwellings excluding houses ;  Private Sector ;,A421299L,Building Approvals,Number,Month
1999-08-01,2009,Total number of dwelling units ;  New South Wales ;  Dwellings excluding houses ;  Private Sector ;,A421299L,Building Approvals,Number,Month
1999-09-01,1917,Total number of dwelling units ;  New South Wales ;  Dwellings excluding houses ;  Private Sector ;,A421299L,Building Approvals,Number,Month
1999-10-01,1789,Total number of dwelling units ;  New South Wales ;  Dwellings excluding houses ;  Private Sector ;,A421299L,Building Approvals,Number,Month
1999-11-01,1658,Total number of dwelling units ;  New South Wales ;  Dwellings excluding houses ;  Private Sector ;,A421299L,Building Approvals,Number,Month
1999-12-01,1551,Total number of dwelling units ;  New South Wales ;  Dwellings excluding houses ;  Private Sector ;,A421299L,Building Approvals,Number,Month
2000-01-01,1503,Total number of dwelling units ;  New South Wales ;  Dwellings excluding houses ;  Private Sector ;,A421299L,Building Approvals,Number,Month
2000-02-01,1502,Total number of dwelling units ;  New South Wales ;  Dwellings excluding houses ;  Private Sector ;,A421299L,Building Approvals,Number,Month
2000-03-01,1502,Total number of dwelling units ;  New South Wales ;  Dwellings excluding houses ;  Private Sector ;,A421299L,Building Approvals,Number,Month
2000-04-01,1454,Total number of dwelling units ;  New South Wales ;  Dwellings excluding houses ;  Private Sector ;,A421299L,Building Approvals,Number,Month
2000-05-01,1358,Total number of dwelling units ;  New South Wales ;  Dwellings excluding houses ;  Private Sector ;,A421299L,Building Approvals,Number,Month
2000-06-01,1252,Total number of dwelling units ;  New South Wales ;  Dwellings excluding houses ;  Private Sector ;,A421299L,Building Approvals,Number,Month
2000-07-01,1188,Total number of dwelling units ;  New South Wales ;  Dwellings excluding houses ;  Private Sector ;,A421299L,Building Approvals,Number,Month
2000-08-01,1201,Total number of dwelling units ;  New South Wales ;  Dwellings excluding houses ;  Private Sector ;,A421299L,Building Approvals,Number,Month
2000-09-01,1269,Total number of dwelling units ;  New South Wales ;  Dwellings excluding houses ;  Private Sector ;,A421299L,Building Approvals,Number,Month
2000-10-01,1338,Total number of dwelling units ;  New South Wales ;  Dwellings excluding houses ;  Private Sector ;,A421299L,Building Approvals,Number,Month
2000-11-01,1363,Total number of dwelling units ;  New South Wales ;  Dwellings excluding houses ;  Private Sector ;,A421299L,Building Approvals,Number,Month
2000-12-01,1311,Total number of dwelling units ;  New South Wales ;  Dwellings excluding houses ;  Private Sector ;,A421299L,Building Approvals,Number,Month
2001-01-01,1193,Total number of dwelling units ;  New South Wales ;  Dwellings excluding houses ;  Private Sector ;,A421299L,Building Approvals,Number,Month
2001-02-01,1088,Total number of dwelling units ;  New South Wales ;  Dwellings excluding houses ;  Private Sector ;,A421299L,Building Approvals,Number,Month
2001-03-01,1052,Total number of dwelling units ;  New South Wales ;  Dwellings excluding houses ;  Private Sector ;,A421299L,Building Approvals,Number,Month
2001-04-01,1101,Total number of dwelling units ;  New South Wales ;  Dwellings excluding houses ;  Private Sector ;,A421299L,Building Approvals,Number,Month
2001-05-01,1235,Total number of dwelling units ;  New South Wales ;  Dwellings excluding houses ;  Private Sector ;,A421299L,Building Approvals,Number,Month
2001-06-01,1430,Total number of dwelling units ;  New South Wales ;  Dwellings excluding houses ;  Private Sector ;,A421299L,Building Approvals,Number,Month
2001-07-01,1646,Total number of dwelling units ;  New South Wales ;  Dwellings excluding houses ;  Private Sector ;,A421299L,Building Approvals,Number,Month
2001-08-01,1843,Total number of dwelling units ;  New South Wales ;  Dwellings excluding houses ;  Private Sector ;,A421299L,Building Approvals,Number,Month
2001-09-01,1961,Total number of dwelling units ;  New South Wales ;  Dwellings excluding houses ;  Private Sector ;,A421299L,Building Approvals,Number,Month
2001-10-01,1950,Total number of dwelling units ;  New South Wales ;  Dwellings excluding houses ;  Private Sector ;,A421299L,Building Approvals,Number,Month
2001-11-01,1832,Total number of dwelling units ;  New South Wales ;  Dwellings excluding houses ;  Private Sector ;,A421299L,Building Approvals,Number,Month
2001-12-01,1700,Total number of dwelling units ;  New South Wales ;  Dwellings excluding houses ;  Private Sector ;,A421299L,Building Approvals,Number,Month
2002-01-01,1642,Total number of dwelling units ;  New South Wales ;  Dwellings excluding houses ;  Private Sector ;,A421299L,Building Approvals,Number,Month
2002-02-01,1673,Total number of dwelling units ;  New South Wales ;  Dwellings excluding houses ;  Private Sector ;,A421299L,Building Approvals,Number,Month
2002-03-01,1782,Total number of dwelling units ;  New South Wales ;  Dwellings excluding houses ;  Private Sector ;,A421299L,Building Approvals,Number,Month
2002-04-01,1893,Total number of dwelling units ;  New South Wales ;  Dwellings excluding houses ;  Private Sector ;,A421299L,Building Approvals,Number,Month
2002-05-01,1975,Total number of dwelling units ;  New South Wales ;  Dwellings excluding houses ;  Private Sector ;,A421299L,Building Approvals,Number,Month
2002-06-01,2042,Total number of dwelling units ;  New South Wales ;  Dwellings excluding houses ;  Private Sector ;,A421299L,Building Approvals,Number,Month
2002-07-01,2122,Total number of dwelling units ;  New South Wales ;  Dwellings excluding houses ;  Private Sector ;,A421299L,Building Approvals,Number,Month
2002-08-01,2231,Total number of dwelling units ;  New South Wales ;  Dwellings excluding houses ;  Private Sector ;,A421299L,Building Approvals,Number,Month
2002-09-01,2348,Total number of dwelling units ;  New South Wales ;  Dwellings excluding houses ;  Private Sector ;,A421299L,Building Approvals,Number,Month
2002-10-01,2437,Total number of dwelling units ;  New South Wales ;  Dwellings excluding houses ;  Private Sector ;,A421299L,Building Approvals,Number,Month
2002-11-01,2430,Total number of dwelling units ;  New South Wales ;  Dwellings excluding houses ;  Private Sector ;,A421299L,Building Approvals,Number,Month
2002-12-01,2305,Total number of dwelling units ;  New South Wales ;  Dwellings excluding houses ;  Private Sector ;,A421299L,Building Approvals,Number,Month
2003-01-01,2108,Total number of dwelling units ;  New South Wales ;  Dwellings excluding houses ;  Private Sector ;,A421299L,Building Approvals,Number,Month
2003-02-01,1925,Total number of dwelling units ;  New South Wales ;  Dwellings excluding houses ;  Private Sector ;,A421299L,Building Approvals,Number,Month
2003-03-01,1808,Total number of dwelling units ;  New South Wales ;  Dwellings excluding houses ;  Private Sector ;,A421299L,Building Approvals,Number,Month
2003-04-01,1774,Total number of dwelling units ;  New South Wales ;  Dwellings excluding houses ;  Private Sector ;,A421299L,Building Approvals,Number,Month
2003-05-01,1828,Total number of dwelling units ;  New South Wales ;  Dwellings excluding houses ;  Private Sector ;,A421299L,Building Approvals,Number,Month
2003-06-01,1914,Total number of dwelling units ;  New South Wales ;  Dwellings excluding houses ;  Private Sector ;,A421299L,Building Approvals,Number,Month
2003-07-01,2035,Total number of dwelling units ;  New South Wales ;  Dwellings excluding houses ;  Private Sector ;,A421299L,Building Approvals,Number,Month
2003-08-01,2133,Total number of dwelling units ;  New South Wales ;  Dwellings excluding houses ;  Private Sector ;,A421299L,Building Approvals,Number,Month
2003-09-01,2163,Total number of dwelling units ;  New South Wales ;  Dwellings excluding houses ;  Private Sector ;,A421299L,Building Approvals,Number,Month
2003-10-01,2118,Total number of dwelling units ;  New South Wales ;  Dwellings excluding houses ;  Private Sector ;,A421299L,Building Approvals,Number,Month
2003-11-01,2010,Total number of dwelling units ;  New South Wales ;  Dwellings excluding houses ;  Private Sector ;,A421299L,Building Approvals,Number,Month
2003-12-01,1917,Total number of dwelling units ;  New South Wales ;  Dwellings excluding houses ;  Private Sector ;,A421299L,Building Approvals,Number,Month
2004-01-01,1886,Total number of dwelling units ;  New South Wales ;  Dwellings excluding houses ;  Private Sector ;,A421299L,Building Approvals,Number,Month
2004-02-01,1940,Total number of dwelling units ;  New South Wales ;  Dwellings excluding houses ;  Private Sector ;,A421299L,Building Approvals,Number,Month
2004-03-01,2035,Total number of dwelling units ;  New South Wales ;  Dwellings excluding houses ;  Private Sector ;,A421299L,Building Approvals,Number,Month
2004-04-01,2124,Total number of dwelling units ;  New South Wales ;  Dwellings excluding houses ;  Private Sector ;,A421299L,Building Approvals,Number,Month
2004-05-01,2160,Total number of dwelling units ;  New South Wales ;  Dwellings excluding houses ;  Private Sector ;,A421299L,Building Approvals,Number,Month
2004-06-01,2123,Total number of dwelling units ;  New South Wales ;  Dwellings excluding houses ;  Private Sector ;,A421299L,Building Approvals,Number,Month
2004-07-01,2034,Total number of dwelling units ;  New South Wales ;  Dwellings excluding houses ;  Private Sector ;,A421299L,Building Approvals,Number,Month
2004-08-01,1908,Total number of dwelling units ;  New South Wales ;  Dwellings excluding houses ;  Private Sector ;,A421299L,Building Approvals,Number,Month
2004-09-01,1782,Total number of dwelling units ;  New South Wales ;  Dwellings excluding houses ;  Private Sector ;,A421299L,Building Approvals,Number,Month
2004-10-01,1675,Total number of dwelling units ;  New South Wales ;  Dwellings excluding houses ;  Private Sector ;,A421299L,Building Approvals,Number,Month
2004-11-01,1612,Total number of dwelling units ;  New South Wales ;  Dwellings excluding houses ;  Private Sector ;,A421299L,Building Approvals,Number,Month
2004-12-01,1598,Total number of dwelling units ;  New South Wales ;  Dwellings excluding houses ;  Private Sector ;,A421299L,Building Approvals,Number,Month
2005-01-01,1607,Total number of dwelling units ;  New South Wales ;  Dwellings excluding houses ;  Private Sector ;,A421299L,Building Approvals,Number,Month
2005-02-01,1625,Total number of dwelling units ;  New South Wales ;  Dwellings excluding houses ;  Private Sector ;,A421299L,Building Approvals,Number,Month
2005-03-01,1610,Total number of dwelling units ;  New South Wales ;  Dwellings excluding houses ;  Private Sector ;,A421299L,Building Approvals,Number,Month
2005-04-01,1564,Total number of dwelling units ;  New South Wales ;  Dwellings excluding houses ;  Private Sector ;,A421299L,Building Approvals,Number,Month
2005-05-01,1498,Total number of dwelling units ;  New South Wales ;  Dwellings excluding houses ;  Private Sector ;,A421299L,Building Approvals,Number,Month
2005-06-01,1438,Total number of dwelling units ;  New South Wales ;  Dwellings excluding houses ;  Private Sector ;,A421299L,Building Approvals,Number,Month
2005-07-01,1414,Total number of dwelling units ;  New South Wales ;  Dwellings excluding houses ;  Private Sector ;,A421299L,Building Approvals,Number,Month
2005-08-01,1434,Total number of dwelling units ;  New South Wales ;  Dwellings excluding houses ;  Private Sector ;,A421299L,Building Approvals,Number,Month
2005-09-01,1486,Total number of dwelling units ;  New South Wales ;  Dwellings excluding houses ;  Private Sector ;,A421299L,Building Approvals,Number,Month
2005-10-01,1525,Total number of dwelling units ;  New South Wales ;  Dwellings excluding houses ;  Private Sector ;,A421299L,Building Approvals,Number,Month
2005-11-01,1521,Total number of dwelling units ;  New South Wales ;  Dwellings excluding houses ;  Private Sector ;,A421299L,Building Approvals,Number,Month
2005-12-01,1462,Total number of dwelling units ;  New South Wales ;  Dwellings excluding houses ;  Private Sector ;,A421299L,Building Approvals,Number,Month
2006-01-01,1380,Total number of dwelling units ;  New South Wales ;  Dwellings excluding houses ;  Private Sector ;,A421299L,Building Approvals,Number,Month
2006-02-01,1319,Total number of dwelling units ;  New South Wales ;  Dwellings excluding houses ;  Private Sector ;,A421299L,Building Approvals,Number,Month
2006-03-01,1282,Total number of dwelling units ;  New South Wales ;  Dwellings excluding houses ;  Private Sector ;,A421299L,Building Approvals,Number,Month
2006-04-01,1280,Total number of dwelling units ;  New South Wales ;  Dwellings excluding houses ;  Private Sector ;,A421299L,Building Approvals,Number,Month
2006-05-01,1321,Total number of dwelling units ;  New South Wales ;  Dwellings excluding houses ;  Private Sector ;,A421299L,Building Approvals,Number,Month
2006-06-01,1396,Total number of dwelling units ;  New South Wales ;  Dwellings excluding houses ;  Private Sector ;,A421299L,Building Approvals,Number,Month
2006-07-01,1467,Total number of dwelling units ;  New South Wales ;  Dwellings excluding houses ;  Private Sector ;,A421299L,Building Approvals,Number,Month
2006-08-01,1491,Total number of dwelling units ;  New South Wales ;  Dwellings excluding houses ;  Private Sector ;,A421299L,Building Approvals,Number,Month
2006-09-01,1473,Total number of dwelling units ;  New South Wales ;  Dwellings excluding houses ;  Private Sector ;,A421299L,Building Approvals,Number,Month
2006-10-01,1421,Total number of dwelling units ;  New South Wales ;  Dwellings excluding houses ;  Private Sector ;,A421299L,Building Approvals,Number,Month
2006-11-01,1354,Total number of dwelling units ;  New South Wales ;  Dwellings excluding houses ;  Private Sector ;,A421299L,Building Approvals,Number,Month
2006-12-01,1295,Total number of dwelling units ;  New South Wales ;  Dwellings excluding houses ;  Private Sector ;,A421299L,Building Approvals,Number,Month
2007-01-01,1244,Total number of dwelling units ;  New South Wales ;  Dwellings excluding houses ;  Private Sector ;,A421299L,Building Approvals,Number,Month
2007-02-01,1217,Total number of dwelling units ;  New South Wales ;  Dwellings excluding houses ;  Private Sector ;,A421299L,Building Approvals,Number,Month
2007-03-01,1207,Total number of dwelling units ;  New South Wales ;  Dwellings excluding houses ;  Private Sector ;,A421299L,Building Approvals,Number,Month
2007-04-01,1206,Total number of dwelling units ;  New South Wales ;  Dwellings excluding houses ;  Private Sector ;,A421299L,Building Approvals,Number,Month
2007-05-01,1166,Total number of dwelling units ;  New South Wales ;  Dwellings excluding houses ;  Private Sector ;,A421299L,Building Approvals,Number,Month
2007-06-01,1121,Total number of dwelling units ;  New South Wales ;  Dwellings excluding houses ;  Private Sector ;,A421299L,Building Approvals,Number,Month
2007-07-01,1124,Total number of dwelling units ;  New South Wales ;  Dwellings excluding houses ;  Private Sector ;,A421299L,Building Approvals,Number,Month
2007-08-01,1189,Total number of dwelling units ;  New South Wales ;  Dwellings excluding houses ;  Private Sector ;,A421299L,Building Approvals,Number,Month
2007-09-01,1285,Total number of dwelling units ;  New South Wales ;  Dwellings excluding houses ;  Private Sector ;,A421299L,Building Approvals,Number,Month
2007-10-01,1364,Total number of dwelling units ;  New South Wales ;  Dwellings excluding houses ;  Private Sector ;,A421299L,Building Approvals,Number,Month
2007-11-01,1394,Total number of dwelling units ;  New South Wales ;  Dwellings excluding houses ;  Private Sector ;,A421299L,Building Approvals,Number,Month
2007-12-01,1362,Total number of dwelling units ;  New South Wales ;  Dwellings excluding houses ;  Private Sector ;,A421299L,Building Approvals,Number,Month
2008-01-01,1290,Total number of dwelling units ;  New South Wales ;  Dwellings excluding houses ;  Private Sector ;,A421299L,Building Approvals,Number,Month
2008-02-01,1220,Total number of dwelling units ;  New South Wales ;  Dwellings excluding houses ;  Private Sector ;,A421299L,Building Approvals,Number,Month
2008-03-01,1183,Total number of dwelling units ;  New South Wales ;  Dwellings excluding houses ;  Private Sector ;,A421299L,Building Approvals,Number,Month
2008-04-01,1183,Total number of dwelling units ;  New South Wales ;  Dwellings excluding houses ;  Private Sector ;,A421299L,Building Approvals,Number,Month
2008-05-01,1192,Total number of dwelling units ;  New South Wales ;  Dwellings excluding houses ;  Private Sector ;,A421299L,Building Approvals,Number,Month
2008-06-01,1188,Total number of dwelling units ;  New South Wales ;  Dwellings excluding houses ;  Private Sector ;,A421299L,Building Approvals,Number,Month
2008-07-01,1148,Total number of dwelling units ;  New South Wales ;  Dwellings excluding houses ;  Private Sector ;,A421299L,Building Approvals,Number,Month
2008-08-01,1092,Total number of dwelling units ;  New South Wales ;  Dwellings excluding houses ;  Private Sector ;,A421299L,Building Approvals,Number,Month
2008-09-01,1038,Total number of dwelling units ;  New South Wales ;  Dwellings excluding houses ;  Private Sector ;,A421299L,Building Approvals,Number,Month
2008-10-01,969,Total number of dwelling units ;  New South Wales ;  Dwellings excluding houses ;  Private Sector ;,A421299L,Building Approvals,Number,Month
2008-11-01,898,Total number of dwelling units ;  New South Wales ;  Dwellings excluding houses ;  Private Sector ;,A421299L,Building Approvals,Number,Month
2008-12-01,833,Total number of dwelling units ;  New South Wales ;  Dwellings excluding houses ;  Private Sector ;,A421299L,Building Approvals,Number,Month
2009-01-01,758,Total number of dwelling units ;  New South Wales ;  Dwellings excluding houses ;  Private Sector ;,A421299L,Building Approvals,Number,Month
2009-02-01,685,Total number of dwelling units ;  New South Wales ;  Dwellings excluding houses ;  Private Sector ;,A421299L,Building Approvals,Number,Month
2009-03-01,625,Total number of dwelling units ;  New South Wales ;  Dwellings excluding houses ;  Private Sector ;,A421299L,Building Approvals,Number,Month
2009-04-01,601,Total number of dwelling units ;  New South Wales ;  Dwellings excluding houses ;  Private Sector ;,A421299L,Building Approvals,Number,Month
2009-05-01,623,Total number of dwelling units ;  New South Wales ;  Dwellings excluding houses ;  Private Sector ;,A421299L,Building Approvals,Number,Month
2009-06-01,687,Total number of dwelling units ;  New South Wales ;  Dwellings excluding houses ;  Private Sector ;,A421299L,Building Approvals,Number,Month
2009-07-01,786,Total number of dwelling units ;  New South Wales ;  Dwellings excluding houses ;  Private Sector ;,A421299L,Building Approvals,Number,Month
2009-08-01,895,Total number of dwelling units ;  New South Wales ;  Dwellings excluding houses ;  Private Sector ;,A421299L,Building Approvals,Number,Month
2009-09-01,978,Total number of dwelling units ;  New South Wales ;  Dwellings excluding houses ;  Private Sector ;,A421299L,Building Approvals,Number,Month
2009-10-01,988,Total number of dwelling units ;  New South Wales ;  Dwellings excluding houses ;  Private Sector ;,A421299L,Building Approvals,Number,Month
2009-11-01,925,Total number of dwelling units ;  New South Wales ;  Dwellings excluding houses ;  Private Sector ;,A421299L,Building Approvals,Number,Month
2009-12-01,827,Total number of dwelling units ;  New South Wales ;  Dwellings excluding houses ;  Private Sector ;,A421299L,Building Approvals,Number,Month
2010-01-01,764,Total number of dwelling units ;  New South Wales ;  Dwellings excluding houses ;  Private Sector ;,A421299L,Building Approvals,Number,Month
2010-02-01,785,Total number of dwelling units ;  New South Wales ;  Dwellings excluding houses ;  Private Sector ;,A421299L,Building Approvals,Number,Month
2010-03-01,886,Total number of dwelling units ;  New South Wales ;  Dwellings excluding houses ;  Private Sector ;,A421299L,Building Approvals,Number,Month
2010-04-01,1013,Total number of dwelling units ;  New South Wales ;  Dwellings excluding houses ;  Private Sector ;,A421299L,Building Approvals,Number,Month
2010-05-01,1128,Total number of dwelling units ;  New South Wales ;  Dwellings excluding houses ;  Private Sector ;,A421299L,Building Approvals,Number,Month
2010-06-01,1213,Total number of dwelling units ;  New South Wales ;  Dwellings excluding houses ;  Private Sector ;,A421299L,Building Approvals,Number,Month
2010-07-01,1301,Total number of dwelling units ;  New South Wales ;  Dwellings excluding houses ;  Private Sector ;,A421299L,Building Approvals,Number,Month
2010-08-01,1406,Total number of dwelling units ;  New South Wales ;  Dwellings excluding houses ;  Private Sector ;,A421299L,Building Approvals,Number,Month
2010-09-01,1517,Total number of dwelling units ;  New South Wales ;  Dwellings excluding houses ;  Private Sector ;,A421299L,Building Approvals,Number,Month
2010-10-01,1602,Total number of dwelling units ;  New South Wales ;  Dwellings excluding houses ;  Private Sector ;,A421299L,Building Approvals,Number,Month
2010-11-01,1641,Total number of dwelling units ;  New South Wales ;  Dwellings excluding houses ;  Private Sector ;,A421299L,Building Approvals,Number,Month
2010-12-01,1623,Total number of dwelling units ;  New South Wales ;  Dwellings excluding houses ;  Private Sector ;,A421299L,Building Approvals,Number,Month
2011-01-01,1538,Total number of dwelling units ;  New South Wales ;  Dwellings excluding houses ;  Private Sector ;,A421299L,Building Approvals,Number,Month
2011-02-01,1391,Total number of dwelling units ;  New South Wales ;  Dwellings excluding houses ;  Private Sector ;,A421299L,Building Approvals,Number,Month
2011-03-01,1250,Total number of dwelling units ;  New South Wales ;  Dwellings excluding houses ;  Private Sector ;,A421299L,Building Approvals,Number,Month
2011-04-01,1194,Total number of dwelling units ;  New South Wales ;  Dwellings excluding houses ;  Private Sector ;,A421299L,Building Approvals,Number,Month
2011-05-01,1225,Total number of dwelling units ;  New South Wales ;  Dwellings excluding houses ;  Private Sector ;,A421299L,Building Approvals,Number,Month
2011-06-01,1317,Total number of dwelling units ;  New South Wales ;  Dwellings excluding houses ;  Private Sector ;,A421299L,Building Approvals,Number,Month
2011-07-01,1441,Total number of dwelling units ;  New South Wales ;  Dwellings excluding houses ;  Private Sector ;,A421299L,Building Approvals,Number,Month
2011-08-01,1558,Total number of dwelling units ;  New South Wales ;  Dwellings excluding houses ;  Private Sector ;,A421299L,Building Approvals,Number,Month
2011-09-01,1617,Total number of dwelling units ;  New South Wales ;  Dwellings excluding houses ;  Private Sector ;,A421299L,Building Approvals,Number,Month
2011-10-01,1582,Total number of dwelling units ;  New South Wales ;  Dwellings excluding houses ;  Private Sector ;,A421299L,Building Approvals,Number,Month
2011-11-01,1444,Total number of dwelling units ;  New South Wales ;  Dwellings excluding houses ;  Private Sector ;,A421299L,Building Approvals,Number,Month
2011-12-01,1286,Total number of dwelling units ;  New South Wales ;  Dwellings excluding houses ;  Private Sector ;,A421299L,Building Approvals,Number,Month
2012-01-01,1216,Total number of dwelling units ;  New South Wales ;  Dwellings excluding houses ;  Private Sector ;,A421299L,Building Approvals,Number,Month
2012-02-01,1268,Total number of dwelling units ;  New South Wales ;  Dwellings excluding houses ;  Private Sector ;,A421299L,Building Approvals,Number,Month
2012-03-01,1371,Total number of dwelling units ;  New South Wales ;  Dwellings excluding houses ;  Private Sector ;,A421299L,Building Approvals,Number,Month
2012-04-01,1457,Total number of dwelling units ;  New South Wales ;  Dwellings excluding houses ;  Private Sector ;,A421299L,Building Approvals,Number,Month
2012-05-01,1546,Total number of dwelling units ;  New South Wales ;  Dwellings excluding houses ;  Private Sector ;,A421299L,Building Approvals,Number,Month
2012-06-01,1640,Total number of dwelling units ;  New South Wales ;  Dwellings excluding houses ;  Private Sector ;,A421299L,Building Approvals,Number,Month
2012-07-01,1761,Total number of dwelling units ;  New South Wales ;  Dwellings excluding houses ;  Private Sector ;,A421299L,Building Approvals,Number,Month
2012-08-01,1932,Total number of dwelling units ;  New South Wales ;  Dwellings excluding houses ;  Private Sector ;,A421299L,Building Approvals,Number,Month
2012-09-01,2116,Total number of dwelling units ;  New South Wales ;  Dwellings excluding houses ;  Private Sector ;,A421299L,Building Approvals,Number,Month
2012-10-01,2233,Total number of dwelling units ;  New South Wales ;  Dwellings excluding houses ;  Private Sector ;,A421299L,Building Approvals,Number,Month
2012-11-01,2235,Total number of dwelling units ;  New South Wales ;  Dwellings excluding houses ;  Private Sector ;,A421299L,Building Approvals,Number,Month
2012-12-01,2124,Total number of dwelling units ;  New South Wales ;  Dwellings excluding houses ;  Private Sector ;,A421299L,Building Approvals,Number,Month
2013-01-01,1938,Total number of dwelling units ;  New South Wales ;  Dwellings excluding houses ;  Private Sector ;,A421299L,Building Approvals,Number,Month
2013-02-01,1764,Total number of dwelling units ;  New South Wales ;  Dwellings excluding houses ;  Private Sector ;,A421299L,Building Approvals,Number,Month
2013-03-01,1638,Total number of dwelling units ;  New South Wales ;  Dwellings excluding houses ;  Private Sector ;,A421299L,Building Approvals,Number,Month
2013-04-01,1623,Total number of dwelling units ;  New South Wales ;  Dwellings excluding houses ;  Private Sector ;,A421299L,Building Approvals,Number,Month
2013-05-01,1734,Total number of dwelling units ;  New South Wales ;  Dwellings excluding houses ;  Private Sector ;,A421299L,Building Approvals,Number,Month
2013-06-01,1954,Total number of dwelling units ;  New South Wales ;  Dwellings excluding houses ;  Private Sector ;,A421299L,Building Approvals,Number,Month
2013-07-01,2256,Total number of dwelling units ;  New South Wales ;  Dwellings excluding houses ;  Private Sector ;,A421299L,Building Approvals,Number,Month
2013-08-01,2587,Total number of dwelling units ;  New South Wales ;  Dwellings excluding houses ;  Private Sector ;,A421299L,Building Approvals,Number,Month
2013-09-01,2872,Total number of dwelling units ;  New South Wales ;  Dwellings excluding houses ;  Private Sector ;,A421299L,Building Approvals,Number,Month
2013-10-01,3055,Total number of dwelling units ;  New South Wales ;  Dwellings excluding houses ;  Private Sector ;,A421299L,Building Approvals,Number,Month
2013-11-01,3068,Total number of dwelling units ;  New South Wales ;  Dwellings excluding houses ;  Private Sector ;,A421299L,Building Approvals,Number,Month
2013-12-01,2911,Total number of dwelling units ;  New South Wales ;  Dwellings excluding houses ;  Private Sector ;,A421299L,Building Approvals,Number,Month
2014-01-01,2683,Total number of dwelling units ;  New South Wales ;  Dwellings excluding houses ;  Private Sector ;,A421299L,Building Approvals,Number,Month
2014-02-01,2455,Total number of dwelling units ;  New South Wales ;  Dwellings excluding houses ;  Private Sector ;,A421299L,Building Approvals,Number,Month
2014-03-01,2299,Total number of dwelling units ;  New South Wales ;  Dwellings excluding houses ;  Private Sector ;,A421299L,Building Approvals,Number,Month
2014-04-01,2210,Total number of dwelling units ;  New South Wales ;  Dwellings excluding houses ;  Private Sector ;,A421299L,Building Approvals,Number,Month
2014-05-01,2160,Total number of dwelling units ;  New South Wales ;  Dwellings excluding houses ;  Private Sector ;,A421299L,Building Approvals,Number,Month
2014-06-01,2152,Total number of dwelling units ;  New South Wales ;  Dwellings excluding houses ;  Private Sector ;,A421299L,Building Approvals,Number,Month
2014-07-01,2214,Total number of dwelling units ;  New South Wales ;  Dwellings excluding houses ;  Private Sector ;,A421299L,Building Approvals,Number,Month
2014-08-01,2349,Total number of dwelling units ;  New South Wales ;  Dwellings excluding houses ;  Private Sector ;,A421299L,Building Approvals,Number,Month
2014-09-01,2545,Total number of dwelling units ;  New South Wales ;  Dwellings excluding houses ;  Private Sector ;,A421299L,Building Approvals,Number,Month
2014-10-01,2796,Total number of dwelling units ;  New South Wales ;  Dwellings excluding houses ;  Private Sector ;,A421299L,Building Approvals,Number,Month
2014-11-01,3024,Total number of dwelling units ;  New South Wales ;  Dwellings excluding houses ;  Private Sector ;,A421299L,Building Approvals,Number,Month
2014-12-01,3211,Total number of dwelling units ;  New South Wales ;  Dwellings excluding houses ;  Private Sector ;,A421299L,Building Approvals,Number,Month
2015-01-01,3301,Total number of dwelling units ;  New South Wales ;  Dwellings excluding houses ;  Private Sector ;,A421299L,Building Approvals,Number,Month
2015-02-01,3342,Total number of dwelling units ;  New South Wales ;  Dwellings excluding houses ;  Private Sector ;,A421299L,Building Approvals,Number,Month
2015-03-01,3375,Total number of dwelling units ;  New South Wales ;  Dwellings excluding houses ;  Private Sector ;,A421299L,Building Approvals,Number,Month
2015-04-01,3374,Total number of dwelling units ;  New South Wales ;  Dwellings excluding houses ;  Private Sector ;,A421299L,Building Approvals,Number,Month
2015-05-01,3355,Total number of dwelling units ;  New South Wales ;  Dwellings excluding houses ;  Private Sector ;,A421299L,Building Approvals,Number,Month
2015-06-01,3338,Total number of dwelling units ;  New South Wales ;  Dwellings excluding houses ;  Private Sector ;,A421299L,Building Approvals,Number,Month
2015-07-01,3393,Total number of dwelling units ;  New South Wales ;  Dwellings excluding houses ;  Private Sector ;,A421299L,Building Approvals,Number,Month
2015-08-01,3497,Total number of dwelling units ;  New South Wales ;  Dwellings excluding houses ;  Private Sector ;,A421299L,Building Approvals,Number,Month
2015-09-01,3621,Total number of dwelling units ;  New South Wales ;  Dwellings excluding houses ;  Private Sector ;,A421299L,Building Approvals,Number,Month
2015-10-01,3691,Total number of dwelling units ;  New South Wales ;  Dwellings excluding houses ;  Private Sector ;,A421299L,Building Approvals,Number,Month
2015-11-01,3680,Total number of dwelling units ;  New South Wales ;  Dwellings excluding houses ;  Private Sector ;,A421299L,Building Approvals,Number,Month
2015-12-01,3643,Total number of dwelling units ;  New South Wales ;  Dwellings excluding houses ;  Private Sector ;,A421299L,Building Approvals,Number,Month
2016-01-01,3569,Total number of dwelling units ;  New South Wales ;  Dwellings excluding houses ;  Private Sector ;,A421299L,Building Approvals,Number,Month
2016-02-01,3486,Total number of dwelling units ;  New South Wales ;  Dwellings excluding houses ;  Private Sector ;,A421299L,Building Approvals,Number,Month
2016-03-01,3478,Total number of dwelling units ;  New South Wales ;  Dwellings excluding houses ;  Private Sector ;,A421299L,Building Approvals,Number,Month
2016-04-01,3651,Total number of dwelling units ;  New South Wales ;  Dwellings excluding houses ;  Private Sector ;,A421299L,Building Approvals,Number,Month
2016-05-01,3938,Total number of dwelling units ;  New South Wales ;  Dwellings excluding houses ;  Private Sector ;,A421299L,Building Approvals,Number,Month
2016-06-01,4196,Total number of dwelling units ;  New South Wales ;  Dwellings excluding houses ;  Private Sector ;,A421299L,Building Approvals,Number,Month
2016-07-01,4306,Total number of dwelling units ;  New South Wales ;  Dwellings excluding houses ;  Private Sector ;,A421299L,Building Approvals,Number,Month
2016-08-01,4218,Total number of dwelling units ;  New South Wales ;  Dwellings excluding houses ;  Private Sector ;,A421299L,Building Approvals,Number,Month
2016-09-01,4027,Total number of dwelling units ;  New South Wales ;  Dwellings excluding houses ;  Private Sector ;,A421299L,Building Approvals,Number,Month
2016-10-01,3752,Total number of dwelling units ;  New South Wales ;  Dwellings excluding houses ;  Private Sector ;,A421299L,Building Approvals,Number,Month
2016-11-01,3471,Total number of dwelling units ;  New South Wales ;  Dwellings excluding houses ;  Private Sector ;,A421299L,Building Approvals,Number,Month
2016-12-01,3243,Total number of dwelling units ;  New South Wales ;  Dwellings excluding houses ;  Private Sector ;,A421299L,Building Approvals,Number,Month
2017-01-01,3095,Total number of dwelling units ;  New South Wales ;  Dwellings excluding houses ;  Private Sector ;,A421299L,Building Approvals,Number,Month
2017-02-01,3059,Total number of dwelling units ;  New South Wales ;  Dwellings excluding houses ;  Private Sector ;,A421299L,Building Approvals,Number,Month
2017-03-01,3069,Total number of dwelling units ;  New South Wales ;  Dwellings excluding houses ;  Private Sector ;,A421299L,Building Approvals,Number,Month
2017-04-01,3119,Total number of dwelling units ;  New South Wales ;  Dwellings excluding houses ;  Private Sector ;,A421299L,Building Approvals,Number,Month
2017-05-01,3252,Total number of dwelling units ;  New South Wales ;  Dwellings excluding houses ;  Private Sector ;,A421299L,Building Approvals,Number,Month
2017-06-01,3493,Total number of dwelling units ;  New South Wales ;  Dwellings excluding houses ;  Private Sector ;,A421299L,Building Approvals,Number,Month
2017-07-01,3770,Total number of dwelling units ;  New South Wales ;  Dwellings excluding houses ;  Private Sector ;,A421299L,Building Approvals,Number,Month
2017-08-01,3977,Total number of dwelling units ;  New South Wales ;  Dwellings excluding houses ;  Private Sector ;,A421299L,Building Approvals,Number,Month
2017-09-01,4031,Total number of dwelling units ;  New South Wales ;  Dwellings excluding houses ;  Private Sector ;,A421299L,Building Approvals,Number,Month
2017-10-01,3911,Total number of dwelling units ;  New South Wales ;  Dwellings excluding houses ;  Private Sector ;,A421299L,Building Approvals,Number,Month
2017-11-01,3687,Total number of dwelling units ;  New South Wales ;  Dwellings excluding houses ;  Private Sector ;,A421299L,Building Approvals,Number,Month
2017-12-01,3427,Total number of dwelling units ;  New South Wales ;  Dwellings excluding houses ;  Private Sector ;,A421299L,Building Approvals,Number,Month
2018-01-01,3221,Total number of dwelling units ;  New South Wales ;  Dwellings excluding houses ;  Private Sector ;,A421299L,Building Approvals,Number,Month
2018-02-01,3115,Total number of dwelling units ;  New South Wales ;  Dwellings excluding houses ;  Private Sector ;,A421299L,Building Approvals,Number,Month
2018-03-01,3095,Total number of dwelling units ;  New South Wales ;  Dwellings excluding houses ;  Private Sector ;,A421299L,Building Approvals,Number,Month
2018-04-01,3122,Total number of dwelling units ;  New South Wales ;  Dwellings excluding houses ;  Private Sector ;,A421299L,Building Approvals,Number,Month
2018-05-01,3132,Total number of dwelling units ;  New South Wales ;  Dwellings excluding houses ;  Private Sector ;,A421299L,Building Approvals,Number,Month
2018-06-01,3095,Total number of dwelling units ;  New South Wales ;  Dwellings excluding houses ;  Private Sector ;,A421299L,Building Approvals,Number,Month
2018-07-01,2998,Total number of dwelling units ;  New South Wales ;  Dwellings excluding houses ;  Private Sector ;,A421299L,Building Approvals,Number,Month
2018-08-01,2830,Total number of dwelling units ;  New South Wales ;  Dwellings excluding houses ;  Private Sector ;,A421299L,Building Approvals,Number,Month
2018-09-01,2619,Total number of dwelling units ;  New South Wales ;  Dwellings excluding houses ;  Private Sector ;,A421299L,Building Approvals,Number,Month
2018-10-01,2419,Total number of dwelling units ;  New South Wales ;  Dwellings excluding houses ;  Private Sector ;,A421299L,Building Approvals,Number,Month
2018-11-01,2297,Total number of dwelling units ;  New South Wales ;  Dwellings excluding houses ;  Private Sector ;,A421299L,Building Approvals,Number,Month
2018-12-01,2267,Total number of dwelling units ;  New South Wales ;  Dwellings excluding houses ;  Private Sector ;,A421299L,Building Approvals,Number,Month
2019-01-01,2322,Total number of dwelling units ;  New South Wales ;  Dwellings excluding houses ;  Private Sector ;,A421299L,Building Approvals,Number,Month
2019-02-01,2398,Total number of dwelling units ;  New South Wales ;  Dwellings excluding houses ;  Private Sector ;,A421299L,Building Approvals,Number,Month
2019-03-01,2421,Total number of dwelling units ;  New South Wales ;  Dwellings excluding houses ;  Private Sector ;,A421299L,Building Approvals,Number,Month
2019-04-01,2387,Total number of dwelling units ;  New South Wales ;  Dwellings excluding houses ;  Private Sector ;,A421299L,Building Approvals,Number,Month
2019-05-01,2252,Total number of dwelling units ;  New South Wales ;  Dwellings excluding houses ;  Private Sector ;,A421299L,Building Approvals,Number,Month
2019-06-01,2077,Total number of dwelling units ;  New South Wales ;  Dwellings excluding houses ;  Private Sector ;,A421299L,Building Approvals,Number,Month
2019-07-01,1966,Total number of dwelling units ;  New South Wales ;  Dwellings excluding houses ;  Private Sector ;,A421299L,Building Approvals,Number,Month
2019-08-01,1941,Total number of dwelling units ;  New South Wales ;  Dwellings excluding houses ;  Private Sector ;,A421299L,Building Approvals,Number,Month
2019-09-01,1964,Total number of dwelling units ;  New South Wales ;  Dwellings excluding houses ;  Private Sector ;,A421299L,Building Approvals,Number,Month
2019-10-01,2026,Total number of dwelling units ;  New South Wales ;  Dwellings excluding houses ;  Private Sector ;,A421299L,Building Approvals,Number,Month
2019-11-01,2145,Total number of dwelling units ;  New South Wales ;  Dwellings excluding houses ;  Private Sector ;,A421299L,Building Approvals,Number,Month
2019-12-01,2268,Total number of dwelling units ;  New South Wales ;  Dwellings excluding houses ;  Private Sector ;,A421299L,Building Approvals,Number,Month
2020-01-01,2316,Total number of dwelling units ;  New South Wales ;  Dwellings excluding houses ;  Private Sector ;,A421299L,Building Approvals,Number,Month
2020-02-01,2269,Total number of dwelling units ;  New South Wales ;  Dwellings excluding houses ;  Private Sector ;,A421299L,Building Approvals,Number,Month
2020-03-01,2140,Total number of dwelling units ;  New South Wales ;  Dwellings excluding houses ;  Private Sector ;,A421299L,Building Approvals,Number,Month
2020-04-01,1933,Total number of dwelling units ;  New South Wales ;  Dwellings excluding houses ;  Private Sector ;,A421299L,Building Approvals,Number,Month
2020-05-01,1693,Total number of dwelling units ;  New South Wales ;  Dwellings excluding houses ;  Private Sector ;,A421299L,Building Approvals,Number,Month
2020-06-01,1530,Total number of dwelling units ;  New South Wales ;  Dwellings excluding houses ;  Private Sector ;,A421299L,Building Approvals,Number,Month
2020-07-01,1501,Total number of dwelling units ;  New South Wales ;  Dwellings excluding houses ;  Private Sector ;,A421299L,Building Approvals,Number,Month
2020-08-01,1644,Total number of dwelling units ;  New South Wales ;  Dwellings excluding houses ;  Private Sector ;,A421299L,Building Approvals,Number,Month
2020-09-01,1865,Total number of dwelling units ;  New South Wales ;  Dwellings excluding houses ;  Private Sector ;,A421299L,Building Approvals,Number,Month
2020-10-01,2058,Total number of dwelling units ;  New South Wales ;  Dwellings excluding houses ;  Private Sector ;,A421299L,Building Approvals,Number,Month
2020-11-01,2185,Total number of dwelling units ;  New South Wales ;  Dwellings excluding houses ;  Private Sector ;,A421299L,Building Approvals,Number,Month
2020-12-01,2316,Total number of dwelling units ;  New South Wales ;  Dwellings excluding houses ;  Private Sector ;,A421299L,Building Approvals,Number,Month
2021-01-01,2494,Total number of dwelling units ;  New South Wales ;  Dwellings excluding houses ;  Private Sector ;,A421299L,Building Approvals,Number,Month
2021-02-01,2716,Total number of dwelling units ;  New South Wales ;  Dwellings excluding houses ;  Private Sector ;,A421299L,Building Approvals,Number,Month
2021-03-01,2890,Total number of dwelling units ;  New South Wales ;  Dwellings excluding houses ;  Private Sector ;,A421299L,Building Approvals,Number,Month
2021-04-01,3012,Total number of dwelling units ;  New South Wales ;  Dwellings excluding houses ;  Private Sector ;,A421299L,Building Approvals,Number,Month
2021-05-01,3040,Total number of dwelling units ;  New South Wales ;  Dwellings excluding houses ;  Private Sector ;,A421299L,Building Approvals,Number,Month
2021-06-01,2962,Total number of dwelling units ;  New South Wales ;  Dwellings excluding houses ;  Private Sector ;,A421299L,Building Approvals,Number,Month
2021-07-01,2834,Total number of dwelling units ;  New South Wales ;  Dwellings excluding houses ;  Private Sector ;,A421299L,Building Approvals,Number,Month
2021-08-01,2699,Total number of dwelling units ;  New South Wales ;  Dwellings excluding houses ;  Private Sector ;,A421299L,Building Approvals,Number,Month
2021-09-01,2604,Total number of dwelling units ;  New South Wales ;  Dwellings excluding houses ;  Private Sector ;,A421299L,Building Approvals,Number,Month
2021-10-01,2526,Total number of dwelling units ;  New South Wales ;  Dwellings excluding houses ;  Private Sector ;,A421299L,Building Approvals,Number,Month
2021-11-01,2413,Total number of dwelling units ;  New South Wales ;  Dwellings excluding houses ;  Private Sector ;,A421299L,Building Approvals,Number,Month
2021-12-01,2278,Total number of dwelling units ;  New South Wales ;  Dwellings excluding houses ;  Private Sector ;,A421299L,Building Approvals,Number,Month
2022-01-01,2140,Total number of dwelling units ;  New South Wales ;  Dwellings excluding houses ;  Private Sector ;,A421299L,Building Approvals,Number,Month
2022-02-01,2016,Total number of dwelling units ;  New South Wales ;  Dwellings excluding houses ;  Private Sector ;,A421299L,Building Approvals,Number,Month
2022-03-01,1921,Total number of dwelling units ;  New South Wales ;  Dwellings excluding houses ;  Private Sector ;,A421299L,Building Approvals,Number,Month
2022-04-01,1905,Total number of dwelling units ;  New South Wales ;  Dwellings excluding houses ;  Private Sector ;,A421299L,Building Approvals,Number,Month
2022-05-01,1969,Total number of dwelling units ;  New South Wales ;  Dwellings excluding houses ;  Private Sector ;,A421299L,Building Approvals,Number,Month
2022-06-01,2085,Total number of dwelling units ;  New South Wales ;  Dwellings excluding houses ;  Private Sector ;,A421299L,Building Approvals,Number,Month
2022-07-01,2239,Total number of dwelling units ;  New South Wales ;  Dwellings excluding houses ;  Private Sector ;,A421299L,Building Approvals,Number,Month
2022-08-01,2382,Total number of dwelling units ;  New South Wales ;  Dwellings excluding houses ;  Private Sector ;,A421299L,Building Approvals,Number,Month
2022-09-01,2435,Total number of dwelling units ;  New South Wales ;  Dwellings excluding houses ;  Private Sector ;,A421299L,Building Approvals,Number,Month
2022-10-01,2307,Total number of dwelling units ;  New South Wales ;  Dwellings excluding houses ;  Private Sector ;,A421299L,Building Approvals,Number,Month
2022-11-01,2004,Total number of dwelling units ;  New South Wales ;  Dwellings excluding houses ;  Private Sector ;,A421299L,Building Approvals,Number,Month
2022-12-01,1720,Total number of dwelling units ;  New South Wales ;  Dwellings excluding houses ;  Private Sector ;,A421299L,Building Approvals,Number,Month
2023-01-01,1636,Total number of dwelling units ;  New South Wales ;  Dwellings excluding houses ;  Private Sector ;,A421299L,Building Approvals,Number,Month
2023-02-01,1811,Total number of dwelling units ;  New South Wales ;  Dwellings excluding houses ;  Private Sector ;,A421299L,Building Approvals,Number,Month
2023-03-01,2126,Total number of dwelling units ;  New South Wales ;  Dwellings excluding houses ;  Private Sector ;,A421299L,Building Approvals,Number,Month
2023-04-01,2384,Total number of dwelling units ;  New South Wales ;  Dwellings excluding houses ;  Private Sector ;,A421299L,Building Approvals,Number,Month
2023-05-01,2471,Total number of dwelling units ;  New South Wales ;  Dwellings excluding houses ;  Private Sector ;,A421299L,Building Approvals,Number,Month
2023-06-01,2380,Total number of dwelling units ;  New South Wales ;  Dwellings excluding houses ;  Private Sector ;,A421299L,Building Approvals,Number,Month
2023-07-01,2155,Total number of dwelling units ;  New South Wales ;  Dwellings excluding houses ;  Private Sector ;,A421299L,Building Approvals,Number,Month
2023-08-01,1858,Total number of dwelling units ;  New South Wales ;  Dwellings excluding houses ;  Private Sector ;,A421299L,Building Approvals,Number,Month
2023-09-01,1641,Total number of dwelling units ;  New South Wales ;  Dwellings excluding houses ;  Private Sector ;,A421299L,Building Approvals,Number,Month
2023-10-01,1544,Total number of dwelling units ;  New South Wales ;  Dwellings excluding houses ;  Private Sector ;,A421299L,Building Approvals,Number,Month
2023-11-01,1545,Total number of dwelling units ;  New South Wales ;  Dwellings excluding houses ;  Private Sector ;,A421299L,Building Approvals,Number,Month
2023-12-01,1582,Total number of dwelling units ;  New South Wales ;  Dwellings excluding houses ;  Private Sector ;,A421299L,Building Approvals,Number,Month
2024-01-01,1580,Total number of dwelling units ;  New South Wales ;  Dwellings excluding houses ;  Private Sector ;,A421299L,Building Approvals,Number,Month
2024-02-01,1625,Total number of dwelling units ;  New South Wales ;  Dwellings excluding houses ;  Private Sector ;,A421299L,Building Approvals,Number,Month
2024-03-01,1709,Total number of dwelling units ;  New South Wales ;  Dwellings excluding houses ;  Private Sector ;,A421299L,Building Approvals,Number,Month
2024-04-01,1758,Total number of dwelling units ;  New South Wales ;  Dwellings excluding houses ;  Private Sector ;,A421299L,Building Approvals,Number,Month
2024-05-01,1735,Total number of dwelling units ;  New South Wales ;  Dwellings excluding houses ;  Private Sector ;,A421299L,Building Approvals,Number,Month
2024-06-01,1646,Total number of dwelling units ;  New South Wales ;  Dwellings excluding houses ;  Private Sector ;,A421299L,Building Approvals,Number,Month
2024-07-01,1587,Total number of dwelling units ;  New South Wales ;  Dwellings excluding houses ;  Private Sector ;,A421299L,Building Approvals,Number,Month
2024-08-01,1622,Total number of dwelling units ;  New South Wales ;  Dwellings excluding houses ;  Private Sector ;,A421299L,Building Approvals,Number,Month
2024-09-01,1742,Total number of dwelling units ;  New South Wales ;  Dwellings excluding houses ;  Private Sector ;,A421299L,Building Approvals,Number,Month
2024-10-01,1872,Total number of dwelling units ;  New South Wales ;  Dwellings excluding houses ;  Private Sector ;,A421299L,Building Approvals,Number,Month
2024-11-01,1939,Total number of dwelling units ;  New South Wales ;  Dwellings excluding houses ;  Private Sector ;,A421299L,Building Approvals,Number,Month
2024-12-01,1927,Total number of dwelling units ;  New South Wales ;  Dwellings excluding houses ;  Private Sector ;,A421299L,Building Approvals,Number,Month
2025-01-01,1911,Total number of dwelling units ;  New South Wales ;  Dwellings excluding houses ;  Private Sector ;,A421299L,Building Approvals,Number,Month
2025-02-01,1980,Total number of dwelling units ;  New South Wales ;  Dwellings excluding houses ;  Private Sector ;,A421299L,Building Approvals,Number,Month
2025-03-01,2090,Total number of dwelling units ;  New South Wales ;  Dwellings excluding houses ;  Private Sector ;,A421299L,Building Approvals,Number,Month
2025-04-01,2258,Total number of dwelling units ;  New South Wales ;  Dwellings excluding houses ;  Private Sector ;,A421299L,Building Approvals,Number,Month
2025-05-01,2421,Total number of dwelling units ;  New South Wales ;  Dwellings excluding houses ;  Private Sector ;,A421299L,Building Approvals,Number,Month
2025-06-01,2507,Total number of dwelling units ;  New South Wales ;  Dwellings excluding houses ;  Private Sector ;,A421299L,Building Approvals,Number,Month
2025-07-01,2536,Total number of dwelling units ;  New South Wales ;  Dwellings excluding houses ;  Private Sector ;,A421299L,Building Approvals,Number,Month
2025-08-01,2504,Total number of dwelling units ;  New South Wales ;  Dwellings excluding houses ;  Private Sector ;,A421299L,Building Approvals,Number,Month
2025-09-01,2462,Total number of dwelling units ;  New South Wales ;  Dwellings excluding houses ;  Private Sector ;,A421299L,Building Approvals,Number,Month
2025-10-01,2412,Total number of dwelling units ;  New South Wales ;  Dwellings excluding houses ;  Private Sector ;,A421299L,Building Approvals,Number,Month
2025-11-01,2340,Total number of dwelling units ;  New South Wales ;  Dwellings excluding houses ;  Private Sector ;,A421299L,Building Approvals,Number,Month
2025-12-01,2232,Total number of dwelling units ;  New South Wales ;  Dwellings excluding houses ;  Private Sector ;,A421299L,Building Approvals,Number,Month
2026-01-01,2106,Total number of dwelling units ;  New South Wales ;  Dwellings excluding houses ;  Private Sector ;,A421299L,Building Approvals,Number,Month
2026-02-01,2024,Total number of dwelling units ;  New South Wales ;  Dwellings excluding houses ;  Private Sector ;,A421299L,Building Approvals,Number,Month
2026-03-01,2057,Total number of dwelling units ;  New South Wales ;  Dwellings excluding houses ;  Private Sector ;,A421299L,Building Approvals,Number,Month
2026-04-01,2149,Total number of dwelling units ;  New South Wales ;  Dwellings excluding houses ;  Private Sector ;,A421299L,Building Approvals,Number,Month
2026-05-01,2249,Total number of dwelling units ;  New South Wales ;  Dwellings excluding houses ;  Private Sector ;,A421299L,Building Approvals,Number,Month
2026-06-01,2395,Total number of dwelling units ;  New South Wales ;  Dwellings excluding houses ;  Private Sector ;,A421299L,Building Approvals,Number,Month
1984-07-01,915,Total number of dwelling units ;  New South Wales ;  Dwellings excluding houses ;  Total Sectors ;,A421359C,Building Approvals,Number,Month
1984-08-01,919,Total number of dwelling units ;  New South Wales ;  Dwellings excluding houses ;  Total Sectors ;,A421359C,Building Approvals,Number,Month
1984-09-01,935,Total number of dwelling units ;  New South Wales ;  Dwellings excluding houses ;  Total Sectors ;,A421359C,Building Approvals,Number,Month
1984-10-01,956,Total number of dwelling units ;  New South Wales ;  Dwellings excluding houses ;  Total Sectors ;,A421359C,Building Approvals,Number,Month
1984-11-01,982,Total number of dwelling units ;  New South Wales ;  Dwellings excluding houses ;  Total Sectors ;,A421359C,Building Approvals,Number,Month
1984-12-01,999,Total number of dwelling units ;  New South Wales ;  Dwellings excluding houses ;  Total Sectors ;,A421359C,Building Approvals,Number,Month
1985-01-01,1006,Total number of dwelling units ;  New South Wales ;  Dwellings excluding houses ;  Total Sectors ;,A421359C,Building Approvals,Number,Month
1985-02-01,1011,Total number of dwelling units ;  New South Wales ;  Dwellings excluding houses ;  Total Sectors ;,A421359C,Building Approvals,Number,Month
1985-03-01,1010,Total number of dwelling units ;  New South Wales ;  Dwellings excluding houses ;  Total Sectors ;,A421359C,Building Approvals,Number,Month
1985-04-01,1009,Total number of dwelling units ;  New South Wales ;  Dwellings excluding houses ;  Total Sectors ;,A421359C,Building Approvals,Number,Month
1985-05-01,1010,Total number of dwelling units ;  New South Wales ;  Dwellings excluding houses ;  Total Sectors ;,A421359C,Building Approvals,Number,Month
1985-06-01,1019,Total number of dwelling units ;  New South Wales ;  Dwellings excluding houses ;  Total Sectors ;,A421359C,Building Approvals,Number,Month
1985-07-01,1030,Total number of dwelling units ;  New South Wales ;  Dwellings excluding houses ;  Total Sectors ;,A421359C,Building Approvals,Number,Month
1985-08-01,1048,Total number of dwelling units ;  New South Wales ;  Dwellings excluding houses ;  Total Sectors ;,A421359C,Building Approvals,Number,Month
1985-09-01,1057,Total number of dwelling units ;  New South Wales ;  Dwellings excluding houses ;  Total Sectors ;,A421359C,Building Approvals,Number,Month
1985-10-01,1025,Total number of dwelling units ;  New South Wales ;  Dwellings excluding houses ;  Total Sectors ;,A421359C,Building Approvals,Number,Month
1985-11-01,950,Total number of dwelling units ;  New South Wales ;  Dwellings excluding houses ;  Total Sectors ;,A421359C,Building Approvals,Number,Month
1985-12-01,838,Total number of dwelling units ;  New South Wales ;  Dwellings excluding houses ;  Total Sectors ;,A421359C,Building Approvals,Number,Month
1986-01-01,716,Total number of dwelling units ;  New South Wales ;  Dwellings excluding houses ;  Total Sectors ;,A421359C,Building Approvals,Number,Month
1986-02-01,642,Total number of dwelling units ;  New South Wales ;  Dwellings excluding houses ;  Total Sectors ;,A421359C,Building Approvals,Number,Month
1986-03-01,660,Total number of dwelling units ;  New South Wales ;  Dwellings excluding houses ;  Total Sectors ;,A421359C,Building Approvals,Number,Month
1986-04-01,745,Total number of dwelling units ;  New South Wales ;  Dwellings excluding houses ;  Total Sectors ;,A421359C,Building Approvals,Number,Month
1986-05-01,861,Total number of dwelling units ;  New South Wales ;  Dwellings excluding houses ;  Total Sectors ;,A421359C,Building Approvals,Number,Month
1986-06-01,952,Total number of dwelling units ;  New South Wales ;  Dwellings excluding houses ;  Total Sectors ;,A421359C,Building Approvals,Number,Month
1986-07-01,978,Total number of dwelling units ;  New South Wales ;  Dwellings excluding houses ;  Total Sectors ;,A421359C,Building Approvals,Number,Month
1986-08-01,929,Total number of dwelling units ;  New South Wales ;  Dwellings excluding houses ;  Total Sectors ;,A421359C,Building Approvals,Number,Month
1986-09-01,836,Total number of dwelling units ;  New South Wales ;  Dwellings excluding houses ;  Total Sectors ;,A421359C,Building Approvals,Number,Month
1986-10-01,748,Total number of dwelling units ;  New South Wales ;  Dwellings excluding houses ;  Total Sectors ;,A421359C,Building Approvals,Number,Month
1986-11-01,690,Total number of dwelling units ;  New South Wales ;  Dwellings excluding houses ;  Total Sectors ;,A421359C,Building Approvals,Number,Month
1986-12-01,681,Total number of dwelling units ;  New South Wales ;  Dwellings excluding houses ;  Total Sectors ;,A421359C,Building Approvals,Number,Month
1987-01-01,718,Total number of dwelling units ;  New South Wales ;  Dwellings excluding houses ;  Total Sectors ;,A421359C,Building Approvals,Number,Month
1987-02-01,753,Total number of dwelling units ;  New South Wales ;  Dwellings excluding houses ;  Total Sectors ;,A421359C,Building Approvals,Number,Month
1987-03-01,772,Total number of dwelling units ;  New South Wales ;  Dwellings excluding houses ;  Total Sectors ;,A421359C,Building Approvals,Number,Month
1987-04-01,788,Total number of dwelling units ;  New South Wales ;  Dwellings excluding houses ;  Total Sectors ;,A421359C,Building Approvals,Number,Month
1987-05-01,791,Total number of dwelling units ;  New South Wales ;  Dwellings excluding houses ;  Total Sectors ;,A421359C,Building Approvals,Number,Month
1987-06-01,782,Total number of dwelling units ;  New South Wales ;  Dwellings excluding houses ;  Total Sectors ;,A421359C,Building Approvals,Number,Month
1987-07-01,769,Total number of dwelling units ;  New South Wales ;  Dwellings excluding houses ;  Total Sectors ;,A421359C,Building Approvals,Number,Month
1987-08-01,746,Total number of dwelling units ;  New South Wales ;  Dwellings excluding houses ;  Total Sectors ;,A421359C,Building Approvals,Number,Month
1987-09-01,729,Total number of dwelling units ;  New South Wales ;  Dwellings excluding houses ;  Total Sectors ;,A421359C,Building Approvals,Number,Month
1987-10-01,731,Total number of dwelling units ;  New South Wales ;  Dwellings excluding houses ;  Total Sectors ;,A421359C,Building Approvals,Number,Month
1987-11-01,763,Total number of dwelling units ;  New South Wales ;  Dwellings excluding houses ;  Total Sectors ;,A421359C,Building Approvals,Number,Month
1987-12-01,828,Total number of dwelling units ;  New South Wales ;  Dwellings excluding houses ;  Total Sectors ;,A421359C,Building Approvals,Number,Month
1988-01-01,906,Total number of dwelling units ;  New South Wales ;  Dwellings excluding houses ;  Total Sectors ;,A421359C,Building Approvals,Number,Month
1988-02-01,987,Total number of dwelling units ;  New South Wales ;  Dwellings excluding houses ;  Total Sectors ;,A421359C,Building Approvals,Number,Month
1988-03-01,1059,Total number of dwelling units ;  New South Wales ;  Dwellings excluding houses ;  Total Sectors ;,A421359C,Building Approvals,Number,Month
1988-04-01,1127,Total number of dwelling units ;  New South Wales ;  Dwellings excluding houses ;  Total Sectors ;,A421359C,Building Approvals,Number,Month
1988-05-01,1193,Total number of dwelling units ;  New South Wales ;  Dwellings excluding houses ;  Total Sectors ;,A421359C,Building Approvals,Number,Month
1988-06-01,1259,Total number of dwelling units ;  New South Wales ;  Dwellings excluding houses ;  Total Sectors ;,A421359C,Building Approvals,Number,Month
1988-07-01,1313,Total number of dwelling units ;  New South Wales ;  Dwellings excluding houses ;  Total Sectors ;,A421359C,Building Approvals,Number,Month
1988-08-01,1346,Total number of dwelling units ;  New South Wales ;  Dwellings excluding houses ;  Total Sectors ;,A421359C,Building Approvals,Number,Month
1988-09-01,1350,Total number of dwelling units ;  New South Wales ;  Dwellings excluding houses ;  Total Sectors ;,A421359C,Building Approvals,Number,Month
1988-10-01,1329,Total number of dwelling units ;  New South Wales ;  Dwellings excluding houses ;  Total Sectors ;,A421359C,Building Approvals,Number,Month
1988-11-01,1316,Total number of dwelling units ;  New South Wales ;  Dwellings excluding houses ;  Total Sectors ;,A421359C,Building Approvals,Number,Month
1988-12-01,1320,Total number of dwelling units ;  New South Wales ;  Dwellings excluding houses ;  Total Sectors ;,A421359C,Building Approvals,Number,Month
1989-01-01,1359,Total number of dwelling units ;  New South Wales ;  Dwellings excluding houses ;  Total Sectors ;,A421359C,Building Approvals,Number,Month
1989-02-01,1423,Total number of dwelling units ;  New South Wales ;  Dwellings excluding houses ;  Total Sectors ;,A421359C,Building Approvals,Number,Month
1989-03-01,1474,Total number of dwelling units ;  New South Wales ;  Dwellings excluding houses ;  Total Sectors ;,A421359C,Building Approvals,Number,Month
1989-04-01,1505,Total number of dwelling units ;  New South Wales ;  Dwellings excluding houses ;  Total Sectors ;,A421359C,Building Approvals,Number,Month
1989-05-01,1526,Total number of dwelling units ;  New South Wales ;  Dwellings excluding houses ;  Total Sectors ;,A421359C,Building Approvals,Number,Month
1989-06-01,1563,Total number of dwelling units ;  New South Wales ;  Dwellings excluding houses ;  Total Sectors ;,A421359C,Building Approvals,Number,Month
1989-07-01,1599,Total number of dwelling units ;  New South Wales ;  Dwellings excluding houses ;  Total Sectors ;,A421359C,Building Approvals,Number,Month
1989-08-01,1609,Total number of dwelling units ;  New South Wales ;  Dwellings excluding houses ;  Total Sectors ;,A421359C,Building Approvals,Number,Month
1989-09-01,1564,Total number of dwelling units ;  New South Wales ;  Dwellings excluding houses ;  Total Sectors ;,A421359C,Building Approvals,Number,Month
1989-10-01,1464,Total number of dwelling units ;  New South Wales ;  Dwellings excluding houses ;  Total Sectors ;,A421359C,Building Approvals,Number,Month
1989-11-01,1333,Total number of dwelling units ;  New South Wales ;  Dwellings excluding houses ;  Total Sectors ;,A421359C,Building Approvals,Number,Month
1989-12-01,1215,Total number of dwelling units ;  New South Wales ;  Dwellings excluding houses ;  Total Sectors ;,A421359C,Building Approvals,Number,Month
1990-01-01,1140,Total number of dwelling units ;  New South Wales ;  Dwellings excluding houses ;  Total Sectors ;,A421359C,Building Approvals,Number,Month
1990-02-01,1115,Total number of dwelling units ;  New South Wales ;  Dwellings excluding houses ;  Total Sectors ;,A421359C,Building Approvals,Number,Month
1990-03-01,1134,Total number of dwelling units ;  New South Wales ;  Dwellings excluding houses ;  Total Sectors ;,A421359C,Building Approvals,Number,Month
1990-04-01,1161,Total number of dwelling units ;  New South Wales ;  Dwellings excluding houses ;  Total Sectors ;,A421359C,Building Approvals,Number,Month
1990-05-01,1179,Total number of dwelling units ;  New South Wales ;  Dwellings excluding houses ;  Total Sectors ;,A421359C,Building Approvals,Number,Month
1990-06-01,1206,Total number of dwelling units ;  New South Wales ;  Dwellings excluding houses ;  Total Sectors ;,A421359C,Building Approvals,Number,Month
1990-07-01,1250,Total number of dwelling units ;  New South Wales ;  Dwellings excluding houses ;  Total Sectors ;,A421359C,Building Approvals,Number,Month
1990-08-01,1304,Total number of dwelling units ;  New South Wales ;  Dwellings excluding houses ;  Total Sectors ;,A421359C,Building Approvals,Number,Month
1990-09-01,1334,Total number of dwelling units ;  New South Wales ;  Dwellings excluding houses ;  Total Sectors ;,A421359C,Building Approvals,Number,Month
1990-10-01,1318,Total number of dwelling units ;  New South Wales ;  Dwellings excluding houses ;  Total Sectors ;,A421359C,Building Approvals,Number,Month
1990-11-01,1249,Total number of dwelling units ;  New South Wales ;  Dwellings excluding houses ;  Total Sectors ;,A421359C,Building Approvals,Number,Month
1990-12-01,1153,Total number of dwelling units ;  New South Wales ;  Dwellings excluding houses ;  Total Sectors ;,A421359C,Building Approvals,Number,Month
1991-01-01,1056,Total number of dwelling units ;  New South Wales ;  Dwellings excluding houses ;  Total Sectors ;,A421359C,Building Approvals,Number,Month
1991-02-01,1002,Total number of dwelling units ;  New South Wales ;  Dwellings excluding houses ;  Total Sectors ;,A421359C,Building Approvals,Number,Month
1991-03-01,1003,Total number of dwelling units ;  New South Wales ;  Dwellings excluding houses ;  Total Sectors ;,A421359C,Building Approvals,Number,Month
1991-04-01,1054,Total number of dwelling units ;  New South Wales ;  Dwellings excluding houses ;  Total Sectors ;,A421359C,Building Approvals,Number,Month
1991-05-01,1127,Total number of dwelling units ;  New South Wales ;  Dwellings excluding houses ;  Total Sectors ;,A421359C,Building Approvals,Number,Month
1991-06-01,1188,Total number of dwelling units ;  New South Wales ;  Dwellings excluding houses ;  Total Sectors ;,A421359C,Building Approvals,Number,Month
1991-07-01,1227,Total number of dwelling units ;  New South Wales ;  Dwellings excluding houses ;  Total Sectors ;,A421359C,Building Approvals,Number,Month
1991-08-01,1247,Total number of dwelling units ;  New South Wales ;  Dwellings excluding houses ;  Total Sectors ;,A421359C,Building Approvals,Number,Month
1991-09-01,1250,Total number of dwelling units ;  New South Wales ;  Dwellings excluding houses ;  Total Sectors ;,A421359C,Building Approvals,Number,Month
1991-10-01,1247,Total number of dwelling units ;  New South Wales ;  Dwellings excluding houses ;  Total Sectors ;,A421359C,Building Approvals,Number,Month
1991-11-01,1255,Total number of dwelling units ;  New South Wales ;  Dwellings excluding houses ;  Total Sectors ;,A421359C,Building Approvals,Number,Month
1991-12-01,1289,Total number of dwelling units ;  New South Wales ;  Dwellings excluding houses ;  Total Sectors ;,A421359C,Building Approvals,Number,Month
1992-01-01,1345,Total number of dwelling units ;  New South Wales ;  Dwellings excluding houses ;  Total Sectors ;,A421359C,Building Approvals,Number,Month
1992-02-01,1411,Total number of dwelling units ;  New South Wales ;  Dwellings excluding houses ;  Total Sectors ;,A421359C,Building Approvals,Number,Month
1992-03-01,1450,Total number of dwelling units ;  New South Wales ;  Dwellings excluding houses ;  Total Sectors ;,A421359C,Building Approvals,Number,Month
1992-04-01,1458,Total number of dwelling units ;  New South Wales ;  Dwellings excluding houses ;  Total Sectors ;,A421359C,Building Approvals,Number,Month
1992-05-01,1440,Total number of dwelling units ;  New South Wales ;  Dwellings excluding houses ;  Total Sectors ;,A421359C,Building Approvals,Number,Month
1992-06-01,1440,Total number of dwelling units ;  New South Wales ;  Dwellings excluding houses ;  Total Sectors ;,A421359C,Building Approvals,Number,Month
1992-07-01,1474,Total number of dwelling units ;  New South Wales ;  Dwellings excluding houses ;  Total Sectors ;,A421359C,Building Approvals,Number,Month
1992-08-01,1547,Total number of dwelling units ;  New South Wales ;  Dwellings excluding houses ;  Total Sectors ;,A421359C,Building Approvals,Number,Month
1992-09-01,1645,Total number of dwelling units ;  New South Wales ;  Dwellings excluding houses ;  Total Sectors ;,A421359C,Building Approvals,Number,Month
1992-10-01,1757,Total number of dwelling units ;  New South Wales ;  Dwellings excluding houses ;  Total Sectors ;,A421359C,Building Approvals,Number,Month
1992-11-01,1855,Total number of dwelling units ;  New South Wales ;  Dwellings excluding houses ;  Total Sectors ;,A421359C,Building Approvals,Number,Month
1992-12-01,1919,Total number of dwelling units ;  New South Wales ;  Dwellings excluding houses ;  Total Sectors ;,A421359C,Building Approvals,Number,Month
1993-01-01,1924,Total number of dwelling units ;  New South Wales ;  Dwellings excluding houses ;  Total Sectors ;,A421359C,Building Approvals,Number,Month
1993-02-01,1881,Total number of dwelling units ;  New South Wales ;  Dwellings excluding houses ;  Total Sectors ;,A421359C,Building Approvals,Number,Month
1993-03-01,1809,Total number of dwelling units ;  New South Wales ;  Dwellings excluding houses ;  Total Sectors ;,A421359C,Building Approvals,Number,Month
1993-04-01,1730,Total number of dwelling units ;  New South Wales ;  Dwellings excluding houses ;  Total Sectors ;,A421359C,Building Approvals,Number,Month
1993-05-01,1654,Total number of dwelling units ;  New South Wales ;  Dwellings excluding houses ;  Total Sectors ;,A421359C,Building Approvals,Number,Month
1993-06-01,1623,Total number of dwelling units ;  New South Wales ;  Dwellings excluding houses ;  Total Sectors ;,A421359C,Building Approvals,Number,Month
1993-07-01,1637,Total number of dwelling units ;  New South Wales ;  Dwellings excluding houses ;  Total Sectors ;,A421359C,Building Approvals,Number,Month
1993-08-01,1692,Total number of dwelling units ;  New South Wales ;  Dwellings excluding houses ;  Total Sectors ;,A421359C,Building Approvals,Number,Month
1993-09-01,1749,Total number of dwelling units ;  New South Wales ;  Dwellings excluding houses ;  Total Sectors ;,A421359C,Building Approvals,Number,Month
1993-10-01,1782,Total number of dwelling units ;  New South Wales ;  Dwellings excluding houses ;  Total Sectors ;,A421359C,Building Approvals,Number,Month
1993-11-01,1764,Total number of dwelling units ;  New South Wales ;  Dwellings excluding houses ;  Total Sectors ;,A421359C,Building Approvals,Number,Month
1993-12-01,1720,Total number of dwelling units ;  New South Wales ;  Dwellings excluding houses ;  Total Sectors ;,A421359C,Building Approvals,Number,Month
1994-01-01,1694,Total number of dwelling units ;  New South Wales ;  Dwellings excluding houses ;  Total Sectors ;,A421359C,Building Approvals,Number,Month
1994-02-01,1686,Total number of dwelling units ;  New South Wales ;  Dwellings excluding houses ;  Total Sectors ;,A421359C,Building Approvals,Number,Month
1994-03-01,1693,Total number of dwelling units ;  New South Wales ;  Dwellings excluding houses ;  Total Sectors ;,A421359C,Building Approvals,Number,Month
1994-04-01,1788,Total number of dwelling units ;  New South Wales ;  Dwellings excluding houses ;  Total Sectors ;,A421359C,Building Approvals,Number,Month
1994-05-01,1987,Total number of dwelling units ;  New South Wales ;  Dwellings excluding houses ;  Total Sectors ;,A421359C,Building Approvals,Number,Month
1994-06-01,2233,Total number of dwelling units ;  New South Wales ;  Dwellings excluding houses ;  Total Sectors ;,A421359C,Building Approvals,Number,Month
1994-07-01,2448,Total number of dwelling units ;  New South Wales ;  Dwellings excluding houses ;  Total Sectors ;,A421359C,Building Approvals,Number,Month
1994-08-01,2569,Total number of dwelling units ;  New South Wales ;  Dwellings excluding houses ;  Total Sectors ;,A421359C,Building Approvals,Number,Month
1994-09-01,2552,Total number of dwelling units ;  New South Wales ;  Dwellings excluding houses ;  Total Sectors ;,A421359C,Building Approvals,Number,Month
1994-10-01,2418,Total number of dwelling units ;  New South Wales ;  Dwellings excluding houses ;  Total Sectors ;,A421359C,Building Approvals,Number,Month
1994-11-01,2221,Total number of dwelling units ;  New South Wales ;  Dwellings excluding houses ;  Total Sectors ;,A421359C,Building Approvals,Number,Month
1994-12-01,2048,Total number of dwelling units ;  New South Wales ;  Dwellings excluding houses ;  Total Sectors ;,A421359C,Building Approvals,Number,Month
1995-01-01,1938,Total number of dwelling units ;  New South Wales ;  Dwellings excluding houses ;  Total Sectors ;,A421359C,Building Approvals,Number,Month
1995-02-01,1926,Total number of dwelling units ;  New South Wales ;  Dwellings excluding houses ;  Total Sectors ;,A421359C,Building Approvals,Number,Month
1995-03-01,1978,Total number of dwelling units ;  New South Wales ;  Dwellings excluding houses ;  Total Sectors ;,A421359C,Building Approvals,Number,Month
1995-04-01,2002,Total number of dwelling units ;  New South Wales ;  Dwellings excluding houses ;  Total Sectors ;,A421359C,Building Approvals,Number,Month
1995-05-01,1968,Total number of dwelling units ;  New South Wales ;  Dwellings excluding houses ;  Total Sectors ;,A421359C,Building Approvals,Number,Month
1995-06-01,1918,Total number of dwelling units ;  New South Wales ;  Dwellings excluding houses ;  Total Sectors ;,A421359C,Building Approvals,Number,Month
1995-07-01,1855,Total number of dwelling units ;  New South Wales ;  Dwellings excluding houses ;  Total Sectors ;,A421359C,Building Approvals,Number,Month
1995-08-01,1759,Total number of dwelling units ;  New South Wales ;  Dwellings excluding houses ;  Total Sectors ;,A421359C,Building Approvals,Number,Month
1995-09-01,1643,Total number of dwelling units ;  New South Wales ;  Dwellings excluding houses ;  Total Sectors ;,A421359C,Building Approvals,Number,Month
1995-10-01,1519,Total number of dwelling units ;  New South Wales ;  Dwellings excluding houses ;  Total Sectors ;,A421359C,Building Approvals,Number,Month
1995-11-01,1387,Total number of dwelling units ;  New South Wales ;  Dwellings excluding houses ;  Total Sectors ;,A421359C,Building Approvals,Number,Month
1995-12-01,1288,Total number of dwelling units ;  New South Wales ;  Dwellings excluding houses ;  Total Sectors ;,A421359C,Building Approvals,Number,Month
1996-01-01,1239,Total number of dwelling units ;  New South Wales ;  Dwellings excluding houses ;  Total Sectors ;,A421359C,Building Approvals,Number,Month
1996-02-01,1271,Total number of dwelling units ;  New South Wales ;  Dwellings excluding houses ;  Total Sectors ;,A421359C,Building Approvals,Number,Month
1996-03-01,1363,Total number of dwelling units ;  New South Wales ;  Dwellings excluding houses ;  Total Sectors ;,A421359C,Building Approvals,Number,Month
1996-04-01,1479,Total number of dwelling units ;  New South Wales ;  Dwellings excluding houses ;  Total Sectors ;,A421359C,Building Approvals,Number,Month
1996-05-01,1564,Total number of dwelling units ;  New South Wales ;  Dwellings excluding houses ;  Total Sectors ;,A421359C,Building Approvals,Number,Month
1996-06-01,1613,Total number of dwelling units ;  New South Wales ;  Dwellings excluding houses ;  Total Sectors ;,A421359C,Building Approvals,Number,Month
1996-07-01,1630,Total number of dwelling units ;  New South Wales ;  Dwellings excluding houses ;  Total Sectors ;,A421359C,Building Approvals,Number,Month
1996-08-01,1630,Total number of dwelling units ;  New South Wales ;  Dwellings excluding houses ;  Total Sectors ;,A421359C,Building Approvals,Number,Month
1996-09-01,1644,Total number of dwelling units ;  New South Wales ;  Dwellings excluding houses ;  Total Sectors ;,A421359C,Building Approvals,Number,Month
1996-10-01,1684,Total number of dwelling units ;  New South Wales ;  Dwellings excluding houses ;  Total Sectors ;,A421359C,Building Approvals,Number,Month
1996-11-01,1755,Total number of dwelling units ;  New South Wales ;  Dwellings excluding houses ;  Total Sectors ;,A421359C,Building Approvals,Number,Month
1996-12-01,1830,Total number of dwelling units ;  New South Wales ;  Dwellings excluding houses ;  Total Sectors ;,A421359C,Building Approvals,Number,Month
1997-01-01,1880,Total number of dwelling units ;  New South Wales ;  Dwellings excluding houses ;  Total Sectors ;,A421359C,Building Approvals,Number,Month
1997-02-01,1899,Total number of dwelling units ;  New South Wales ;  Dwellings excluding houses ;  Total Sectors ;,A421359C,Building Approvals,Number,Month
1997-03-01,1893,Total number of dwelling units ;  New South Wales ;  Dwellings excluding houses ;  Total Sectors ;,A421359C,Building Approvals,Number,Month
1997-04-01,1908,Total number of dwelling units ;  New South Wales ;  Dwellings excluding houses ;  Total Sectors ;,A421359C,Building Approvals,Number,Month
1997-05-01,1932,Total number of dwelling units ;  New South Wales ;  Dwellings excluding houses ;  Total Sectors ;,A421359C,Building Approvals,Number,Month
1997-06-01,1955,Total number of dwelling units ;  New South Wales ;  Dwellings excluding houses ;  Total Sectors ;,A421359C,Building Approvals,Number,Month
1997-07-01,1984,Total number of dwelling units ;  New South Wales ;  Dwellings excluding houses ;  Total Sectors ;,A421359C,Building Approvals,Number,Month
1997-08-01,2027,Total number of dwelling units ;  New South Wales ;  Dwellings excluding houses ;  Total Sectors ;,A421359C,Building Approvals,Number,Month
1997-09-01,2046,Total number of dwelling units ;  New South Wales ;  Dwellings excluding houses ;  Total Sectors ;,A421359C,Building Approvals,Number,Month
1997-10-01,1999,Total number of dwelling units ;  New South Wales ;  Dwellings excluding houses ;  Total Sectors ;,A421359C,Building Approvals,Number,Month
1997-11-01,1916,Total number of dwelling units ;  New South Wales ;  Dwellings excluding houses ;  Total Sectors ;,A421359C,Building Approvals,Number,Month
1997-12-01,1826,Total number of dwelling units ;  New South Wales ;  Dwellings excluding houses ;  Total Sectors ;,A421359C,Building Approvals,Number,Month
1998-01-01,1759,Total number of dwelling units ;  New South Wales ;  Dwellings excluding houses ;  Total Sectors ;,A421359C,Building Approvals,Number,Month
1998-02-01,1778,Total number of dwelling units ;  New South Wales ;  Dwellings excluding houses ;  Total Sectors ;,A421359C,Building Approvals,Number,Month
1998-03-01,1900,Total number of dwelling units ;  New South Wales ;  Dwellings excluding houses ;  Total Sectors ;,A421359C,Building Approvals,Number,Month
1998-04-01,2068,Total number of dwelling units ;  New South Wales ;  Dwellings excluding houses ;  Total Sectors ;,A421359C,Building Approvals,Number,Month
1998-05-01,2209,Total number of dwelling units ;  New South Wales ;  Dwellings excluding houses ;  Total Sectors ;,A421359C,Building Approvals,Number,Month
1998-06-01,2276,Total number of dwelling units ;  New South Wales ;  Dwellings excluding houses ;  Total Sectors ;,A421359C,Building Approvals,Number,Month
1998-07-01,2252,Total number of dwelling units ;  New South Wales ;  Dwellings excluding houses ;  Total Sectors ;,A421359C,Building Approvals,Number,Month
1998-08-01,2169,Total number of dwelling units ;  New South Wales ;  Dwellings excluding houses ;  Total Sectors ;,A421359C,Building Approvals,Number,Month
1998-09-01,2085,Total number of dwelling units ;  New South Wales ;  Dwellings excluding houses ;  Total Sectors ;,A421359C,Building Approvals,Number,Month
1998-10-01,2027,Total number of dwelling units ;  New South Wales ;  Dwellings excluding houses ;  Total Sectors ;,A421359C,Building Approvals,Number,Month
1998-11-01,1993,Total number of dwelling units ;  New South Wales ;  Dwellings excluding houses ;  Total Sectors ;,A421359C,Building Approvals,Number,Month
1998-12-01,1972,Total number of dwelling units ;  New South Wales ;  Dwellings excluding houses ;  Total Sectors ;,A421359C,Building Approvals,Number,Month
1999-01-01,1957,Total number of dwelling units ;  New South Wales ;  Dwellings excluding houses ;  Total Sectors ;,A421359C,Building Approvals,Number,Month
1999-02-01,1929,Total number of dwelling units ;  New South Wales ;  Dwellings excluding houses ;  Total Sectors ;,A421359C,Building Approvals,Number,Month
1999-03-01,1910,Total number of dwelling units ;  New South Wales ;  Dwellings excluding houses ;  Total Sectors ;,A421359C,Building Approvals,Number,Month
1999-04-01,1944,Total number of dwelling units ;  New South Wales ;  Dwellings excluding houses ;  Total Sectors ;,A421359C,Building Approvals,Number,Month
1999-05-01,2020,Total number of dwelling units ;  New South Wales ;  Dwellings excluding houses ;  Total Sectors ;,A421359C,Building Approvals,Number,Month
1999-06-01,2099,Total number of dwelling units ;  New South Wales ;  Dwellings excluding houses ;  Total Sectors ;,A421359C,Building Approvals,Number,Month
1999-07-01,2131,Total number of dwelling units ;  New South Wales ;  Dwellings excluding houses ;  Total Sectors ;,A421359C,Building Approvals,Number,Month
1999-08-01,2097,Total number of dwelling units ;  New South Wales ;  Dwellings excluding houses ;  Total Sectors ;,A421359C,Building Approvals,Number,Month
1999-09-01,2009,Total number of dwelling units ;  New South Wales ;  Dwellings excluding houses ;  Total Sectors ;,A421359C,Building Approvals,Number,Month
1999-10-01,1880,Total number of dwelling units ;  New South Wales ;  Dwellings excluding houses ;  Total Sectors ;,A421359C,Building Approvals,Number,Month
1999-11-01,1739,Total number of dwelling units ;  New South Wales ;  Dwellings excluding houses ;  Total Sectors ;,A421359C,Building Approvals,Number,Month
1999-12-01,1620,Total number of dwelling units ;  New South Wales ;  Dwellings excluding houses ;  Total Sectors ;,A421359C,Building Approvals,Number,Month
2000-01-01,1562,Total number of dwelling units ;  New South Wales ;  Dwellings excluding houses ;  Total Sectors ;,A421359C,Building Approvals,Number,Month
2000-02-01,1556,Total number of dwelling units ;  New South Wales ;  Dwellings excluding houses ;  Total Sectors ;,A421359C,Building Approvals,Number,Month
2000-03-01,1553,Total number of dwelling units ;  New South Wales ;  Dwellings excluding houses ;  Total Sectors ;,A421359C,Building Approvals,Number,Month
2000-04-01,1512,Total number of dwelling units ;  New South Wales ;  Dwellings excluding houses ;  Total Sectors ;,A421359C,Building Approvals,Number,Month
2000-05-01,1427,Total number of dwelling units ;  New South Wales ;  Dwellings excluding houses ;  Total Sectors ;,A421359C,Building Approvals,Number,Month
2000-06-01,1332,Total number of dwelling units ;  New South Wales ;  Dwellings excluding houses ;  Total Sectors ;,A421359C,Building Approvals,Number,Month
2000-07-01,1278,Total number of dwelling units ;  New South Wales ;  Dwellings excluding houses ;  Total Sectors ;,A421359C,Building Approvals,Number,Month
2000-08-01,1299,Total number of dwelling units ;  New South Wales ;  Dwellings excluding houses ;  Total Sectors ;,A421359C,Building Approvals,Number,Month
2000-09-01,1371,Total number of dwelling units ;  New South Wales ;  Dwellings excluding houses ;  Total Sectors ;,A421359C,Building Approvals,Number,Month
2000-10-01,1441,Total number of dwelling units ;  New South Wales ;  Dwellings excluding houses ;  Total Sectors ;,A421359C,Building Approvals,Number,Month
2000-11-01,1462,Total number of dwelling units ;  New South Wales ;  Dwellings excluding houses ;  Total Sectors ;,A421359C,Building Approvals,Number,Month
2000-12-01,1403,Total number of dwelling units ;  New South Wales ;  Dwellings excluding houses ;  Total Sectors ;,A421359C,Building Approvals,Number,Month
2001-01-01,1282,Total number of dwelling units ;  New South Wales ;  Dwellings excluding houses ;  Total Sectors ;,A421359C,Building Approvals,Number,Month
2001-02-01,1172,Total number of dwelling units ;  New South Wales ;  Dwellings excluding houses ;  Total Sectors ;,A421359C,Building Approvals,Number,Month
2001-03-01,1130,Total number of dwelling units ;  New South Wales ;  Dwellings excluding houses ;  Total Sectors ;,A421359C,Building Approvals,Number,Month
2001-04-01,1172,Total number of dwelling units ;  New South Wales ;  Dwellings excluding houses ;  Total Sectors ;,A421359C,Building Approvals,Number,Month
2001-05-01,1299,Total number of dwelling units ;  New South Wales ;  Dwellings excluding houses ;  Total Sectors ;,A421359C,Building Approvals,Number,Month
2001-06-01,1493,Total number of dwelling units ;  New South Wales ;  Dwellings excluding houses ;  Total Sectors ;,A421359C,Building Approvals,Number,Month
2001-07-01,1712,Total number of dwelling units ;  New South Wales ;  Dwellings excluding houses ;  Total Sectors ;,A421359C,Building Approvals,Number,Month
2001-08-01,1915,Total number of dwelling units ;  New South Wales ;  Dwellings excluding houses ;  Total Sectors ;,A421359C,Building Approvals,Number,Month
2001-09-01,2039,Total number of dwelling units ;  New South Wales ;  Dwellings excluding houses ;  Total Sectors ;,A421359C,Building Approvals,Number,Month
2001-10-01,2033,Total number of dwelling units ;  New South Wales ;  Dwellings excluding houses ;  Total Sectors ;,A421359C,Building Approvals,Number,Month
2001-11-01,1915,Total number of dwelling units ;  New South Wales ;  Dwellings excluding houses ;  Total Sectors ;,A421359C,Building Approvals,Number,Month
2001-12-01,1778,Total number of dwelling units ;  New South Wales ;  Dwellings excluding houses ;  Total Sectors ;,A421359C,Building Approvals,Number,Month
2002-01-01,1711,Total number of dwelling units ;  New South Wales ;  Dwellings excluding houses ;  Total Sectors ;,A421359C,Building Approvals,Number,Month
2002-02-01,1734,Total number of dwelling units ;  New South Wales ;  Dwellings excluding houses ;  Total Sectors ;,A421359C,Building Approvals,Number,Month
2002-03-01,1836,Total number of dwelling units ;  New South Wales ;  Dwellings excluding houses ;  Total Sectors ;,A421359C,Building Approvals,Number,Month
2002-04-01,1937,Total number of dwelling units ;  New South Wales ;  Dwellings excluding houses ;  Total Sectors ;,A421359C,Building Approvals,Number,Month
2002-05-01,2010,Total number of dwelling units ;  New South Wales ;  Dwellings excluding houses ;  Total Sectors ;,A421359C,Building Approvals,Number,Month
2002-06-01,2071,Total number of dwelling units ;  New South Wales ;  Dwellings excluding houses ;  Total Sectors ;,A421359C,Building Approvals,Number,Month
2002-07-01,2147,Total number of dwelling units ;  New South Wales ;  Dwellings excluding houses ;  Total Sectors ;,A421359C,Building Approvals,Number,Month
2002-08-01,2253,Total number of dwelling units ;  New South Wales ;  Dwellings excluding houses ;  Total Sectors ;,A421359C,Building Approvals,Number,Month
2002-09-01,2366,Total number of dwelling units ;  New South Wales ;  Dwellings excluding houses ;  Total Sectors ;,A421359C,Building Approvals,Number,Month
2002-10-01,2455,Total number of dwelling units ;  New South Wales ;  Dwellings excluding houses ;  Total Sectors ;,A421359C,Building Approvals,Number,Month
2002-11-01,2448,Total number of dwelling units ;  New South Wales ;  Dwellings excluding houses ;  Total Sectors ;,A421359C,Building Approvals,Number,Month
2002-12-01,2326,Total number of dwelling units ;  New South Wales ;  Dwellings excluding houses ;  Total Sectors ;,A421359C,Building Approvals,Number,Month
2003-01-01,2133,Total number of dwelling units ;  New South Wales ;  Dwellings excluding houses ;  Total Sectors ;,A421359C,Building Approvals,Number,Month
2003-02-01,1957,Total number of dwelling units ;  New South Wales ;  Dwellings excluding houses ;  Total Sectors ;,A421359C,Building Approvals,Number,Month
2003-03-01,1851,Total number of dwelling units ;  New South Wales ;  Dwellings excluding houses ;  Total Sectors ;,A421359C,Building Approvals,Number,Month
2003-04-01,1826,Total number of dwelling units ;  New South Wales ;  Dwellings excluding houses ;  Total Sectors ;,A421359C,Building Approvals,Number,Month
2003-05-01,1885,Total number of dwelling units ;  New South Wales ;  Dwellings excluding houses ;  Total Sectors ;,A421359C,Building Approvals,Number,Month
2003-06-01,1972,Total number of dwelling units ;  New South Wales ;  Dwellings excluding houses ;  Total Sectors ;,A421359C,Building Approvals,Number,Month
2003-07-01,2091,Total number of dwelling units ;  New South Wales ;  Dwellings excluding houses ;  Total Sectors ;,A421359C,Building Approvals,Number,Month
2003-08-01,2183,Total number of dwelling units ;  New South Wales ;  Dwellings excluding houses ;  Total Sectors ;,A421359C,Building Approvals,Number,Month
2003-09-01,2204,Total number of dwelling units ;  New South Wales ;  Dwellings excluding houses ;  Total Sectors ;,A421359C,Building Approvals,Number,Month
2003-10-01,2150,Total number of dwelling units ;  New South Wales ;  Dwellings excluding houses ;  Total Sectors ;,A421359C,Building Approvals,Number,Month
2003-11-01,2038,Total number of dwelling units ;  New South Wales ;  Dwellings excluding houses ;  Total Sectors ;,A421359C,Building Approvals,Number,Month
2003-12-01,1945,Total number of dwelling units ;  New South Wales ;  Dwellings excluding houses ;  Total Sectors ;,A421359C,Building Approvals,Number,Month
2004-01-01,1916,Total number of dwelling units ;  New South Wales ;  Dwellings excluding houses ;  Total Sectors ;,A421359C,Building Approvals,Number,Month
2004-02-01,1970,Total number of dwelling units ;  New South Wales ;  Dwellings excluding houses ;  Total Sectors ;,A421359C,Building Approvals,Number,Month
2004-03-01,2065,Total number of dwelling units ;  New South Wales ;  Dwellings excluding houses ;  Total Sectors ;,A421359C,Building Approvals,Number,Month
2004-04-01,2152,Total number of dwelling units ;  New South Wales ;  Dwellings excluding houses ;  Total Sectors ;,A421359C,Building Approvals,Number,Month
2004-05-01,2185,Total number of dwelling units ;  New South Wales ;  Dwellings excluding houses ;  Total Sectors ;,A421359C,Building Approvals,Number,Month
2004-06-01,2145,Total number of dwelling units ;  New South Wales ;  Dwellings excluding houses ;  Total Sectors ;,A421359C,Building Approvals,Number,Month
2004-07-01,2049,Total number of dwelling units ;  New South Wales ;  Dwellings excluding houses ;  Total Sectors ;,A421359C,Building Approvals,Number,Month
2004-08-01,1921,Total number of dwelling units ;  New South Wales ;  Dwellings excluding houses ;  Total Sectors ;,A421359C,Building Approvals,Number,Month
2004-09-01,1801,Total number of dwelling units ;  New South Wales ;  Dwellings excluding houses ;  Total Sectors ;,A421359C,Building Approvals,Number,Month
2004-10-01,1704,Total number of dwelling units ;  New South Wales ;  Dwellings excluding houses ;  Total Sectors ;,A421359C,Building Approvals,Number,Month
2004-11-01,1653,Total number of dwelling units ;  New South Wales ;  Dwellings excluding houses ;  Total Sectors ;,A421359C,Building Approvals,Number,Month
2004-12-01,1646,Total number of dwelling units ;  New South Wales ;  Dwellings excluding houses ;  Total Sectors ;,A421359C,Building Approvals,Number,Month
2005-01-01,1659,Total number of dwelling units ;  New South Wales ;  Dwellings excluding houses ;  Total Sectors ;,A421359C,Building Approvals,Number,Month
2005-02-01,1672,Total number of dwelling units ;  New South Wales ;  Dwellings excluding houses ;  Total Sectors ;,A421359C,Building Approvals,Number,Month
2005-03-01,1650,Total number of dwelling units ;  New South Wales ;  Dwellings excluding houses ;  Total Sectors ;,A421359C,Building Approvals,Number,Month
2005-04-01,1596,Total number of dwelling units ;  New South Wales ;  Dwellings excluding houses ;  Total Sectors ;,A421359C,Building Approvals,Number,Month
2005-05-01,1526,Total number of dwelling units ;  New South Wales ;  Dwellings excluding houses ;  Total Sectors ;,A421359C,Building Approvals,Number,Month
2005-06-01,1466,Total number of dwelling units ;  New South Wales ;  Dwellings excluding houses ;  Total Sectors ;,A421359C,Building Approvals,Number,Month
2005-07-01,1445,Total number of dwelling units ;  New South Wales ;  Dwellings excluding houses ;  Total Sectors ;,A421359C,Building Approvals,Number,Month
2005-08-01,1467,Total number of dwelling units ;  New South Wales ;  Dwellings excluding houses ;  Total Sectors ;,A421359C,Building Approvals,Number,Month
2005-09-01,1515,Total number of dwelling units ;  New South Wales ;  Dwellings excluding houses ;  Total Sectors ;,A421359C,Building Approvals,Number,Month
2005-10-01,1551,Total number of dwelling units ;  New South Wales ;  Dwellings excluding houses ;  Total Sectors ;,A421359C,Building Approvals,Number,Month
2005-11-01,1544,Total number of dwelling units ;  New South Wales ;  Dwellings excluding houses ;  Total Sectors ;,A421359C,Building Approvals,Number,Month
2005-12-01,1481,Total number of dwelling units ;  New South Wales ;  Dwellings excluding houses ;  Total Sectors ;,A421359C,Building Approvals,Number,Month
2006-01-01,1396,Total number of dwelling units ;  New South Wales ;  Dwellings excluding houses ;  Total Sectors ;,A421359C,Building Approvals,Number,Month
2006-02-01,1335,Total number of dwelling units ;  New South Wales ;  Dwellings excluding houses ;  Total Sectors ;,A421359C,Building Approvals,Number,Month
2006-03-01,1299,Total number of dwelling units ;  New South Wales ;  Dwellings excluding houses ;  Total Sectors ;,A421359C,Building Approvals,Number,Month
2006-04-01,1297,Total number of dwelling units ;  New South Wales ;  Dwellings excluding houses ;  Total Sectors ;,A421359C,Building Approvals,Number,Month
2006-05-01,1338,Total number of dwelling units ;  New South Wales ;  Dwellings excluding houses ;  Total Sectors ;,A421359C,Building Approvals,Number,Month
2006-06-01,1414,Total number of dwelling units ;  New South Wales ;  Dwellings excluding houses ;  Total Sectors ;,A421359C,Building Approvals,Number,Month
2006-07-01,1488,Total number of dwelling units ;  New South Wales ;  Dwellings excluding houses ;  Total Sectors ;,A421359C,Building Approvals,Number,Month
2006-08-01,1516,Total number of dwelling units ;  New South Wales ;  Dwellings excluding houses ;  Total Sectors ;,A421359C,Building Approvals,Number,Month
2006-09-01,1504,Total number of dwelling units ;  New South Wales ;  Dwellings excluding houses ;  Total Sectors ;,A421359C,Building Approvals,Number,Month
2006-10-01,1456,Total number of dwelling units ;  New South Wales ;  Dwellings excluding houses ;  Total Sectors ;,A421359C,Building Approvals,Number,Month
2006-11-01,1395,Total number of dwelling units ;  New South Wales ;  Dwellings excluding houses ;  Total Sectors ;,A421359C,Building Approvals,Number,Month
2006-12-01,1338,Total number of dwelling units ;  New South Wales ;  Dwellings excluding houses ;  Total Sectors ;,A421359C,Building Approvals,Number,Month
2007-01-01,1288,Total number of dwelling units ;  New South Wales ;  Dwellings excluding houses ;  Total Sectors ;,A421359C,Building Approvals,Number,Month
2007-02-01,1259,Total number of dwelling units ;  New South Wales ;  Dwellings excluding houses ;  Total Sectors ;,A421359C,Building Approvals,Number,Month
2007-03-01,1247,Total number of dwelling units ;  New South Wales ;  Dwellings excluding houses ;  Total Sectors ;,A421359C,Building Approvals,Number,Month
2007-04-01,1247,Total number of dwelling units ;  New South Wales ;  Dwellings excluding houses ;  Total Sectors ;,A421359C,Building Approvals,Number,Month
2007-05-01,1215,Total number of dwelling units ;  New South Wales ;  Dwellings excluding houses ;  Total Sectors ;,A421359C,Building Approvals,Number,Month
2007-06-01,1183,Total number of dwelling units ;  New South Wales ;  Dwellings excluding houses ;  Total Sectors ;,A421359C,Building Approvals,Number,Month
2007-07-01,1202,Total number of dwelling units ;  New South Wales ;  Dwellings excluding houses ;  Total Sectors ;,A421359C,Building Approvals,Number,Month
2007-08-01,1278,Total number of dwelling units ;  New South Wales ;  Dwellings excluding houses ;  Total Sectors ;,A421359C,Building Approvals,Number,Month
2007-09-01,1378,Total number of dwelling units ;  New South Wales ;  Dwellings excluding houses ;  Total Sectors ;,A421359C,Building Approvals,Number,Month
2007-10-01,1449,Total number of dwelling units ;  New South Wales ;  Dwellings excluding houses ;  Total Sectors ;,A421359C,Building Approvals,Number,Month
2007-11-01,1466,Total number of dwelling units ;  New South Wales ;  Dwellings excluding houses ;  Total Sectors ;,A421359C,Building Approvals,Number,Month
2007-12-01,1421,Total number of dwelling units ;  New South Wales ;  Dwellings excluding houses ;  Total Sectors ;,A421359C,Building Approvals,Number,Month
2008-01-01,1343,Total number of dwelling units ;  New South Wales ;  Dwellings excluding houses ;  Total Sectors ;,A421359C,Building Approvals,Number,Month
2008-02-01,1275,Total number of dwelling units ;  New South Wales ;  Dwellings excluding houses ;  Total Sectors ;,A421359C,Building Approvals,Number,Month
2008-03-01,1243,Total number of dwelling units ;  New South Wales ;  Dwellings excluding houses ;  Total Sectors ;,A421359C,Building Approvals,Number,Month
2008-04-01,1248,Total number of dwelling units ;  New South Wales ;  Dwellings excluding houses ;  Total Sectors ;,A421359C,Building Approvals,Number,Month
2008-05-01,1258,Total number of dwelling units ;  New South Wales ;  Dwellings excluding houses ;  Total Sectors ;,A421359C,Building Approvals,Number,Month
2008-06-01,1252,Total number of dwelling units ;  New South Wales ;  Dwellings excluding houses ;  Total Sectors ;,A421359C,Building Approvals,Number,Month
2008-07-01,1209,Total number of dwelling units ;  New South Wales ;  Dwellings excluding houses ;  Total Sectors ;,A421359C,Building Approvals,Number,Month
2008-08-01,1154,Total number of dwelling units ;  New South Wales ;  Dwellings excluding houses ;  Total Sectors ;,A421359C,Building Approvals,Number,Month
2008-09-01,1101,Total number of dwelling units ;  New South Wales ;  Dwellings excluding houses ;  Total Sectors ;,A421359C,Building Approvals,Number,Month
2008-10-01,1034,Total number of dwelling units ;  New South Wales ;  Dwellings excluding houses ;  Total Sectors ;,A421359C,Building Approvals,Number,Month
2008-11-01,963,Total number of dwelling units ;  New South Wales ;  Dwellings excluding houses ;  Total Sectors ;,A421359C,Building Approvals,Number,Month
2008-12-01,893,Total number of dwelling units ;  New South Wales ;  Dwellings excluding houses ;  Total Sectors ;,A421359C,Building Approvals,Number,Month
2009-01-01,814,Total number of dwelling units ;  New South Wales ;  Dwellings excluding houses ;  Total Sectors ;,A421359C,Building Approvals,Number,Month
2009-02-01,745,Total number of dwelling units ;  New South Wales ;  Dwellings excluding houses ;  Total Sectors ;,A421359C,Building Approvals,Number,Month
2009-03-01,700,Total number of dwelling units ;  New South Wales ;  Dwellings excluding houses ;  Total Sectors ;,A421359C,Building Approvals,Number,Month
2009-04-01,702,Total number of dwelling units ;  New South Wales ;  Dwellings excluding houses ;  Total Sectors ;,A421359C,Building Approvals,Number,Month
2009-05-01,746,Total number of dwelling units ;  New South Wales ;  Dwellings excluding houses ;  Total Sectors ;,A421359C,Building Approvals,Number,Month
2009-06-01,824,Total number of dwelling units ;  New South Wales ;  Dwellings excluding houses ;  Total Sectors ;,A421359C,Building Approvals,Number,Month
2009-07-01,925,Total number of dwelling units ;  New South Wales ;  Dwellings excluding houses ;  Total Sectors ;,A421359C,Building Approvals,Number,Month
2009-08-01,1054,Total number of dwelling units ;  New South Wales ;  Dwellings excluding houses ;  Total Sectors ;,A421359C,Building Approvals,Number,Month
2009-09-01,1213,Total number of dwelling units ;  New South Wales ;  Dwellings excluding houses ;  Total Sectors ;,A421359C,Building Approvals,Number,Month
2009-10-01,1382,Total number of dwelling units ;  New South Wales ;  Dwellings excluding houses ;  Total Sectors ;,A421359C,Building Approvals,Number,Month
2009-11-01,1535,Total number of dwelling units ;  New South Wales ;  Dwellings excluding houses ;  Total Sectors ;,A421359C,Building Approvals,Number,Month
2009-12-01,1645,Total number of dwelling units ;  New South Wales ;  Dwellings excluding houses ;  Total Sectors ;,A421359C,Building Approvals,Number,Month
2010-01-01,1701,Total number of dwelling units ;  New South Wales ;  Dwellings excluding houses ;  Total Sectors ;,A421359C,Building Approvals,Number,Month
2010-02-01,1702,Total number of dwelling units ;  New South Wales ;  Dwellings excluding houses ;  Total Sectors ;,A421359C,Building Approvals,Number,Month
2010-03-01,1656,Total number of dwelling units ;  New South Wales ;  Dwellings excluding houses ;  Total Sectors ;,A421359C,Building Approvals,Number,Month
2010-04-01,1563,Total number of dwelling units ;  New South Wales ;  Dwellings excluding houses ;  Total Sectors ;,A421359C,Building Approvals,Number,Month
2010-05-01,1461,Total number of dwelling units ;  New South Wales ;  Dwellings excluding houses ;  Total Sectors ;,A421359C,Building Approvals,Number,Month
2010-06-01,1403,Total number of dwelling units ;  New South Wales ;  Dwellings excluding houses ;  Total Sectors ;,A421359C,Building Approvals,Number,Month
2010-07-01,1433,Total number of dwelling units ;  New South Wales ;  Dwellings excluding houses ;  Total Sectors ;,A421359C,Building Approvals,Number,Month
2010-08-01,1546,Total number of dwelling units ;  New South Wales ;  Dwellings excluding houses ;  Total Sectors ;,A421359C,Building Approvals,Number,Month
2010-09-01,1674,Total number of dwelling units ;  New South Wales ;  Dwellings excluding houses ;  Total Sectors ;,A421359C,Building Approvals,Number,Month
2010-10-01,1759,Total number of dwelling units ;  New South Wales ;  Dwellings excluding houses ;  Total Sectors ;,A421359C,Building Approvals,Number,Month
2010-11-01,1774,Total number of dwelling units ;  New South Wales ;  Dwellings excluding houses ;  Total Sectors ;,A421359C,Building Approvals,Number,Month
2010-12-01,1724,Total number of dwelling units ;  New South Wales ;  Dwellings excluding houses ;  Total Sectors ;,A421359C,Building Approvals,Number,Month
2011-01-01,1611,Total number of dwelling units ;  New South Wales ;  Dwellings excluding houses ;  Total Sectors ;,A421359C,Building Approvals,Number,Month
2011-02-01,1442,Total number of dwelling units ;  New South Wales ;  Dwellings excluding houses ;  Total Sectors ;,A421359C,Building Approvals,Number,Month
2011-03-01,1286,Total number of dwelling units ;  New South Wales ;  Dwellings excluding houses ;  Total Sectors ;,A421359C,Building Approvals,Number,Month
2011-04-01,1225,Total number of dwelling units ;  New South Wales ;  Dwellings excluding houses ;  Total Sectors ;,A421359C,Building Approvals,Number,Month
2011-05-01,1258,Total number of dwelling units ;  New South Wales ;  Dwellings excluding houses ;  Total Sectors ;,A421359C,Building Approvals,Number,Month
2011-06-01,1348,Total number of dwelling units ;  New South Wales ;  Dwellings excluding houses ;  Total Sectors ;,A421359C,Building Approvals,Number,Month
2011-07-01,1466,Total number of dwelling units ;  New South Wales ;  Dwellings excluding houses ;  Total Sectors ;,A421359C,Building Approvals,Number,Month
2011-08-01,1579,Total number of dwelling units ;  New South Wales ;  Dwellings excluding houses ;  Total Sectors ;,A421359C,Building Approvals,Number,Month
2011-09-01,1636,Total number of dwelling units ;  New South Wales ;  Dwellings excluding houses ;  Total Sectors ;,A421359C,Building Approvals,Number,Month
2011-10-01,1599,Total number of dwelling units ;  New South Wales ;  Dwellings excluding houses ;  Total Sectors ;,A421359C,Building Approvals,Number,Month
2011-11-01,1457,Total number of dwelling units ;  New South Wales ;  Dwellings excluding houses ;  Total Sectors ;,A421359C,Building Approvals,Number,Month
2011-12-01,1295,Total number of dwelling units ;  New South Wales ;  Dwellings excluding houses ;  Total Sectors ;,A421359C,Building Approvals,Number,Month
2012-01-01,1222,Total number of dwelling units ;  New South Wales ;  Dwellings excluding houses ;  Total Sectors ;,A421359C,Building Approvals,Number,Month
2012-02-01,1273,Total number of dwelling units ;  New South Wales ;  Dwellings excluding houses ;  Total Sectors ;,A421359C,Building Approvals,Number,Month
2012-03-01,1378,Total number of dwelling units ;  New South Wales ;  Dwellings excluding houses ;  Total Sectors ;,A421359C,Building Approvals,Number,Month
2012-04-01,1465,Total number of dwelling units ;  New South Wales ;  Dwellings excluding houses ;  Total Sectors ;,A421359C,Building Approvals,Number,Month
2012-05-01,1560,Total number of dwelling units ;  New South Wales ;  Dwellings excluding houses ;  Total Sectors ;,A421359C,Building Approvals,Number,Month
2012-06-01,1658,Total number of dwelling units ;  New South Wales ;  Dwellings excluding houses ;  Total Sectors ;,A421359C,Building Approvals,Number,Month
2012-07-01,1782,Total number of dwelling units ;  New South Wales ;  Dwellings excluding houses ;  Total Sectors ;,A421359C,Building Approvals,Number,Month
2012-08-01,1953,Total number of dwelling units ;  New South Wales ;  Dwellings excluding houses ;  Total Sectors ;,A421359C,Building Approvals,Number,Month
2012-09-01,2135,Total number of dwelling units ;  New South Wales ;  Dwellings excluding houses ;  Total Sectors ;,A421359C,Building Approvals,Number,Month
2012-10-01,2249,Total number of dwelling units ;  New South Wales ;  Dwellings excluding houses ;  Total Sectors ;,A421359C,Building Approvals,Number,Month
2012-11-01,2244,Total number of dwelling units ;  New South Wales ;  Dwellings excluding houses ;  Total Sectors ;,A421359C,Building Approvals,Number,Month
2012-12-01,2130,Total number of dwelling units ;  New South Wales ;  Dwellings excluding houses ;  Total Sectors ;,A421359C,Building Approvals,Number,Month
2013-01-01,1948,Total number of dwelling units ;  New South Wales ;  Dwellings excluding houses ;  Total Sectors ;,A421359C,Building Approvals,Number,Month
2013-02-01,1788,Total number of dwelling units ;  New South Wales ;  Dwellings excluding houses ;  Total Sectors ;,A421359C,Building Approvals,Number,Month
2013-03-01,1680,Total number of dwelling units ;  New South Wales ;  Dwellings excluding houses ;  Total Sectors ;,A421359C,Building Approvals,Number,Month
2013-04-01,1684,Total number of dwelling units ;  New South Wales ;  Dwellings excluding houses ;  Total Sectors ;,A421359C,Building Approvals,Number,Month
2013-05-01,1807,Total number of dwelling units ;  New South Wales ;  Dwellings excluding houses ;  Total Sectors ;,A421359C,Building Approvals,Number,Month
2013-06-01,2030,Total number of dwelling units ;  New South Wales ;  Dwellings excluding houses ;  Total Sectors ;,A421359C,Building Approvals,Number,Month
2013-07-01,2325,Total number of dwelling units ;  New South Wales ;  Dwellings excluding houses ;  Total Sectors ;,A421359C,Building Approvals,Number,Month
2013-08-01,2643,Total number of dwelling units ;  New South Wales ;  Dwellings excluding houses ;  Total Sectors ;,A421359C,Building Approvals,Number,Month
2013-09-01,2917,Total number of dwelling units ;  New South Wales ;  Dwellings excluding houses ;  Total Sectors ;,A421359C,Building Approvals,Number,Month
2013-10-01,3093,Total number of dwelling units ;  New South Wales ;  Dwellings excluding houses ;  Total Sectors ;,A421359C,Building Approvals,Number,Month
2013-11-01,3108,Total number of dwelling units ;  New South Wales ;  Dwellings excluding houses ;  Total Sectors ;,A421359C,Building Approvals,Number,Month
2013-12-01,2955,Total number of dwelling units ;  New South Wales ;  Dwellings excluding houses ;  Total Sectors ;,A421359C,Building Approvals,Number,Month
2014-01-01,2728,Total number of dwelling units ;  New South Wales ;  Dwellings excluding houses ;  Total Sectors ;,A421359C,Building Approvals,Number,Month
2014-02-01,2500,Total number of dwelling units ;  New South Wales ;  Dwellings excluding houses ;  Total Sectors ;,A421359C,Building Approvals,Number,Month
2014-03-01,2341,Total number of dwelling units ;  New South Wales ;  Dwellings excluding houses ;  Total Sectors ;,A421359C,Building Approvals,Number,Month
2014-04-01,2247,Total number of dwelling units ;  New South Wales ;  Dwellings excluding houses ;  Total Sectors ;,A421359C,Building Approvals,Number,Month
2014-05-01,2190,Total number of dwelling units ;  New South Wales ;  Dwellings excluding houses ;  Total Sectors ;,A421359C,Building Approvals,Number,Month
2014-06-01,2175,Total number of dwelling units ;  New South Wales ;  Dwellings excluding houses ;  Total Sectors ;,A421359C,Building Approvals,Number,Month
2014-07-01,2229,Total number of dwelling units ;  New South Wales ;  Dwellings excluding houses ;  Total Sectors ;,A421359C,Building Approvals,Number,Month
2014-08-01,2366,Total number of dwelling units ;  New South Wales ;  Dwellings excluding houses ;  Total Sectors ;,A421359C,Building Approvals,Number,Month
2014-09-01,2577,Total number of dwelling units ;  New South Wales ;  Dwellings excluding houses ;  Total Sectors ;,A421359C,Building Approvals,Number,Month
2014-10-01,2850,Total number of dwelling units ;  New South Wales ;  Dwellings excluding houses ;  Total Sectors ;,A421359C,Building Approvals,Number,Month
2014-11-01,3102,Total number of dwelling units ;  New South Wales ;  Dwellings excluding houses ;  Total Sectors ;,A421359C,Building Approvals,Number,Month
2014-12-01,3303,Total number of dwelling units ;  New South Wales ;  Dwellings excluding houses ;  Total Sectors ;,A421359C,Building Approvals,Number,Month
2015-01-01,3396,Total number of dwelling units ;  New South Wales ;  Dwellings excluding houses ;  Total Sectors ;,A421359C,Building Approvals,Number,Month
2015-02-01,3428,Total number of dwelling units ;  New South Wales ;  Dwellings excluding houses ;  Total Sectors ;,A421359C,Building Approvals,Number,Month
2015-03-01,3444,Total number of dwelling units ;  New South Wales ;  Dwellings excluding houses ;  Total Sectors ;,A421359C,Building Approvals,Number,Month
2015-04-01,3426,Total number of dwelling units ;  New South Wales ;  Dwellings excluding houses ;  Total Sectors ;,A421359C,Building Approvals,Number,Month
2015-05-01,3399,Total number of dwelling units ;  New South Wales ;  Dwellings excluding houses ;  Total Sectors ;,A421359C,Building Approvals,Number,Month
2015-06-01,3387,Total number of dwelling units ;  New South Wales ;  Dwellings excluding houses ;  Total Sectors ;,A421359C,Building Approvals,Number,Month
2015-07-01,3453,Total number of dwelling units ;  New South Wales ;  Dwellings excluding houses ;  Total Sectors ;,A421359C,Building Approvals,Number,Month
2015-08-01,3561,Total number of dwelling units ;  New South Wales ;  Dwellings excluding houses ;  Total Sectors ;,A421359C,Building Approvals,Number,Month
2015-09-01,3681,Total number of dwelling units ;  New South Wales ;  Dwellings excluding houses ;  Total Sectors ;,A421359C,Building Approvals,Number,Month
2015-10-01,3745,Total number of dwelling units ;  New South Wales ;  Dwellings excluding houses ;  Total Sectors ;,A421359C,Building Approvals,Number,Month
2015-11-01,3729,Total number of dwelling units ;  New South Wales ;  Dwellings excluding houses ;  Total Sectors ;,A421359C,Building Approvals,Number,Month
2015-12-01,3687,Total number of dwelling units ;  New South Wales ;  Dwellings excluding houses ;  Total Sectors ;,A421359C,Building Approvals,Number,Month
2016-01-01,3608,Total number of dwelling units ;  New South Wales ;  Dwellings excluding houses ;  Total Sectors ;,A421359C,Building Approvals,Number,Month
2016-02-01,3513,Total number of dwelling units ;  New South Wales ;  Dwellings excluding houses ;  Total Sectors ;,A421359C,Building Approvals,Number,Month
2016-03-01,3498,Total number of dwelling units ;  New South Wales ;  Dwellings excluding houses ;  Total Sectors ;,A421359C,Building Approvals,Number,Month
2016-04-01,3672,Total number of dwelling units ;  New South Wales ;  Dwellings excluding houses ;  Total Sectors ;,A421359C,Building Approvals,Number,Month
2016-05-01,3967,Total number of dwelling units ;  New South Wales ;  Dwellings excluding houses ;  Total Sectors ;,A421359C,Building Approvals,Number,Month
2016-06-01,4241,Total number of dwelling units ;  New South Wales ;  Dwellings excluding houses ;  Total Sectors ;,A421359C,Building Approvals,Number,Month
2016-07-01,4372,Total number of dwelling units ;  New South Wales ;  Dwellings excluding houses ;  Total Sectors ;,A421359C,Building Approvals,Number,Month
2016-08-01,4301,Total number of dwelling units ;  New South Wales ;  Dwellings excluding houses ;  Total Sectors ;,A421359C,Building Approvals,Number,Month
2016-09-01,4113,Total number of dwelling units ;  New South Wales ;  Dwellings excluding houses ;  Total Sectors ;,A421359C,Building Approvals,Number,Month
2016-10-01,3827,Total number of dwelling units ;  New South Wales ;  Dwellings excluding houses ;  Total Sectors ;,A421359C,Building Approvals,Number,Month
2016-11-01,3527,Total number of dwelling units ;  New South Wales ;  Dwellings excluding houses ;  Total Sectors ;,A421359C,Building Approvals,Number,Month
2016-12-01,3284,Total number of dwelling units ;  New South Wales ;  Dwellings excluding houses ;  Total Sectors ;,A421359C,Building Approvals,Number,Month
2017-01-01,3125,Total number of dwelling units ;  New South Wales ;  Dwellings excluding houses ;  Total Sectors ;,A421359C,Building Approvals,Number,Month
2017-02-01,3087,Total number of dwelling units ;  New South Wales ;  Dwellings excluding houses ;  Total Sectors ;,A421359C,Building Approvals,Number,Month
2017-03-01,3100,Total number of dwelling units ;  New South Wales ;  Dwellings excluding houses ;  Total Sectors ;,A421359C,Building Approvals,Number,Month
2017-04-01,3151,Total number of dwelling units ;  New South Wales ;  Dwellings excluding houses ;  Total Sectors ;,A421359C,Building Approvals,Number,Month
2017-05-01,3286,Total number of dwelling units ;  New South Wales ;  Dwellings excluding houses ;  Total Sectors ;,A421359C,Building Approvals,Number,Month
2017-06-01,3529,Total number of dwelling units ;  New South Wales ;  Dwellings excluding houses ;  Total Sectors ;,A421359C,Building Approvals,Number,Month
2017-07-01,3807,Total number of dwelling units ;  New South Wales ;  Dwellings excluding houses ;  Total Sectors ;,A421359C,Building Approvals,Number,Month
2017-08-01,4016,Total number of dwelling units ;  New South Wales ;  Dwellings excluding houses ;  Total Sectors ;,A421359C,Building Approvals,Number,Month
2017-09-01,4070,Total number of dwelling units ;  New South Wales ;  Dwellings excluding houses ;  Total Sectors ;,A421359C,Building Approvals,Number,Month
2017-10-01,3948,Total number of dwelling units ;  New South Wales ;  Dwellings excluding houses ;  Total Sectors ;,A421359C,Building Approvals,Number,Month
2017-11-01,3720,Total number of dwelling units ;  New South Wales ;  Dwellings excluding houses ;  Total Sectors ;,A421359C,Building Approvals,Number,Month
2017-12-01,3453,Total number of dwelling units ;  New South Wales ;  Dwellings excluding houses ;  Total Sectors ;,A421359C,Building Approvals,Number,Month
2018-01-01,3241,Total number of dwelling units ;  New South Wales ;  Dwellings excluding houses ;  Total Sectors ;,A421359C,Building Approvals,Number,Month
2018-02-01,3134,Total number of dwelling units ;  New South Wales ;  Dwellings excluding houses ;  Total Sectors ;,A421359C,Building Approvals,Number,Month
2018-03-01,3118,Total number of dwelling units ;  New South Wales ;  Dwellings excluding houses ;  Total Sectors ;,A421359C,Building Approvals,Number,Month
2018-04-01,3155,Total number of dwelling units ;  New South Wales ;  Dwellings excluding houses ;  Total Sectors ;,A421359C,Building Approvals,Number,Month
2018-05-01,3176,Total number of dwelling units ;  New South Wales ;  Dwellings excluding houses ;  Total Sectors ;,A421359C,Building Approvals,Number,Month
2018-06-01,3143,Total number of dwelling units ;  New South Wales ;  Dwellings excluding houses ;  Total Sectors ;,A421359C,Building Approvals,Number,Month
2018-07-01,3043,Total number of dwelling units ;  New South Wales ;  Dwellings excluding houses ;  Total Sectors ;,A421359C,Building Approvals,Number,Month
2018-08-01,2866,Total number of dwelling units ;  New South Wales ;  Dwellings excluding houses ;  Total Sectors ;,A421359C,Building Approvals,Number,Month
2018-09-01,2645,Total number of dwelling units ;  New South Wales ;  Dwellings excluding houses ;  Total Sectors ;,A421359C,Building Approvals,Number,Month
2018-10-01,2437,Total number of dwelling units ;  New South Wales ;  Dwellings excluding houses ;  Total Sectors ;,A421359C,Building Approvals,Number,Month
2018-11-01,2312,Total number of dwelling units ;  New South Wales ;  Dwellings excluding houses ;  Total Sectors ;,A421359C,Building Approvals,Number,Month
2018-12-01,2287,Total number of dwelling units ;  New South Wales ;  Dwellings excluding houses ;  Total Sectors ;,A421359C,Building Approvals,Number,Month
2019-01-01,2347,Total number of dwelling units ;  New South Wales ;  Dwellings excluding houses ;  Total Sectors ;,A421359C,Building Approvals,Number,Month
2019-02-01,2425,Total number of dwelling units ;  New South Wales ;  Dwellings excluding houses ;  Total Sectors ;,A421359C,Building Approvals,Number,Month
2019-03-01,2449,Total number of dwelling units ;  New South Wales ;  Dwellings excluding houses ;  Total Sectors ;,A421359C,Building Approvals,Number,Month
2019-04-01,2414,Total number of dwelling units ;  New South Wales ;  Dwellings excluding houses ;  Total Sectors ;,A421359C,Building Approvals,Number,Month
2019-05-01,2278,Total number of dwelling units ;  New South Wales ;  Dwellings excluding houses ;  Total Sectors ;,A421359C,Building Approvals,Number,Month
2019-06-01,2101,Total number of dwelling units ;  New South Wales ;  Dwellings excluding houses ;  Total Sectors ;,A421359C,Building Approvals,Number,Month
2019-07-01,1987,Total number of dwelling units ;  New South Wales ;  Dwellings excluding houses ;  Total Sectors ;,A421359C,Building Approvals,Number,Month
2019-08-01,1959,Total number of dwelling units ;  New South Wales ;  Dwellings excluding houses ;  Total Sectors ;,A421359C,Building Approvals,Number,Month
2019-09-01,1976,Total number of dwelling units ;  New South Wales ;  Dwellings excluding houses ;  Total Sectors ;,A421359C,Building Approvals,Number,Month
2019-10-01,2034,Total number of dwelling units ;  New South Wales ;  Dwellings excluding houses ;  Total Sectors ;,A421359C,Building Approvals,Number,Month
2019-11-01,2151,Total number of dwelling units ;  New South Wales ;  Dwellings excluding houses ;  Total Sectors ;,A421359C,Building Approvals,Number,Month
2019-12-01,2272,Total number of dwelling units ;  New South Wales ;  Dwellings excluding houses ;  Total Sectors ;,A421359C,Building Approvals,Number,Month
2020-01-01,2319,Total number of dwelling units ;  New South Wales ;  Dwellings excluding houses ;  Total Sectors ;,A421359C,Building Approvals,Number,Month
2020-02-01,2315,Total number of dwelling units ;  New South Wales ;  Dwellings excluding houses ;  Total Sectors ;,A421359C,Building Approvals,Number,Month
2020-03-01,2187,Total number of dwelling units ;  New South Wales ;  Dwellings excluding houses ;  Total Sectors ;,A421359C,Building Approvals,Number,Month
2020-04-01,1980,Total number of dwelling units ;  New South Wales ;  Dwellings excluding houses ;  Total Sectors ;,A421359C,Building Approvals,Number,Month
2020-05-01,1744,Total number of dwelling units ;  New South Wales ;  Dwellings excluding houses ;  Total Sectors ;,A421359C,Building Approvals,Number,Month
2020-06-01,1590,Total number of dwelling units ;  New South Wales ;  Dwellings excluding houses ;  Total Sectors ;,A421359C,Building Approvals,Number,Month
2020-07-01,1575,Total number of dwelling units ;  New South Wales ;  Dwellings excluding houses ;  Total Sectors ;,A421359C,Building Approvals,Number,Month
2020-08-01,1732,Total number of dwelling units ;  New South Wales ;  Dwellings excluding houses ;  Total Sectors ;,A421359C,Building Approvals,Number,Month
2020-09-01,1965,Total number of dwelling units ;  New South Wales ;  Dwellings excluding houses ;  Total Sectors ;,A421359C,Building Approvals,Number,Month
2020-10-01,2164,Total number of dwelling units ;  New South Wales ;  Dwellings excluding houses ;  Total Sectors ;,A421359C,Building Approvals,Number,Month
2020-11-01,2288,Total number of dwelling units ;  New South Wales ;  Dwellings excluding houses ;  Total Sectors ;,A421359C,Building Approvals,Number,Month
2020-12-01,2407,Total number of dwelling units ;  New South Wales ;  Dwellings excluding houses ;  Total Sectors ;,A421359C,Building Approvals,Number,Month
2021-01-01,2567,Total number of dwelling units ;  New South Wales ;  Dwellings excluding houses ;  Total Sectors ;,A421359C,Building Approvals,Number,Month
2021-02-01,2767,Total number of dwelling units ;  New South Wales ;  Dwellings excluding houses ;  Total Sectors ;,A421359C,Building Approvals,Number,Month
2021-03-01,2926,Total number of dwelling units ;  New South Wales ;  Dwellings excluding houses ;  Total Sectors ;,A421359C,Building Approvals,Number,Month
2021-04-01,3043,Total number of dwelling units ;  New South Wales ;  Dwellings excluding houses ;  Total Sectors ;,A421359C,Building Approvals,Number,Month
2021-05-01,3073,Total number of dwelling units ;  New South Wales ;  Dwellings excluding houses ;  Total Sectors ;,A421359C,Building Approvals,Number,Month
2021-06-01,3004,Total number of dwelling units ;  New South Wales ;  Dwellings excluding houses ;  Total Sectors ;,A421359C,Building Approvals,Number,Month
2021-07-01,2887,Total number of dwelling units ;  New South Wales ;  Dwellings excluding houses ;  Total Sectors ;,A421359C,Building Approvals,Number,Month
2021-08-01,2761,Total number of dwelling units ;  New South Wales ;  Dwellings excluding houses ;  Total Sectors ;,A421359C,Building Approvals,Number,Month
2021-09-01,2664,Total number of dwelling units ;  New South Wales ;  Dwellings excluding houses ;  Total Sectors ;,A421359C,Building Approvals,Number,Month
2021-10-01,2576,Total number of dwelling units ;  New South Wales ;  Dwellings excluding houses ;  Total Sectors ;,A421359C,Building Approvals,Number,Month
2021-11-01,2450,Total number of dwelling units ;  New South Wales ;  Dwellings excluding houses ;  Total Sectors ;,A421359C,Building Approvals,Number,Month
2021-12-01,2299,Total number of dwelling units ;  New South Wales ;  Dwellings excluding houses ;  Total Sectors ;,A421359C,Building Approvals,Number,Month
2022-01-01,2154,Total number of dwelling units ;  New South Wales ;  Dwellings excluding houses ;  Total Sectors ;,A421359C,Building Approvals,Number,Month
2022-02-01,2034,Total number of dwelling units ;  New South Wales ;  Dwellings excluding houses ;  Total Sectors ;,A421359C,Building Approvals,Number,Month
2022-03-01,1953,Total number of dwelling units ;  New South Wales ;  Dwellings excluding houses ;  Total Sectors ;,A421359C,Building Approvals,Number,Month
2022-04-01,1954,Total number of dwelling units ;  New South Wales ;  Dwellings excluding houses ;  Total Sectors ;,A421359C,Building Approvals,Number,Month
2022-05-01,2031,Total number of dwelling units ;  New South Wales ;  Dwellings excluding houses ;  Total Sectors ;,A421359C,Building Approvals,Number,Month
2022-06-01,2151,Total number of dwelling units ;  New South Wales ;  Dwellings excluding houses ;  Total Sectors ;,A421359C,Building Approvals,Number,Month
2022-07-01,2299,Total number of dwelling units ;  New South Wales ;  Dwellings excluding houses ;  Total Sectors ;,A421359C,Building Approvals,Number,Month
2022-08-01,2429,Total number of dwelling units ;  New South Wales ;  Dwellings excluding houses ;  Total Sectors ;,A421359C,Building Approvals,Number,Month
2022-09-01,2465,Total number of dwelling units ;  New South Wales ;  Dwellings excluding houses ;  Total Sectors ;,A421359C,Building Approvals,Number,Month
2022-10-01,2324,Total number of dwelling units ;  New South Wales ;  Dwellings excluding houses ;  Total Sectors ;,A421359C,Building Approvals,Number,Month
2022-11-01,2017,Total number of dwelling units ;  New South Wales ;  Dwellings excluding houses ;  Total Sectors ;,A421359C,Building Approvals,Number,Month
2022-12-01,1738,Total number of dwelling units ;  New South Wales ;  Dwellings excluding houses ;  Total Sectors ;,A421359C,Building Approvals,Number,Month
2023-01-01,1665,Total number of dwelling units ;  New South Wales ;  Dwellings excluding houses ;  Total Sectors ;,A421359C,Building Approvals,Number,Month
2023-02-01,1847,Total number of dwelling units ;  New South Wales ;  Dwellings excluding houses ;  Total Sectors ;,A421359C,Building Approvals,Number,Month
2023-03-01,2167,Total number of dwelling units ;  New South Wales ;  Dwellings excluding houses ;  Total Sectors ;,A421359C,Building Approvals,Number,Month
2023-04-01,2425,Total number of dwelling units ;  New South Wales ;  Dwellings excluding houses ;  Total Sectors ;,A421359C,Building Approvals,Number,Month
2023-05-01,2506,Total number of dwelling units ;  New South Wales ;  Dwellings excluding houses ;  Total Sectors ;,A421359C,Building Approvals,Number,Month
2023-06-01,2407,Total number of dwelling units ;  New South Wales ;  Dwellings excluding houses ;  Total Sectors ;,A421359C,Building Approvals,Number,Month
2023-07-01,2175,Total number of dwelling units ;  New South Wales ;  Dwellings excluding houses ;  Total Sectors ;,A421359C,Building Approvals,Number,Month
2023-08-01,1874,Total number of dwelling units ;  New South Wales ;  Dwellings excluding houses ;  Total Sectors ;,A421359C,Building Approvals,Number,Month
2023-09-01,1663,Total number of dwelling units ;  New South Wales ;  Dwellings excluding houses ;  Total Sectors ;,A421359C,Building Approvals,Number,Month
2023-10-01,1577,Total number of dwelling units ;  New South Wales ;  Dwellings excluding houses ;  Total Sectors ;,A421359C,Building Approvals,Number,Month
2023-11-01,1592,Total number of dwelling units ;  New South Wales ;  Dwellings excluding houses ;  Total Sectors ;,A421359C,Building Approvals,Number,Month
2023-12-01,1636,Total number of dwelling units ;  New South Wales ;  Dwellings excluding houses ;  Total Sectors ;,A421359C,Building Approvals,Number,Month
2024-01-01,1636,Total number of dwelling units ;  New South Wales ;  Dwellings excluding houses ;  Total Sectors ;,A421359C,Building Approvals,Number,Month
2024-02-01,1676,Total number of dwelling units ;  New South Wales ;  Dwellings excluding houses ;  Total Sectors ;,A421359C,Building Approvals,Number,Month
2024-03-01,1746,Total number of dwelling units ;  New South Wales ;  Dwellings excluding houses ;  Total Sectors ;,A421359C,Building Approvals,Number,Month
2024-04-01,1783,Total number of dwelling units ;  New South Wales ;  Dwellings excluding houses ;  Total Sectors ;,A421359C,Building Approvals,Number,Month
2024-05-01,1759,Total number of dwelling units ;  New South Wales ;  Dwellings excluding houses ;  Total Sectors ;,A421359C,Building Approvals,Number,Month
2024-06-01,1681,Total number of dwelling units ;  New South Wales ;  Dwellings excluding houses ;  Total Sectors ;,A421359C,Building Approvals,Number,Month
2024-07-01,1638,Total number of dwelling units ;  New South Wales ;  Dwellings excluding houses ;  Total Sectors ;,A421359C,Building Approvals,Number,Month
2024-08-01,1689,Total number of dwelling units ;  New South Wales ;  Dwellings excluding houses ;  Total Sectors ;,A421359C,Building Approvals,Number,Month
2024-09-01,1815,Total number of dwelling units ;  New South Wales ;  Dwellings excluding houses ;  Total Sectors ;,A421359C,Building Approvals,Number,Month
2024-10-01,1939,Total number of dwelling units ;  New South Wales ;  Dwellings excluding houses ;  Total Sectors ;,A421359C,Building Approvals,Number,Month
2024-11-01,1998,Total number of dwelling units ;  New South Wales ;  Dwellings excluding houses ;  Total Sectors ;,A421359C,Building Approvals,Number,Month
2024-12-01,1980,Total number of dwelling units ;  New South Wales ;  Dwellings excluding houses ;  Total Sectors ;,A421359C,Building Approvals,Number,Month
2025-01-01,1962,Total number of dwelling units ;  New South Wales ;  Dwellings excluding houses ;  Total Sectors ;,A421359C,Building Approvals,Number,Month
2025-02-01,2036,Total number of dwelling units ;  New South Wales ;  Dwellings excluding houses ;  Total Sectors ;,A421359C,Building Approvals,Number,Month
2025-03-01,2156,Total number of dwelling units ;  New South Wales ;  Dwellings excluding houses ;  Total Sectors ;,A421359C,Building Approvals,Number,Month
2025-04-01,2332,Total number of dwelling units ;  New South Wales ;  Dwellings excluding houses ;  Total Sectors ;,A421359C,Building Approvals,Number,Month
2025-05-01,2500,Total number of dwelling units ;  New South Wales ;  Dwellings excluding houses ;  Total Sectors ;,A421359C,Building Approvals,Number,Month
2025-06-01,2594,Total number of dwelling units ;  New South Wales ;  Dwellings excluding houses ;  Total Sectors ;,A421359C,Building Approvals,Number,Month
2025-07-01,2632,Total number of dwelling units ;  New South Wales ;  Dwellings excluding houses ;  Total Sectors ;,A421359C,Building Approvals,Number,Month
2025-08-01,2604,Total number of dwelling units ;  New South Wales ;  Dwellings excluding houses ;  Total Sectors ;,A421359C,Building Approvals,Number,Month
2025-09-01,2565,Total number of dwelling units ;  New South Wales ;  Dwellings excluding houses ;  Total Sectors ;,A421359C,Building Approvals,Number,Month
2025-10-01,2520,Total number of dwelling units ;  New South Wales ;  Dwellings excluding houses ;  Total Sectors ;,A421359C,Building Approvals,Number,Month
2025-11-01,2449,Total number of dwelling units ;  New South Wales ;  Dwellings excluding houses ;  Total Sectors ;,A421359C,Building Approvals,Number,Month
2025-12-01,2339,Total number of dwelling units ;  New South Wales ;  Dwellings excluding houses ;  Total Sectors ;,A421359C,Building Approvals,Number,Month
2026-01-01,2206,Total number of dwelling units ;  New South Wales ;  Dwellings excluding houses ;  Total Sectors ;,A421359C,Building Approvals,Number,Month
2026-02-01,2114,Total number of dwelling units ;  New South Wales ;  Dwellings excluding houses ;  Total Sectors ;,A421359C,Building Approvals,Number,Month
2026-03-01,2136,Total number of dwelling units ;  New South Wales ;  Dwellings excluding houses ;  Total Sectors ;,A421359C,Building Approvals,Number,Month
2026-04-01,2216,Total number of dwelling units ;  New South Wales ;  Dwellings excluding houses ;  Total Sectors ;,A421359C,Building Approvals,Number,Month
2026-05-01,2307,Total number of dwelling units ;  New South Wales ;  Dwellings excluding houses ;  Total Sectors ;,A421359C,Building Approvals,Number,Month
2026-06-01,2450,Total number of dwelling units ;  New South Wales ;  Dwellings excluding houses ;  Total Sectors ;,A421359C,Building Approvals,Number,Month
1983-07-01,2160,Total number of dwelling units ;  New South Wales ;  Houses ;  Private Sector ;,A418461R,Building Approvals,Number,Month
1983-08-01,2314,Total number of dwelling units ;  New South Wales ;  Houses ;  Private Sector ;,A418461R,Building Approvals,Number,Month
1983-09-01,2329,Total number of dwelling units ;  New South Wales ;  Houses ;  Private Sector ;,A418461R,Building Approvals,Number,Month
1983-10-01,2166,Total number of dwelling units ;  New South Wales ;  Houses ;  Private Sector ;,A418461R,Building Approvals,Number,Month
1983-11-01,2504,Total number of dwelling units ;  New South Wales ;  Houses ;  Private Sector ;,A418461R,Building Approvals,Number,Month
1983-12-01,3192,Total number of dwelling units ;  New South Wales ;  Houses ;  Private Sector ;,A418461R,Building Approvals,Number,Month
1984-01-01,2466,Total number of dwelling units ;  New South Wales ;  Houses ;  Private Sector ;,A418461R,Building Approvals,Number,Month
1984-02-01,2514,Total number of dwelling units ;  New South Wales ;  Houses ;  Private Sector ;,A418461R,Building Approvals,Number,Month
1984-03-01,2521,Total number of dwelling units ;  New South Wales ;  Houses ;  Private Sector ;,A418461R,Building Approvals,Number,Month
1984-04-01,2464,Total number of dwelling units ;  New South Wales ;  Houses ;  Private Sector ;,A418461R,Building Approvals,Number,Month
1984-05-01,2493,Total number of dwelling units ;  New South Wales ;  Houses ;  Private Sector ;,A418461R,Building Approvals,Number,Month
1984-06-01,2456,Total number of dwelling units ;  New South Wales ;  Houses ;  Private Sector ;,A418461R,Building Approvals,Number,Month
1984-07-01,2492,Total number of dwelling units ;  New South Wales ;  Houses ;  Private Sector ;,A418461R,Building Approvals,Number,Month
1984-08-01,2486,Total number of dwelling units ;  New South Wales ;  Houses ;  Private Sector ;,A418461R,Building Approvals,Number,Month
1984-09-01,2375,Total number of dwelling units ;  New South Wales ;  Houses ;  Private Sector ;,A418461R,Building Approvals,Number,Month
1984-10-01,2431,Total number of dwelling units ;  New South Wales ;  Houses ;  Private Sector ;,A418461R,Building Approvals,Number,Month
1984-11-01,2401,Total number of dwelling units ;  New South Wales ;  Houses ;  Private Sector ;,A418461R,Building Approvals,Number,Month
1984-12-01,2536,Total number of dwelling units ;  New South Wales ;  Houses ;  Private Sector ;,A418461R,Building Approvals,Number,Month
1985-01-01,2360,Total number of dwelling units ;  New South Wales ;  Houses ;  Private Sector ;,A418461R,Building Approvals,Number,Month
1985-02-01,2355,Total number of dwelling units ;  New South Wales ;  Houses ;  Private Sector ;,A418461R,Building Approvals,Number,Month
1985-03-01,2336,Total number of dwelling units ;  New South Wales ;  Houses ;  Private Sector ;,A418461R,Building Approvals,Number,Month
1985-04-01,2694,Total number of dwelling units ;  New South Wales ;  Houses ;  Private Sector ;,A418461R,Building Approvals,Number,Month
1985-05-01,2423,Total number of dwelling units ;  New South Wales ;  Houses ;  Private Sector ;,A418461R,Building Approvals,Number,Month
1985-06-01,2435,Total number of dwelling units ;  New South Wales ;  Houses ;  Private Sector ;,A418461R,Building Approvals,Number,Month
1985-07-01,2526,Total number of dwelling units ;  New South Wales ;  Houses ;  Private Sector ;,A418461R,Building Approvals,Number,Month
1985-08-01,2353,Total number of dwelling units ;  New South Wales ;  Houses ;  Private Sector ;,A418461R,Building Approvals,Number,Month
1985-09-01,2354,Total number of dwelling units ;  New South Wales ;  Houses ;  Private Sector ;,A418461R,Building Approvals,Number,Month
1985-10-01,2734,Total number of dwelling units ;  New South Wales ;  Houses ;  Private Sector ;,A418461R,Building Approvals,Number,Month
1985-11-01,2034,Total number of dwelling units ;  New South Wales ;  Houses ;  Private Sector ;,A418461R,Building Approvals,Number,Month
1985-12-01,2127,Total number of dwelling units ;  New South Wales ;  Houses ;  Private Sector ;,A418461R,Building Approvals,Number,Month
1986-01-01,2013,Total number of dwelling units ;  New South Wales ;  Houses ;  Private Sector ;,A418461R,Building Approvals,Number,Month
1986-02-01,2013,Total number of dwelling units ;  New South Wales ;  Houses ;  Private Sector ;,A418461R,Building Approvals,Number,Month
1986-03-01,2010,Total number of dwelling units ;  New South Wales ;  Houses ;  Private Sector ;,A418461R,Building Approvals,Number,Month
1986-04-01,1730,Total number of dwelling units ;  New South Wales ;  Houses ;  Private Sector ;,A418461R,Building Approvals,Number,Month
1986-05-01,1905,Total number of dwelling units ;  New South Wales ;  Houses ;  Private Sector ;,A418461R,Building Approvals,Number,Month
1986-06-01,1980,Total number of dwelling units ;  New South Wales ;  Houses ;  Private Sector ;,A418461R,Building Approvals,Number,Month
1986-07-01,1813,Total number of dwelling units ;  New South Wales ;  Houses ;  Private Sector ;,A418461R,Building Approvals,Number,Month
1986-08-01,1887,Total number of dwelling units ;  New South Wales ;  Houses ;  Private Sector ;,A418461R,Building Approvals,Number,Month
1986-09-01,1848,Total number of dwelling units ;  New South Wales ;  Houses ;  Private Sector ;,A418461R,Building Approvals,Number,Month
1986-10-01,1642,Total number of dwelling units ;  New South Wales ;  Houses ;  Private Sector ;,A418461R,Building Approvals,Number,Month
1986-11-01,1788,Total number of dwelling units ;  New South Wales ;  Houses ;  Private Sector ;,A418461R,Building Approvals,Number,Month
1986-12-01,1699,Total number of dwelling units ;  New South Wales ;  Houses ;  Private Sector ;,A418461R,Building Approvals,Number,Month
1987-01-01,1775,Total number of dwelling units ;  New South Wales ;  Houses ;  Private Sector ;,A418461R,Building Approvals,Number,Month
1987-02-01,1960,Total number of dwelling units ;  New South Wales ;  Houses ;  Private Sector ;,A418461R,Building Approvals,Number,Month
1987-03-01,1920,Total number of dwelling units ;  New South Wales ;  Houses ;  Private Sector ;,A418461R,Building Approvals,Number,Month
1987-04-01,1988,Total number of dwelling units ;  New South Wales ;  Houses ;  Private Sector ;,A418461R,Building Approvals,Number,Month
1987-05-01,2016,Total number of dwelling units ;  New South Wales ;  Houses ;  Private Sector ;,A418461R,Building Approvals,Number,Month
1987-06-01,1759,Total number of dwelling units ;  New South Wales ;  Houses ;  Private Sector ;,A418461R,Building Approvals,Number,Month
1987-07-01,2206,Total number of dwelling units ;  New South Wales ;  Houses ;  Private Sector ;,A418461R,Building Approvals,Number,Month
1987-08-01,2007,Total number of dwelling units ;  New South Wales ;  Houses ;  Private Sector ;,A418461R,Building Approvals,Number,Month
1987-09-01,2368,Total number of dwelling units ;  New South Wales ;  Houses ;  Private Sector ;,A418461R,Building Approvals,Number,Month
1987-10-01,2691,Total number of dwelling units ;  New South Wales ;  Houses ;  Private Sector ;,A418461R,Building Approvals,Number,Month
1987-11-01,2777,Total number of dwelling units ;  New South Wales ;  Houses ;  Private Sector ;,A418461R,Building Approvals,Number,Month
1987-12-01,2790,Total number of dwelling units ;  New South Wales ;  Houses ;  Private Sector ;,A418461R,Building Approvals,Number,Month
1988-01-01,2864,Total number of dwelling units ;  New South Wales ;  Houses ;  Private Sector ;,A418461R,Building Approvals,Number,Month
1988-02-01,2710,Total number of dwelling units ;  New South Wales ;  Houses ;  Private Sector ;,A418461R,Building Approvals,Number,Month
1988-03-01,2685,Total number of dwelling units ;  New South Wales ;  Houses ;  Private Sector ;,A418461R,Building Approvals,Number,Month
1988-04-01,2945,Total number of dwelling units ;  New South Wales ;  Houses ;  Private Sector ;,A418461R,Building Approvals,Number,Month
1988-05-01,3101,Total number of dwelling units ;  New South Wales ;  Houses ;  Private Sector ;,A418461R,Building Approvals,Number,Month
1988-06-01,3282,Total number of dwelling units ;  New South Wales ;  Houses ;  Private Sector ;,A418461R,Building Approvals,Number,Month
1988-07-01,3191,Total number of dwelling units ;  New South Wales ;  Houses ;  Private Sector ;,A418461R,Building Approvals,Number,Month
1988-08-01,3588,Total number of dwelling units ;  New South Wales ;  Houses ;  Private Sector ;,A418461R,Building Approvals,Number,Month
1988-09-01,2987,Total number of dwelling units ;  New South Wales ;  Houses ;  Private Sector ;,A418461R,Building Approvals,Number,Month
1988-10-01,2755,Total number of dwelling units ;  New South Wales ;  Houses ;  Private Sector ;,A418461R,Building Approvals,Number,Month
1988-11-01,3125,Total number of dwelling units ;  New South Wales ;  Houses ;  Private Sector ;,A418461R,Building Approvals,Number,Month
1988-12-01,3275,Total number of dwelling units ;  New South Wales ;  Houses ;  Private Sector ;,A418461R,Building Approvals,Number,Month
1989-01-01,3164,Total number of dwelling units ;  New South Wales ;  Houses ;  Private Sector ;,A418461R,Building Approvals,Number,Month
1989-02-01,2973,Total number of dwelling units ;  New South Wales ;  Houses ;  Private Sector ;,A418461R,Building Approvals,Number,Month
1989-03-01,2895,Total number of dwelling units ;  New South Wales ;  Houses ;  Private Sector ;,A418461R,Building Approvals,Number,Month
1989-04-01,2664,Total number of dwelling units ;  New South Wales ;  Houses ;  Private Sector ;,A418461R,Building Approvals,Number,Month
1989-05-01,2588,Total number of dwelling units ;  New South Wales ;  Houses ;  Private Sector ;,A418461R,Building Approvals,Number,Month
1989-06-01,2200,Total number of dwelling units ;  New South Wales ;  Houses ;  Private Sector ;,A418461R,Building Approvals,Number,Month
1989-07-01,2021,Total number of dwelling units ;  New South Wales ;  Houses ;  Private Sector ;,A418461R,Building Approvals,Number,Month
1989-08-01,2113,Total number of dwelling units ;  New South Wales ;  Houses ;  Private Sector ;,A418461R,Building Approvals,Number,Month
1989-09-01,2145,Total number of dwelling units ;  New South Wales ;  Houses ;  Private Sector ;,A418461R,Building Approvals,Number,Month
1989-10-01,2179,Total number of dwelling units ;  New South Wales ;  Houses ;  Private Sector ;,A418461R,Building Approvals,Number,Month
1989-11-01,2056,Total number of dwelling units ;  New South Wales ;  Houses ;  Private Sector ;,A418461R,Building Approvals,Number,Month
1989-12-01,2140,Total number of dwelling units ;  New South Wales ;  Houses ;  Private Sector ;,A418461R,Building Approvals,Number,Month
1990-01-01,2105,Total number of dwelling units ;  New South Wales ;  Houses ;  Private Sector ;,A418461R,Building Approvals,Number,Month
1990-02-01,2044,Total number of dwelling units ;  New South Wales ;  Houses ;  Private Sector ;,A418461R,Building Approvals,Number,Month
1990-03-01,2196,Total number of dwelling units ;  New South Wales ;  Houses ;  Private Sector ;,A418461R,Building Approvals,Number,Month
1990-04-01,2068,Total number of dwelling units ;  New South Wales ;  Houses ;  Private Sector ;,A418461R,Building Approvals,Number,Month
1990-05-01,2042,Total number of dwelling units ;  New South Wales ;  Houses ;  Private Sector ;,A418461R,Building Approvals,Number,Month
1990-06-01,2091,Total number of dwelling units ;  New South Wales ;  Houses ;  Private Sector ;,A418461R,Building Approvals,Number,Month
1990-07-01,1892,Total number of dwelling units ;  New South Wales ;  Houses ;  Private Sector ;,A418461R,Building Approvals,Number,Month
1990-08-01,1963,Total number of dwelling units ;  New South Wales ;  Houses ;  Private Sector ;,A418461R,Building Approvals,Number,Month
1990-09-01,2020,Total number of dwelling units ;  New South Wales ;  Houses ;  Private Sector ;,A418461R,Building Approvals,Number,Month
1990-10-01,1979,Total number of dwelling units ;  New South Wales ;  Houses ;  Private Sector ;,A418461R,Building Approvals,Number,Month
1990-11-01,2350,Total number of dwelling units ;  New South Wales ;  Houses ;  Private Sector ;,A418461R,Building Approvals,Number,Month
1990-12-01,2024,Total number of dwelling units ;  New South Wales ;  Houses ;  Private Sector ;,A418461R,Building Approvals,Number,Month
1991-01-01,2136,Total number of dwelling units ;  New South Wales ;  Houses ;  Private Sector ;,A418461R,Building Approvals,Number,Month
1991-02-01,1978,Total number of dwelling units ;  New South Wales ;  Houses ;  Private Sector ;,A418461R,Building Approvals,Number,Month
1991-03-01,2114,Total number of dwelling units ;  New South Wales ;  Houses ;  Private Sector ;,A418461R,Building Approvals,Number,Month
1991-04-01,1885,Total number of dwelling units ;  New South Wales ;  Houses ;  Private Sector ;,A418461R,Building Approvals,Number,Month
1991-05-01,2078,Total number of dwelling units ;  New South Wales ;  Houses ;  Private Sector ;,A418461R,Building Approvals,Number,Month
1991-06-01,2061,Total number of dwelling units ;  New South Wales ;  Houses ;  Private Sector ;,A418461R,Building Approvals,Number,Month
1991-07-01,2281,Total number of dwelling units ;  New South Wales ;  Houses ;  Private Sector ;,A418461R,Building Approvals,Number,Month
1991-08-01,2396,Total number of dwelling units ;  New South Wales ;  Houses ;  Private Sector ;,A418461R,Building Approvals,Number,Month
1991-09-01,2382,Total number of dwelling units ;  New South Wales ;  Houses ;  Private Sector ;,A418461R,Building Approvals,Number,Month
1991-10-01,2166,Total number of dwelling units ;  New South Wales ;  Houses ;  Private Sector ;,A418461R,Building Approvals,Number,Month
1991-11-01,2221,Total number of dwelling units ;  New South Wales ;  Houses ;  Private Sector ;,A418461R,Building Approvals,Number,Month
1991-12-01,2182,Total number of dwelling units ;  New South Wales ;  Houses ;  Private Sector ;,A418461R,Building Approvals,Number,Month
1992-01-01,1976,Total number of dwelling units ;  New South Wales ;  Houses ;  Private Sector ;,A418461R,Building Approvals,Number,Month
1992-02-01,2115,Total number of dwelling units ;  New South Wales ;  Houses ;  Private Sector ;,A418461R,Building Approvals,Number,Month
1992-03-01,2192,Total number of dwelling units ;  New South Wales ;  Houses ;  Private Sector ;,A418461R,Building Approvals,Number,Month
1992-04-01,2436,Total number of dwelling units ;  New South Wales ;  Houses ;  Private Sector ;,A418461R,Building Approvals,Number,Month
1992-05-01,2201,Total number of dwelling units ;  New South Wales ;  Houses ;  Private Sector ;,A418461R,Building Approvals,Number,Month
1992-06-01,2389,Total number of dwelling units ;  New South Wales ;  Houses ;  Private Sector ;,A418461R,Building Approvals,Number,Month
1992-07-01,2438,Total number of dwelling units ;  New South Wales ;  Houses ;  Private Sector ;,A418461R,Building Approvals,Number,Month
1992-08-01,2318,Total number of dwelling units ;  New South Wales ;  Houses ;  Private Sector ;,A418461R,Building Approvals,Number,Month
1992-09-01,2351,Total number of dwelling units ;  New South Wales ;  Houses ;  Private Sector ;,A418461R,Building Approvals,Number,Month
1992-10-01,2379,Total number of dwelling units ;  New South Wales ;  Houses ;  Private Sector ;,A418461R,Building Approvals,Number,Month
1992-11-01,2376,Total number of dwelling units ;  New South Wales ;  Houses ;  Private Sector ;,A418461R,Building Approvals,Number,Month
1992-12-01,2607,Total number of dwelling units ;  New South Wales ;  Houses ;  Private Sector ;,A418461R,Building Approvals,Number,Month
1993-01-01,2308,Total number of dwelling units ;  New South Wales ;  Houses ;  Private Sector ;,A418461R,Building Approvals,Number,Month
1993-02-01,2475,Total number of dwelling units ;  New South Wales ;  Houses ;  Private Sector ;,A418461R,Building Approvals,Number,Month
1993-03-01,2322,Total number of dwelling units ;  New South Wales ;  Houses ;  Private Sector ;,A418461R,Building Approvals,Number,Month
1993-04-01,2446,Total number of dwelling units ;  New South Wales ;  Houses ;  Private Sector ;,A418461R,Building Approvals,Number,Month
1993-05-01,2329,Total number of dwelling units ;  New South Wales ;  Houses ;  Private Sector ;,A418461R,Building Approvals,Number,Month
1993-06-01,2375,Total number of dwelling units ;  New South Wales ;  Houses ;  Private Sector ;,A418461R,Building Approvals,Number,Month
1993-07-01,2386,Total number of dwelling units ;  New South Wales ;  Houses ;  Private Sector ;,A418461R,Building Approvals,Number,Month
1993-08-01,2276,Total number of dwelling units ;  New South Wales ;  Houses ;  Private Sector ;,A418461R,Building Approvals,Number,Month
1993-09-01,2304,Total number of dwelling units ;  New South Wales ;  Houses ;  Private Sector ;,A418461R,Building Approvals,Number,Month
1993-10-01,2456,Total number of dwelling units ;  New South Wales ;  Houses ;  Private Sector ;,A418461R,Building Approvals,Number,Month
1993-11-01,2355,Total number of dwelling units ;  New South Wales ;  Houses ;  Private Sector ;,A418461R,Building Approvals,Number,Month
1993-12-01,2344,Total number of dwelling units ;  New South Wales ;  Houses ;  Private Sector ;,A418461R,Building Approvals,Number,Month
1994-01-01,2443,Total number of dwelling units ;  New South Wales ;  Houses ;  Private Sector ;,A418461R,Building Approvals,Number,Month
1994-02-01,2451,Total number of dwelling units ;  New South Wales ;  Houses ;  Private Sector ;,A418461R,Building Approvals,Number,Month
1994-03-01,2628,Total number of dwelling units ;  New South Wales ;  Houses ;  Private Sector ;,A418461R,Building Approvals,Number,Month
1994-04-01,2692,Total number of dwelling units ;  New South Wales ;  Houses ;  Private Sector ;,A418461R,Building Approvals,Number,Month
1994-05-01,2864,Total number of dwelling units ;  New South Wales ;  Houses ;  Private Sector ;,A418461R,Building Approvals,Number,Month
1994-06-01,2735,Total number of dwelling units ;  New South Wales ;  Houses ;  Private Sector ;,A418461R,Building Approvals,Number,Month
1994-07-01,2640,Total number of dwelling units ;  New South Wales ;  Houses ;  Private Sector ;,A418461R,Building Approvals,Number,Month
1994-08-01,2732,Total number of dwelling units ;  New South Wales ;  Houses ;  Private Sector ;,A418461R,Building Approvals,Number,Month
1994-09-01,2505,Total number of dwelling units ;  New South Wales ;  Houses ;  Private Sector ;,A418461R,Building Approvals,Number,Month
1994-10-01,2841,Total number of dwelling units ;  New South Wales ;  Houses ;  Private Sector ;,A418461R,Building Approvals,Number,Month
1994-11-01,2656,Total number of dwelling units ;  New South Wales ;  Houses ;  Private Sector ;,A418461R,Building Approvals,Number,Month
1994-12-01,2322,Total number of dwelling units ;  New South Wales ;  Houses ;  Private Sector ;,A418461R,Building Approvals,Number,Month
1995-01-01,2380,Total number of dwelling units ;  New South Wales ;  Houses ;  Private Sector ;,A418461R,Building Approvals,Number,Month
1995-02-01,2294,Total number of dwelling units ;  New South Wales ;  Houses ;  Private Sector ;,A418461R,Building Approvals,Number,Month
1995-03-01,2005,Total number of dwelling units ;  New South Wales ;  Houses ;  Private Sector ;,A418461R,Building Approvals,Number,Month
1995-04-01,2039,Total number of dwelling units ;  New South Wales ;  Houses ;  Private Sector ;,A418461R,Building Approvals,Number,Month
1995-05-01,2154,Total number of dwelling units ;  New South Wales ;  Houses ;  Private Sector ;,A418461R,Building Approvals,Number,Month
1995-06-01,2029,Total number of dwelling units ;  New South Wales ;  Houses ;  Private Sector ;,A418461R,Building Approvals,Number,Month
1995-07-01,2025,Total number of dwelling units ;  New South Wales ;  Houses ;  Private Sector ;,A418461R,Building Approvals,Number,Month
1995-08-01,2071,Total number of dwelling units ;  New South Wales ;  Houses ;  Private Sector ;,A418461R,Building Approvals,Number,Month
1995-09-01,2148,Total number of dwelling units ;  New South Wales ;  Houses ;  Private Sector ;,A418461R,Building Approvals,Number,Month
1995-10-01,1939,Total number of dwelling units ;  New South Wales ;  Houses ;  Private Sector ;,A418461R,Building Approvals,Number,Month
1995-11-01,2007,Total number of dwelling units ;  New South Wales ;  Houses ;  Private Sector ;,A418461R,Building Approvals,Number,Month
1995-12-01,2030,Total number of dwelling units ;  New South Wales ;  Houses ;  Private Sector ;,A418461R,Building Approvals,Number,Month
1996-01-01,1885,Total number of dwelling units ;  New South Wales ;  Houses ;  Private Sector ;,A418461R,Building Approvals,Number,Month
1996-02-01,2149,Total number of dwelling units ;  New South Wales ;  Houses ;  Private Sector ;,A418461R,Building Approvals,Number,Month
1996-03-01,2134,Total number of dwelling units ;  New South Wales ;  Houses ;  Private Sector ;,A418461R,Building Approvals,Number,Month
1996-04-01,1901,Total number of dwelling units ;  New South Wales ;  Houses ;  Private Sector ;,A418461R,Building Approvals,Number,Month
1996-05-01,1870,Total number of dwelling units ;  New South Wales ;  Houses ;  Private Sector ;,A418461R,Building Approvals,Number,Month
1996-06-01,1994,Total number of dwelling units ;  New South Wales ;  Houses ;  Private Sector ;,A418461R,Building Approvals,Number,Month
1996-07-01,2014,Total number of dwelling units ;  New South Wales ;  Houses ;  Private Sector ;,A418461R,Building Approvals,Number,Month
1996-08-01,2042,Total number of dwelling units ;  New South Wales ;  Houses ;  Private Sector ;,A418461R,Building Approvals,Number,Month
1996-09-01,2179,Total number of dwelling units ;  New South Wales ;  Houses ;  Private Sector ;,A418461R,Building Approvals,Number,Month
1996-10-01,1926,Total number of dwelling units ;  New South Wales ;  Houses ;  Private Sector ;,A418461R,Building Approvals,Number,Month
1996-11-01,2037,Total number of dwelling units ;  New South Wales ;  Houses ;  Private Sector ;,A418461R,Building Approvals,Number,Month
1996-12-01,2095,Total number of dwelling units ;  New South Wales ;  Houses ;  Private Sector ;,A418461R,Building Approvals,Number,Month
1997-01-01,2081,Total number of dwelling units ;  New South Wales ;  Houses ;  Private Sector ;,A418461R,Building Approvals,Number,Month
1997-02-01,2077,Total number of dwelling units ;  New South Wales ;  Houses ;  Private Sector ;,A418461R,Building Approvals,Number,Month
1997-03-01,2002,Total number of dwelling units ;  New South Wales ;  Houses ;  Private Sector ;,A418461R,Building Approvals,Number,Month
1997-04-01,2075,Total number of dwelling units ;  New South Wales ;  Houses ;  Private Sector ;,A418461R,Building Approvals,Number,Month
1997-05-01,3012,Total number of dwelling units ;  New South Wales ;  Houses ;  Private Sector ;,A418461R,Building Approvals,Number,Month
1997-06-01,2137,Total number of dwelling units ;  New South Wales ;  Houses ;  Private Sector ;,A418461R,Building Approvals,Number,Month
1997-07-01,2069,Total number of dwelling units ;  New South Wales ;  Houses ;  Private Sector ;,A418461R,Building Approvals,Number,Month
1997-08-01,2334,Total number of dwelling units ;  New South Wales ;  Houses ;  Private Sector ;,A418461R,Building Approvals,Number,Month
1997-09-01,2286,Total number of dwelling units ;  New South Wales ;  Houses ;  Private Sector ;,A418461R,Building Approvals,Number,Month
1997-10-01,2427,Total number of dwelling units ;  New South Wales ;  Houses ;  Private Sector ;,A418461R,Building Approvals,Number,Month
1997-11-01,2456,Total number of dwelling units ;  New South Wales ;  Houses ;  Private Sector ;,A418461R,Building Approvals,Number,Month
1997-12-01,2445,Total number of dwelling units ;  New South Wales ;  Houses ;  Private Sector ;,A418461R,Building Approvals,Number,Month
1998-01-01,2515,Total number of dwelling units ;  New South Wales ;  Houses ;  Private Sector ;,A418461R,Building Approvals,Number,Month
1998-02-01,2426,Total number of dwelling units ;  New South Wales ;  Houses ;  Private Sector ;,A418461R,Building Approvals,Number,Month
1998-03-01,2420,Total number of dwelling units ;  New South Wales ;  Houses ;  Private Sector ;,A418461R,Building Approvals,Number,Month
1998-04-01,2658,Total number of dwelling units ;  New South Wales ;  Houses ;  Private Sector ;,A418461R,Building Approvals,Number,Month
1998-05-01,2448,Total number of dwelling units ;  New South Wales ;  Houses ;  Private Sector ;,A418461R,Building Approvals,Number,Month
1998-06-01,2530,Total number of dwelling units ;  New South Wales ;  Houses ;  Private Sector ;,A418461R,Building Approvals,Number,Month
1998-07-01,2391,Total number of dwelling units ;  New South Wales ;  Houses ;  Private Sector ;,A418461R,Building Approvals,Number,Month
1998-08-01,2101,Total number of dwelling units ;  New South Wales ;  Houses ;  Private Sector ;,A418461R,Building Approvals,Number,Month
1998-09-01,2266,Total number of dwelling units ;  New South Wales ;  Houses ;  Private Sector ;,A418461R,Building Approvals,Number,Month
1998-10-01,2271,Total number of dwelling units ;  New South Wales ;  Houses ;  Private Sector ;,A418461R,Building Approvals,Number,Month
1998-11-01,2258,Total number of dwelling units ;  New South Wales ;  Houses ;  Private Sector ;,A418461R,Building Approvals,Number,Month
1998-12-01,2311,Total number of dwelling units ;  New South Wales ;  Houses ;  Private Sector ;,A418461R,Building Approvals,Number,Month
1999-01-01,2206,Total number of dwelling units ;  New South Wales ;  Houses ;  Private Sector ;,A418461R,Building Approvals,Number,Month
1999-02-01,2244,Total number of dwelling units ;  New South Wales ;  Houses ;  Private Sector ;,A418461R,Building Approvals,Number,Month
1999-03-01,2452,Total number of dwelling units ;  New South Wales ;  Houses ;  Private Sector ;,A418461R,Building Approvals,Number,Month
1999-04-01,2280,Total number of dwelling units ;  New South Wales ;  Houses ;  Private Sector ;,A418461R,Building Approvals,Number,Month
1999-05-01,2621,Total number of dwelling units ;  New South Wales ;  Houses ;  Private Sector ;,A418461R,Building Approvals,Number,Month
1999-06-01,2533,Total number of dwelling units ;  New South Wales ;  Houses ;  Private Sector ;,A418461R,Building Approvals,Number,Month
1999-07-01,2904,Total number of dwelling units ;  New South Wales ;  Houses ;  Private Sector ;,A418461R,Building Approvals,Number,Month
1999-08-01,2709,Total number of dwelling units ;  New South Wales ;  Houses ;  Private Sector ;,A418461R,Building Approvals,Number,Month
1999-09-01,2586,Total number of dwelling units ;  New South Wales ;  Houses ;  Private Sector ;,A418461R,Building Approvals,Number,Month
1999-10-01,2671,Total number of dwelling units ;  New South Wales ;  Houses ;  Private Sector ;,A418461R,Building Approvals,Number,Month
1999-11-01,2696,Total number of dwelling units ;  New South Wales ;  Houses ;  Private Sector ;,A418461R,Building Approvals,Number,Month
1999-12-01,3025,Total number of dwelling units ;  New South Wales ;  Houses ;  Private Sector ;,A418461R,Building Approvals,Number,Month
2000-01-01,2738,Total number of dwelling units ;  New South Wales ;  Houses ;  Private Sector ;,A418461R,Building Approvals,Number,Month
2000-02-01,2701,Total number of dwelling units ;  New South Wales ;  Houses ;  Private Sector ;,A418461R,Building Approvals,Number,Month
2000-03-01,2772,Total number of dwelling units ;  New South Wales ;  Houses ;  Private Sector ;,A418461R,Building Approvals,Number,Month
2000-04-01,2358,Total number of dwelling units ;  New South Wales ;  Houses ;  Private Sector ;,A418461R,Building Approvals,Number,Month
2000-05-01,2075,Total number of dwelling units ;  New South Wales ;  Houses ;  Private Sector ;,A418461R,Building Approvals,Number,Month
2000-06-01,1774,Total number of dwelling units ;  New South Wales ;  Houses ;  Private Sector ;,A418461R,Building Approvals,Number,Month
2000-07-01,1380,Total number of dwelling units ;  New South Wales ;  Houses ;  Private Sector ;,A418461R,Building Approvals,Number,Month
2000-08-01,1532,Total number of dwelling units ;  New South Wales ;  Houses ;  Private Sector ;,A418461R,Building Approvals,Number,Month
2000-09-01,1508,Total number of dwelling units ;  New South Wales ;  Houses ;  Private Sector ;,A418461R,Building Approvals,Number,Month
2000-10-01,1685,Total number of dwelling units ;  New South Wales ;  Houses ;  Private Sector ;,A418461R,Building Approvals,Number,Month
2000-11-01,1509,Total number of dwelling units ;  New South Wales ;  Houses ;  Private Sector ;,A418461R,Building Approvals,Number,Month
2000-12-01,1478,Total number of dwelling units ;  New South Wales ;  Houses ;  Private Sector ;,A418461R,Building Approvals,Number,Month
2001-01-01,1574,Total number of dwelling units ;  New South Wales ;  Houses ;  Private Sector ;,A418461R,Building Approvals,Number,Month
2001-02-01,1572,Total number of dwelling units ;  New South Wales ;  Houses ;  Private Sector ;,A418461R,Building Approvals,Number,Month
2001-03-01,1498,Total number of dwelling units ;  New South Wales ;  Houses ;  Private Sector ;,A418461R,Building Approvals,Number,Month
2001-04-01,1666,Total number of dwelling units ;  New South Wales ;  Houses ;  Private Sector ;,A418461R,Building Approvals,Number,Month
2001-05-01,1791,Total number of dwelling units ;  New South Wales ;  Houses ;  Private Sector ;,A418461R,Building Approvals,Number,Month
2001-06-01,1893,Total number of dwelling units ;  New South Wales ;  Houses ;  Private Sector ;,A418461R,Building Approvals,Number,Month
2001-07-01,2102,Total number of dwelling units ;  New South Wales ;  Houses ;  Private Sector ;,A418461R,Building Approvals,Number,Month
2001-08-01,2248,Total number of dwelling units ;  New South Wales ;  Houses ;  Private Sector ;,A418461R,Building Approvals,Number,Month
2001-09-01,2347,Total number of dwelling units ;  New South Wales ;  Houses ;  Private Sector ;,A418461R,Building Approvals,Number,Month
2001-10-01,2421,Total number of dwelling units ;  New South Wales ;  Houses ;  Private Sector ;,A418461R,Building Approvals,Number,Month
2001-11-01,2515,Total number of dwelling units ;  New South Wales ;  Houses ;  Private Sector ;,A418461R,Building Approvals,Number,Month
2001-12-01,2337,Total number of dwelling units ;  New South Wales ;  Houses ;  Private Sector ;,A418461R,Building Approvals,Number,Month
2002-01-01,2349,Total number of dwelling units ;  New South Wales ;  Houses ;  Private Sector ;,A418461R,Building Approvals,Number,Month
2002-02-01,2272,Total number of dwelling units ;  New South Wales ;  Houses ;  Private Sector ;,A418461R,Building Approvals,Number,Month
2002-03-01,2291,Total number of dwelling units ;  New South Wales ;  Houses ;  Private Sector ;,A418461R,Building Approvals,Number,Month
2002-04-01,2253,Total number of dwelling units ;  New South Wales ;  Houses ;  Private Sector ;,A418461R,Building Approvals,Number,Month
2002-05-01,2270,Total number of dwelling units ;  New South Wales ;  Houses ;  Private Sector ;,A418461R,Building Approvals,Number,Month
2002-06-01,2330,Total number of dwelling units ;  New South Wales ;  Houses ;  Private Sector ;,A418461R,Building Approvals,Number,Month
2002-07-01,2216,Total number of dwelling units ;  New South Wales ;  Houses ;  Private Sector ;,A418461R,Building Approvals,Number,Month
2002-08-01,2269,Total number of dwelling units ;  New South Wales ;  Houses ;  Private Sector ;,A418461R,Building Approvals,Number,Month
2002-09-01,2096,Total number of dwelling units ;  New South Wales ;  Houses ;  Private Sector ;,A418461R,Building Approvals,Number,Month
2002-10-01,2156,Total number of dwelling units ;  New South Wales ;  Houses ;  Private Sector ;,A418461R,Building Approvals,Number,Month
2002-11-01,2160,Total number of dwelling units ;  New South Wales ;  Houses ;  Private Sector ;,A418461R,Building Approvals,Number,Month
2002-12-01,1801,Total number of dwelling units ;  New South Wales ;  Houses ;  Private Sector ;,A418461R,Building Approvals,Number,Month
2003-01-01,1995,Total number of dwelling units ;  New South Wales ;  Houses ;  Private Sector ;,A418461R,Building Approvals,Number,Month
2003-02-01,1955,Total number of dwelling units ;  New South Wales ;  Houses ;  Private Sector ;,A418461R,Building Approvals,Number,Month
2003-03-01,2033,Total number of dwelling units ;  New South Wales ;  Houses ;  Private Sector ;,A418461R,Building Approvals,Number,Month
2003-04-01,2090,Total number of dwelling units ;  New South Wales ;  Houses ;  Private Sector ;,A418461R,Building Approvals,Number,Month
2003-05-01,2065,Total number of dwelling units ;  New South Wales ;  Houses ;  Private Sector ;,A418461R,Building Approvals,Number,Month
2003-06-01,2042,Total number of dwelling units ;  New South Wales ;  Houses ;  Private Sector ;,A418461R,Building Approvals,Number,Month
2003-07-01,1989,Total number of dwelling units ;  New South Wales ;  Houses ;  Private Sector ;,A418461R,Building Approvals,Number,Month
2003-08-01,1983,Total number of dwelling units ;  New South Wales ;  Houses ;  Private Sector ;,A418461R,Building Approvals,Number,Month
2003-09-01,2158,Total number of dwelling units ;  New South Wales ;  Houses ;  Private Sector ;,A418461R,Building Approvals,Number,Month
2003-10-01,2069,Total number of dwelling units ;  New South Wales ;  Houses ;  Private Sector ;,A418461R,Building Approvals,Number,Month
2003-11-01,2123,Total number of dwelling units ;  New South Wales ;  Houses ;  Private Sector ;,A418461R,Building Approvals,Number,Month
2003-12-01,2098,Total number of dwelling units ;  New South Wales ;  Houses ;  Private Sector ;,A418461R,Building Approvals,Number,Month
2004-01-01,1753,Total number of dwelling units ;  New South Wales ;  Houses ;  Private Sector ;,A418461R,Building Approvals,Number,Month
2004-02-01,1991,Total number of dwelling units ;  New South Wales ;  Houses ;  Private Sector ;,A418461R,Building Approvals,Number,Month
2004-03-01,1957,Total number of dwelling units ;  New South Wales ;  Houses ;  Private Sector ;,A418461R,Building Approvals,Number,Month
2004-04-01,2069,Total number of dwelling units ;  New South Wales ;  Houses ;  Private Sector ;,A418461R,Building Approvals,Number,Month
2004-05-01,1837,Total number of dwelling units ;  New South Wales ;  Houses ;  Private Sector ;,A418461R,Building Approvals,Number,Month
2004-06-01,1866,Total number of dwelling units ;  New South Wales ;  Houses ;  Private Sector ;,A418461R,Building Approvals,Number,Month
2004-07-01,1668,Total number of dwelling units ;  New South Wales ;  Houses ;  Private Sector ;,A418461R,Building Approvals,Number,Month
2004-08-01,1727,Total number of dwelling units ;  New South Wales ;  Houses ;  Private Sector ;,A418461R,Building Approvals,Number,Month
2004-09-01,1635,Total number of dwelling units ;  New South Wales ;  Houses ;  Private Sector ;,A418461R,Building Approvals,Number,Month
2004-10-01,1599,Total number of dwelling units ;  New South Wales ;  Houses ;  Private Sector ;,A418461R,Building Approvals,Number,Month
2004-11-01,1667,Total number of dwelling units ;  New South Wales ;  Houses ;  Private Sector ;,A418461R,Building Approvals,Number,Month
2004-12-01,1604,Total number of dwelling units ;  New South Wales ;  Houses ;  Private Sector ;,A418461R,Building Approvals,Number,Month
2005-01-01,1649,Total number of dwelling units ;  New South Wales ;  Houses ;  Private Sector ;,A418461R,Building Approvals,Number,Month
2005-02-01,1625,Total number of dwelling units ;  New South Wales ;  Houses ;  Private Sector ;,A418461R,Building Approvals,Number,Month
2005-03-01,1601,Total number of dwelling units ;  New South Wales ;  Houses ;  Private Sector ;,A418461R,Building Approvals,Number,Month
2005-04-01,1476,Total number of dwelling units ;  New South Wales ;  Houses ;  Private Sector ;,A418461R,Building Approvals,Number,Month
2005-05-01,1536,Total number of dwelling units ;  New South Wales ;  Houses ;  Private Sector ;,A418461R,Building Approvals,Number,Month
2005-06-01,1723,Total number of dwelling units ;  New South Wales ;  Houses ;  Private Sector ;,A418461R,Building Approvals,Number,Month
2005-07-01,1821,Total number of dwelling units ;  New South Wales ;  Houses ;  Private Sector ;,A418461R,Building Approvals,Number,Month
2005-08-01,1489,Total number of dwelling units ;  New South Wales ;  Houses ;  Private Sector ;,A418461R,Building Approvals,Number,Month
2005-09-01,1438,Total number of dwelling units ;  New South Wales ;  Houses ;  Private Sector ;,A418461R,Building Approvals,Number,Month
2005-10-01,1377,Total number of dwelling units ;  New South Wales ;  Houses ;  Private Sector ;,A418461R,Building Approvals,Number,Month
2005-11-01,1287,Total number of dwelling units ;  New South Wales ;  Houses ;  Private Sector ;,A418461R,Building Approvals,Number,Month
2005-12-01,1295,Total number of dwelling units ;  New South Wales ;  Houses ;  Private Sector ;,A418461R,Building Approvals,Number,Month
2006-01-01,1339,Total number of dwelling units ;  New South Wales ;  Houses ;  Private Sector ;,A418461R,Building Approvals,Number,Month
2006-02-01,1271,Total number of dwelling units ;  New South Wales ;  Houses ;  Private Sector ;,A418461R,Building Approvals,Number,Month
2006-03-01,1288,Total number of dwelling units ;  New South Wales ;  Houses ;  Private Sector ;,A418461R,Building Approvals,Number,Month
2006-04-01,1335,Total number of dwelling units ;  New South Wales ;  Houses ;  Private Sector ;,A418461R,Building Approvals,Number,Month
2006-05-01,1393,Total number of dwelling units ;  New South Wales ;  Houses ;  Private Sector ;,A418461R,Building Approvals,Number,Month
2006-06-01,1403,Total number of dwelling units ;  New South Wales ;  Houses ;  Private Sector ;,A418461R,Building Approvals,Number,Month
2006-07-01,1491,Total number of dwelling units ;  New South Wales ;  Houses ;  Private Sector ;,A418461R,Building Approvals,Number,Month
2006-08-01,1331,Total number of dwelling units ;  New South Wales ;  Houses ;  Private Sector ;,A418461R,Building Approvals,Number,Month
2006-09-01,1417,Total number of dwelling units ;  New South Wales ;  Houses ;  Private Sector ;,A418461R,Building Approvals,Number,Month
2006-10-01,1310,Total number of dwelling units ;  New South Wales ;  Houses ;  Private Sector ;,A418461R,Building Approvals,Number,Month
2006-11-01,1288,Total number of dwelling units ;  New South Wales ;  Houses ;  Private Sector ;,A418461R,Building Approvals,Number,Month
2006-12-01,1381,Total number of dwelling units ;  New South Wales ;  Houses ;  Private Sector ;,A418461R,Building Approvals,Number,Month
2007-01-01,1326,Total number of dwelling units ;  New South Wales ;  Houses ;  Private Sector ;,A418461R,Building Approvals,Number,Month
2007-02-01,1292,Total number of dwelling units ;  New South Wales ;  Houses ;  Private Sector ;,A418461R,Building Approvals,Number,Month
2007-03-01,1339,Total number of dwelling units ;  New South Wales ;  Houses ;  Private Sector ;,A418461R,Building Approvals,Number,Month
2007-04-01,1306,Total number of dwelling units ;  New South Wales ;  Houses ;  Private Sector ;,A418461R,Building Approvals,Number,Month
2007-05-01,1351,Total number of dwelling units ;  New South Wales ;  Houses ;  Private Sector ;,A418461R,Building Approvals,Number,Month
2007-06-01,1281,Total number of dwelling units ;  New South Wales ;  Houses ;  Private Sector ;,A418461R,Building Approvals,Number,Month
2007-07-01,1349,Total number of dwelling units ;  New South Wales ;  Houses ;  Private Sector ;,A418461R,Building Approvals,Number,Month
2007-08-01,1322,Total number of dwelling units ;  New South Wales ;  Houses ;  Private Sector ;,A418461R,Building Approvals,Number,Month
2007-09-01,1215,Total number of dwelling units ;  New South Wales ;  Houses ;  Private Sector ;,A418461R,Building Approvals,Number,Month
2007-10-01,1312,Total number of dwelling units ;  New South Wales ;  Houses ;  Private Sector ;,A418461R,Building Approvals,Number,Month
2007-11-01,1525,Total number of dwelling units ;  New South Wales ;  Houses ;  Private Sector ;,A418461R,Building Approvals,Number,Month
2007-12-01,1289,Total number of dwelling units ;  New South Wales ;  Houses ;  Private Sector ;,A418461R,Building Approvals,Number,Month
2008-01-01,1410,Total number of dwelling units ;  New South Wales ;  Houses ;  Private Sector ;,A418461R,Building Approvals,Number,Month
2008-02-01,1460,Total number of dwelling units ;  New South Wales ;  Houses ;  Private Sector ;,A418461R,Building Approvals,Number,Month
2008-03-01,1388,Total number of dwelling units ;  New South Wales ;  Houses ;  Private Sector ;,A418461R,Building Approvals,Number,Month
2008-04-01,1304,Total number of dwelling units ;  New South Wales ;  Houses ;  Private Sector ;,A418461R,Building Approvals,Number,Month
2008-05-01,1277,Total number of dwelling units ;  New South Wales ;  Houses ;  Private Sector ;,A418461R,Building Approvals,Number,Month
2008-06-01,1215,Total number of dwelling units ;  New South Wales ;  Houses ;  Private Sector ;,A418461R,Building Approvals,Number,Month
2008-07-01,1172,Total number of dwelling units ;  New South Wales ;  Houses ;  Private Sector ;,A418461R,Building Approvals,Number,Month
2008-08-01,1193,Total number of dwelling units ;  New South Wales ;  Houses ;  Private Sector ;,A418461R,Building Approvals,Number,Month
2008-09-01,1097,Total number of dwelling units ;  New South Wales ;  Houses ;  Private Sector ;,A418461R,Building Approvals,Number,Month
2008-10-01,1204,Total number of dwelling units ;  New South Wales ;  Houses ;  Private Sector ;,A418461R,Building Approvals,Number,Month
2008-11-01,1044,Total number of dwelling units ;  New South Wales ;  Houses ;  Private Sector ;,A418461R,Building Approvals,Number,Month
2008-12-01,1020,Total number of dwelling units ;  New South Wales ;  Houses ;  Private Sector ;,A418461R,Building Approvals,Number,Month
2009-01-01,1077,Total number of dwelling units ;  New South Wales ;  Houses ;  Private Sector ;,A418461R,Building Approvals,Number,Month
2009-02-01,1097,Total number of dwelling units ;  New South Wales ;  Houses ;  Private Sector ;,A418461R,Building Approvals,Number,Month
2009-03-01,1149,Total number of dwelling units ;  New South Wales ;  Houses ;  Private Sector ;,A418461R,Building Approvals,Number,Month
2009-04-01,1281,Total number of dwelling units ;  New South Wales ;  Houses ;  Private Sector ;,A418461R,Building Approvals,Number,Month
2009-05-01,1298,Total number of dwelling units ;  New South Wales ;  Houses ;  Private Sector ;,A418461R,Building Approvals,Number,Month
2009-06-01,1312,Total number of dwelling units ;  New South Wales ;  Houses ;  Private Sector ;,A418461R,Building Approvals,Number,Month
2009-07-01,1285,Total number of dwelling units ;  New South Wales ;  Houses ;  Private Sector ;,A418461R,Building Approvals,Number,Month
2009-08-01,1494,Total number of dwelling units ;  New South Wales ;  Houses ;  Private Sector ;,A418461R,Building Approvals,Number,Month
2009-09-01,1501,Total number of dwelling units ;  New South Wales ;  Houses ;  Private Sector ;,A418461R,Building Approvals,Number,Month
2009-10-01,1468,Total number of dwelling units ;  New South Wales ;  Houses ;  Private Sector ;,A418461R,Building Approvals,Number,Month
2009-11-01,1613,Total number of dwelling units ;  New South Wales ;  Houses ;  Private Sector ;,A418461R,Building Approvals,Number,Month
2009-12-01,1630,Total number of dwelling units ;  New South Wales ;  Houses ;  Private Sector ;,A418461R,Building Approvals,Number,Month
2010-01-01,1555,Total number of dwelling units ;  New South Wales ;  Houses ;  Private Sector ;,A418461R,Building Approvals,Number,Month
2010-02-01,1404,Total number of dwelling units ;  New South Wales ;  Houses ;  Private Sector ;,A418461R,Building Approvals,Number,Month
2010-03-01,1551,Total number of dwelling units ;  New South Wales ;  Houses ;  Private Sector ;,A418461R,Building Approvals,Number,Month
2010-04-01,1550,Total number of dwelling units ;  New South Wales ;  Houses ;  Private Sector ;,A418461R,Building Approvals,Number,Month
2010-05-01,1424,Total number of dwelling units ;  New South Wales ;  Houses ;  Private Sector ;,A418461R,Building Approvals,Number,Month
2010-06-01,1480,Total number of dwelling units ;  New South Wales ;  Houses ;  Private Sector ;,A418461R,Building Approvals,Number,Month
2010-07-01,1378,Total number of dwelling units ;  New South Wales ;  Houses ;  Private Sector ;,A418461R,Building Approvals,Number,Month
2010-08-01,1251,Total number of dwelling units ;  New South Wales ;  Houses ;  Private Sector ;,A418461R,Building Approvals,Number,Month
2010-09-01,1323,Total number of dwelling units ;  New South Wales ;  Houses ;  Private Sector ;,A418461R,Building Approvals,Number,Month
2010-10-01,1385,Total number of dwelling units ;  New South Wales ;  Houses ;  Private Sector ;,A418461R,Building Approvals,Number,Month
2010-11-01,1368,Total number of dwelling units ;  New South Wales ;  Houses ;  Private Sector ;,A418461R,Building Approvals,Number,Month
2010-12-01,1397,Total number of dwelling units ;  New South Wales ;  Houses ;  Private Sector ;,A418461R,Building Approvals,Number,Month
2011-01-01,1444,Total number of dwelling units ;  New South Wales ;  Houses ;  Private Sector ;,A418461R,Building Approvals,Number,Month
2011-02-01,1559,Total number of dwelling units ;  New South Wales ;  Houses ;  Private Sector ;,A418461R,Building Approvals,Number,Month
2011-03-01,1456,Total number of dwelling units ;  New South Wales ;  Houses ;  Private Sector ;,A418461R,Building Approvals,Number,Month
2011-04-01,1462,Total number of dwelling units ;  New South Wales ;  Houses ;  Private Sector ;,A418461R,Building Approvals,Number,Month
2011-05-01,1452,Total number of dwelling units ;  New South Wales ;  Houses ;  Private Sector ;,A418461R,Building Approvals,Number,Month
2011-06-01,1395,Total number of dwelling units ;  New South Wales ;  Houses ;  Private Sector ;,A418461R,Building Approvals,Number,Month
2011-07-01,1465,Total number of dwelling units ;  New South Wales ;  Houses ;  Private Sector ;,A418461R,Building Approvals,Number,Month
2011-08-01,1441,Total number of dwelling units ;  New South Wales ;  Houses ;  Private Sector ;,A418461R,Building Approvals,Number,Month
2011-09-01,1466,Total number of dwelling units ;  New South Wales ;  Houses ;  Private Sector ;,A418461R,Building Approvals,Number,Month
2011-10-01,1386,Total number of dwelling units ;  New South Wales ;  Houses ;  Private Sector ;,A418461R,Building Approvals,Number,Month
2011-11-01,1436,Total number of dwelling units ;  New South Wales ;  Houses ;  Private Sector ;,A418461R,Building Approvals,Number,Month
2011-12-01,1385,Total number of dwelling units ;  New South Wales ;  Houses ;  Private Sector ;,A418461R,Building Approvals,Number,Month
2012-01-01,1301,Total number of dwelling units ;  New South Wales ;  Houses ;  Private Sector ;,A418461R,Building Approvals,Number,Month
2012-02-01,1213,Total number of dwelling units ;  New South Wales ;  Houses ;  Private Sector ;,A418461R,Building Approvals,Number,Month
2012-03-01,1267,Total number of dwelling units ;  New South Wales ;  Houses ;  Private Sector ;,A418461R,Building Approvals,Number,Month
2012-04-01,1307,Total number of dwelling units ;  New South Wales ;  Houses ;  Private Sector ;,A418461R,Building Approvals,Number,Month
2012-05-01,1364,Total number of dwelling units ;  New South Wales ;  Houses ;  Private Sector ;,A418461R,Building Approvals,Number,Month
2012-06-01,1308,Total number of dwelling units ;  New South Wales ;  Houses ;  Private Sector ;,A418461R,Building Approvals,Number,Month
2012-07-01,1635,Total number of dwelling units ;  New South Wales ;  Houses ;  Private Sector ;,A418461R,Building Approvals,Number,Month
2012-08-01,1424,Total number of dwelling units ;  New South Wales ;  Houses ;  Private Sector ;,A418461R,Building Approvals,Number,Month
2012-09-01,1521,Total number of dwelling units ;  New South Wales ;  Houses ;  Private Sector ;,A418461R,Building Approvals,Number,Month
2012-10-01,1595,Total number of dwelling units ;  New South Wales ;  Houses ;  Private Sector ;,A418461R,Building Approvals,Number,Month
2012-11-01,1528,Total number of dwelling units ;  New South Wales ;  Houses ;  Private Sector ;,A418461R,Building Approvals,Number,Month
2012-12-01,1613,Total number of dwelling units ;  New South Wales ;  Houses ;  Private Sector ;,A418461R,Building Approvals,Number,Month
2013-01-01,1584,Total number of dwelling units ;  New South Wales ;  Houses ;  Private Sector ;,A418461R,Building Approvals,Number,Month
2013-02-01,1659,Total number of dwelling units ;  New South Wales ;  Houses ;  Private Sector ;,A418461R,Building Approvals,Number,Month
2013-03-01,1691,Total number of dwelling units ;  New South Wales ;  Houses ;  Private Sector ;,A418461R,Building Approvals,Number,Month
2013-04-01,1698,Total number of dwelling units ;  New South Wales ;  Houses ;  Private Sector ;,A418461R,Building Approvals,Number,Month
2013-05-01,1751,Total number of dwelling units ;  New South Wales ;  Houses ;  Private Sector ;,A418461R,Building Approvals,Number,Month
2013-06-01,1752,Total number of dwelling units ;  New South Wales ;  Houses ;  Private Sector ;,A418461R,Building Approvals,Number,Month
2013-07-01,1719,Total number of dwelling units ;  New South Wales ;  Houses ;  Private Sector ;,A418461R,Building Approvals,Number,Month
2013-08-01,1769,Total number of dwelling units ;  New South Wales ;  Houses ;  Private Sector ;,A418461R,Building Approvals,Number,Month
2013-09-01,1884,Total number of dwelling units ;  New South Wales ;  Houses ;  Private Sector ;,A418461R,Building Approvals,Number,Month
2013-10-01,1761,Total number of dwelling units ;  New South Wales ;  Houses ;  Private Sector ;,A418461R,Building Approvals,Number,Month
2013-11-01,2010,Total number of dwelling units ;  New South Wales ;  Houses ;  Private Sector ;,A418461R,Building Approvals,Number,Month
2013-12-01,1984,Total number of dwelling units ;  New South Wales ;  Houses ;  Private Sector ;,A418461R,Building Approvals,Number,Month
2014-01-01,2126,Total number of dwelling units ;  New South Wales ;  Houses ;  Private Sector ;,A418461R,Building Approvals,Number,Month
2014-02-01,2074,Total number of dwelling units ;  New South Wales ;  Houses ;  Private Sector ;,A418461R,Building Approvals,Number,Month
2014-03-01,1976,Total number of dwelling units ;  New South Wales ;  Houses ;  Private Sector ;,A418461R,Building Approvals,Number,Month
2014-04-01,2034,Total number of dwelling units ;  New South Wales ;  Houses ;  Private Sector ;,A418461R,Building Approvals,Number,Month
2014-05-01,1863,Total number of dwelling units ;  New South Wales ;  Houses ;  Private Sector ;,A418461R,Building Approvals,Number,Month
2014-06-01,1976,Total number of dwelling units ;  New South Wales ;  Houses ;  Private Sector ;,A418461R,Building Approvals,Number,Month
2014-07-01,2290,Total number of dwelling units ;  New South Wales ;  Houses ;  Private Sector ;,A418461R,Building Approvals,Number,Month
2014-08-01,2094,Total number of dwelling units ;  New South Wales ;  Houses ;  Private Sector ;,A418461R,Building Approvals,Number,Month
2014-09-01,2005,Total number of dwelling units ;  New South Wales ;  Houses ;  Private Sector ;,A418461R,Building Approvals,Number,Month
2014-10-01,2163,Total number of dwelling units ;  New South Wales ;  Houses ;  Private Sector ;,A418461R,Building Approvals,Number,Month
2014-11-01,2109,Total number of dwelling units ;  New South Wales ;  Houses ;  Private Sector ;,A418461R,Building Approvals,Number,Month
2014-12-01,2068,Total number of dwelling units ;  New South Wales ;  Houses ;  Private Sector ;,A418461R,Building Approvals,Number,Month
2015-01-01,2203,Total number of dwelling units ;  New South Wales ;  Houses ;  Private Sector ;,A418461R,Building Approvals,Number,Month
2015-02-01,2257,Total number of dwelling units ;  New South Wales ;  Houses ;  Private Sector ;,A418461R,Building Approvals,Number,Month
2015-03-01,2154,Total number of dwelling units ;  New South Wales ;  Houses ;  Private Sector ;,A418461R,Building Approvals,Number,Month
2015-04-01,2268,Total number of dwelling units ;  New South Wales ;  Houses ;  Private Sector ;,A418461R,Building Approvals,Number,Month
2015-05-01,2271,Total number of dwelling units ;  New South Wales ;  Houses ;  Private Sector ;,A418461R,Building Approvals,Number,Month
2015-06-01,2540,Total number of dwelling units ;  New South Wales ;  Houses ;  Private Sector ;,A418461R,Building Approvals,Number,Month
2015-07-01,2384,Total number of dwelling units ;  New South Wales ;  Houses ;  Private Sector ;,A418461R,Building Approvals,Number,Month
2015-08-01,2356,Total number of dwelling units ;  New South Wales ;  Houses ;  Private Sector ;,A418461R,Building Approvals,Number,Month
2015-09-01,2193,Total number of dwelling units ;  New South Wales ;  Houses ;  Private Sector ;,A418461R,Building Approvals,Number,Month
2015-10-01,2350,Total number of dwelling units ;  New South Wales ;  Houses ;  Private Sector ;,A418461R,Building Approvals,Number,Month
2015-11-01,2396,Total number of dwelling units ;  New South Wales ;  Houses ;  Private Sector ;,A418461R,Building Approvals,Number,Month
2015-12-01,2437,Total number of dwelling units ;  New South Wales ;  Houses ;  Private Sector ;,A418461R,Building Approvals,Number,Month
2016-01-01,2426,Total number of dwelling units ;  New South Wales ;  Houses ;  Private Sector ;,A418461R,Building Approvals,Number,Month
2016-02-01,2355,Total number of dwelling units ;  New South Wales ;  Houses ;  Private Sector ;,A418461R,Building Approvals,Number,Month
2016-03-01,2636,Total number of dwelling units ;  New South Wales ;  Houses ;  Private Sector ;,A418461R,Building Approvals,Number,Month
2016-04-01,2589,Total number of dwelling units ;  New South Wales ;  Houses ;  Private Sector ;,A418461R,Building Approvals,Number,Month
2016-05-01,2651,Total number of dwelling units ;  New South Wales ;  Houses ;  Private Sector ;,A418461R,Building Approvals,Number,Month
2016-06-01,2344,Total number of dwelling units ;  New South Wales ;  Houses ;  Private Sector ;,A418461R,Building Approvals,Number,Month
2016-07-01,2265,Total number of dwelling units ;  New South Wales ;  Houses ;  Private Sector ;,A418461R,Building Approvals,Number,Month
2016-08-01,2532,Total number of dwelling units ;  New South Wales ;  Houses ;  Private Sector ;,A418461R,Building Approvals,Number,Month
2016-09-01,2483,Total number of dwelling units ;  New South Wales ;  Houses ;  Private Sector ;,A418461R,Building Approvals,Number,Month
2016-10-01,2417,Total number of dwelling units ;  New South Wales ;  Houses ;  Private Sector ;,A418461R,Building Approvals,Number,Month
2016-11-01,2430,Total number of dwelling units ;  New South Wales ;  Houses ;  Private Sector ;,A418461R,Building Approvals,Number,Month
2016-12-01,2363,Total number of dwelling units ;  New South Wales ;  Houses ;  Private Sector ;,A418461R,Building Approvals,Number,Month
2017-01-01,2159,Total number of dwelling units ;  New South Wales ;  Houses ;  Private Sector ;,A418461R,Building Approvals,Number,Month
2017-02-01,2580,Total number of dwelling units ;  New South Wales ;  Houses ;  Private Sector ;,A418461R,Building Approvals,Number,Month
2017-03-01,2498,Total number of dwelling units ;  New South Wales ;  Houses ;  Private Sector ;,A418461R,Building Approvals,Number,Month
2017-04-01,2401,Total number of dwelling units ;  New South Wales ;  Houses ;  Private Sector ;,A418461R,Building Approvals,Number,Month
2017-05-01,2463,Total number of dwelling units ;  New South Wales ;  Houses ;  Private Sector ;,A418461R,Building Approvals,Number,Month
2017-06-01,2631,Total number of dwelling units ;  New South Wales ;  Houses ;  Private Sector ;,A418461R,Building Approvals,Number,Month
2017-07-01,2554,Total number of dwelling units ;  New South Wales ;  Houses ;  Private Sector ;,A418461R,Building Approvals,Number,Month
2017-08-01,2453,Total number of dwelling units ;  New South Wales ;  Houses ;  Private Sector ;,A418461R,Building Approvals,Number,Month
2017-09-01,2471,Total number of dwelling units ;  New South Wales ;  Houses ;  Private Sector ;,A418461R,Building Approvals,Number,Month
2017-10-01,2356,Total number of dwelling units ;  New South Wales ;  Houses ;  Private Sector ;,A418461R,Building Approvals,Number,Month
2017-11-01,2550,Total number of dwelling units ;  New South Wales ;  Houses ;  Private Sector ;,A418461R,Building Approvals,Number,Month
2017-12-01,2623,Total number of dwelling units ;  New South Wales ;  Houses ;  Private Sector ;,A418461R,Building Approvals,Number,Month
2018-01-01,2585,Total number of dwelling units ;  New South Wales ;  Houses ;  Private Sector ;,A418461R,Building Approvals,Number,Month
2018-02-01,2611,Total number of dwelling units ;  New South Wales ;  Houses ;  Private Sector ;,A418461R,Building Approvals,Number,Month
2018-03-01,2515,Total number of dwelling units ;  New South Wales ;  Houses ;  Private Sector ;,A418461R,Building Approvals,Number,Month
2018-04-01,2637,Total number of dwelling units ;  New South Wales ;  Houses ;  Private Sector ;,A418461R,Building Approvals,Number,Month
2018-05-01,2540,Total number of dwelling units ;  New South Wales ;  Houses ;  Private Sector ;,A418461R,Building Approvals,Number,Month
2018-06-01,2533,Total number of dwelling units ;  New South Wales ;  Houses ;  Private Sector ;,A418461R,Building Approvals,Number,Month
2018-07-01,2487,Total number of dwelling units ;  New South Wales ;  Houses ;  Private Sector ;,A418461R,Building Approvals,Number,Month
2018-08-01,2442,Total number of dwelling units ;  New South Wales ;  Houses ;  Private Sector ;,A418461R,Building Approvals,Number,Month
2018-09-01,2689,Total number of dwelling units ;  New South Wales ;  Houses ;  Private Sector ;,A418461R,Building Approvals,Number,Month
2018-10-01,2732,Total number of dwelling units ;  New South Wales ;  Houses ;  Private Sector ;,A418461R,Building Approvals,Number,Month
2018-11-01,2457,Total number of dwelling units ;  New South Wales ;  Houses ;  Private Sector ;,A418461R,Building Approvals,Number,Month
2018-12-01,2375,Total number of dwelling units ;  New South Wales ;  Houses ;  Private Sector ;,A418461R,Building Approvals,Number,Month
2019-01-01,2652,Total number of dwelling units ;  New South Wales ;  Houses ;  Private Sector ;,A418461R,Building Approvals,Number,Month
2019-02-01,2182,Total number of dwelling units ;  New South Wales ;  Houses ;  Private Sector ;,A418461R,Building Approvals,Number,Month
2019-03-01,2134,Total number of dwelling units ;  New South Wales ;  Houses ;  Private Sector ;,A418461R,Building Approvals,Number,Month
2019-04-01,2052,Total number of dwelling units ;  New South Wales ;  Houses ;  Private Sector ;,A418461R,Building Approvals,Number,Month
2019-05-01,2079,Total number of dwelling units ;  New South Wales ;  Houses ;  Private Sector ;,A418461R,Building Approvals,Number,Month
2019-06-01,2073,Total number of dwelling units ;  New South Wales ;  Houses ;  Private Sector ;,A418461R,Building Approvals,Number,Month
2019-07-01,2335,Total number of dwelling units ;  New South Wales ;  Houses ;  Private Sector ;,A418461R,Building Approvals,Number,Month
2019-08-01,2028,Total number of dwelling units ;  New South Wales ;  Houses ;  Private Sector ;,A418461R,Building Approvals,Number,Month
2019-09-01,1953,Total number of dwelling units ;  New South Wales ;  Houses ;  Private Sector ;,A418461R,Building Approvals,Number,Month
2019-10-01,1881,Total number of dwelling units ;  New South Wales ;  Houses ;  Private Sector ;,A418461R,Building Approvals,Number,Month
2019-11-01,1847,Total number of dwelling units ;  New South Wales ;  Houses ;  Private Sector ;,A418461R,Building Approvals,Number,Month
2019-12-01,1958,Total number of dwelling units ;  New South Wales ;  Houses ;  Private Sector ;,A418461R,Building Approvals,Number,Month
2020-01-01,1894,Total number of dwelling units ;  New South Wales ;  Houses ;  Private Sector ;,A418461R,Building Approvals,Number,Month
2020-02-01,1945,Total number of dwelling units ;  New South Wales ;  Houses ;  Private Sector ;,A418461R,Building Approvals,Number,Month
2020-03-01,2228,Total number of dwelling units ;  New South Wales ;  Houses ;  Private Sector ;,A418461R,Building Approvals,Number,Month
2020-04-01,2101,Total number of dwelling units ;  New South Wales ;  Houses ;  Private Sector ;,A418461R,Building Approvals,Number,Month
2020-05-01,2148,Total number of dwelling units ;  New South Wales ;  Houses ;  Private Sector ;,A418461R,Building Approvals,Number,Month
2020-06-01,1996,Total number of dwelling units ;  New South Wales ;  Houses ;  Private Sector ;,A418461R,Building Approvals,Number,Month
2020-07-01,2220,Total number of dwelling units ;  New South Wales ;  Houses ;  Private Sector ;,A418461R,Building Approvals,Number,Month
2020-08-01,2204,Total number of dwelling units ;  New South Wales ;  Houses ;  Private Sector ;,A418461R,Building Approvals,Number,Month
2020-09-01,2349,Total number of dwelling units ;  New South Wales ;  Houses ;  Private Sector ;,A418461R,Building Approvals,Number,Month
2020-10-01,2330,Total number of dwelling units ;  New South Wales ;  Houses ;  Private Sector ;,A418461R,Building Approvals,Number,Month
2020-11-01,2337,Total number of dwelling units ;  New South Wales ;  Houses ;  Private Sector ;,A418461R,Building Approvals,Number,Month
2020-12-01,2845,Total number of dwelling units ;  New South Wales ;  Houses ;  Private Sector ;,A418461R,Building Approvals,Number,Month
2021-01-01,2358,Total number of dwelling units ;  New South Wales ;  Houses ;  Private Sector ;,A418461R,Building Approvals,Number,Month
2021-02-01,2672,Total number of dwelling units ;  New South Wales ;  Houses ;  Private Sector ;,A418461R,Building Approvals,Number,Month
2021-03-01,2640,Total number of dwelling units ;  New South Wales ;  Houses ;  Private Sector ;,A418461R,Building Approvals,Number,Month
2021-04-01,2665,Total number of dwelling units ;  New South Wales ;  Houses ;  Private Sector ;,A418461R,Building Approvals,Number,Month
2021-05-01,2877,Total number of dwelling units ;  New South Wales ;  Houses ;  Private Sector ;,A418461R,Building Approvals,Number,Month
2021-06-01,2710,Total number of dwelling units ;  New South Wales ;  Houses ;  Private Sector ;,A418461R,Building Approvals,Number,Month
2021-07-01,2814,Total number of dwelling units ;  New South Wales ;  Houses ;  Private Sector ;,A418461R,Building Approvals,Number,Month
2021-08-01,2848,Total number of dwelling units ;  New South Wales ;  Houses ;  Private Sector ;,A418461R,Building Approvals,Number,Month
2021-09-01,2436,Total number of dwelling units ;  New South Wales ;  Houses ;  Private Sector ;,A418461R,Building Approvals,Number,Month
2021-10-01,2391,Total number of dwelling units ;  New South Wales ;  Houses ;  Private Sector ;,A418461R,Building Approvals,Number,Month
2021-11-01,2437,Total number of dwelling units ;  New South Wales ;  Houses ;  Private Sector ;,A418461R,Building Approvals,Number,Month
2021-12-01,2494,Total number of dwelling units ;  New South Wales ;  Houses ;  Private Sector ;,A418461R,Building Approvals,Number,Month
2022-01-01,2306,Total number of dwelling units ;  New South Wales ;  Houses ;  Private Sector ;,A418461R,Building Approvals,Number,Month
2022-02-01,2489,Total number of dwelling units ;  New South Wales ;  Houses ;  Private Sector ;,A418461R,Building Approvals,Number,Month
2022-03-01,2423,Total number of dwelling units ;  New South Wales ;  Houses ;  Private Sector ;,A418461R,Building Approvals,Number,Month
2022-04-01,2359,Total number of dwelling units ;  New South Wales ;  Houses ;  Private Sector ;,A418461R,Building Approvals,Number,Month
2022-05-01,2183,Total number of dwelling units ;  New South Wales ;  Houses ;  Private Sector ;,A418461R,Building Approvals,Number,Month
2022-06-01,2322,Total number of dwelling units ;  New South Wales ;  Houses ;  Private Sector ;,A418461R,Building Approvals,Number,Month
2022-07-01,2157,Total number of dwelling units ;  New South Wales ;  Houses ;  Private Sector ;,A418461R,Building Approvals,Number,Month
2022-08-01,2414,Total number of dwelling units ;  New South Wales ;  Houses ;  Private Sector ;,A418461R,Building Approvals,Number,Month
2022-09-01,2236,Total number of dwelling units ;  New South Wales ;  Houses ;  Private Sector ;,A418461R,Building Approvals,Number,Month
2022-10-01,2327,Total number of dwelling units ;  New South Wales ;  Houses ;  Private Sector ;,A418461R,Building Approvals,Number,Month
2022-11-01,2221,Total number of dwelling units ;  New South Wales ;  Houses ;  Private Sector ;,A418461R,Building Approvals,Number,Month
2022-12-01,2071,Total number of dwelling units ;  New South Wales ;  Houses ;  Private Sector ;,A418461R,Building Approvals,Number,Month
2023-01-01,2063,Total number of dwelling units ;  New South Wales ;  Houses ;  Private Sector ;,A418461R,Building Approvals,Number,Month
2023-02-01,1933,Total number of dwelling units ;  New South Wales ;  Houses ;  Private Sector ;,A418461R,Building Approvals,Number,Month
2023-03-01,1811,Total number of dwelling units ;  New South Wales ;  Houses ;  Private Sector ;,A418461R,Building Approvals,Number,Month
2023-04-01,1882,Total number of dwelling units ;  New South Wales ;  Houses ;  Private Sector ;,A418461R,Building Approvals,Number,Month
2023-05-01,1830,Total number of dwelling units ;  New South Wales ;  Houses ;  Private Sector ;,A418461R,Building Approvals,Number,Month
2023-06-01,1951,Total number of dwelling units ;  New South Wales ;  Houses ;  Private Sector ;,A418461R,Building Approvals,Number,Month
2023-07-01,1769,Total number of dwelling units ;  New South Wales ;  Houses ;  Private Sector ;,A418461R,Building Approvals,Number,Month
2023-08-01,1944,Total number of dwelling units ;  New South Wales ;  Houses ;  Private Sector ;,A418461R,Building Approvals,Number,Month
2023-09-01,2037,Total number of dwelling units ;  New South Wales ;  Houses ;  Private Sector ;,A418461R,Building Approvals,Number,Month
2023-10-01,1892,Total number of dwelling units ;  New South Wales ;  Houses ;  Private Sector ;,A418461R,Building Approvals,Number,Month
2023-11-01,1930,Total number of dwelling units ;  New South Wales ;  Houses ;  Private Sector ;,A418461R,Building Approvals,Number,Month
2023-12-01,2188,Total number of dwelling units ;  New South Wales ;  Houses ;  Private Sector ;,A418461R,Building Approvals,Number,Month
2024-01-01,1902,Total number of dwelling units ;  New South Wales ;  Houses ;  Private Sector ;,A418461R,Building Approvals,Number,Month
2024-02-01,1929,Total number of dwelling units ;  New South Wales ;  Houses ;  Private Sector ;,A418461R,Building Approvals,Number,Month
2024-03-01,1921,Total number of dwelling units ;  New South Wales ;  Houses ;  Private Sector ;,A418461R,Building Approvals,Number,Month
2024-04-01,1821,Total number of dwelling units ;  New South Wales ;  Houses ;  Private Sector ;,A418461R,Building Approvals,Number,Month
2024-05-01,1968,Total number of dwelling units ;  New South Wales ;  Houses ;  Private Sector ;,A418461R,Building Approvals,Number,Month
2024-06-01,1680,Total number of dwelling units ;  New South Wales ;  Houses ;  Private Sector ;,A418461R,Building Approvals,Number,Month
2024-07-01,1945,Total number of dwelling units ;  New South Wales ;  Houses ;  Private Sector ;,A418461R,Building Approvals,Number,Month
2024-08-01,1871,Total number of dwelling units ;  New South Wales ;  Houses ;  Private Sector ;,A418461R,Building Approvals,Number,Month
2024-09-01,1847,Total number of dwelling units ;  New South Wales ;  Houses ;  Private Sector ;,A418461R,Building Approvals,Number,Month
2024-10-01,1816,Total number of dwelling units ;  New South Wales ;  Houses ;  Private Sector ;,A418461R,Building Approvals,Number,Month
2024-11-01,1766,Total number of dwelling units ;  New South Wales ;  Houses ;  Private Sector ;,A418461R,Building Approvals,Number,Month
2024-12-01,1826,Total number of dwelling units ;  New South Wales ;  Houses ;  Private Sector ;,A418461R,Building Approvals,Number,Month
2025-01-01,1832,Total number of dwelling units ;  New South Wales ;  Houses ;  Private Sector ;,A418461R,Building Approvals,Number,Month
2025-02-01,1918,Total number of dwelling units ;  New South Wales ;  Houses ;  Private Sector ;,A418461R,Building Approvals,Number,Month
2025-03-01,1928,Total number of dwelling units ;  New South Wales ;  Houses ;  Private Sector ;,A418461R,Building Approvals,Number,Month
2025-04-01,1972,Total number of dwelling units ;  New South Wales ;  Houses ;  Private Sector ;,A418461R,Building Approvals,Number,Month
2025-05-01,1837,Total number of dwelling units ;  New South Wales ;  Houses ;  Private Sector ;,A418461R,Building Approvals,Number,Month
2025-06-01,1838,Total number of dwelling units ;  New South Wales ;  Houses ;  Private Sector ;,A418461R,Building Approvals,Number,Month
2025-07-01,2106,Total number of dwelling units ;  New South Wales ;  Houses ;  Private Sector ;,A418461R,Building Approvals,Number,Month
2025-08-01,1723,Total number of dwelling units ;  New South Wales ;  Houses ;  Private Sector ;,A418461R,Building Approvals,Number,Month
2025-09-01,1927,Total number of dwelling units ;  New South Wales ;  Houses ;  Private Sector ;,A418461R,Building Approvals,Number,Month
2025-10-01,1920,Total number of dwelling units ;  New South Wales ;  Houses ;  Private Sector ;,A418461R,Building Approvals,Number,Month
2025-11-01,2012,Total number of dwelling units ;  New South Wales ;  Houses ;  Private Sector ;,A418461R,Building Approvals,Number,Month
2025-12-01,1907,Total number of dwelling units ;  New South Wales ;  Houses ;  Private Sector ;,A418461R,Building Approvals,Number,Month
2026-01-01,1965,Total number of dwelling units ;  New South Wales ;  Houses ;  Private Sector ;,A418461R,Building Approvals,Number,Month
2026-02-01,2142,Total number of dwelling units ;  New South Wales ;  Houses ;  Private Sector ;,A418461R,Building Approvals,Number,Month
2026-03-01,2372,Total number of dwelling units ;  New South Wales ;  Houses ;  Private Sector ;,A418461R,Building Approvals,Number,Month
2026-04-01,2116,Total number of dwelling units ;  New South Wales ;  Houses ;  Private Sector ;,A418461R,Building Approvals,Number,Month
2026-05-01,2286,Total number of dwelling units ;  New South Wales ;  Houses ;  Private Sector ;,A418461R,Building Approvals,Number,Month
2026-06-01,2280,Total number of dwelling units ;  New South Wales ;  Houses ;  Private Sector ;,A418461R,Building Approvals,Number,Month
1983-07-01,2280,Total number of dwelling units ;  New South Wales ;  Houses ;  Total Sectors ;,A418514J,Building Approvals,Number,Month
1983-08-01,2482,Total number of dwelling units ;  New South Wales ;  Houses ;  Total Sectors ;,A418514J,Building Approvals,Number,Month
1983-09-01,2537,Total number of dwelling units ;  New South Wales ;  Houses ;  Total Sectors ;,A418514J,Building Approvals,Number,Month
1983-10-01,2413,Total number of dwelling units ;  New South Wales ;  Houses ;  Total Sectors ;,A418514J,Building Approvals,Number,Month
1983-11-01,2749,Total number of dwelling units ;  New South Wales ;  Houses ;  Total Sectors ;,A418514J,Building Approvals,Number,Month
1983-12-01,3607,Total number of dwelling units ;  New South Wales ;  Houses ;  Total Sectors ;,A418514J,Building Approvals,Number,Month
1984-01-01,2672,Total number of dwelling units ;  New South Wales ;  Houses ;  Total Sectors ;,A418514J,Building Approvals,Number,Month
1984-02-01,2754,Total number of dwelling units ;  New South Wales ;  Houses ;  Total Sectors ;,A418514J,Building Approvals,Number,Month
1984-03-01,2550,Total number of dwelling units ;  New South Wales ;  Houses ;  Total Sectors ;,A418514J,Building Approvals,Number,Month
1984-04-01,2564,Total number of dwelling units ;  New South Wales ;  Houses ;  Total Sectors ;,A418514J,Building Approvals,Number,Month
1984-05-01,2589,Total number of dwelling units ;  New South Wales ;  Houses ;  Total Sectors ;,A418514J,Building Approvals,Number,Month
1984-06-01,2484,Total number of dwelling units ;  New South Wales ;  Houses ;  Total Sectors ;,A418514J,Building Approvals,Number,Month
1984-07-01,2566,Total number of dwelling units ;  New South Wales ;  Houses ;  Total Sectors ;,A418514J,Building Approvals,Number,Month
1984-08-01,2539,Total number of dwelling units ;  New South Wales ;  Houses ;  Total Sectors ;,A418514J,Building Approvals,Number,Month
1984-09-01,2533,Total number of dwelling units ;  New South Wales ;  Houses ;  Total Sectors ;,A418514J,Building Approvals,Number,Month
1984-10-01,2504,Total number of dwelling units ;  New South Wales ;  Houses ;  Total Sectors ;,A418514J,Building Approvals,Number,Month
1984-11-01,2592,Total number of dwelling units ;  New South Wales ;  Houses ;  Total Sectors ;,A418514J,Building Approvals,Number,Month
1984-12-01,2615,Total number of dwelling units ;  New South Wales ;  Houses ;  Total Sectors ;,A418514J,Building Approvals,Number,Month
1985-01-01,2643,Total number of dwelling units ;  New South Wales ;  Houses ;  Total Sectors ;,A418514J,Building Approvals,Number,Month
1985-02-01,2504,Total number of dwelling units ;  New South Wales ;  Houses ;  Total Sectors ;,A418514J,Building Approvals,Number,Month
1985-03-01,2675,Total number of dwelling units ;  New South Wales ;  Houses ;  Total Sectors ;,A418514J,Building Approvals,Number,Month
1985-04-01,3043,Total number of dwelling units ;  New South Wales ;  Houses ;  Total Sectors ;,A418514J,Building Approvals,Number,Month
1985-05-01,2549,Total number of dwelling units ;  New South Wales ;  Houses ;  Total Sectors ;,A418514J,Building Approvals,Number,Month
1985-06-01,2481,Total number of dwelling units ;  New South Wales ;  Houses ;  Total Sectors ;,A418514J,Building Approvals,Number,Month
1985-07-01,2653,Total number of dwelling units ;  New South Wales ;  Houses ;  Total Sectors ;,A418514J,Building Approvals,Number,Month
1985-08-01,2454,Total number of dwelling units ;  New South Wales ;  Houses ;  Total Sectors ;,A418514J,Building Approvals,Number,Month
1985-09-01,2432,Total number of dwelling units ;  New South Wales ;  Houses ;  Total Sectors ;,A418514J,Building Approvals,Number,Month
1985-10-01,2958,Total number of dwelling units ;  New South Wales ;  Houses ;  Total Sectors ;,A418514J,Building Approvals,Number,Month
1985-11-01,2093,Total number of dwelling units ;  New South Wales ;  Houses ;  Total Sectors ;,A418514J,Building Approvals,Number,Month
1985-12-01,2359,Total number of dwelling units ;  New South Wales ;  Houses ;  Total Sectors ;,A418514J,Building Approvals,Number,Month
1986-01-01,2108,Total number of dwelling units ;  New South Wales ;  Houses ;  Total Sectors ;,A418514J,Building Approvals,Number,Month
1986-02-01,2121,Total number of dwelling units ;  New South Wales ;  Houses ;  Total Sectors ;,A418514J,Building Approvals,Number,Month
1986-03-01,2036,Total number of dwelling units ;  New South Wales ;  Houses ;  Total Sectors ;,A418514J,Building Approvals,Number,Month
1986-04-01,1790,Total number of dwelling units ;  New South Wales ;  Houses ;  Total Sectors ;,A418514J,Building Approvals,Number,Month
1986-05-01,1988,Total number of dwelling units ;  New South Wales ;  Houses ;  Total Sectors ;,A418514J,Building Approvals,Number,Month
1986-06-01,2061,Total number of dwelling units ;  New South Wales ;  Houses ;  Total Sectors ;,A418514J,Building Approvals,Number,Month
1986-07-01,1960,Total number of dwelling units ;  New South Wales ;  Houses ;  Total Sectors ;,A418514J,Building Approvals,Number,Month
1986-08-01,1961,Total number of dwelling units ;  New South Wales ;  Houses ;  Total Sectors ;,A418514J,Building Approvals,Number,Month
1986-09-01,1938,Total number of dwelling units ;  New South Wales ;  Houses ;  Total Sectors ;,A418514J,Building Approvals,Number,Month
1986-10-01,1797,Total number of dwelling units ;  New South Wales ;  Houses ;  Total Sectors ;,A418514J,Building Approvals,Number,Month
1986-11-01,1849,Total number of dwelling units ;  New South Wales ;  Houses ;  Total Sectors ;,A418514J,Building Approvals,Number,Month
1986-12-01,1759,Total number of dwelling units ;  New South Wales ;  Houses ;  Total Sectors ;,A418514J,Building Approvals,Number,Month
1987-01-01,1833,Total number of dwelling units ;  New South Wales ;  Houses ;  Total Sectors ;,A418514J,Building Approvals,Number,Month
1987-02-01,2104,Total number of dwelling units ;  New South Wales ;  Houses ;  Total Sectors ;,A418514J,Building Approvals,Number,Month
1987-03-01,1965,Total number of dwelling units ;  New South Wales ;  Houses ;  Total Sectors ;,A418514J,Building Approvals,Number,Month
1987-04-01,2014,Total number of dwelling units ;  New South Wales ;  Houses ;  Total Sectors ;,A418514J,Building Approvals,Number,Month
1987-05-01,2060,Total number of dwelling units ;  New South Wales ;  Houses ;  Total Sectors ;,A418514J,Building Approvals,Number,Month
1987-06-01,1802,Total number of dwelling units ;  New South Wales ;  Houses ;  Total Sectors ;,A418514J,Building Approvals,Number,Month
1987-07-01,2230,Total number of dwelling units ;  New South Wales ;  Houses ;  Total Sectors ;,A418514J,Building Approvals,Number,Month
1987-08-01,2025,Total number of dwelling units ;  New South Wales ;  Houses ;  Total Sectors ;,A418514J,Building Approvals,Number,Month
1987-09-01,2387,Total number of dwelling units ;  New South Wales ;  Houses ;  Total Sectors ;,A418514J,Building Approvals,Number,Month
1987-10-01,2700,Total number of dwelling units ;  New South Wales ;  Houses ;  Total Sectors ;,A418514J,Building Approvals,Number,Month
1987-11-01,2889,Total number of dwelling units ;  New South Wales ;  Houses ;  Total Sectors ;,A418514J,Building Approvals,Number,Month
1987-12-01,2808,Total number of dwelling units ;  New South Wales ;  Houses ;  Total Sectors ;,A418514J,Building Approvals,Number,Month
1988-01-01,2869,Total number of dwelling units ;  New South Wales ;  Houses ;  Total Sectors ;,A418514J,Building Approvals,Number,Month
1988-02-01,2737,Total number of dwelling units ;  New South Wales ;  Houses ;  Total Sectors ;,A418514J,Building Approvals,Number,Month
1988-03-01,2752,Total number of dwelling units ;  New South Wales ;  Houses ;  Total Sectors ;,A418514J,Building Approvals,Number,Month
1988-04-01,3024,Total number of dwelling units ;  New South Wales ;  Houses ;  Total Sectors ;,A418514J,Building Approvals,Number,Month
1988-05-01,3174,Total number of dwelling units ;  New South Wales ;  Houses ;  Total Sectors ;,A418514J,Building Approvals,Number,Month
1988-06-01,3354,Total number of dwelling units ;  New South Wales ;  Houses ;  Total Sectors ;,A418514J,Building Approvals,Number,Month
1988-07-01,3260,Total number of dwelling units ;  New South Wales ;  Houses ;  Total Sectors ;,A418514J,Building Approvals,Number,Month
1988-08-01,3656,Total number of dwelling units ;  New South Wales ;  Houses ;  Total Sectors ;,A418514J,Building Approvals,Number,Month
1988-09-01,3047,Total number of dwelling units ;  New South Wales ;  Houses ;  Total Sectors ;,A418514J,Building Approvals,Number,Month
1988-10-01,2787,Total number of dwelling units ;  New South Wales ;  Houses ;  Total Sectors ;,A418514J,Building Approvals,Number,Month
1988-11-01,3143,Total number of dwelling units ;  New South Wales ;  Houses ;  Total Sectors ;,A418514J,Building Approvals,Number,Month
1988-12-01,3294,Total number of dwelling units ;  New South Wales ;  Houses ;  Total Sectors ;,A418514J,Building Approvals,Number,Month
1989-01-01,3192,Total number of dwelling units ;  New South Wales ;  Houses ;  Total Sectors ;,A418514J,Building Approvals,Number,Month
1989-02-01,3004,Total number of dwelling units ;  New South Wales ;  Houses ;  Total Sectors ;,A418514J,Building Approvals,Number,Month
1989-03-01,2931,Total number of dwelling units ;  New South Wales ;  Houses ;  Total Sectors ;,A418514J,Building Approvals,Number,Month
1989-04-01,2695,Total number of dwelling units ;  New South Wales ;  Houses ;  Total Sectors ;,A418514J,Building Approvals,Number,Month
1989-05-01,2627,Total number of dwelling units ;  New South Wales ;  Houses ;  Total Sectors ;,A418514J,Building Approvals,Number,Month
1989-06-01,2275,Total number of dwelling units ;  New South Wales ;  Houses ;  Total Sectors ;,A418514J,Building Approvals,Number,Month
1989-07-01,2085,Total number of dwelling units ;  New South Wales ;  Houses ;  Total Sectors ;,A418514J,Building Approvals,Number,Month
1989-08-01,2176,Total number of dwelling units ;  New South Wales ;  Houses ;  Total Sectors ;,A418514J,Building Approvals,Number,Month
1989-09-01,2178,Total number of dwelling units ;  New South Wales ;  Houses ;  Total Sectors ;,A418514J,Building Approvals,Number,Month
1989-10-01,2209,Total number of dwelling units ;  New South Wales ;  Houses ;  Total Sectors ;,A418514J,Building Approvals,Number,Month
1989-11-01,2073,Total number of dwelling units ;  New South Wales ;  Houses ;  Total Sectors ;,A418514J,Building Approvals,Number,Month
1989-12-01,2165,Total number of dwelling units ;  New South Wales ;  Houses ;  Total Sectors ;,A418514J,Building Approvals,Number,Month
1990-01-01,2145,Total number of dwelling units ;  New South Wales ;  Houses ;  Total Sectors ;,A418514J,Building Approvals,Number,Month
1990-02-01,2067,Total number of dwelling units ;  New South Wales ;  Houses ;  Total Sectors ;,A418514J,Building Approvals,Number,Month
1990-03-01,2237,Total number of dwelling units ;  New South Wales ;  Houses ;  Total Sectors ;,A418514J,Building Approvals,Number,Month
1990-04-01,2112,Total number of dwelling units ;  New South Wales ;  Houses ;  Total Sectors ;,A418514J,Building Approvals,Number,Month
1990-05-01,2052,Total number of dwelling units ;  New South Wales ;  Houses ;  Total Sectors ;,A418514J,Building Approvals,Number,Month
1990-06-01,2122,Total number of dwelling units ;  New South Wales ;  Houses ;  Total Sectors ;,A418514J,Building Approvals,Number,Month
1990-07-01,1977,Total number of dwelling units ;  New South Wales ;  Houses ;  Total Sectors ;,A418514J,Building Approvals,Number,Month
1990-08-01,2029,Total number of dwelling units ;  New South Wales ;  Houses ;  Total Sectors ;,A418514J,Building Approvals,Number,Month
1990-09-01,2080,Total number of dwelling units ;  New South Wales ;  Houses ;  Total Sectors ;,A418514J,Building Approvals,Number,Month
1990-10-01,2007,Total number of dwelling units ;  New South Wales ;  Houses ;  Total Sectors ;,A418514J,Building Approvals,Number,Month
1990-11-01,2423,Total number of dwelling units ;  New South Wales ;  Houses ;  Total Sectors ;,A418514J,Building Approvals,Number,Month
1990-12-01,2053,Total number of dwelling units ;  New South Wales ;  Houses ;  Total Sectors ;,A418514J,Building Approvals,Number,Month
1991-01-01,2164,Total number of dwelling units ;  New South Wales ;  Houses ;  Total Sectors ;,A418514J,Building Approvals,Number,Month
1991-02-01,2065,Total number of dwelling units ;  New South Wales ;  Houses ;  Total Sectors ;,A418514J,Building Approvals,Number,Month
1991-03-01,2128,Total number of dwelling units ;  New South Wales ;  Houses ;  Total Sectors ;,A418514J,Building Approvals,Number,Month
1991-04-01,1945,Total number of dwelling units ;  New South Wales ;  Houses ;  Total Sectors ;,A418514J,Building Approvals,Number,Month
1991-05-01,2109,Total number of dwelling units ;  New South Wales ;  Houses ;  Total Sectors ;,A418514J,Building Approvals,Number,Month
1991-06-01,2079,Total number of dwelling units ;  New South Wales ;  Houses ;  Total Sectors ;,A418514J,Building Approvals,Number,Month
1991-07-01,2360,Total number of dwelling units ;  New South Wales ;  Houses ;  Total Sectors ;,A418514J,Building Approvals,Number,Month
1991-08-01,2491,Total number of dwelling units ;  New South Wales ;  Houses ;  Total Sectors ;,A418514J,Building Approvals,Number,Month
1991-09-01,2473,Total number of dwelling units ;  New South Wales ;  Houses ;  Total Sectors ;,A418514J,Building Approvals,Number,Month
1991-10-01,2432,Total number of dwelling units ;  New South Wales ;  Houses ;  Total Sectors ;,A418514J,Building Approvals,Number,Month
1991-11-01,2382,Total number of dwelling units ;  New South Wales ;  Houses ;  Total Sectors ;,A418514J,Building Approvals,Number,Month
1991-12-01,2284,Total number of dwelling units ;  New South Wales ;  Houses ;  Total Sectors ;,A418514J,Building Approvals,Number,Month
1992-01-01,2009,Total number of dwelling units ;  New South Wales ;  Houses ;  Total Sectors ;,A418514J,Building Approvals,Number,Month
1992-02-01,2145,Total number of dwelling units ;  New South Wales ;  Houses ;  Total Sectors ;,A418514J,Building Approvals,Number,Month
1992-03-01,2287,Total number of dwelling units ;  New South Wales ;  Houses ;  Total Sectors ;,A418514J,Building Approvals,Number,Month
1992-04-01,2494,Total number of dwelling units ;  New South Wales ;  Houses ;  Total Sectors ;,A418514J,Building Approvals,Number,Month
1992-05-01,2256,Total number of dwelling units ;  New South Wales ;  Houses ;  Total Sectors ;,A418514J,Building Approvals,Number,Month
1992-06-01,2437,Total number of dwelling units ;  New South Wales ;  Houses ;  Total Sectors ;,A418514J,Building Approvals,Number,Month
1992-07-01,2490,Total number of dwelling units ;  New South Wales ;  Houses ;  Total Sectors ;,A418514J,Building Approvals,Number,Month
1992-08-01,2352,Total number of dwelling units ;  New South Wales ;  Houses ;  Total Sectors ;,A418514J,Building Approvals,Number,Month
1992-09-01,2374,Total number of dwelling units ;  New South Wales ;  Houses ;  Total Sectors ;,A418514J,Building Approvals,Number,Month
1992-10-01,2424,Total number of dwelling units ;  New South Wales ;  Houses ;  Total Sectors ;,A418514J,Building Approvals,Number,Month
1992-11-01,2453,Total number of dwelling units ;  New South Wales ;  Houses ;  Total Sectors ;,A418514J,Building Approvals,Number,Month
1992-12-01,2710,Total number of dwelling units ;  New South Wales ;  Houses ;  Total Sectors ;,A418514J,Building Approvals,Number,Month
1993-01-01,2443,Total number of dwelling units ;  New South Wales ;  Houses ;  Total Sectors ;,A418514J,Building Approvals,Number,Month
1993-02-01,2609,Total number of dwelling units ;  New South Wales ;  Houses ;  Total Sectors ;,A418514J,Building Approvals,Number,Month
1993-03-01,2416,Total number of dwelling units ;  New South Wales ;  Houses ;  Total Sectors ;,A418514J,Building Approvals,Number,Month
1993-04-01,2547,Total number of dwelling units ;  New South Wales ;  Houses ;  Total Sectors ;,A418514J,Building Approvals,Number,Month
1993-05-01,2394,Total number of dwelling units ;  New South Wales ;  Houses ;  Total Sectors ;,A418514J,Building Approvals,Number,Month
1993-06-01,2416,Total number of dwelling units ;  New South Wales ;  Houses ;  Total Sectors ;,A418514J,Building Approvals,Number,Month
1993-07-01,2434,Total number of dwelling units ;  New South Wales ;  Houses ;  Total Sectors ;,A418514J,Building Approvals,Number,Month
1993-08-01,2290,Total number of dwelling units ;  New South Wales ;  Houses ;  Total Sectors ;,A418514J,Building Approvals,Number,Month
1993-09-01,2342,Total number of dwelling units ;  New South Wales ;  Houses ;  Total Sectors ;,A418514J,Building Approvals,Number,Month
1993-10-01,2512,Total number of dwelling units ;  New South Wales ;  Houses ;  Total Sectors ;,A418514J,Building Approvals,Number,Month
1993-11-01,2376,Total number of dwelling units ;  New South Wales ;  Houses ;  Total Sectors ;,A418514J,Building Approvals,Number,Month
1993-12-01,2404,Total number of dwelling units ;  New South Wales ;  Houses ;  Total Sectors ;,A418514J,Building Approvals,Number,Month
1994-01-01,2503,Total number of dwelling units ;  New South Wales ;  Houses ;  Total Sectors ;,A418514J,Building Approvals,Number,Month
1994-02-01,2494,Total number of dwelling units ;  New South Wales ;  Houses ;  Total Sectors ;,A418514J,Building Approvals,Number,Month
1994-03-01,2701,Total number of dwelling units ;  New South Wales ;  Houses ;  Total Sectors ;,A418514J,Building Approvals,Number,Month
1994-04-01,2750,Total number of dwelling units ;  New South Wales ;  Houses ;  Total Sectors ;,A418514J,Building Approvals,Number,Month
1994-05-01,2915,Total number of dwelling units ;  New South Wales ;  Houses ;  Total Sectors ;,A418514J,Building Approvals,Number,Month
1994-06-01,2769,Total number of dwelling units ;  New South Wales ;  Houses ;  Total Sectors ;,A418514J,Building Approvals,Number,Month
1994-07-01,2710,Total number of dwelling units ;  New South Wales ;  Houses ;  Total Sectors ;,A418514J,Building Approvals,Number,Month
1994-08-01,2800,Total number of dwelling units ;  New South Wales ;  Houses ;  Total Sectors ;,A418514J,Building Approvals,Number,Month
1994-09-01,2543,Total number of dwelling units ;  New South Wales ;  Houses ;  Total Sectors ;,A418514J,Building Approvals,Number,Month
1994-10-01,2884,Total number of dwelling units ;  New South Wales ;  Houses ;  Total Sectors ;,A418514J,Building Approvals,Number,Month
1994-11-01,2678,Total number of dwelling units ;  New South Wales ;  Houses ;  Total Sectors ;,A418514J,Building Approvals,Number,Month
1994-12-01,2345,Total number of dwelling units ;  New South Wales ;  Houses ;  Total Sectors ;,A418514J,Building Approvals,Number,Month
1995-01-01,2403,Total number of dwelling units ;  New South Wales ;  Houses ;  Total Sectors ;,A418514J,Building Approvals,Number,Month
1995-02-01,2347,Total number of dwelling units ;  New South Wales ;  Houses ;  Total Sectors ;,A418514J,Building Approvals,Number,Month
1995-03-01,2041,Total number of dwelling units ;  New South Wales ;  Houses ;  Total Sectors ;,A418514J,Building Approvals,Number,Month
1995-04-01,2057,Total number of dwelling units ;  New South Wales ;  Houses ;  Total Sectors ;,A418514J,Building Approvals,Number,Month
1995-05-01,2183,Total number of dwelling units ;  New South Wales ;  Houses ;  Total Sectors ;,A418514J,Building Approvals,Number,Month
1995-06-01,2046,Total number of dwelling units ;  New South Wales ;  Houses ;  Total Sectors ;,A418514J,Building Approvals,Number,Month
1995-07-01,2036,Total number of dwelling units ;  New South Wales ;  Houses ;  Total Sectors ;,A418514J,Building Approvals,Number,Month
1995-08-01,2108,Total number of dwelling units ;  New South Wales ;  Houses ;  Total Sectors ;,A418514J,Building Approvals,Number,Month
1995-09-01,2238,Total number of dwelling units ;  New South Wales ;  Houses ;  Total Sectors ;,A418514J,Building Approvals,Number,Month
1995-10-01,1981,Total number of dwelling units ;  New South Wales ;  Houses ;  Total Sectors ;,A418514J,Building Approvals,Number,Month
1995-11-01,2055,Total number of dwelling units ;  New South Wales ;  Houses ;  Total Sectors ;,A418514J,Building Approvals,Number,Month
1995-12-01,2074,Total number of dwelling units ;  New South Wales ;  Houses ;  Total Sectors ;,A418514J,Building Approvals,Number,Month
1996-01-01,1926,Total number of dwelling units ;  New South Wales ;  Houses ;  Total Sectors ;,A418514J,Building Approvals,Number,Month
1996-02-01,2164,Total number of dwelling units ;  New South Wales ;  Houses ;  Total Sectors ;,A418514J,Building Approvals,Number,Month
1996-03-01,2169,Total number of dwelling units ;  New South Wales ;  Houses ;  Total Sectors ;,A418514J,Building Approvals,Number,Month
1996-04-01,1928,Total number of dwelling units ;  New South Wales ;  Houses ;  Total Sectors ;,A418514J,Building Approvals,Number,Month
1996-05-01,1878,Total number of dwelling units ;  New South Wales ;  Houses ;  Total Sectors ;,A418514J,Building Approvals,Number,Month
1996-06-01,1998,Total number of dwelling units ;  New South Wales ;  Houses ;  Total Sectors ;,A418514J,Building Approvals,Number,Month
1996-07-01,2033,Total number of dwelling units ;  New South Wales ;  Houses ;  Total Sectors ;,A418514J,Building Approvals,Number,Month
1996-08-01,2057,Total number of dwelling units ;  New South Wales ;  Houses ;  Total Sectors ;,A418514J,Building Approvals,Number,Month
1996-09-01,2187,Total number of dwelling units ;  New South Wales ;  Houses ;  Total Sectors ;,A418514J,Building Approvals,Number,Month
1996-10-01,1945,Total number of dwelling units ;  New South Wales ;  Houses ;  Total Sectors ;,A418514J,Building Approvals,Number,Month
1996-11-01,2039,Total number of dwelling units ;  New South Wales ;  Houses ;  Total Sectors ;,A418514J,Building Approvals,Number,Month
1996-12-01,2113,Total number of dwelling units ;  New South Wales ;  Houses ;  Total Sectors ;,A418514J,Building Approvals,Number,Month
1997-01-01,2086,Total number of dwelling units ;  New South Wales ;  Houses ;  Total Sectors ;,A418514J,Building Approvals,Number,Month
1997-02-01,2110,Total number of dwelling units ;  New South Wales ;  Houses ;  Total Sectors ;,A418514J,Building Approvals,Number,Month
1997-03-01,2041,Total number of dwelling units ;  New South Wales ;  Houses ;  Total Sectors ;,A418514J,Building Approvals,Number,Month
1997-04-01,2107,Total number of dwelling units ;  New South Wales ;  Houses ;  Total Sectors ;,A418514J,Building Approvals,Number,Month
1997-05-01,3030,Total number of dwelling units ;  New South Wales ;  Houses ;  Total Sectors ;,A418514J,Building Approvals,Number,Month
1997-06-01,2143,Total number of dwelling units ;  New South Wales ;  Houses ;  Total Sectors ;,A418514J,Building Approvals,Number,Month
1997-07-01,2087,Total number of dwelling units ;  New South Wales ;  Houses ;  Total Sectors ;,A418514J,Building Approvals,Number,Month
1997-08-01,2339,Total number of dwelling units ;  New South Wales ;  Houses ;  Total Sectors ;,A418514J,Building Approvals,Number,Month
1997-09-01,2289,Total number of dwelling units ;  New South Wales ;  Houses ;  Total Sectors ;,A418514J,Building Approvals,Number,Month
1997-10-01,2436,Total number of dwelling units ;  New South Wales ;  Houses ;  Total Sectors ;,A418514J,Building Approvals,Number,Month
1997-11-01,2463,Total number of dwelling units ;  New South Wales ;  Houses ;  Total Sectors ;,A418514J,Building Approvals,Number,Month
1997-12-01,2459,Total number of dwelling units ;  New South Wales ;  Houses ;  Total Sectors ;,A418514J,Building Approvals,Number,Month
1998-01-01,2550,Total number of dwelling units ;  New South Wales ;  Houses ;  Total Sectors ;,A418514J,Building Approvals,Number,Month
1998-02-01,2453,Total number of dwelling units ;  New South Wales ;  Houses ;  Total Sectors ;,A418514J,Building Approvals,Number,Month
1998-03-01,2457,Total number of dwelling units ;  New South Wales ;  Houses ;  Total Sectors ;,A418514J,Building Approvals,Number,Month
1998-04-01,2668,Total number of dwelling units ;  New South Wales ;  Houses ;  Total Sectors ;,A418514J,Building Approvals,Number,Month
1998-05-01,2460,Total number of dwelling units ;  New South Wales ;  Houses ;  Total Sectors ;,A418514J,Building Approvals,Number,Month
1998-06-01,2561,Total number of dwelling units ;  New South Wales ;  Houses ;  Total Sectors ;,A418514J,Building Approvals,Number,Month
1998-07-01,2583,Total number of dwelling units ;  New South Wales ;  Houses ;  Total Sectors ;,A418514J,Building Approvals,Number,Month
1998-08-01,2115,Total number of dwelling units ;  New South Wales ;  Houses ;  Total Sectors ;,A418514J,Building Approvals,Number,Month
1998-09-01,2279,Total number of dwelling units ;  New South Wales ;  Houses ;  Total Sectors ;,A418514J,Building Approvals,Number,Month
1998-10-01,2280,Total number of dwelling units ;  New South Wales ;  Houses ;  Total Sectors ;,A418514J,Building Approvals,Number,Month
1998-11-01,2308,Total number of dwelling units ;  New South Wales ;  Houses ;  Total Sectors ;,A418514J,Building Approvals,Number,Month
1998-12-01,2338,Total number of dwelling units ;  New South Wales ;  Houses ;  Total Sectors ;,A418514J,Building Approvals,Number,Month
1999-01-01,2234,Total number of dwelling units ;  New South Wales ;  Houses ;  Total Sectors ;,A418514J,Building Approvals,Number,Month
1999-02-01,2262,Total number of dwelling units ;  New South Wales ;  Houses ;  Total Sectors ;,A418514J,Building Approvals,Number,Month
1999-03-01,2488,Total number of dwelling units ;  New South Wales ;  Houses ;  Total Sectors ;,A418514J,Building Approvals,Number,Month
1999-04-01,2291,Total number of dwelling units ;  New South Wales ;  Houses ;  Total Sectors ;,A418514J,Building Approvals,Number,Month
1999-05-01,2645,Total number of dwelling units ;  New South Wales ;  Houses ;  Total Sectors ;,A418514J,Building Approvals,Number,Month
1999-06-01,2541,Total number of dwelling units ;  New South Wales ;  Houses ;  Total Sectors ;,A418514J,Building Approvals,Number,Month
1999-07-01,2916,Total number of dwelling units ;  New South Wales ;  Houses ;  Total Sectors ;,A418514J,Building Approvals,Number,Month
1999-08-01,2712,Total number of dwelling units ;  New South Wales ;  Houses ;  Total Sectors ;,A418514J,Building Approvals,Number,Month
1999-09-01,2609,Total number of dwelling units ;  New South Wales ;  Houses ;  Total Sectors ;,A418514J,Building Approvals,Number,Month
1999-10-01,2690,Total number of dwelling units ;  New South Wales ;  Houses ;  Total Sectors ;,A418514J,Building Approvals,Number,Month
1999-11-01,2711,Total number of dwelling units ;  New South Wales ;  Houses ;  Total Sectors ;,A418514J,Building Approvals,Number,Month
1999-12-01,3043,Total number of dwelling units ;  New South Wales ;  Houses ;  Total Sectors ;,A418514J,Building Approvals,Number,Month
2000-01-01,2758,Total number of dwelling units ;  New South Wales ;  Houses ;  Total Sectors ;,A418514J,Building Approvals,Number,Month
2000-02-01,2731,Total number of dwelling units ;  New South Wales ;  Houses ;  Total Sectors ;,A418514J,Building Approvals,Number,Month
2000-03-01,2793,Total number of dwelling units ;  New South Wales ;  Houses ;  Total Sectors ;,A418514J,Building Approvals,Number,Month
2000-04-01,2383,Total number of dwelling units ;  New South Wales ;  Houses ;  Total Sectors ;,A418514J,Building Approvals,Number,Month
2000-05-01,2095,Total number of dwelling units ;  New South Wales ;  Houses ;  Total Sectors ;,A418514J,Building Approvals,Number,Month
2000-06-01,1777,Total number of dwelling units ;  New South Wales ;  Houses ;  Total Sectors ;,A418514J,Building Approvals,Number,Month
2000-07-01,1386,Total number of dwelling units ;  New South Wales ;  Houses ;  Total Sectors ;,A418514J,Building Approvals,Number,Month
2000-08-01,1540,Total number of dwelling units ;  New South Wales ;  Houses ;  Total Sectors ;,A418514J,Building Approvals,Number,Month
2000-09-01,1512,Total number of dwelling units ;  New South Wales ;  Houses ;  Total Sectors ;,A418514J,Building Approvals,Number,Month
2000-10-01,1694,Total number of dwelling units ;  New South Wales ;  Houses ;  Total Sectors ;,A418514J,Building Approvals,Number,Month
2000-11-01,1515,Total number of dwelling units ;  New South Wales ;  Houses ;  Total Sectors ;,A418514J,Building Approvals,Number,Month
2000-12-01,1490,Total number of dwelling units ;  New South Wales ;  Houses ;  Total Sectors ;,A418514J,Building Approvals,Number,Month
2001-01-01,1588,Total number of dwelling units ;  New South Wales ;  Houses ;  Total Sectors ;,A418514J,Building Approvals,Number,Month
2001-02-01,1581,Total number of dwelling units ;  New South Wales ;  Houses ;  Total Sectors ;,A418514J,Building Approvals,Number,Month
2001-03-01,1521,Total number of dwelling units ;  New South Wales ;  Houses ;  Total Sectors ;,A418514J,Building Approvals,Number,Month
2001-04-01,1674,Total number of dwelling units ;  New South Wales ;  Houses ;  Total Sectors ;,A418514J,Building Approvals,Number,Month
2001-05-01,1804,Total number of dwelling units ;  New South Wales ;  Houses ;  Total Sectors ;,A418514J,Building Approvals,Number,Month
2001-06-01,1895,Total number of dwelling units ;  New South Wales ;  Houses ;  Total Sectors ;,A418514J,Building Approvals,Number,Month
2001-07-01,2106,Total number of dwelling units ;  New South Wales ;  Houses ;  Total Sectors ;,A418514J,Building Approvals,Number,Month
2001-08-01,2260,Total number of dwelling units ;  New South Wales ;  Houses ;  Total Sectors ;,A418514J,Building Approvals,Number,Month
2001-09-01,2368,Total number of dwelling units ;  New South Wales ;  Houses ;  Total Sectors ;,A418514J,Building Approvals,Number,Month
2001-10-01,2444,Total number of dwelling units ;  New South Wales ;  Houses ;  Total Sectors ;,A418514J,Building Approvals,Number,Month
2001-11-01,2521,Total number of dwelling units ;  New South Wales ;  Houses ;  Total Sectors ;,A418514J,Building Approvals,Number,Month
2001-12-01,2337,Total number of dwelling units ;  New South Wales ;  Houses ;  Total Sectors ;,A418514J,Building Approvals,Number,Month
2002-01-01,2353,Total number of dwelling units ;  New South Wales ;  Houses ;  Total Sectors ;,A418514J,Building Approvals,Number,Month
2002-02-01,2276,Total number of dwelling units ;  New South Wales ;  Houses ;  Total Sectors ;,A418514J,Building Approvals,Number,Month
2002-03-01,2294,Total number of dwelling units ;  New South Wales ;  Houses ;  Total Sectors ;,A418514J,Building Approvals,Number,Month
2002-04-01,2255,Total number of dwelling units ;  New South Wales ;  Houses ;  Total Sectors ;,A418514J,Building Approvals,Number,Month
2002-05-01,2285,Total number of dwelling units ;  New South Wales ;  Houses ;  Total Sectors ;,A418514J,Building Approvals,Number,Month
2002-06-01,2330,Total number of dwelling units ;  New South Wales ;  Houses ;  Total Sectors ;,A418514J,Building Approvals,Number,Month
2002-07-01,2220,Total number of dwelling units ;  New South Wales ;  Houses ;  Total Sectors ;,A418514J,Building Approvals,Number,Month
2002-08-01,2275,Total number of dwelling units ;  New South Wales ;  Houses ;  Total Sectors ;,A418514J,Building Approvals,Number,Month
2002-09-01,2111,Total number of dwelling units ;  New South Wales ;  Houses ;  Total Sectors ;,A418514J,Building Approvals,Number,Month
2002-10-01,2165,Total number of dwelling units ;  New South Wales ;  Houses ;  Total Sectors ;,A418514J,Building Approvals,Number,Month
2002-11-01,2191,Total number of dwelling units ;  New South Wales ;  Houses ;  Total Sectors ;,A418514J,Building Approvals,Number,Month
2002-12-01,1818,Total number of dwelling units ;  New South Wales ;  Houses ;  Total Sectors ;,A418514J,Building Approvals,Number,Month
2003-01-01,1998,Total number of dwelling units ;  New South Wales ;  Houses ;  Total Sectors ;,A418514J,Building Approvals,Number,Month
2003-02-01,1980,Total number of dwelling units ;  New South Wales ;  Houses ;  Total Sectors ;,A418514J,Building Approvals,Number,Month
2003-03-01,2042,Total number of dwelling units ;  New South Wales ;  Houses ;  Total Sectors ;,A418514J,Building Approvals,Number,Month
2003-04-01,2091,Total number of dwelling units ;  New South Wales ;  Houses ;  Total Sectors ;,A418514J,Building Approvals,Number,Month
2003-05-01,2102,Total number of dwelling units ;  New South Wales ;  Houses ;  Total Sectors ;,A418514J,Building Approvals,Number,Month
2003-06-01,2047,Total number of dwelling units ;  New South Wales ;  Houses ;  Total Sectors ;,A418514J,Building Approvals,Number,Month
2003-07-01,1993,Total number of dwelling units ;  New South Wales ;  Houses ;  Total Sectors ;,A418514J,Building Approvals,Number,Month
2003-08-01,2002,Total number of dwelling units ;  New South Wales ;  Houses ;  Total Sectors ;,A418514J,Building Approvals,Number,Month
2003-09-01,2186,Total number of dwelling units ;  New South Wales ;  Houses ;  Total Sectors ;,A418514J,Building Approvals,Number,Month
2003-10-01,2100,Total number of dwelling units ;  New South Wales ;  Houses ;  Total Sectors ;,A418514J,Building Approvals,Number,Month
2003-11-01,2141,Total number of dwelling units ;  New South Wales ;  Houses ;  Total Sectors ;,A418514J,Building Approvals,Number,Month
2003-12-01,2124,Total number of dwelling units ;  New South Wales ;  Houses ;  Total Sectors ;,A418514J,Building Approvals,Number,Month
2004-01-01,1766,Total number of dwelling units ;  New South Wales ;  Houses ;  Total Sectors ;,A418514J,Building Approvals,Number,Month
2004-02-01,1999,Total number of dwelling units ;  New South Wales ;  Houses ;  Total Sectors ;,A418514J,Building Approvals,Number,Month
2004-03-01,1962,Total number of dwelling units ;  New South Wales ;  Houses ;  Total Sectors ;,A418514J,Building Approvals,Number,Month
2004-04-01,2079,Total number of dwelling units ;  New South Wales ;  Houses ;  Total Sectors ;,A418514J,Building Approvals,Number,Month
2004-05-01,1876,Total number of dwelling units ;  New South Wales ;  Houses ;  Total Sectors ;,A418514J,Building Approvals,Number,Month
2004-06-01,1878,Total number of dwelling units ;  New South Wales ;  Houses ;  Total Sectors ;,A418514J,Building Approvals,Number,Month
2004-07-01,1689,Total number of dwelling units ;  New South Wales ;  Houses ;  Total Sectors ;,A418514J,Building Approvals,Number,Month
2004-08-01,1752,Total number of dwelling units ;  New South Wales ;  Houses ;  Total Sectors ;,A418514J,Building Approvals,Number,Month
2004-09-01,1676,Total number of dwelling units ;  New South Wales ;  Houses ;  Total Sectors ;,A418514J,Building Approvals,Number,Month
2004-10-01,1604,Total number of dwelling units ;  New South Wales ;  Houses ;  Total Sectors ;,A418514J,Building Approvals,Number,Month
2004-11-01,1716,Total number of dwelling units ;  New South Wales ;  Houses ;  Total Sectors ;,A418514J,Building Approvals,Number,Month
2004-12-01,1610,Total number of dwelling units ;  New South Wales ;  Houses ;  Total Sectors ;,A418514J,Building Approvals,Number,Month
2005-01-01,1662,Total number of dwelling units ;  New South Wales ;  Houses ;  Total Sectors ;,A418514J,Building Approvals,Number,Month
2005-02-01,1639,Total number of dwelling units ;  New South Wales ;  Houses ;  Total Sectors ;,A418514J,Building Approvals,Number,Month
2005-03-01,1615,Total number of dwelling units ;  New South Wales ;  Houses ;  Total Sectors ;,A418514J,Building Approvals,Number,Month
2005-04-01,1491,Total number of dwelling units ;  New South Wales ;  Houses ;  Total Sectors ;,A418514J,Building Approvals,Number,Month
2005-05-01,1547,Total number of dwelling units ;  New South Wales ;  Houses ;  Total Sectors ;,A418514J,Building Approvals,Number,Month
2005-06-01,1757,Total number of dwelling units ;  New South Wales ;  Houses ;  Total Sectors ;,A418514J,Building Approvals,Number,Month
2005-07-01,1843,Total number of dwelling units ;  New South Wales ;  Houses ;  Total Sectors ;,A418514J,Building Approvals,Number,Month
2005-08-01,1512,Total number of dwelling units ;  New South Wales ;  Houses ;  Total Sectors ;,A418514J,Building Approvals,Number,Month
2005-09-01,1453,Total number of dwelling units ;  New South Wales ;  Houses ;  Total Sectors ;,A418514J,Building Approvals,Number,Month
2005-10-01,1401,Total number of dwelling units ;  New South Wales ;  Houses ;  Total Sectors ;,A418514J,Building Approvals,Number,Month
2005-11-01,1302,Total number of dwelling units ;  New South Wales ;  Houses ;  Total Sectors ;,A418514J,Building Approvals,Number,Month
2005-12-01,1318,Total number of dwelling units ;  New South Wales ;  Houses ;  Total Sectors ;,A418514J,Building Approvals,Number,Month
2006-01-01,1351,Total number of dwelling units ;  New South Wales ;  Houses ;  Total Sectors ;,A418514J,Building Approvals,Number,Month
2006-02-01,1284,Total number of dwelling units ;  New South Wales ;  Houses ;  Total Sectors ;,A418514J,Building Approvals,Number,Month
2006-03-01,1294,Total number of dwelling units ;  New South Wales ;  Houses ;  Total Sectors ;,A418514J,Building Approvals,Number,Month
2006-04-01,1368,Total number of dwelling units ;  New South Wales ;  Houses ;  Total Sectors ;,A418514J,Building Approvals,Number,Month
2006-05-01,1400,Total number of dwelling units ;  New South Wales ;  Houses ;  Total Sectors ;,A418514J,Building Approvals,Number,Month
2006-06-01,1414,Total number of dwelling units ;  New South Wales ;  Houses ;  Total Sectors ;,A418514J,Building Approvals,Number,Month
2006-07-01,1512,Total number of dwelling units ;  New South Wales ;  Houses ;  Total Sectors ;,A418514J,Building Approvals,Number,Month
2006-08-01,1352,Total number of dwelling units ;  New South Wales ;  Houses ;  Total Sectors ;,A418514J,Building Approvals,Number,Month
2006-09-01,1438,Total number of dwelling units ;  New South Wales ;  Houses ;  Total Sectors ;,A418514J,Building Approvals,Number,Month
2006-10-01,1336,Total number of dwelling units ;  New South Wales ;  Houses ;  Total Sectors ;,A418514J,Building Approvals,Number,Month
2006-11-01,1311,Total number of dwelling units ;  New South Wales ;  Houses ;  Total Sectors ;,A418514J,Building Approvals,Number,Month
2006-12-01,1390,Total number of dwelling units ;  New South Wales ;  Houses ;  Total Sectors ;,A418514J,Building Approvals,Number,Month
2007-01-01,1371,Total number of dwelling units ;  New South Wales ;  Houses ;  Total Sectors ;,A418514J,Building Approvals,Number,Month
2007-02-01,1301,Total number of dwelling units ;  New South Wales ;  Houses ;  Total Sectors ;,A418514J,Building Approvals,Number,Month
2007-03-01,1363,Total number of dwelling units ;  New South Wales ;  Houses ;  Total Sectors ;,A418514J,Building Approvals,Number,Month
2007-04-01,1365,Total number of dwelling units ;  New South Wales ;  Houses ;  Total Sectors ;,A418514J,Building Approvals,Number,Month
2007-05-01,1370,Total number of dwelling units ;  New South Wales ;  Houses ;  Total Sectors ;,A418514J,Building Approvals,Number,Month
2007-06-01,1335,Total number of dwelling units ;  New South Wales ;  Houses ;  Total Sectors ;,A418514J,Building Approvals,Number,Month
2007-07-01,1373,Total number of dwelling units ;  New South Wales ;  Houses ;  Total Sectors ;,A418514J,Building Approvals,Number,Month
2007-08-01,1348,Total number of dwelling units ;  New South Wales ;  Houses ;  Total Sectors ;,A418514J,Building Approvals,Number,Month
2007-09-01,1218,Total number of dwelling units ;  New South Wales ;  Houses ;  Total Sectors ;,A418514J,Building Approvals,Number,Month
2007-10-01,1319,Total number of dwelling units ;  New South Wales ;  Houses ;  Total Sectors ;,A418514J,Building Approvals,Number,Month
2007-11-01,1560,Total number of dwelling units ;  New South Wales ;  Houses ;  Total Sectors ;,A418514J,Building Approvals,Number,Month
2007-12-01,1314,Total number of dwelling units ;  New South Wales ;  Houses ;  Total Sectors ;,A418514J,Building Approvals,Number,Month
2008-01-01,1449,Total number of dwelling units ;  New South Wales ;  Houses ;  Total Sectors ;,A418514J,Building Approvals,Number,Month
2008-02-01,1493,Total number of dwelling units ;  New South Wales ;  Houses ;  Total Sectors ;,A418514J,Building Approvals,Number,Month
2008-03-01,1393,Total number of dwelling units ;  New South Wales ;  Houses ;  Total Sectors ;,A418514J,Building Approvals,Number,Month
2008-04-01,1319,Total number of dwelling units ;  New South Wales ;  Houses ;  Total Sectors ;,A418514J,Building Approvals,Number,Month
2008-05-01,1280,Total number of dwelling units ;  New South Wales ;  Houses ;  Total Sectors ;,A418514J,Building Approvals,Number,Month
2008-06-01,1218,Total number of dwelling units ;  New South Wales ;  Houses ;  Total Sectors ;,A418514J,Building Approvals,Number,Month
2008-07-01,1186,Total number of dwelling units ;  New South Wales ;  Houses ;  Total Sectors ;,A418514J,Building Approvals,Number,Month
2008-08-01,1199,Total number of dwelling units ;  New South Wales ;  Houses ;  Total Sectors ;,A418514J,Building Approvals,Number,Month
2008-09-01,1131,Total number of dwelling units ;  New South Wales ;  Houses ;  Total Sectors ;,A418514J,Building Approvals,Number,Month
2008-10-01,1205,Total number of dwelling units ;  New South Wales ;  Houses ;  Total Sectors ;,A418514J,Building Approvals,Number,Month
2008-11-01,1050,Total number of dwelling units ;  New South Wales ;  Houses ;  Total Sectors ;,A418514J,Building Approvals,Number,Month
2008-12-01,1023,Total number of dwelling units ;  New South Wales ;  Houses ;  Total Sectors ;,A418514J,Building Approvals,Number,Month
2009-01-01,1107,Total number of dwelling units ;  New South Wales ;  Houses ;  Total Sectors ;,A418514J,Building Approvals,Number,Month
2009-02-01,1110,Total number of dwelling units ;  New South Wales ;  Houses ;  Total Sectors ;,A418514J,Building Approvals,Number,Month
2009-03-01,1179,Total number of dwelling units ;  New South Wales ;  Houses ;  Total Sectors ;,A418514J,Building Approvals,Number,Month
2009-04-01,1311,Total number of dwelling units ;  New South Wales ;  Houses ;  Total Sectors ;,A418514J,Building Approvals,Number,Month
2009-05-01,1309,Total number of dwelling units ;  New South Wales ;  Houses ;  Total Sectors ;,A418514J,Building Approvals,Number,Month
2009-06-01,1319,Total number of dwelling units ;  New South Wales ;  Houses ;  Total Sectors ;,A418514J,Building Approvals,Number,Month
2009-07-01,1313,Total number of dwelling units ;  New South Wales ;  Houses ;  Total Sectors ;,A418514J,Building Approvals,Number,Month
2009-08-01,1532,Total number of dwelling units ;  New South Wales ;  Houses ;  Total Sectors ;,A418514J,Building Approvals,Number,Month
2009-09-01,1530,Total number of dwelling units ;  New South Wales ;  Houses ;  Total Sectors ;,A418514J,Building Approvals,Number,Month
2009-10-01,1502,Total number of dwelling units ;  New South Wales ;  Houses ;  Total Sectors ;,A418514J,Building Approvals,Number,Month
2009-11-01,1627,Total number of dwelling units ;  New South Wales ;  Houses ;  Total Sectors ;,A418514J,Building Approvals,Number,Month
2009-12-01,1652,Total number of dwelling units ;  New South Wales ;  Houses ;  Total Sectors ;,A418514J,Building Approvals,Number,Month
2010-01-01,1569,Total number of dwelling units ;  New South Wales ;  Houses ;  Total Sectors ;,A418514J,Building Approvals,Number,Month
2010-02-01,1420,Total number of dwelling units ;  New South Wales ;  Houses ;  Total Sectors ;,A418514J,Building Approvals,Number,Month
2010-03-01,1566,Total number of dwelling units ;  New South Wales ;  Houses ;  Total Sectors ;,A418514J,Building Approvals,Number,Month
2010-04-01,1557,Total number of dwelling units ;  New South Wales ;  Houses ;  Total Sectors ;,A418514J,Building Approvals,Number,Month
2010-05-01,1434,Total number of dwelling units ;  New South Wales ;  Houses ;  Total Sectors ;,A418514J,Building Approvals,Number,Month
2010-06-01,1484,Total number of dwelling units ;  New South Wales ;  Houses ;  Total Sectors ;,A418514J,Building Approvals,Number,Month
2010-07-01,1388,Total number of dwelling units ;  New South Wales ;  Houses ;  Total Sectors ;,A418514J,Building Approvals,Number,Month
2010-08-01,1260,Total number of dwelling units ;  New South Wales ;  Houses ;  Total Sectors ;,A418514J,Building Approvals,Number,Month
2010-09-01,1335,Total number of dwelling units ;  New South Wales ;  Houses ;  Total Sectors ;,A418514J,Building Approvals,Number,Month
2010-10-01,1417,Total number of dwelling units ;  New South Wales ;  Houses ;  Total Sectors ;,A418514J,Building Approvals,Number,Month
2010-11-01,1409,Total number of dwelling units ;  New South Wales ;  Houses ;  Total Sectors ;,A418514J,Building Approvals,Number,Month
2010-12-01,1407,Total number of dwelling units ;  New South Wales ;  Houses ;  Total Sectors ;,A418514J,Building Approvals,Number,Month
2011-01-01,1446,Total number of dwelling units ;  New South Wales ;  Houses ;  Total Sectors ;,A418514J,Building Approvals,Number,Month
2011-02-01,1563,Total number of dwelling units ;  New South Wales ;  Houses ;  Total Sectors ;,A418514J,Building Approvals,Number,Month
2011-03-01,1467,Total number of dwelling units ;  New South Wales ;  Houses ;  Total Sectors ;,A418514J,Building Approvals,Number,Month
2011-04-01,1480,Total number of dwelling units ;  New South Wales ;  Houses ;  Total Sectors ;,A418514J,Building Approvals,Number,Month
2011-05-01,1469,Total number of dwelling units ;  New South Wales ;  Houses ;  Total Sectors ;,A418514J,Building Approvals,Number,Month
2011-06-01,1407,Total number of dwelling units ;  New South Wales ;  Houses ;  Total Sectors ;,A418514J,Building Approvals,Number,Month
2011-07-01,1473,Total number of dwelling units ;  New South Wales ;  Houses ;  Total Sectors ;,A418514J,Building Approvals,Number,Month
2011-08-01,1472,Total number of dwelling units ;  New South Wales ;  Houses ;  Total Sectors ;,A418514J,Building Approvals,Number,Month
2011-09-01,1479,Total number of dwelling units ;  New South Wales ;  Houses ;  Total Sectors ;,A418514J,Building Approvals,Number,Month
2011-10-01,1390,Total number of dwelling units ;  New South Wales ;  Houses ;  Total Sectors ;,A418514J,Building Approvals,Number,Month
2011-11-01,1453,Total number of dwelling units ;  New South Wales ;  Houses ;  Total Sectors ;,A418514J,Building Approvals,Number,Month
2011-12-01,1398,Total number of dwelling units ;  New South Wales ;  Houses ;  Total Sectors ;,A418514J,Building Approvals,Number,Month
2012-01-01,1302,Total number of dwelling units ;  New South Wales ;  Houses ;  Total Sectors ;,A418514J,Building Approvals,Number,Month
2012-02-01,1221,Total number of dwelling units ;  New South Wales ;  Houses ;  Total Sectors ;,A418514J,Building Approvals,Number,Month
2012-03-01,1283,Total number of dwelling units ;  New South Wales ;  Houses ;  Total Sectors ;,A418514J,Building Approvals,Number,Month
2012-04-01,1311,Total number of dwelling units ;  New South Wales ;  Houses ;  Total Sectors ;,A418514J,Building Approvals,Number,Month
2012-05-01,1371,Total number of dwelling units ;  New South Wales ;  Houses ;  Total Sectors ;,A418514J,Building Approvals,Number,Month
2012-06-01,1321,Total number of dwelling units ;  New South Wales ;  Houses ;  Total Sectors ;,A418514J,Building Approvals,Number,Month
2012-07-01,1651,Total number of dwelling units ;  New South Wales ;  Houses ;  Total Sectors ;,A418514J,Building Approvals,Number,Month
2012-08-01,1435,Total number of dwelling units ;  New South Wales ;  Houses ;  Total Sectors ;,A418514J,Building Approvals,Number,Month
2012-09-01,1536,Total number of dwelling units ;  New South Wales ;  Houses ;  Total Sectors ;,A418514J,Building Approvals,Number,Month
2012-10-01,1601,Total number of dwelling units ;  New South Wales ;  Houses ;  Total Sectors ;,A418514J,Building Approvals,Number,Month
2012-11-01,1545,Total number of dwelling units ;  New South Wales ;  Houses ;  Total Sectors ;,A418514J,Building Approvals,Number,Month
2012-12-01,1618,Total number of dwelling units ;  New South Wales ;  Houses ;  Total Sectors ;,A418514J,Building Approvals,Number,Month
2013-01-01,1599,Total number of dwelling units ;  New South Wales ;  Houses ;  Total Sectors ;,A418514J,Building Approvals,Number,Month
2013-02-01,1678,Total number of dwelling units ;  New South Wales ;  Houses ;  Total Sectors ;,A418514J,Building Approvals,Number,Month
2013-03-01,1710,Total number of dwelling units ;  New South Wales ;  Houses ;  Total Sectors ;,A418514J,Building Approvals,Number,Month
2013-04-01,1707,Total number of dwelling units ;  New South Wales ;  Houses ;  Total Sectors ;,A418514J,Building Approvals,Number,Month
2013-05-01,1792,Total number of dwelling units ;  New South Wales ;  Houses ;  Total Sectors ;,A418514J,Building Approvals,Number,Month
2013-06-01,1773,Total number of dwelling units ;  New South Wales ;  Houses ;  Total Sectors ;,A418514J,Building Approvals,Number,Month
2013-07-01,1736,Total number of dwelling units ;  New South Wales ;  Houses ;  Total Sectors ;,A418514J,Building Approvals,Number,Month
2013-08-01,1773,Total number of dwelling units ;  New South Wales ;  Houses ;  Total Sectors ;,A418514J,Building Approvals,Number,Month
2013-09-01,1885,Total number of dwelling units ;  New South Wales ;  Houses ;  Total Sectors ;,A418514J,Building Approvals,Number,Month
2013-10-01,1770,Total number of dwelling units ;  New South Wales ;  Houses ;  Total Sectors ;,A418514J,Building Approvals,Number,Month
2013-11-01,2025,Total number of dwelling units ;  New South Wales ;  Houses ;  Total Sectors ;,A418514J,Building Approvals,Number,Month
2013-12-01,2001,Total number of dwelling units ;  New South Wales ;  Houses ;  Total Sectors ;,A418514J,Building Approvals,Number,Month
2014-01-01,2150,Total number of dwelling units ;  New South Wales ;  Houses ;  Total Sectors ;,A418514J,Building Approvals,Number,Month
2014-02-01,2081,Total number of dwelling units ;  New South Wales ;  Houses ;  Total Sectors ;,A418514J,Building Approvals,Number,Month
2014-03-01,1984,Total number of dwelling units ;  New South Wales ;  Houses ;  Total Sectors ;,A418514J,Building Approvals,Number,Month
2014-04-01,2037,Total number of dwelling units ;  New South Wales ;  Houses ;  Total Sectors ;,A418514J,Building Approvals,Number,Month
2014-05-01,1878,Total number of dwelling units ;  New South Wales ;  Houses ;  Total Sectors ;,A418514J,Building Approvals,Number,Month
2014-06-01,1991,Total number of dwelling units ;  New South Wales ;  Houses ;  Total Sectors ;,A418514J,Building Approvals,Number,Month
2014-07-01,2299,Total number of dwelling units ;  New South Wales ;  Houses ;  Total Sectors ;,A418514J,Building Approvals,Number,Month
2014-08-01,2102,Total number of dwelling units ;  New South Wales ;  Houses ;  Total Sectors ;,A418514J,Building Approvals,Number,Month
2014-09-01,2017,Total number of dwelling units ;  New South Wales ;  Houses ;  Total Sectors ;,A418514J,Building Approvals,Number,Month
2014-10-01,2165,Total number of dwelling units ;  New South Wales ;  Houses ;  Total Sectors ;,A418514J,Building Approvals,Number,Month
2014-11-01,2110,Total number of dwelling units ;  New South Wales ;  Houses ;  Total Sectors ;,A418514J,Building Approvals,Number,Month
2014-12-01,2075,Total number of dwelling units ;  New South Wales ;  Houses ;  Total Sectors ;,A418514J,Building Approvals,Number,Month
2015-01-01,2210,Total number of dwelling units ;  New South Wales ;  Houses ;  Total Sectors ;,A418514J,Building Approvals,Number,Month
2015-02-01,2266,Total number of dwelling units ;  New South Wales ;  Houses ;  Total Sectors ;,A418514J,Building Approvals,Number,Month
2015-03-01,2178,Total number of dwelling units ;  New South Wales ;  Houses ;  Total Sectors ;,A418514J,Building Approvals,Number,Month
2015-04-01,2284,Total number of dwelling units ;  New South Wales ;  Houses ;  Total Sectors ;,A418514J,Building Approvals,Number,Month
2015-05-01,2299,Total number of dwelling units ;  New South Wales ;  Houses ;  Total Sectors ;,A418514J,Building Approvals,Number,Month
2015-06-01,2557,Total number of dwelling units ;  New South Wales ;  Houses ;  Total Sectors ;,A418514J,Building Approvals,Number,Month
2015-07-01,2453,Total number of dwelling units ;  New South Wales ;  Houses ;  Total Sectors ;,A418514J,Building Approvals,Number,Month
2015-08-01,2399,Total number of dwelling units ;  New South Wales ;  Houses ;  Total Sectors ;,A418514J,Building Approvals,Number,Month
2015-09-01,2210,Total number of dwelling units ;  New South Wales ;  Houses ;  Total Sectors ;,A418514J,Building Approvals,Number,Month
2015-10-01,2358,Total number of dwelling units ;  New South Wales ;  Houses ;  Total Sectors ;,A418514J,Building Approvals,Number,Month
2015-11-01,2407,Total number of dwelling units ;  New South Wales ;  Houses ;  Total Sectors ;,A418514J,Building Approvals,Number,Month
2015-12-01,2454,Total number of dwelling units ;  New South Wales ;  Houses ;  Total Sectors ;,A418514J,Building Approvals,Number,Month
2016-01-01,2431,Total number of dwelling units ;  New South Wales ;  Houses ;  Total Sectors ;,A418514J,Building Approvals,Number,Month
2016-02-01,2365,Total number of dwelling units ;  New South Wales ;  Houses ;  Total Sectors ;,A418514J,Building Approvals,Number,Month
2016-03-01,2655,Total number of dwelling units ;  New South Wales ;  Houses ;  Total Sectors ;,A418514J,Building Approvals,Number,Month
2016-04-01,2609,Total number of dwelling units ;  New South Wales ;  Houses ;  Total Sectors ;,A418514J,Building Approvals,Number,Month
2016-05-01,2712,Total number of dwelling units ;  New South Wales ;  Houses ;  Total Sectors ;,A418514J,Building Approvals,Number,Month
2016-06-01,2377,Total number of dwelling units ;  New South Wales ;  Houses ;  Total Sectors ;,A418514J,Building Approvals,Number,Month
2016-07-01,2283,Total number of dwelling units ;  New South Wales ;  Houses ;  Total Sectors ;,A418514J,Building Approvals,Number,Month
2016-08-01,2552,Total number of dwelling units ;  New South Wales ;  Houses ;  Total Sectors ;,A418514J,Building Approvals,Number,Month
2016-09-01,2488,Total number of dwelling units ;  New South Wales ;  Houses ;  Total Sectors ;,A418514J,Building Approvals,Number,Month
2016-10-01,2420,Total number of dwelling units ;  New South Wales ;  Houses ;  Total Sectors ;,A418514J,Building Approvals,Number,Month
2016-11-01,2445,Total number of dwelling units ;  New South Wales ;  Houses ;  Total Sectors ;,A418514J,Building Approvals,Number,Month
2016-12-01,2367,Total number of dwelling units ;  New South Wales ;  Houses ;  Total Sectors ;,A418514J,Building Approvals,Number,Month
2017-01-01,2180,Total number of dwelling units ;  New South Wales ;  Houses ;  Total Sectors ;,A418514J,Building Approvals,Number,Month
2017-02-01,2606,Total number of dwelling units ;  New South Wales ;  Houses ;  Total Sectors ;,A418514J,Building Approvals,Number,Month
2017-03-01,2500,Total number of dwelling units ;  New South Wales ;  Houses ;  Total Sectors ;,A418514J,Building Approvals,Number,Month
2017-04-01,2406,Total number of dwelling units ;  New South Wales ;  Houses ;  Total Sectors ;,A418514J,Building Approvals,Number,Month
2017-05-01,2466,Total number of dwelling units ;  New South Wales ;  Houses ;  Total Sectors ;,A418514J,Building Approvals,Number,Month
2017-06-01,2650,Total number of dwelling units ;  New South Wales ;  Houses ;  Total Sectors ;,A418514J,Building Approvals,Number,Month
2017-07-01,2582,Total number of dwelling units ;  New South Wales ;  Houses ;  Total Sectors ;,A418514J,Building Approvals,Number,Month
2017-08-01,2453,Total number of dwelling units ;  New South Wales ;  Houses ;  Total Sectors ;,A418514J,Building Approvals,Number,Month
2017-09-01,2475,Total number of dwelling units ;  New South Wales ;  Houses ;  Total Sectors ;,A418514J,Building Approvals,Number,Month
2017-10-01,2358,Total number of dwelling units ;  New South Wales ;  Houses ;  Total Sectors ;,A418514J,Building Approvals,Number,Month
2017-11-01,2553,Total number of dwelling units ;  New South Wales ;  Houses ;  Total Sectors ;,A418514J,Building Approvals,Number,Month
2017-12-01,2633,Total number of dwelling units ;  New South Wales ;  Houses ;  Total Sectors ;,A418514J,Building Approvals,Number,Month
2018-01-01,2589,Total number of dwelling units ;  New South Wales ;  Houses ;  Total Sectors ;,A418514J,Building Approvals,Number,Month
2018-02-01,2649,Total number of dwelling units ;  New South Wales ;  Houses ;  Total Sectors ;,A418514J,Building Approvals,Number,Month
2018-03-01,2517,Total number of dwelling units ;  New South Wales ;  Houses ;  Total Sectors ;,A418514J,Building Approvals,Number,Month
2018-04-01,2667,Total number of dwelling units ;  New South Wales ;  Houses ;  Total Sectors ;,A418514J,Building Approvals,Number,Month
2018-05-01,2555,Total number of dwelling units ;  New South Wales ;  Houses ;  Total Sectors ;,A418514J,Building Approvals,Number,Month
2018-06-01,2547,Total number of dwelling units ;  New South Wales ;  Houses ;  Total Sectors ;,A418514J,Building Approvals,Number,Month
2018-07-01,2496,Total number of dwelling units ;  New South Wales ;  Houses ;  Total Sectors ;,A418514J,Building Approvals,Number,Month
2018-08-01,2446,Total number of dwelling units ;  New South Wales ;  Houses ;  Total Sectors ;,A418514J,Building Approvals,Number,Month
2018-09-01,2716,Total number of dwelling units ;  New South Wales ;  Houses ;  Total Sectors ;,A418514J,Building Approvals,Number,Month
2018-10-01,2738,Total number of dwelling units ;  New South Wales ;  Houses ;  Total Sectors ;,A418514J,Building Approvals,Number,Month
2018-11-01,2463,Total number of dwelling units ;  New South Wales ;  Houses ;  Total Sectors ;,A418514J,Building Approvals,Number,Month
2018-12-01,2379,Total number of dwelling units ;  New South Wales ;  Houses ;  Total Sectors ;,A418514J,Building Approvals,Number,Month
2019-01-01,2652,Total number of dwelling units ;  New South Wales ;  Houses ;  Total Sectors ;,A418514J,Building Approvals,Number,Month
2019-02-01,2186,Total number of dwelling units ;  New South Wales ;  Houses ;  Total Sectors ;,A418514J,Building Approvals,Number,Month
2019-03-01,2152,Total number of dwelling units ;  New South Wales ;  Houses ;  Total Sectors ;,A418514J,Building Approvals,Number,Month
2019-04-01,2061,Total number of dwelling units ;  New South Wales ;  Houses ;  Total Sectors ;,A418514J,Building Approvals,Number,Month
2019-05-01,2081,Total number of dwelling units ;  New South Wales ;  Houses ;  Total Sectors ;,A418514J,Building Approvals,Number,Month
2019-06-01,2079,Total number of dwelling units ;  New South Wales ;  Houses ;  Total Sectors ;,A418514J,Building Approvals,Number,Month
2019-07-01,2381,Total number of dwelling units ;  New South Wales ;  Houses ;  Total Sectors ;,A418514J,Building Approvals,Number,Month
2019-08-01,2030,Total number of dwelling units ;  New South Wales ;  Houses ;  Total Sectors ;,A418514J,Building Approvals,Number,Month
2019-09-01,1953,Total number of dwelling units ;  New South Wales ;  Houses ;  Total Sectors ;,A418514J,Building Approvals,Number,Month
2019-10-01,1882,Total number of dwelling units ;  New South Wales ;  Houses ;  Total Sectors ;,A418514J,Building Approvals,Number,Month
2019-11-01,1849,Total number of dwelling units ;  New South Wales ;  Houses ;  Total Sectors ;,A418514J,Building Approvals,Number,Month
2019-12-01,1959,Total number of dwelling units ;  New South Wales ;  Houses ;  Total Sectors ;,A418514J,Building Approvals,Number,Month
2020-01-01,1898,Total number of dwelling units ;  New South Wales ;  Houses ;  Total Sectors ;,A418514J,Building Approvals,Number,Month
2020-02-01,1947,Total number of dwelling units ;  New South Wales ;  Houses ;  Total Sectors ;,A418514J,Building Approvals,Number,Month
2020-03-01,2231,Total number of dwelling units ;  New South Wales ;  Houses ;  Total Sectors ;,A418514J,Building Approvals,Number,Month
2020-04-01,2103,Total number of dwelling units ;  New South Wales ;  Houses ;  Total Sectors ;,A418514J,Building Approvals,Number,Month
2020-05-01,2170,Total number of dwelling units ;  New South Wales ;  Houses ;  Total Sectors ;,A418514J,Building Approvals,Number,Month
2020-06-01,2012,Total number of dwelling units ;  New South Wales ;  Houses ;  Total Sectors ;,A418514J,Building Approvals,Number,Month
2020-07-01,2229,Total number of dwelling units ;  New South Wales ;  Houses ;  Total Sectors ;,A418514J,Building Approvals,Number,Month
2020-08-01,2223,Total number of dwelling units ;  New South Wales ;  Houses ;  Total Sectors ;,A418514J,Building Approvals,Number,Month
2020-09-01,2355,Total number of dwelling units ;  New South Wales ;  Houses ;  Total Sectors ;,A418514J,Building Approvals,Number,Month
2020-10-01,2345,Total number of dwelling units ;  New South Wales ;  Houses ;  Total Sectors ;,A418514J,Building Approvals,Number,Month
2020-11-01,2345,Total number of dwelling units ;  New South Wales ;  Houses ;  Total Sectors ;,A418514J,Building Approvals,Number,Month
2020-12-01,2848,Total number of dwelling units ;  New South Wales ;  Houses ;  Total Sectors ;,A418514J,Building Approvals,Number,Month
2021-01-01,2390,Total number of dwelling units ;  New South Wales ;  Houses ;  Total Sectors ;,A418514J,Building Approvals,Number,Month
2021-02-01,2683,Total number of dwelling units ;  New South Wales ;  Houses ;  Total Sectors ;,A418514J,Building Approvals,Number,Month
2021-03-01,2652,Total number of dwelling units ;  New South Wales ;  Houses ;  Total Sectors ;,A418514J,Building Approvals,Number,Month
2021-04-01,2675,Total number of dwelling units ;  New South Wales ;  Houses ;  Total Sectors ;,A418514J,Building Approvals,Number,Month
2021-05-01,2879,Total number of dwelling units ;  New South Wales ;  Houses ;  Total Sectors ;,A418514J,Building Approvals,Number,Month
2021-06-01,2710,Total number of dwelling units ;  New South Wales ;  Houses ;  Total Sectors ;,A418514J,Building Approvals,Number,Month
2021-07-01,2815,Total number of dwelling units ;  New South Wales ;  Houses ;  Total Sectors ;,A418514J,Building Approvals,Number,Month
2021-08-01,2849,Total number of dwelling units ;  New South Wales ;  Houses ;  Total Sectors ;,A418514J,Building Approvals,Number,Month
2021-09-01,2442,Total number of dwelling units ;  New South Wales ;  Houses ;  Total Sectors ;,A418514J,Building Approvals,Number,Month
2021-10-01,2398,Total number of dwelling units ;  New South Wales ;  Houses ;  Total Sectors ;,A418514J,Building Approvals,Number,Month
2021-11-01,2459,Total number of dwelling units ;  New South Wales ;  Houses ;  Total Sectors ;,A418514J,Building Approvals,Number,Month
2021-12-01,2521,Total number of dwelling units ;  New South Wales ;  Houses ;  Total Sectors ;,A418514J,Building Approvals,Number,Month
2022-01-01,2332,Total number of dwelling units ;  New South Wales ;  Houses ;  Total Sectors ;,A418514J,Building Approvals,Number,Month
2022-02-01,2503,Total number of dwelling units ;  New South Wales ;  Houses ;  Total Sectors ;,A418514J,Building Approvals,Number,Month
2022-03-01,2441,Total number of dwelling units ;  New South Wales ;  Houses ;  Total Sectors ;,A418514J,Building Approvals,Number,Month
2022-04-01,2370,Total number of dwelling units ;  New South Wales ;  Houses ;  Total Sectors ;,A418514J,Building Approvals,Number,Month
2022-05-01,2193,Total number of dwelling units ;  New South Wales ;  Houses ;  Total Sectors ;,A418514J,Building Approvals,Number,Month
2022-06-01,2333,Total number of dwelling units ;  New South Wales ;  Houses ;  Total Sectors ;,A418514J,Building Approvals,Number,Month
2022-07-01,2193,Total number of dwelling units ;  New South Wales ;  Houses ;  Total Sectors ;,A418514J,Building Approvals,Number,Month
2022-08-01,2421,Total number of dwelling units ;  New South Wales ;  Houses ;  Total Sectors ;,A418514J,Building Approvals,Number,Month
2022-09-01,2238,Total number of dwelling units ;  New South Wales ;  Houses ;  Total Sectors ;,A418514J,Building Approvals,Number,Month
2022-10-01,2328,Total number of dwelling units ;  New South Wales ;  Houses ;  Total Sectors ;,A418514J,Building Approvals,Number,Month
2022-11-01,2230,Total number of dwelling units ;  New South Wales ;  Houses ;  Total Sectors ;,A418514J,Building Approvals,Number,Month
2022-12-01,2097,Total number of dwelling units ;  New South Wales ;  Houses ;  Total Sectors ;,A418514J,Building Approvals,Number,Month
2023-01-01,2069,Total number of dwelling units ;  New South Wales ;  Houses ;  Total Sectors ;,A418514J,Building Approvals,Number,Month
2023-02-01,1933,Total number of dwelling units ;  New South Wales ;  Houses ;  Total Sectors ;,A418514J,Building Approvals,Number,Month
2023-03-01,1816,Total number of dwelling units ;  New South Wales ;  Houses ;  Total Sectors ;,A418514J,Building Approvals,Number,Month
2023-04-01,1884,Total number of dwelling units ;  New South Wales ;  Houses ;  Total Sectors ;,A418514J,Building Approvals,Number,Month
2023-05-01,1846,Total number of dwelling units ;  New South Wales ;  Houses ;  Total Sectors ;,A418514J,Building Approvals,Number,Month
2023-06-01,1951,Total number of dwelling units ;  New South Wales ;  Houses ;  Total Sectors ;,A418514J,Building Approvals,Number,Month
2023-07-01,1778,Total number of dwelling units ;  New South Wales ;  Houses ;  Total Sectors ;,A418514J,Building Approvals,Number,Month
2023-08-01,1949,Total number of dwelling units ;  New South Wales ;  Houses ;  Total Sectors ;,A418514J,Building Approvals,Number,Month
2023-09-01,2039,Total number of dwelling units ;  New South Wales ;  Houses ;  Total Sectors ;,A418514J,Building Approvals,Number,Month
2023-10-01,1907,Total number of dwelling units ;  New South Wales ;  Houses ;  Total Sectors ;,A418514J,Building Approvals,Number,Month
2023-11-01,1944,Total number of dwelling units ;  New South Wales ;  Houses ;  Total Sectors ;,A418514J,Building Approvals,Number,Month
2023-12-01,2197,Total number of dwelling units ;  New South Wales ;  Houses ;  Total Sectors ;,A418514J,Building Approvals,Number,Month
2024-01-01,1912,Total number of dwelling units ;  New South Wales ;  Houses ;  Total Sectors ;,A418514J,Building Approvals,Number,Month
2024-02-01,1931,Total number of dwelling units ;  New South Wales ;  Houses ;  Total Sectors ;,A418514J,Building Approvals,Number,Month
2024-03-01,1926,Total number of dwelling units ;  New South Wales ;  Houses ;  Total Sectors ;,A418514J,Building Approvals,Number,Month
2024-04-01,1833,Total number of dwelling units ;  New South Wales ;  Houses ;  Total Sectors ;,A418514J,Building Approvals,Number,Month
2024-05-01,1988,Total number of dwelling units ;  New South Wales ;  Houses ;  Total Sectors ;,A418514J,Building Approvals,Number,Month
2024-06-01,1695,Total number of dwelling units ;  New South Wales ;  Houses ;  Total Sectors ;,A418514J,Building Approvals,Number,Month
2024-07-01,1945,Total number of dwelling units ;  New South Wales ;  Houses ;  Total Sectors ;,A418514J,Building Approvals,Number,Month
2024-08-01,1902,Total number of dwelling units ;  New South Wales ;  Houses ;  Total Sectors ;,A418514J,Building Approvals,Number,Month
2024-09-01,1847,Total number of dwelling units ;  New South Wales ;  Houses ;  Total Sectors ;,A418514J,Building Approvals,Number,Month
2024-10-01,1828,Total number of dwelling units ;  New South Wales ;  Houses ;  Total Sectors ;,A418514J,Building Approvals,Number,Month
2024-11-01,1766,Total number of dwelling units ;  New South Wales ;  Houses ;  Total Sectors ;,A418514J,Building Approvals,Number,Month
2024-12-01,1837,Total number of dwelling units ;  New South Wales ;  Houses ;  Total Sectors ;,A418514J,Building Approvals,Number,Month
2025-01-01,1838,Total number of dwelling units ;  New South Wales ;  Houses ;  Total Sectors ;,A418514J,Building Approvals,Number,Month
2025-02-01,1938,Total number of dwelling units ;  New South Wales ;  Houses ;  Total Sectors ;,A418514J,Building Approvals,Number,Month
2025-03-01,1946,Total number of dwelling units ;  New South Wales ;  Houses ;  Total Sectors ;,A418514J,Building Approvals,Number,Month
2025-04-01,1980,Total number of dwelling units ;  New South Wales ;  Houses ;  Total Sectors ;,A418514J,Building Approvals,Number,Month
2025-05-01,1847,Total number of dwelling units ;  New South Wales ;  Houses ;  Total Sectors ;,A418514J,Building Approvals,Number,Month
2025-06-01,1845,Total number of dwelling units ;  New South Wales ;  Houses ;  Total Sectors ;,A418514J,Building Approvals,Number,Month
2025-07-01,2118,Total number of dwelling units ;  New South Wales ;  Houses ;  Total Sectors ;,A418514J,Building Approvals,Number,Month
2025-08-01,1737,Total number of dwelling units ;  New South Wales ;  Houses ;  Total Sectors ;,A418514J,Building Approvals,Number,Month
2025-09-01,1930,Total number of dwelling units ;  New South Wales ;  Houses ;  Total Sectors ;,A418514J,Building Approvals,Number,Month
2025-10-01,1955,Total number of dwelling units ;  New South Wales ;  Houses ;  Total Sectors ;,A418514J,Building Approvals,Number,Month
2025-11-01,2020,Total number of dwelling units ;  New South Wales ;  Houses ;  Total Sectors ;,A418514J,Building Approvals,Number,Month
2025-12-01,1930,Total number of dwelling units ;  New South Wales ;  Houses ;  Total Sectors ;,A418514J,Building Approvals,Number,Month
2026-01-01,1976,Total number of dwelling units ;  New South Wales ;  Houses ;  Total Sectors ;,A418514J,Building Approvals,Number,Month
2026-02-01,2143,Total number of dwelling units ;  New South Wales ;  Houses ;  Total Sectors ;,A418514J,Building Approvals,Number,Month
2026-03-01,2373,Total number of dwelling units ;  New South Wales ;  Houses ;  Total Sectors ;,A418514J,Building Approvals,Number,Month
2026-04-01,2118,Total number of dwelling units ;  New South Wales ;  Houses ;  Total Sectors ;,A418514J,Building Approvals,Number,Month
2026-05-01,2297,Total number of dwelling units ;  New South Wales ;  Houses ;  Total Sectors ;,A418514J,Building Approvals,Number,Month
2026-06-01,2291,Total number of dwelling units ;  New South Wales ;  Houses ;  Total Sectors ;,A418514J,Building Approvals,Number,Month
1983-07-01,2629,Total number of dwelling units ;  New South Wales ;  Total (Type of Building) ;  Private Sector ;,A422108C,Building Approvals,Number,Month
1983-08-01,2918,Total number of dwelling units ;  New South Wales ;  Total (Type of Building) ;  Private Sector ;,A422108C,Building Approvals,Number,Month
1983-09-01,2954,Total number of dwelling units ;  New South Wales ;  Total (Type of Building) ;  Private Sector ;,A422108C,Building Approvals,Number,Month
1983-10-01,2669,Total number of dwelling units ;  New South Wales ;  Total (Type of Building) ;  Private Sector ;,A422108C,Building Approvals,Number,Month
1983-11-01,2883,Total number of dwelling units ;  New South Wales ;  Total (Type of Building) ;  Private Sector ;,A422108C,Building Approvals,Number,Month
1983-12-01,3780,Total number of dwelling units ;  New South Wales ;  Total (Type of Building) ;  Private Sector ;,A422108C,Building Approvals,Number,Month
1984-01-01,2787,Total number of dwelling units ;  New South Wales ;  Total (Type of Building) ;  Private Sector ;,A422108C,Building Approvals,Number,Month
1984-02-01,3075,Total number of dwelling units ;  New South Wales ;  Total (Type of Building) ;  Private Sector ;,A422108C,Building Approvals,Number,Month
1984-03-01,3253,Total number of dwelling units ;  New South Wales ;  Total (Type of Building) ;  Private Sector ;,A422108C,Building Approvals,Number,Month
1984-04-01,3033,Total number of dwelling units ;  New South Wales ;  Total (Type of Building) ;  Private Sector ;,A422108C,Building Approvals,Number,Month
1984-05-01,3451,Total number of dwelling units ;  New South Wales ;  Total (Type of Building) ;  Private Sector ;,A422108C,Building Approvals,Number,Month
1984-06-01,3093,Total number of dwelling units ;  New South Wales ;  Total (Type of Building) ;  Private Sector ;,A422108C,Building Approvals,Number,Month
1984-07-01,3115,Total number of dwelling units ;  New South Wales ;  Total (Type of Building) ;  Private Sector ;,A422108C,Building Approvals,Number,Month
1984-08-01,3279,Total number of dwelling units ;  New South Wales ;  Total (Type of Building) ;  Private Sector ;,A422108C,Building Approvals,Number,Month
1984-09-01,3221,Total number of dwelling units ;  New South Wales ;  Total (Type of Building) ;  Private Sector ;,A422108C,Building Approvals,Number,Month
1984-10-01,3138,Total number of dwelling units ;  New South Wales ;  Total (Type of Building) ;  Private Sector ;,A422108C,Building Approvals,Number,Month
1984-11-01,3346,Total number of dwelling units ;  New South Wales ;  Total (Type of Building) ;  Private Sector ;,A422108C,Building Approvals,Number,Month
1984-12-01,3219,Total number of dwelling units ;  New South Wales ;  Total (Type of Building) ;  Private Sector ;,A422108C,Building Approvals,Number,Month
1985-01-01,3034,Total number of dwelling units ;  New South Wales ;  Total (Type of Building) ;  Private Sector ;,A422108C,Building Approvals,Number,Month
1985-02-01,3189,Total number of dwelling units ;  New South Wales ;  Total (Type of Building) ;  Private Sector ;,A422108C,Building Approvals,Number,Month
1985-03-01,2931,Total number of dwelling units ;  New South Wales ;  Total (Type of Building) ;  Private Sector ;,A422108C,Building Approvals,Number,Month
1985-04-01,3389,Total number of dwelling units ;  New South Wales ;  Total (Type of Building) ;  Private Sector ;,A422108C,Building Approvals,Number,Month
1985-05-01,3058,Total number of dwelling units ;  New South Wales ;  Total (Type of Building) ;  Private Sector ;,A422108C,Building Approvals,Number,Month
1985-06-01,3468,Total number of dwelling units ;  New South Wales ;  Total (Type of Building) ;  Private Sector ;,A422108C,Building Approvals,Number,Month
1985-07-01,3195,Total number of dwelling units ;  New South Wales ;  Total (Type of Building) ;  Private Sector ;,A422108C,Building Approvals,Number,Month
1985-08-01,2951,Total number of dwelling units ;  New South Wales ;  Total (Type of Building) ;  Private Sector ;,A422108C,Building Approvals,Number,Month
1985-09-01,3151,Total number of dwelling units ;  New South Wales ;  Total (Type of Building) ;  Private Sector ;,A422108C,Building Approvals,Number,Month
1985-10-01,3376,Total number of dwelling units ;  New South Wales ;  Total (Type of Building) ;  Private Sector ;,A422108C,Building Approvals,Number,Month
1985-11-01,2550,Total number of dwelling units ;  New South Wales ;  Total (Type of Building) ;  Private Sector ;,A422108C,Building Approvals,Number,Month
1985-12-01,2608,Total number of dwelling units ;  New South Wales ;  Total (Type of Building) ;  Private Sector ;,A422108C,Building Approvals,Number,Month
1986-01-01,2548,Total number of dwelling units ;  New South Wales ;  Total (Type of Building) ;  Private Sector ;,A422108C,Building Approvals,Number,Month
1986-02-01,2396,Total number of dwelling units ;  New South Wales ;  Total (Type of Building) ;  Private Sector ;,A422108C,Building Approvals,Number,Month
1986-03-01,2615,Total number of dwelling units ;  New South Wales ;  Total (Type of Building) ;  Private Sector ;,A422108C,Building Approvals,Number,Month
1986-04-01,2397,Total number of dwelling units ;  New South Wales ;  Total (Type of Building) ;  Private Sector ;,A422108C,Building Approvals,Number,Month
1986-05-01,2418,Total number of dwelling units ;  New South Wales ;  Total (Type of Building) ;  Private Sector ;,A422108C,Building Approvals,Number,Month
1986-06-01,2930,Total number of dwelling units ;  New South Wales ;  Total (Type of Building) ;  Private Sector ;,A422108C,Building Approvals,Number,Month
1986-07-01,2617,Total number of dwelling units ;  New South Wales ;  Total (Type of Building) ;  Private Sector ;,A422108C,Building Approvals,Number,Month
1986-08-01,2377,Total number of dwelling units ;  New South Wales ;  Total (Type of Building) ;  Private Sector ;,A422108C,Building Approvals,Number,Month
1986-09-01,2379,Total number of dwelling units ;  New South Wales ;  Total (Type of Building) ;  Private Sector ;,A422108C,Building Approvals,Number,Month
1986-10-01,2101,Total number of dwelling units ;  New South Wales ;  Total (Type of Building) ;  Private Sector ;,A422108C,Building Approvals,Number,Month
1986-11-01,2310,Total number of dwelling units ;  New South Wales ;  Total (Type of Building) ;  Private Sector ;,A422108C,Building Approvals,Number,Month
1986-12-01,2220,Total number of dwelling units ;  New South Wales ;  Total (Type of Building) ;  Private Sector ;,A422108C,Building Approvals,Number,Month
1987-01-01,2063,Total number of dwelling units ;  New South Wales ;  Total (Type of Building) ;  Private Sector ;,A422108C,Building Approvals,Number,Month
1987-02-01,2418,Total number of dwelling units ;  New South Wales ;  Total (Type of Building) ;  Private Sector ;,A422108C,Building Approvals,Number,Month
1987-03-01,2448,Total number of dwelling units ;  New South Wales ;  Total (Type of Building) ;  Private Sector ;,A422108C,Building Approvals,Number,Month
1987-04-01,2409,Total number of dwelling units ;  New South Wales ;  Total (Type of Building) ;  Private Sector ;,A422108C,Building Approvals,Number,Month
1987-05-01,2756,Total number of dwelling units ;  New South Wales ;  Total (Type of Building) ;  Private Sector ;,A422108C,Building Approvals,Number,Month
1987-06-01,2140,Total number of dwelling units ;  New South Wales ;  Total (Type of Building) ;  Private Sector ;,A422108C,Building Approvals,Number,Month
1987-07-01,2665,Total number of dwelling units ;  New South Wales ;  Total (Type of Building) ;  Private Sector ;,A422108C,Building Approvals,Number,Month
1987-08-01,2770,Total number of dwelling units ;  New South Wales ;  Total (Type of Building) ;  Private Sector ;,A422108C,Building Approvals,Number,Month
1987-09-01,2768,Total number of dwelling units ;  New South Wales ;  Total (Type of Building) ;  Private Sector ;,A422108C,Building Approvals,Number,Month
1987-10-01,3174,Total number of dwelling units ;  New South Wales ;  Total (Type of Building) ;  Private Sector ;,A422108C,Building Approvals,Number,Month
1987-11-01,3581,Total number of dwelling units ;  New South Wales ;  Total (Type of Building) ;  Private Sector ;,A422108C,Building Approvals,Number,Month
1987-12-01,3355,Total number of dwelling units ;  New South Wales ;  Total (Type of Building) ;  Private Sector ;,A422108C,Building Approvals,Number,Month
1988-01-01,3454,Total number of dwelling units ;  New South Wales ;  Total (Type of Building) ;  Private Sector ;,A422108C,Building Approvals,Number,Month
1988-02-01,3811,Total number of dwelling units ;  New South Wales ;  Total (Type of Building) ;  Private Sector ;,A422108C,Building Approvals,Number,Month
1988-03-01,3492,Total number of dwelling units ;  New South Wales ;  Total (Type of Building) ;  Private Sector ;,A422108C,Building Approvals,Number,Month
1988-04-01,3989,Total number of dwelling units ;  New South Wales ;  Total (Type of Building) ;  Private Sector ;,A422108C,Building Approvals,Number,Month
1988-05-01,4178,Total number of dwelling units ;  New South Wales ;  Total (Type of Building) ;  Private Sector ;,A422108C,Building Approvals,Number,Month
1988-06-01,4166,Total number of dwelling units ;  New South Wales ;  Total (Type of Building) ;  Private Sector ;,A422108C,Building Approvals,Number,Month
1988-07-01,4422,Total number of dwelling units ;  New South Wales ;  Total (Type of Building) ;  Private Sector ;,A422108C,Building Approvals,Number,Month
1988-08-01,4689,Total number of dwelling units ;  New South Wales ;  Total (Type of Building) ;  Private Sector ;,A422108C,Building Approvals,Number,Month
1988-09-01,4438,Total number of dwelling units ;  New South Wales ;  Total (Type of Building) ;  Private Sector ;,A422108C,Building Approvals,Number,Month
1988-10-01,3760,Total number of dwelling units ;  New South Wales ;  Total (Type of Building) ;  Private Sector ;,A422108C,Building Approvals,Number,Month
1988-11-01,4462,Total number of dwelling units ;  New South Wales ;  Total (Type of Building) ;  Private Sector ;,A422108C,Building Approvals,Number,Month
1988-12-01,4340,Total number of dwelling units ;  New South Wales ;  Total (Type of Building) ;  Private Sector ;,A422108C,Building Approvals,Number,Month
1989-01-01,4313,Total number of dwelling units ;  New South Wales ;  Total (Type of Building) ;  Private Sector ;,A422108C,Building Approvals,Number,Month
1989-02-01,4407,Total number of dwelling units ;  New South Wales ;  Total (Type of Building) ;  Private Sector ;,A422108C,Building Approvals,Number,Month
1989-03-01,4242,Total number of dwelling units ;  New South Wales ;  Total (Type of Building) ;  Private Sector ;,A422108C,Building Approvals,Number,Month
1989-04-01,3846,Total number of dwelling units ;  New South Wales ;  Total (Type of Building) ;  Private Sector ;,A422108C,Building Approvals,Number,Month
1989-05-01,3911,Total number of dwelling units ;  New South Wales ;  Total (Type of Building) ;  Private Sector ;,A422108C,Building Approvals,Number,Month
1989-06-01,3572,Total number of dwelling units ;  New South Wales ;  Total (Type of Building) ;  Private Sector ;,A422108C,Building Approvals,Number,Month
1989-07-01,3162,Total number of dwelling units ;  New South Wales ;  Total (Type of Building) ;  Private Sector ;,A422108C,Building Approvals,Number,Month
1989-08-01,3475,Total number of dwelling units ;  New South Wales ;  Total (Type of Building) ;  Private Sector ;,A422108C,Building Approvals,Number,Month
1989-09-01,3744,Total number of dwelling units ;  New South Wales ;  Total (Type of Building) ;  Private Sector ;,A422108C,Building Approvals,Number,Month
1989-10-01,3428,Total number of dwelling units ;  New South Wales ;  Total (Type of Building) ;  Private Sector ;,A422108C,Building Approvals,Number,Month
1989-11-01,3329,Total number of dwelling units ;  New South Wales ;  Total (Type of Building) ;  Private Sector ;,A422108C,Building Approvals,Number,Month
1989-12-01,2932,Total number of dwelling units ;  New South Wales ;  Total (Type of Building) ;  Private Sector ;,A422108C,Building Approvals,Number,Month
1990-01-01,2936,Total number of dwelling units ;  New South Wales ;  Total (Type of Building) ;  Private Sector ;,A422108C,Building Approvals,Number,Month
1990-02-01,3252,Total number of dwelling units ;  New South Wales ;  Total (Type of Building) ;  Private Sector ;,A422108C,Building Approvals,Number,Month
1990-03-01,3285,Total number of dwelling units ;  New South Wales ;  Total (Type of Building) ;  Private Sector ;,A422108C,Building Approvals,Number,Month
1990-04-01,3021,Total number of dwelling units ;  New South Wales ;  Total (Type of Building) ;  Private Sector ;,A422108C,Building Approvals,Number,Month
1990-05-01,3223,Total number of dwelling units ;  New South Wales ;  Total (Type of Building) ;  Private Sector ;,A422108C,Building Approvals,Number,Month
1990-06-01,2798,Total number of dwelling units ;  New South Wales ;  Total (Type of Building) ;  Private Sector ;,A422108C,Building Approvals,Number,Month
1990-07-01,2834,Total number of dwelling units ;  New South Wales ;  Total (Type of Building) ;  Private Sector ;,A422108C,Building Approvals,Number,Month
1990-08-01,3143,Total number of dwelling units ;  New South Wales ;  Total (Type of Building) ;  Private Sector ;,A422108C,Building Approvals,Number,Month
1990-09-01,3232,Total number of dwelling units ;  New South Wales ;  Total (Type of Building) ;  Private Sector ;,A422108C,Building Approvals,Number,Month
1990-10-01,2928,Total number of dwelling units ;  New South Wales ;  Total (Type of Building) ;  Private Sector ;,A422108C,Building Approvals,Number,Month
1990-11-01,3523,Total number of dwelling units ;  New South Wales ;  Total (Type of Building) ;  Private Sector ;,A422108C,Building Approvals,Number,Month
1990-12-01,2775,Total number of dwelling units ;  New South Wales ;  Total (Type of Building) ;  Private Sector ;,A422108C,Building Approvals,Number,Month
1991-01-01,2922,Total number of dwelling units ;  New South Wales ;  Total (Type of Building) ;  Private Sector ;,A422108C,Building Approvals,Number,Month
1991-02-01,2886,Total number of dwelling units ;  New South Wales ;  Total (Type of Building) ;  Private Sector ;,A422108C,Building Approvals,Number,Month
1991-03-01,3123,Total number of dwelling units ;  New South Wales ;  Total (Type of Building) ;  Private Sector ;,A422108C,Building Approvals,Number,Month
1991-04-01,2654,Total number of dwelling units ;  New South Wales ;  Total (Type of Building) ;  Private Sector ;,A422108C,Building Approvals,Number,Month
1991-05-01,3218,Total number of dwelling units ;  New South Wales ;  Total (Type of Building) ;  Private Sector ;,A422108C,Building Approvals,Number,Month
1991-06-01,3060,Total number of dwelling units ;  New South Wales ;  Total (Type of Building) ;  Private Sector ;,A422108C,Building Approvals,Number,Month
1991-07-01,3538,Total number of dwelling units ;  New South Wales ;  Total (Type of Building) ;  Private Sector ;,A422108C,Building Approvals,Number,Month
1991-08-01,3433,Total number of dwelling units ;  New South Wales ;  Total (Type of Building) ;  Private Sector ;,A422108C,Building Approvals,Number,Month
1991-09-01,3537,Total number of dwelling units ;  New South Wales ;  Total (Type of Building) ;  Private Sector ;,A422108C,Building Approvals,Number,Month
1991-10-01,3117,Total number of dwelling units ;  New South Wales ;  Total (Type of Building) ;  Private Sector ;,A422108C,Building Approvals,Number,Month
1991-11-01,3223,Total number of dwelling units ;  New South Wales ;  Total (Type of Building) ;  Private Sector ;,A422108C,Building Approvals,Number,Month
1991-12-01,3134,Total number of dwelling units ;  New South Wales ;  Total (Type of Building) ;  Private Sector ;,A422108C,Building Approvals,Number,Month
1992-01-01,2977,Total number of dwelling units ;  New South Wales ;  Total (Type of Building) ;  Private Sector ;,A422108C,Building Approvals,Number,Month
1992-02-01,3093,Total number of dwelling units ;  New South Wales ;  Total (Type of Building) ;  Private Sector ;,A422108C,Building Approvals,Number,Month
1992-03-01,3411,Total number of dwelling units ;  New South Wales ;  Total (Type of Building) ;  Private Sector ;,A422108C,Building Approvals,Number,Month
1992-04-01,3486,Total number of dwelling units ;  New South Wales ;  Total (Type of Building) ;  Private Sector ;,A422108C,Building Approvals,Number,Month
1992-05-01,3527,Total number of dwelling units ;  New South Wales ;  Total (Type of Building) ;  Private Sector ;,A422108C,Building Approvals,Number,Month
1992-06-01,3567,Total number of dwelling units ;  New South Wales ;  Total (Type of Building) ;  Private Sector ;,A422108C,Building Approvals,Number,Month
1992-07-01,3528,Total number of dwelling units ;  New South Wales ;  Total (Type of Building) ;  Private Sector ;,A422108C,Building Approvals,Number,Month
1992-08-01,3396,Total number of dwelling units ;  New South Wales ;  Total (Type of Building) ;  Private Sector ;,A422108C,Building Approvals,Number,Month
1992-09-01,3954,Total number of dwelling units ;  New South Wales ;  Total (Type of Building) ;  Private Sector ;,A422108C,Building Approvals,Number,Month
1992-10-01,3870,Total number of dwelling units ;  New South Wales ;  Total (Type of Building) ;  Private Sector ;,A422108C,Building Approvals,Number,Month
1992-11-01,4128,Total number of dwelling units ;  New South Wales ;  Total (Type of Building) ;  Private Sector ;,A422108C,Building Approvals,Number,Month
1992-12-01,4000,Total number of dwelling units ;  New South Wales ;  Total (Type of Building) ;  Private Sector ;,A422108C,Building Approvals,Number,Month
1993-01-01,4023,Total number of dwelling units ;  New South Wales ;  Total (Type of Building) ;  Private Sector ;,A422108C,Building Approvals,Number,Month
1993-02-01,4169,Total number of dwelling units ;  New South Wales ;  Total (Type of Building) ;  Private Sector ;,A422108C,Building Approvals,Number,Month
1993-03-01,3977,Total number of dwelling units ;  New South Wales ;  Total (Type of Building) ;  Private Sector ;,A422108C,Building Approvals,Number,Month
1993-04-01,3846,Total number of dwelling units ;  New South Wales ;  Total (Type of Building) ;  Private Sector ;,A422108C,Building Approvals,Number,Month
1993-05-01,3929,Total number of dwelling units ;  New South Wales ;  Total (Type of Building) ;  Private Sector ;,A422108C,Building Approvals,Number,Month
1993-06-01,3536,Total number of dwelling units ;  New South Wales ;  Total (Type of Building) ;  Private Sector ;,A422108C,Building Approvals,Number,Month
1993-07-01,4042,Total number of dwelling units ;  New South Wales ;  Total (Type of Building) ;  Private Sector ;,A422108C,Building Approvals,Number,Month
1993-08-01,3721,Total number of dwelling units ;  New South Wales ;  Total (Type of Building) ;  Private Sector ;,A422108C,Building Approvals,Number,Month
1993-09-01,4087,Total number of dwelling units ;  New South Wales ;  Total (Type of Building) ;  Private Sector ;,A422108C,Building Approvals,Number,Month
1993-10-01,4067,Total number of dwelling units ;  New South Wales ;  Total (Type of Building) ;  Private Sector ;,A422108C,Building Approvals,Number,Month
1993-11-01,4329,Total number of dwelling units ;  New South Wales ;  Total (Type of Building) ;  Private Sector ;,A422108C,Building Approvals,Number,Month
1993-12-01,3608,Total number of dwelling units ;  New South Wales ;  Total (Type of Building) ;  Private Sector ;,A422108C,Building Approvals,Number,Month
1994-01-01,4205,Total number of dwelling units ;  New South Wales ;  Total (Type of Building) ;  Private Sector ;,A422108C,Building Approvals,Number,Month
1994-02-01,3985,Total number of dwelling units ;  New South Wales ;  Total (Type of Building) ;  Private Sector ;,A422108C,Building Approvals,Number,Month
1994-03-01,4221,Total number of dwelling units ;  New South Wales ;  Total (Type of Building) ;  Private Sector ;,A422108C,Building Approvals,Number,Month
1994-04-01,4212,Total number of dwelling units ;  New South Wales ;  Total (Type of Building) ;  Private Sector ;,A422108C,Building Approvals,Number,Month
1994-05-01,4900,Total number of dwelling units ;  New South Wales ;  Total (Type of Building) ;  Private Sector ;,A422108C,Building Approvals,Number,Month
1994-06-01,4736,Total number of dwelling units ;  New South Wales ;  Total (Type of Building) ;  Private Sector ;,A422108C,Building Approvals,Number,Month
1994-07-01,4143,Total number of dwelling units ;  New South Wales ;  Total (Type of Building) ;  Private Sector ;,A422108C,Building Approvals,Number,Month
1994-08-01,5779,Total number of dwelling units ;  New South Wales ;  Total (Type of Building) ;  Private Sector ;,A422108C,Building Approvals,Number,Month
1994-09-01,5901,Total number of dwelling units ;  New South Wales ;  Total (Type of Building) ;  Private Sector ;,A422108C,Building Approvals,Number,Month
1994-10-01,4551,Total number of dwelling units ;  New South Wales ;  Total (Type of Building) ;  Private Sector ;,A422108C,Building Approvals,Number,Month
1994-11-01,4290,Total number of dwelling units ;  New South Wales ;  Total (Type of Building) ;  Private Sector ;,A422108C,Building Approvals,Number,Month
1994-12-01,4399,Total number of dwelling units ;  New South Wales ;  Total (Type of Building) ;  Private Sector ;,A422108C,Building Approvals,Number,Month
1995-01-01,4043,Total number of dwelling units ;  New South Wales ;  Total (Type of Building) ;  Private Sector ;,A422108C,Building Approvals,Number,Month
1995-02-01,4355,Total number of dwelling units ;  New South Wales ;  Total (Type of Building) ;  Private Sector ;,A422108C,Building Approvals,Number,Month
1995-03-01,3791,Total number of dwelling units ;  New South Wales ;  Total (Type of Building) ;  Private Sector ;,A422108C,Building Approvals,Number,Month
1995-04-01,3786,Total number of dwelling units ;  New South Wales ;  Total (Type of Building) ;  Private Sector ;,A422108C,Building Approvals,Number,Month
1995-05-01,4168,Total number of dwelling units ;  New South Wales ;  Total (Type of Building) ;  Private Sector ;,A422108C,Building Approvals,Number,Month
1995-06-01,3374,Total number of dwelling units ;  New South Wales ;  Total (Type of Building) ;  Private Sector ;,A422108C,Building Approvals,Number,Month
1995-07-01,4139,Total number of dwelling units ;  New South Wales ;  Total (Type of Building) ;  Private Sector ;,A422108C,Building Approvals,Number,Month
1995-08-01,3311,Total number of dwelling units ;  New South Wales ;  Total (Type of Building) ;  Private Sector ;,A422108C,Building Approvals,Number,Month
1995-09-01,3735,Total number of dwelling units ;  New South Wales ;  Total (Type of Building) ;  Private Sector ;,A422108C,Building Approvals,Number,Month
1995-10-01,3281,Total number of dwelling units ;  New South Wales ;  Total (Type of Building) ;  Private Sector ;,A422108C,Building Approvals,Number,Month
1995-11-01,3513,Total number of dwelling units ;  New South Wales ;  Total (Type of Building) ;  Private Sector ;,A422108C,Building Approvals,Number,Month
1995-12-01,3171,Total number of dwelling units ;  New South Wales ;  Total (Type of Building) ;  Private Sector ;,A422108C,Building Approvals,Number,Month
1996-01-01,2827,Total number of dwelling units ;  New South Wales ;  Total (Type of Building) ;  Private Sector ;,A422108C,Building Approvals,Number,Month
1996-02-01,3508,Total number of dwelling units ;  New South Wales ;  Total (Type of Building) ;  Private Sector ;,A422108C,Building Approvals,Number,Month
1996-03-01,3261,Total number of dwelling units ;  New South Wales ;  Total (Type of Building) ;  Private Sector ;,A422108C,Building Approvals,Number,Month
1996-04-01,3010,Total number of dwelling units ;  New South Wales ;  Total (Type of Building) ;  Private Sector ;,A422108C,Building Approvals,Number,Month
1996-05-01,3948,Total number of dwelling units ;  New South Wales ;  Total (Type of Building) ;  Private Sector ;,A422108C,Building Approvals,Number,Month
1996-06-01,3139,Total number of dwelling units ;  New South Wales ;  Total (Type of Building) ;  Private Sector ;,A422108C,Building Approvals,Number,Month
1996-07-01,3732,Total number of dwelling units ;  New South Wales ;  Total (Type of Building) ;  Private Sector ;,A422108C,Building Approvals,Number,Month
1996-08-01,3375,Total number of dwelling units ;  New South Wales ;  Total (Type of Building) ;  Private Sector ;,A422108C,Building Approvals,Number,Month
1996-09-01,3335,Total number of dwelling units ;  New South Wales ;  Total (Type of Building) ;  Private Sector ;,A422108C,Building Approvals,Number,Month
1996-10-01,3544,Total number of dwelling units ;  New South Wales ;  Total (Type of Building) ;  Private Sector ;,A422108C,Building Approvals,Number,Month
1996-11-01,4052,Total number of dwelling units ;  New South Wales ;  Total (Type of Building) ;  Private Sector ;,A422108C,Building Approvals,Number,Month
1996-12-01,3425,Total number of dwelling units ;  New South Wales ;  Total (Type of Building) ;  Private Sector ;,A422108C,Building Approvals,Number,Month
1997-01-01,3690,Total number of dwelling units ;  New South Wales ;  Total (Type of Building) ;  Private Sector ;,A422108C,Building Approvals,Number,Month
1997-02-01,4119,Total number of dwelling units ;  New South Wales ;  Total (Type of Building) ;  Private Sector ;,A422108C,Building Approvals,Number,Month
1997-03-01,3636,Total number of dwelling units ;  New South Wales ;  Total (Type of Building) ;  Private Sector ;,A422108C,Building Approvals,Number,Month
1997-04-01,3852,Total number of dwelling units ;  New South Wales ;  Total (Type of Building) ;  Private Sector ;,A422108C,Building Approvals,Number,Month
1997-05-01,4890,Total number of dwelling units ;  New South Wales ;  Total (Type of Building) ;  Private Sector ;,A422108C,Building Approvals,Number,Month
1997-06-01,4009,Total number of dwelling units ;  New South Wales ;  Total (Type of Building) ;  Private Sector ;,A422108C,Building Approvals,Number,Month
1997-07-01,3729,Total number of dwelling units ;  New South Wales ;  Total (Type of Building) ;  Private Sector ;,A422108C,Building Approvals,Number,Month
1997-08-01,4607,Total number of dwelling units ;  New South Wales ;  Total (Type of Building) ;  Private Sector ;,A422108C,Building Approvals,Number,Month
1997-09-01,4004,Total number of dwelling units ;  New South Wales ;  Total (Type of Building) ;  Private Sector ;,A422108C,Building Approvals,Number,Month
1997-10-01,4055,Total number of dwelling units ;  New South Wales ;  Total (Type of Building) ;  Private Sector ;,A422108C,Building Approvals,Number,Month
1997-11-01,4908,Total number of dwelling units ;  New South Wales ;  Total (Type of Building) ;  Private Sector ;,A422108C,Building Approvals,Number,Month
1997-12-01,4198,Total number of dwelling units ;  New South Wales ;  Total (Type of Building) ;  Private Sector ;,A422108C,Building Approvals,Number,Month
1998-01-01,4009,Total number of dwelling units ;  New South Wales ;  Total (Type of Building) ;  Private Sector ;,A422108C,Building Approvals,Number,Month
1998-02-01,3855,Total number of dwelling units ;  New South Wales ;  Total (Type of Building) ;  Private Sector ;,A422108C,Building Approvals,Number,Month
1998-03-01,4018,Total number of dwelling units ;  New South Wales ;  Total (Type of Building) ;  Private Sector ;,A422108C,Building Approvals,Number,Month
1998-04-01,5037,Total number of dwelling units ;  New South Wales ;  Total (Type of Building) ;  Private Sector ;,A422108C,Building Approvals,Number,Month
1998-05-01,4356,Total number of dwelling units ;  New South Wales ;  Total (Type of Building) ;  Private Sector ;,A422108C,Building Approvals,Number,Month
1998-06-01,4817,Total number of dwelling units ;  New South Wales ;  Total (Type of Building) ;  Private Sector ;,A422108C,Building Approvals,Number,Month
1998-07-01,5207,Total number of dwelling units ;  New South Wales ;  Total (Type of Building) ;  Private Sector ;,A422108C,Building Approvals,Number,Month
1998-08-01,3723,Total number of dwelling units ;  New South Wales ;  Total (Type of Building) ;  Private Sector ;,A422108C,Building Approvals,Number,Month
1998-09-01,3842,Total number of dwelling units ;  New South Wales ;  Total (Type of Building) ;  Private Sector ;,A422108C,Building Approvals,Number,Month
1998-10-01,3967,Total number of dwelling units ;  New South Wales ;  Total (Type of Building) ;  Private Sector ;,A422108C,Building Approvals,Number,Month
1998-11-01,4751,Total number of dwelling units ;  New South Wales ;  Total (Type of Building) ;  Private Sector ;,A422108C,Building Approvals,Number,Month
1998-12-01,4049,Total number of dwelling units ;  New South Wales ;  Total (Type of Building) ;  Private Sector ;,A422108C,Building Approvals,Number,Month
1999-01-01,3860,Total number of dwelling units ;  New South Wales ;  Total (Type of Building) ;  Private Sector ;,A422108C,Building Approvals,Number,Month
1999-02-01,4337,Total number of dwelling units ;  New South Wales ;  Total (Type of Building) ;  Private Sector ;,A422108C,Building Approvals,Number,Month
1999-03-01,3926,Total number of dwelling units ;  New South Wales ;  Total (Type of Building) ;  Private Sector ;,A422108C,Building Approvals,Number,Month
1999-04-01,4274,Total number of dwelling units ;  New South Wales ;  Total (Type of Building) ;  Private Sector ;,A422108C,Building Approvals,Number,Month
1999-05-01,4613,Total number of dwelling units ;  New South Wales ;  Total (Type of Building) ;  Private Sector ;,A422108C,Building Approvals,Number,Month
1999-06-01,4405,Total number of dwelling units ;  New South Wales ;  Total (Type of Building) ;  Private Sector ;,A422108C,Building Approvals,Number,Month
1999-07-01,5064,Total number of dwelling units ;  New South Wales ;  Total (Type of Building) ;  Private Sector ;,A422108C,Building Approvals,Number,Month
1999-08-01,4931,Total number of dwelling units ;  New South Wales ;  Total (Type of Building) ;  Private Sector ;,A422108C,Building Approvals,Number,Month
1999-09-01,4401,Total number of dwelling units ;  New South Wales ;  Total (Type of Building) ;  Private Sector ;,A422108C,Building Approvals,Number,Month
1999-10-01,4418,Total number of dwelling units ;  New South Wales ;  Total (Type of Building) ;  Private Sector ;,A422108C,Building Approvals,Number,Month
1999-11-01,4468,Total number of dwelling units ;  New South Wales ;  Total (Type of Building) ;  Private Sector ;,A422108C,Building Approvals,Number,Month
1999-12-01,4338,Total number of dwelling units ;  New South Wales ;  Total (Type of Building) ;  Private Sector ;,A422108C,Building Approvals,Number,Month
2000-01-01,4169,Total number of dwelling units ;  New South Wales ;  Total (Type of Building) ;  Private Sector ;,A422108C,Building Approvals,Number,Month
2000-02-01,4516,Total number of dwelling units ;  New South Wales ;  Total (Type of Building) ;  Private Sector ;,A422108C,Building Approvals,Number,Month
2000-03-01,3971,Total number of dwelling units ;  New South Wales ;  Total (Type of Building) ;  Private Sector ;,A422108C,Building Approvals,Number,Month
2000-04-01,3780,Total number of dwelling units ;  New South Wales ;  Total (Type of Building) ;  Private Sector ;,A422108C,Building Approvals,Number,Month
2000-05-01,3914,Total number of dwelling units ;  New South Wales ;  Total (Type of Building) ;  Private Sector ;,A422108C,Building Approvals,Number,Month
2000-06-01,3064,Total number of dwelling units ;  New South Wales ;  Total (Type of Building) ;  Private Sector ;,A422108C,Building Approvals,Number,Month
2000-07-01,2223,Total number of dwelling units ;  New South Wales ;  Total (Type of Building) ;  Private Sector ;,A422108C,Building Approvals,Number,Month
2000-08-01,2536,Total number of dwelling units ;  New South Wales ;  Total (Type of Building) ;  Private Sector ;,A422108C,Building Approvals,Number,Month
2000-09-01,2571,Total number of dwelling units ;  New South Wales ;  Total (Type of Building) ;  Private Sector ;,A422108C,Building Approvals,Number,Month
2000-10-01,3355,Total number of dwelling units ;  New South Wales ;  Total (Type of Building) ;  Private Sector ;,A422108C,Building Approvals,Number,Month
2000-11-01,3227,Total number of dwelling units ;  New South Wales ;  Total (Type of Building) ;  Private Sector ;,A422108C,Building Approvals,Number,Month
2000-12-01,2758,Total number of dwelling units ;  New South Wales ;  Total (Type of Building) ;  Private Sector ;,A422108C,Building Approvals,Number,Month
2001-01-01,2716,Total number of dwelling units ;  New South Wales ;  Total (Type of Building) ;  Private Sector ;,A422108C,Building Approvals,Number,Month
2001-02-01,2457,Total number of dwelling units ;  New South Wales ;  Total (Type of Building) ;  Private Sector ;,A422108C,Building Approvals,Number,Month
2001-03-01,2426,Total number of dwelling units ;  New South Wales ;  Total (Type of Building) ;  Private Sector ;,A422108C,Building Approvals,Number,Month
2001-04-01,2735,Total number of dwelling units ;  New South Wales ;  Total (Type of Building) ;  Private Sector ;,A422108C,Building Approvals,Number,Month
2001-05-01,3268,Total number of dwelling units ;  New South Wales ;  Total (Type of Building) ;  Private Sector ;,A422108C,Building Approvals,Number,Month
2001-06-01,3283,Total number of dwelling units ;  New South Wales ;  Total (Type of Building) ;  Private Sector ;,A422108C,Building Approvals,Number,Month
2001-07-01,3699,Total number of dwelling units ;  New South Wales ;  Total (Type of Building) ;  Private Sector ;,A422108C,Building Approvals,Number,Month
2001-08-01,3768,Total number of dwelling units ;  New South Wales ;  Total (Type of Building) ;  Private Sector ;,A422108C,Building Approvals,Number,Month
2001-09-01,4432,Total number of dwelling units ;  New South Wales ;  Total (Type of Building) ;  Private Sector ;,A422108C,Building Approvals,Number,Month
2001-10-01,4865,Total number of dwelling units ;  New South Wales ;  Total (Type of Building) ;  Private Sector ;,A422108C,Building Approvals,Number,Month
2001-11-01,4547,Total number of dwelling units ;  New South Wales ;  Total (Type of Building) ;  Private Sector ;,A422108C,Building Approvals,Number,Month
2001-12-01,3805,Total number of dwelling units ;  New South Wales ;  Total (Type of Building) ;  Private Sector ;,A422108C,Building Approvals,Number,Month
2002-01-01,3813,Total number of dwelling units ;  New South Wales ;  Total (Type of Building) ;  Private Sector ;,A422108C,Building Approvals,Number,Month
2002-02-01,3397,Total number of dwelling units ;  New South Wales ;  Total (Type of Building) ;  Private Sector ;,A422108C,Building Approvals,Number,Month
2002-03-01,3939,Total number of dwelling units ;  New South Wales ;  Total (Type of Building) ;  Private Sector ;,A422108C,Building Approvals,Number,Month
2002-04-01,4935,Total number of dwelling units ;  New South Wales ;  Total (Type of Building) ;  Private Sector ;,A422108C,Building Approvals,Number,Month
2002-05-01,4783,Total number of dwelling units ;  New South Wales ;  Total (Type of Building) ;  Private Sector ;,A422108C,Building Approvals,Number,Month
2002-06-01,3932,Total number of dwelling units ;  New South Wales ;  Total (Type of Building) ;  Private Sector ;,A422108C,Building Approvals,Number,Month
2002-07-01,3540,Total number of dwelling units ;  New South Wales ;  Total (Type of Building) ;  Private Sector ;,A422108C,Building Approvals,Number,Month
2002-08-01,4822,Total number of dwelling units ;  New South Wales ;  Total (Type of Building) ;  Private Sector ;,A422108C,Building Approvals,Number,Month
2002-09-01,4017,Total number of dwelling units ;  New South Wales ;  Total (Type of Building) ;  Private Sector ;,A422108C,Building Approvals,Number,Month
2002-10-01,5768,Total number of dwelling units ;  New South Wales ;  Total (Type of Building) ;  Private Sector ;,A422108C,Building Approvals,Number,Month
2002-11-01,4466,Total number of dwelling units ;  New South Wales ;  Total (Type of Building) ;  Private Sector ;,A422108C,Building Approvals,Number,Month
2002-12-01,3698,Total number of dwelling units ;  New South Wales ;  Total (Type of Building) ;  Private Sector ;,A422108C,Building Approvals,Number,Month
2003-01-01,4023,Total number of dwelling units ;  New South Wales ;  Total (Type of Building) ;  Private Sector ;,A422108C,Building Approvals,Number,Month
2003-02-01,3849,Total number of dwelling units ;  New South Wales ;  Total (Type of Building) ;  Private Sector ;,A422108C,Building Approvals,Number,Month
2003-03-01,4074,Total number of dwelling units ;  New South Wales ;  Total (Type of Building) ;  Private Sector ;,A422108C,Building Approvals,Number,Month
2003-04-01,3752,Total number of dwelling units ;  New South Wales ;  Total (Type of Building) ;  Private Sector ;,A422108C,Building Approvals,Number,Month
2003-05-01,4040,Total number of dwelling units ;  New South Wales ;  Total (Type of Building) ;  Private Sector ;,A422108C,Building Approvals,Number,Month
2003-06-01,3432,Total number of dwelling units ;  New South Wales ;  Total (Type of Building) ;  Private Sector ;,A422108C,Building Approvals,Number,Month
2003-07-01,4157,Total number of dwelling units ;  New South Wales ;  Total (Type of Building) ;  Private Sector ;,A422108C,Building Approvals,Number,Month
2003-08-01,4242,Total number of dwelling units ;  New South Wales ;  Total (Type of Building) ;  Private Sector ;,A422108C,Building Approvals,Number,Month
2003-09-01,4668,Total number of dwelling units ;  New South Wales ;  Total (Type of Building) ;  Private Sector ;,A422108C,Building Approvals,Number,Month
2003-10-01,4136,Total number of dwelling units ;  New South Wales ;  Total (Type of Building) ;  Private Sector ;,A422108C,Building Approvals,Number,Month
2003-11-01,4070,Total number of dwelling units ;  New South Wales ;  Total (Type of Building) ;  Private Sector ;,A422108C,Building Approvals,Number,Month
2003-12-01,3980,Total number of dwelling units ;  New South Wales ;  Total (Type of Building) ;  Private Sector ;,A422108C,Building Approvals,Number,Month
2004-01-01,3187,Total number of dwelling units ;  New South Wales ;  Total (Type of Building) ;  Private Sector ;,A422108C,Building Approvals,Number,Month
2004-02-01,4297,Total number of dwelling units ;  New South Wales ;  Total (Type of Building) ;  Private Sector ;,A422108C,Building Approvals,Number,Month
2004-03-01,3896,Total number of dwelling units ;  New South Wales ;  Total (Type of Building) ;  Private Sector ;,A422108C,Building Approvals,Number,Month
2004-04-01,4081,Total number of dwelling units ;  New South Wales ;  Total (Type of Building) ;  Private Sector ;,A422108C,Building Approvals,Number,Month
2004-05-01,4466,Total number of dwelling units ;  New South Wales ;  Total (Type of Building) ;  Private Sector ;,A422108C,Building Approvals,Number,Month
2004-06-01,3660,Total number of dwelling units ;  New South Wales ;  Total (Type of Building) ;  Private Sector ;,A422108C,Building Approvals,Number,Month
2004-07-01,3792,Total number of dwelling units ;  New South Wales ;  Total (Type of Building) ;  Private Sector ;,A422108C,Building Approvals,Number,Month
2004-08-01,3653,Total number of dwelling units ;  New South Wales ;  Total (Type of Building) ;  Private Sector ;,A422108C,Building Approvals,Number,Month
2004-09-01,3474,Total number of dwelling units ;  New South Wales ;  Total (Type of Building) ;  Private Sector ;,A422108C,Building Approvals,Number,Month
2004-10-01,3152,Total number of dwelling units ;  New South Wales ;  Total (Type of Building) ;  Private Sector ;,A422108C,Building Approvals,Number,Month
2004-11-01,3208,Total number of dwelling units ;  New South Wales ;  Total (Type of Building) ;  Private Sector ;,A422108C,Building Approvals,Number,Month
2004-12-01,3391,Total number of dwelling units ;  New South Wales ;  Total (Type of Building) ;  Private Sector ;,A422108C,Building Approvals,Number,Month
2005-01-01,2849,Total number of dwelling units ;  New South Wales ;  Total (Type of Building) ;  Private Sector ;,A422108C,Building Approvals,Number,Month
2005-02-01,3599,Total number of dwelling units ;  New South Wales ;  Total (Type of Building) ;  Private Sector ;,A422108C,Building Approvals,Number,Month
2005-03-01,3200,Total number of dwelling units ;  New South Wales ;  Total (Type of Building) ;  Private Sector ;,A422108C,Building Approvals,Number,Month
2005-04-01,3051,Total number of dwelling units ;  New South Wales ;  Total (Type of Building) ;  Private Sector ;,A422108C,Building Approvals,Number,Month
2005-05-01,3188,Total number of dwelling units ;  New South Wales ;  Total (Type of Building) ;  Private Sector ;,A422108C,Building Approvals,Number,Month
2005-06-01,2919,Total number of dwelling units ;  New South Wales ;  Total (Type of Building) ;  Private Sector ;,A422108C,Building Approvals,Number,Month
2005-07-01,3176,Total number of dwelling units ;  New South Wales ;  Total (Type of Building) ;  Private Sector ;,A422108C,Building Approvals,Number,Month
2005-08-01,2905,Total number of dwelling units ;  New South Wales ;  Total (Type of Building) ;  Private Sector ;,A422108C,Building Approvals,Number,Month
2005-09-01,3066,Total number of dwelling units ;  New South Wales ;  Total (Type of Building) ;  Private Sector ;,A422108C,Building Approvals,Number,Month
2005-10-01,2783,Total number of dwelling units ;  New South Wales ;  Total (Type of Building) ;  Private Sector ;,A422108C,Building Approvals,Number,Month
2005-11-01,2866,Total number of dwelling units ;  New South Wales ;  Total (Type of Building) ;  Private Sector ;,A422108C,Building Approvals,Number,Month
2005-12-01,3048,Total number of dwelling units ;  New South Wales ;  Total (Type of Building) ;  Private Sector ;,A422108C,Building Approvals,Number,Month
2006-01-01,2501,Total number of dwelling units ;  New South Wales ;  Total (Type of Building) ;  Private Sector ;,A422108C,Building Approvals,Number,Month
2006-02-01,2576,Total number of dwelling units ;  New South Wales ;  Total (Type of Building) ;  Private Sector ;,A422108C,Building Approvals,Number,Month
2006-03-01,2545,Total number of dwelling units ;  New South Wales ;  Total (Type of Building) ;  Private Sector ;,A422108C,Building Approvals,Number,Month
2006-04-01,2384,Total number of dwelling units ;  New South Wales ;  Total (Type of Building) ;  Private Sector ;,A422108C,Building Approvals,Number,Month
2006-05-01,2955,Total number of dwelling units ;  New South Wales ;  Total (Type of Building) ;  Private Sector ;,A422108C,Building Approvals,Number,Month
2006-06-01,2968,Total number of dwelling units ;  New South Wales ;  Total (Type of Building) ;  Private Sector ;,A422108C,Building Approvals,Number,Month
2006-07-01,2709,Total number of dwelling units ;  New South Wales ;  Total (Type of Building) ;  Private Sector ;,A422108C,Building Approvals,Number,Month
2006-08-01,2572,Total number of dwelling units ;  New South Wales ;  Total (Type of Building) ;  Private Sector ;,A422108C,Building Approvals,Number,Month
2006-09-01,3351,Total number of dwelling units ;  New South Wales ;  Total (Type of Building) ;  Private Sector ;,A422108C,Building Approvals,Number,Month
2006-10-01,2826,Total number of dwelling units ;  New South Wales ;  Total (Type of Building) ;  Private Sector ;,A422108C,Building Approvals,Number,Month
2006-11-01,2533,Total number of dwelling units ;  New South Wales ;  Total (Type of Building) ;  Private Sector ;,A422108C,Building Approvals,Number,Month
2006-12-01,2482,Total number of dwelling units ;  New South Wales ;  Total (Type of Building) ;  Private Sector ;,A422108C,Building Approvals,Number,Month
2007-01-01,2361,Total number of dwelling units ;  New South Wales ;  Total (Type of Building) ;  Private Sector ;,A422108C,Building Approvals,Number,Month
2007-02-01,2929,Total number of dwelling units ;  New South Wales ;  Total (Type of Building) ;  Private Sector ;,A422108C,Building Approvals,Number,Month
2007-03-01,2403,Total number of dwelling units ;  New South Wales ;  Total (Type of Building) ;  Private Sector ;,A422108C,Building Approvals,Number,Month
2007-04-01,2543,Total number of dwelling units ;  New South Wales ;  Total (Type of Building) ;  Private Sector ;,A422108C,Building Approvals,Number,Month
2007-05-01,2535,Total number of dwelling units ;  New South Wales ;  Total (Type of Building) ;  Private Sector ;,A422108C,Building Approvals,Number,Month
2007-06-01,2372,Total number of dwelling units ;  New South Wales ;  Total (Type of Building) ;  Private Sector ;,A422108C,Building Approvals,Number,Month
2007-07-01,2542,Total number of dwelling units ;  New South Wales ;  Total (Type of Building) ;  Private Sector ;,A422108C,Building Approvals,Number,Month
2007-08-01,2260,Total number of dwelling units ;  New South Wales ;  Total (Type of Building) ;  Private Sector ;,A422108C,Building Approvals,Number,Month
2007-09-01,2716,Total number of dwelling units ;  New South Wales ;  Total (Type of Building) ;  Private Sector ;,A422108C,Building Approvals,Number,Month
2007-10-01,2092,Total number of dwelling units ;  New South Wales ;  Total (Type of Building) ;  Private Sector ;,A422108C,Building Approvals,Number,Month
2007-11-01,3706,Total number of dwelling units ;  New South Wales ;  Total (Type of Building) ;  Private Sector ;,A422108C,Building Approvals,Number,Month
2007-12-01,2767,Total number of dwelling units ;  New South Wales ;  Total (Type of Building) ;  Private Sector ;,A422108C,Building Approvals,Number,Month
2008-01-01,2362,Total number of dwelling units ;  New South Wales ;  Total (Type of Building) ;  Private Sector ;,A422108C,Building Approvals,Number,Month
2008-02-01,2601,Total number of dwelling units ;  New South Wales ;  Total (Type of Building) ;  Private Sector ;,A422108C,Building Approvals,Number,Month
2008-03-01,2515,Total number of dwelling units ;  New South Wales ;  Total (Type of Building) ;  Private Sector ;,A422108C,Building Approvals,Number,Month
2008-04-01,2353,Total number of dwelling units ;  New South Wales ;  Total (Type of Building) ;  Private Sector ;,A422108C,Building Approvals,Number,Month
2008-05-01,2752,Total number of dwelling units ;  New South Wales ;  Total (Type of Building) ;  Private Sector ;,A422108C,Building Approvals,Number,Month
2008-06-01,2462,Total number of dwelling units ;  New South Wales ;  Total (Type of Building) ;  Private Sector ;,A422108C,Building Approvals,Number,Month
2008-07-01,2376,Total number of dwelling units ;  New South Wales ;  Total (Type of Building) ;  Private Sector ;,A422108C,Building Approvals,Number,Month
2008-08-01,2104,Total number of dwelling units ;  New South Wales ;  Total (Type of Building) ;  Private Sector ;,A422108C,Building Approvals,Number,Month
2008-09-01,1998,Total number of dwelling units ;  New South Wales ;  Total (Type of Building) ;  Private Sector ;,A422108C,Building Approvals,Number,Month
2008-10-01,2195,Total number of dwelling units ;  New South Wales ;  Total (Type of Building) ;  Private Sector ;,A422108C,Building Approvals,Number,Month
2008-11-01,2134,Total number of dwelling units ;  New South Wales ;  Total (Type of Building) ;  Private Sector ;,A422108C,Building Approvals,Number,Month
2008-12-01,2147,Total number of dwelling units ;  New South Wales ;  Total (Type of Building) ;  Private Sector ;,A422108C,Building Approvals,Number,Month
2009-01-01,1400,Total number of dwelling units ;  New South Wales ;  Total (Type of Building) ;  Private Sector ;,A422108C,Building Approvals,Number,Month
2009-02-01,1785,Total number of dwelling units ;  New South Wales ;  Total (Type of Building) ;  Private Sector ;,A422108C,Building Approvals,Number,Month
2009-03-01,1632,Total number of dwelling units ;  New South Wales ;  Total (Type of Building) ;  Private Sector ;,A422108C,Building Approvals,Number,Month
2009-04-01,2385,Total number of dwelling units ;  New South Wales ;  Total (Type of Building) ;  Private Sector ;,A422108C,Building Approvals,Number,Month
2009-05-01,1731,Total number of dwelling units ;  New South Wales ;  Total (Type of Building) ;  Private Sector ;,A422108C,Building Approvals,Number,Month
2009-06-01,1768,Total number of dwelling units ;  New South Wales ;  Total (Type of Building) ;  Private Sector ;,A422108C,Building Approvals,Number,Month
2009-07-01,2100,Total number of dwelling units ;  New South Wales ;  Total (Type of Building) ;  Private Sector ;,A422108C,Building Approvals,Number,Month
2009-08-01,2290,Total number of dwelling units ;  New South Wales ;  Total (Type of Building) ;  Private Sector ;,A422108C,Building Approvals,Number,Month
2009-09-01,2657,Total number of dwelling units ;  New South Wales ;  Total (Type of Building) ;  Private Sector ;,A422108C,Building Approvals,Number,Month
2009-10-01,2600,Total number of dwelling units ;  New South Wales ;  Total (Type of Building) ;  Private Sector ;,A422108C,Building Approvals,Number,Month
2009-11-01,2649,Total number of dwelling units ;  New South Wales ;  Total (Type of Building) ;  Private Sector ;,A422108C,Building Approvals,Number,Month
2009-12-01,2527,Total number of dwelling units ;  New South Wales ;  Total (Type of Building) ;  Private Sector ;,A422108C,Building Approvals,Number,Month
2010-01-01,1992,Total number of dwelling units ;  New South Wales ;  Total (Type of Building) ;  Private Sector ;,A422108C,Building Approvals,Number,Month
2010-02-01,1898,Total number of dwelling units ;  New South Wales ;  Total (Type of Building) ;  Private Sector ;,A422108C,Building Approvals,Number,Month
2010-03-01,2612,Total number of dwelling units ;  New South Wales ;  Total (Type of Building) ;  Private Sector ;,A422108C,Building Approvals,Number,Month
2010-04-01,2688,Total number of dwelling units ;  New South Wales ;  Total (Type of Building) ;  Private Sector ;,A422108C,Building Approvals,Number,Month
2010-05-01,2724,Total number of dwelling units ;  New South Wales ;  Total (Type of Building) ;  Private Sector ;,A422108C,Building Approvals,Number,Month
2010-06-01,2586,Total number of dwelling units ;  New South Wales ;  Total (Type of Building) ;  Private Sector ;,A422108C,Building Approvals,Number,Month
2010-07-01,2847,Total number of dwelling units ;  New South Wales ;  Total (Type of Building) ;  Private Sector ;,A422108C,Building Approvals,Number,Month
2010-08-01,2258,Total number of dwelling units ;  New South Wales ;  Total (Type of Building) ;  Private Sector ;,A422108C,Building Approvals,Number,Month
2010-09-01,2576,Total number of dwelling units ;  New South Wales ;  Total (Type of Building) ;  Private Sector ;,A422108C,Building Approvals,Number,Month
2010-10-01,3534,Total number of dwelling units ;  New South Wales ;  Total (Type of Building) ;  Private Sector ;,A422108C,Building Approvals,Number,Month
2010-11-01,3008,Total number of dwelling units ;  New South Wales ;  Total (Type of Building) ;  Private Sector ;,A422108C,Building Approvals,Number,Month
2010-12-01,3363,Total number of dwelling units ;  New South Wales ;  Total (Type of Building) ;  Private Sector ;,A422108C,Building Approvals,Number,Month
2011-01-01,2411,Total number of dwelling units ;  New South Wales ;  Total (Type of Building) ;  Private Sector ;,A422108C,Building Approvals,Number,Month
2011-02-01,2849,Total number of dwelling units ;  New South Wales ;  Total (Type of Building) ;  Private Sector ;,A422108C,Building Approvals,Number,Month
2011-03-01,3069,Total number of dwelling units ;  New South Wales ;  Total (Type of Building) ;  Private Sector ;,A422108C,Building Approvals,Number,Month
2011-04-01,2919,Total number of dwelling units ;  New South Wales ;  Total (Type of Building) ;  Private Sector ;,A422108C,Building Approvals,Number,Month
2011-05-01,2291,Total number of dwelling units ;  New South Wales ;  Total (Type of Building) ;  Private Sector ;,A422108C,Building Approvals,Number,Month
2011-06-01,2283,Total number of dwelling units ;  New South Wales ;  Total (Type of Building) ;  Private Sector ;,A422108C,Building Approvals,Number,Month
2011-07-01,2819,Total number of dwelling units ;  New South Wales ;  Total (Type of Building) ;  Private Sector ;,A422108C,Building Approvals,Number,Month
2011-08-01,3847,Total number of dwelling units ;  New South Wales ;  Total (Type of Building) ;  Private Sector ;,A422108C,Building Approvals,Number,Month
2011-09-01,2893,Total number of dwelling units ;  New South Wales ;  Total (Type of Building) ;  Private Sector ;,A422108C,Building Approvals,Number,Month
2011-10-01,2807,Total number of dwelling units ;  New South Wales ;  Total (Type of Building) ;  Private Sector ;,A422108C,Building Approvals,Number,Month
2011-11-01,3080,Total number of dwelling units ;  New South Wales ;  Total (Type of Building) ;  Private Sector ;,A422108C,Building Approvals,Number,Month
2011-12-01,2592,Total number of dwelling units ;  New South Wales ;  Total (Type of Building) ;  Private Sector ;,A422108C,Building Approvals,Number,Month
2012-01-01,2572,Total number of dwelling units ;  New South Wales ;  Total (Type of Building) ;  Private Sector ;,A422108C,Building Approvals,Number,Month
2012-02-01,1927,Total number of dwelling units ;  New South Wales ;  Total (Type of Building) ;  Private Sector ;,A422108C,Building Approvals,Number,Month
2012-03-01,2980,Total number of dwelling units ;  New South Wales ;  Total (Type of Building) ;  Private Sector ;,A422108C,Building Approvals,Number,Month
2012-04-01,2494,Total number of dwelling units ;  New South Wales ;  Total (Type of Building) ;  Private Sector ;,A422108C,Building Approvals,Number,Month
2012-05-01,3568,Total number of dwelling units ;  New South Wales ;  Total (Type of Building) ;  Private Sector ;,A422108C,Building Approvals,Number,Month
2012-06-01,3020,Total number of dwelling units ;  New South Wales ;  Total (Type of Building) ;  Private Sector ;,A422108C,Building Approvals,Number,Month
2012-07-01,2965,Total number of dwelling units ;  New South Wales ;  Total (Type of Building) ;  Private Sector ;,A422108C,Building Approvals,Number,Month
2012-08-01,2706,Total number of dwelling units ;  New South Wales ;  Total (Type of Building) ;  Private Sector ;,A422108C,Building Approvals,Number,Month
2012-09-01,3989,Total number of dwelling units ;  New South Wales ;  Total (Type of Building) ;  Private Sector ;,A422108C,Building Approvals,Number,Month
2012-10-01,4374,Total number of dwelling units ;  New South Wales ;  Total (Type of Building) ;  Private Sector ;,A422108C,Building Approvals,Number,Month
2012-11-01,3625,Total number of dwelling units ;  New South Wales ;  Total (Type of Building) ;  Private Sector ;,A422108C,Building Approvals,Number,Month
2012-12-01,4152,Total number of dwelling units ;  New South Wales ;  Total (Type of Building) ;  Private Sector ;,A422108C,Building Approvals,Number,Month
2013-01-01,3254,Total number of dwelling units ;  New South Wales ;  Total (Type of Building) ;  Private Sector ;,A422108C,Building Approvals,Number,Month
2013-02-01,2948,Total number of dwelling units ;  New South Wales ;  Total (Type of Building) ;  Private Sector ;,A422108C,Building Approvals,Number,Month
2013-03-01,3158,Total number of dwelling units ;  New South Wales ;  Total (Type of Building) ;  Private Sector ;,A422108C,Building Approvals,Number,Month
2013-04-01,4106,Total number of dwelling units ;  New South Wales ;  Total (Type of Building) ;  Private Sector ;,A422108C,Building Approvals,Number,Month
2013-05-01,3235,Total number of dwelling units ;  New South Wales ;  Total (Type of Building) ;  Private Sector ;,A422108C,Building Approvals,Number,Month
2013-06-01,3727,Total number of dwelling units ;  New South Wales ;  Total (Type of Building) ;  Private Sector ;,A422108C,Building Approvals,Number,Month
2013-07-01,3350,Total number of dwelling units ;  New South Wales ;  Total (Type of Building) ;  Private Sector ;,A422108C,Building Approvals,Number,Month
2013-08-01,3951,Total number of dwelling units ;  New South Wales ;  Total (Type of Building) ;  Private Sector ;,A422108C,Building Approvals,Number,Month
2013-09-01,6081,Total number of dwelling units ;  New South Wales ;  Total (Type of Building) ;  Private Sector ;,A422108C,Building Approvals,Number,Month
2013-10-01,4623,Total number of dwelling units ;  New South Wales ;  Total (Type of Building) ;  Private Sector ;,A422108C,Building Approvals,Number,Month
2013-11-01,4805,Total number of dwelling units ;  New South Wales ;  Total (Type of Building) ;  Private Sector ;,A422108C,Building Approvals,Number,Month
2013-12-01,5140,Total number of dwelling units ;  New South Wales ;  Total (Type of Building) ;  Private Sector ;,A422108C,Building Approvals,Number,Month
2014-01-01,4832,Total number of dwelling units ;  New South Wales ;  Total (Type of Building) ;  Private Sector ;,A422108C,Building Approvals,Number,Month
2014-02-01,3999,Total number of dwelling units ;  New South Wales ;  Total (Type of Building) ;  Private Sector ;,A422108C,Building Approvals,Number,Month
2014-03-01,4841,Total number of dwelling units ;  New South Wales ;  Total (Type of Building) ;  Private Sector ;,A422108C,Building Approvals,Number,Month
2014-04-01,3775,Total number of dwelling units ;  New South Wales ;  Total (Type of Building) ;  Private Sector ;,A422108C,Building Approvals,Number,Month
2014-05-01,4281,Total number of dwelling units ;  New South Wales ;  Total (Type of Building) ;  Private Sector ;,A422108C,Building Approvals,Number,Month
2014-06-01,4154,Total number of dwelling units ;  New South Wales ;  Total (Type of Building) ;  Private Sector ;,A422108C,Building Approvals,Number,Month
2014-07-01,4269,Total number of dwelling units ;  New South Wales ;  Total (Type of Building) ;  Private Sector ;,A422108C,Building Approvals,Number,Month
2014-08-01,4684,Total number of dwelling units ;  New South Wales ;  Total (Type of Building) ;  Private Sector ;,A422108C,Building Approvals,Number,Month
2014-09-01,4367,Total number of dwelling units ;  New South Wales ;  Total (Type of Building) ;  Private Sector ;,A422108C,Building Approvals,Number,Month
2014-10-01,4879,Total number of dwelling units ;  New South Wales ;  Total (Type of Building) ;  Private Sector ;,A422108C,Building Approvals,Number,Month
2014-11-01,4778,Total number of dwelling units ;  New South Wales ;  Total (Type of Building) ;  Private Sector ;,A422108C,Building Approvals,Number,Month
2014-12-01,6328,Total number of dwelling units ;  New South Wales ;  Total (Type of Building) ;  Private Sector ;,A422108C,Building Approvals,Number,Month
2015-01-01,5031,Total number of dwelling units ;  New South Wales ;  Total (Type of Building) ;  Private Sector ;,A422108C,Building Approvals,Number,Month
2015-02-01,5456,Total number of dwelling units ;  New South Wales ;  Total (Type of Building) ;  Private Sector ;,A422108C,Building Approvals,Number,Month
2015-03-01,5905,Total number of dwelling units ;  New South Wales ;  Total (Type of Building) ;  Private Sector ;,A422108C,Building Approvals,Number,Month
2015-04-01,5025,Total number of dwelling units ;  New South Wales ;  Total (Type of Building) ;  Private Sector ;,A422108C,Building Approvals,Number,Month
2015-05-01,5965,Total number of dwelling units ;  New South Wales ;  Total (Type of Building) ;  Private Sector ;,A422108C,Building Approvals,Number,Month
2015-06-01,5743,Total number of dwelling units ;  New South Wales ;  Total (Type of Building) ;  Private Sector ;,A422108C,Building Approvals,Number,Month
2015-07-01,6610,Total number of dwelling units ;  New South Wales ;  Total (Type of Building) ;  Private Sector ;,A422108C,Building Approvals,Number,Month
2015-08-01,5084,Total number of dwelling units ;  New South Wales ;  Total (Type of Building) ;  Private Sector ;,A422108C,Building Approvals,Number,Month
2015-09-01,5001,Total number of dwelling units ;  New South Wales ;  Total (Type of Building) ;  Private Sector ;,A422108C,Building Approvals,Number,Month
2015-10-01,6648,Total number of dwelling units ;  New South Wales ;  Total (Type of Building) ;  Private Sector ;,A422108C,Building Approvals,Number,Month
2015-11-01,6650,Total number of dwelling units ;  New South Wales ;  Total (Type of Building) ;  Private Sector ;,A422108C,Building Approvals,Number,Month
2015-12-01,6894,Total number of dwelling units ;  New South Wales ;  Total (Type of Building) ;  Private Sector ;,A422108C,Building Approvals,Number,Month
2016-01-01,4701,Total number of dwelling units ;  New South Wales ;  Total (Type of Building) ;  Private Sector ;,A422108C,Building Approvals,Number,Month
2016-02-01,5516,Total number of dwelling units ;  New South Wales ;  Total (Type of Building) ;  Private Sector ;,A422108C,Building Approvals,Number,Month
2016-03-01,6376,Total number of dwelling units ;  New South Wales ;  Total (Type of Building) ;  Private Sector ;,A422108C,Building Approvals,Number,Month
2016-04-01,6638,Total number of dwelling units ;  New South Wales ;  Total (Type of Building) ;  Private Sector ;,A422108C,Building Approvals,Number,Month
2016-05-01,6729,Total number of dwelling units ;  New South Wales ;  Total (Type of Building) ;  Private Sector ;,A422108C,Building Approvals,Number,Month
2016-06-01,5482,Total number of dwelling units ;  New South Wales ;  Total (Type of Building) ;  Private Sector ;,A422108C,Building Approvals,Number,Month
2016-07-01,7227,Total number of dwelling units ;  New South Wales ;  Total (Type of Building) ;  Private Sector ;,A422108C,Building Approvals,Number,Month
2016-08-01,7797,Total number of dwelling units ;  New South Wales ;  Total (Type of Building) ;  Private Sector ;,A422108C,Building Approvals,Number,Month
2016-09-01,6499,Total number of dwelling units ;  New South Wales ;  Total (Type of Building) ;  Private Sector ;,A422108C,Building Approvals,Number,Month
2016-10-01,5643,Total number of dwelling units ;  New South Wales ;  Total (Type of Building) ;  Private Sector ;,A422108C,Building Approvals,Number,Month
2016-11-01,5936,Total number of dwelling units ;  New South Wales ;  Total (Type of Building) ;  Private Sector ;,A422108C,Building Approvals,Number,Month
2016-12-01,5116,Total number of dwelling units ;  New South Wales ;  Total (Type of Building) ;  Private Sector ;,A422108C,Building Approvals,Number,Month
2017-01-01,5396,Total number of dwelling units ;  New South Wales ;  Total (Type of Building) ;  Private Sector ;,A422108C,Building Approvals,Number,Month
2017-02-01,6391,Total number of dwelling units ;  New South Wales ;  Total (Type of Building) ;  Private Sector ;,A422108C,Building Approvals,Number,Month
2017-03-01,4950,Total number of dwelling units ;  New South Wales ;  Total (Type of Building) ;  Private Sector ;,A422108C,Building Approvals,Number,Month
2017-04-01,6004,Total number of dwelling units ;  New South Wales ;  Total (Type of Building) ;  Private Sector ;,A422108C,Building Approvals,Number,Month
2017-05-01,4985,Total number of dwelling units ;  New South Wales ;  Total (Type of Building) ;  Private Sector ;,A422108C,Building Approvals,Number,Month
2017-06-01,5932,Total number of dwelling units ;  New South Wales ;  Total (Type of Building) ;  Private Sector ;,A422108C,Building Approvals,Number,Month
2017-07-01,7001,Total number of dwelling units ;  New South Wales ;  Total (Type of Building) ;  Private Sector ;,A422108C,Building Approvals,Number,Month
2017-08-01,6026,Total number of dwelling units ;  New South Wales ;  Total (Type of Building) ;  Private Sector ;,A422108C,Building Approvals,Number,Month
2017-09-01,6954,Total number of dwelling units ;  New South Wales ;  Total (Type of Building) ;  Private Sector ;,A422108C,Building Approvals,Number,Month
2017-10-01,6393,Total number of dwelling units ;  New South Wales ;  Total (Type of Building) ;  Private Sector ;,A422108C,Building Approvals,Number,Month
2017-11-01,6492,Total number of dwelling units ;  New South Wales ;  Total (Type of Building) ;  Private Sector ;,A422108C,Building Approvals,Number,Month
2017-12-01,5283,Total number of dwelling units ;  New South Wales ;  Total (Type of Building) ;  Private Sector ;,A422108C,Building Approvals,Number,Month
2018-01-01,5714,Total number of dwelling units ;  New South Wales ;  Total (Type of Building) ;  Private Sector ;,A422108C,Building Approvals,Number,Month
2018-02-01,6222,Total number of dwelling units ;  New South Wales ;  Total (Type of Building) ;  Private Sector ;,A422108C,Building Approvals,Number,Month
2018-03-01,5344,Total number of dwelling units ;  New South Wales ;  Total (Type of Building) ;  Private Sector ;,A422108C,Building Approvals,Number,Month
2018-04-01,5741,Total number of dwelling units ;  New South Wales ;  Total (Type of Building) ;  Private Sector ;,A422108C,Building Approvals,Number,Month
2018-05-01,5642,Total number of dwelling units ;  New South Wales ;  Total (Type of Building) ;  Private Sector ;,A422108C,Building Approvals,Number,Month
2018-06-01,5593,Total number of dwelling units ;  New South Wales ;  Total (Type of Building) ;  Private Sector ;,A422108C,Building Approvals,Number,Month
2018-07-01,6035,Total number of dwelling units ;  New South Wales ;  Total (Type of Building) ;  Private Sector ;,A422108C,Building Approvals,Number,Month
2018-08-01,4864,Total number of dwelling units ;  New South Wales ;  Total (Type of Building) ;  Private Sector ;,A422108C,Building Approvals,Number,Month
2018-09-01,5246,Total number of dwelling units ;  New South Wales ;  Total (Type of Building) ;  Private Sector ;,A422108C,Building Approvals,Number,Month
2018-10-01,5606,Total number of dwelling units ;  New South Wales ;  Total (Type of Building) ;  Private Sector ;,A422108C,Building Approvals,Number,Month
2018-11-01,4439,Total number of dwelling units ;  New South Wales ;  Total (Type of Building) ;  Private Sector ;,A422108C,Building Approvals,Number,Month
2018-12-01,4347,Total number of dwelling units ;  New South Wales ;  Total (Type of Building) ;  Private Sector ;,A422108C,Building Approvals,Number,Month
2019-01-01,4603,Total number of dwelling units ;  New South Wales ;  Total (Type of Building) ;  Private Sector ;,A422108C,Building Approvals,Number,Month
2019-02-01,5515,Total number of dwelling units ;  New South Wales ;  Total (Type of Building) ;  Private Sector ;,A422108C,Building Approvals,Number,Month
2019-03-01,4197,Total number of dwelling units ;  New South Wales ;  Total (Type of Building) ;  Private Sector ;,A422108C,Building Approvals,Number,Month
2019-04-01,4522,Total number of dwelling units ;  New South Wales ;  Total (Type of Building) ;  Private Sector ;,A422108C,Building Approvals,Number,Month
2019-05-01,4396,Total number of dwelling units ;  New South Wales ;  Total (Type of Building) ;  Private Sector ;,A422108C,Building Approvals,Number,Month
2019-06-01,4331,Total number of dwelling units ;  New South Wales ;  Total (Type of Building) ;  Private Sector ;,A422108C,Building Approvals,Number,Month
2019-07-01,3907,Total number of dwelling units ;  New South Wales ;  Total (Type of Building) ;  Private Sector ;,A422108C,Building Approvals,Number,Month
2019-08-01,3922,Total number of dwelling units ;  New South Wales ;  Total (Type of Building) ;  Private Sector ;,A422108C,Building Approvals,Number,Month
2019-09-01,4089,Total number of dwelling units ;  New South Wales ;  Total (Type of Building) ;  Private Sector ;,A422108C,Building Approvals,Number,Month
2019-10-01,3377,Total number of dwelling units ;  New South Wales ;  Total (Type of Building) ;  Private Sector ;,A422108C,Building Approvals,Number,Month
2019-11-01,4958,Total number of dwelling units ;  New South Wales ;  Total (Type of Building) ;  Private Sector ;,A422108C,Building Approvals,Number,Month
2019-12-01,3862,Total number of dwelling units ;  New South Wales ;  Total (Type of Building) ;  Private Sector ;,A422108C,Building Approvals,Number,Month
2020-01-01,3606,Total number of dwelling units ;  New South Wales ;  Total (Type of Building) ;  Private Sector ;,A422108C,Building Approvals,Number,Month
2020-02-01,4365,Total number of dwelling units ;  New South Wales ;  Total (Type of Building) ;  Private Sector ;,A422108C,Building Approvals,Number,Month
2020-03-01,5410,Total number of dwelling units ;  New South Wales ;  Total (Type of Building) ;  Private Sector ;,A422108C,Building Approvals,Number,Month
2020-04-01,3735,Total number of dwelling units ;  New South Wales ;  Total (Type of Building) ;  Private Sector ;,A422108C,Building Approvals,Number,Month
2020-05-01,3522,Total number of dwelling units ;  New South Wales ;  Total (Type of Building) ;  Private Sector ;,A422108C,Building Approvals,Number,Month
2020-06-01,3150,Total number of dwelling units ;  New South Wales ;  Total (Type of Building) ;  Private Sector ;,A422108C,Building Approvals,Number,Month
2020-07-01,4241,Total number of dwelling units ;  New South Wales ;  Total (Type of Building) ;  Private Sector ;,A422108C,Building Approvals,Number,Month
2020-08-01,3422,Total number of dwelling units ;  New South Wales ;  Total (Type of Building) ;  Private Sector ;,A422108C,Building Approvals,Number,Month
2020-09-01,3918,Total number of dwelling units ;  New South Wales ;  Total (Type of Building) ;  Private Sector ;,A422108C,Building Approvals,Number,Month
2020-10-01,4761,Total number of dwelling units ;  New South Wales ;  Total (Type of Building) ;  Private Sector ;,A422108C,Building Approvals,Number,Month
2020-11-01,5329,Total number of dwelling units ;  New South Wales ;  Total (Type of Building) ;  Private Sector ;,A422108C,Building Approvals,Number,Month
2020-12-01,4839,Total number of dwelling units ;  New South Wales ;  Total (Type of Building) ;  Private Sector ;,A422108C,Building Approvals,Number,Month
2021-01-01,4222,Total number of dwelling units ;  New South Wales ;  Total (Type of Building) ;  Private Sector ;,A422108C,Building Approvals,Number,Month
2021-02-01,4942,Total number of dwelling units ;  New South Wales ;  Total (Type of Building) ;  Private Sector ;,A422108C,Building Approvals,Number,Month
2021-03-01,6144,Total number of dwelling units ;  New South Wales ;  Total (Type of Building) ;  Private Sector ;,A422108C,Building Approvals,Number,Month
2021-04-01,5921,Total number of dwelling units ;  New South Wales ;  Total (Type of Building) ;  Private Sector ;,A422108C,Building Approvals,Number,Month
2021-05-01,6298,Total number of dwelling units ;  New South Wales ;  Total (Type of Building) ;  Private Sector ;,A422108C,Building Approvals,Number,Month
2021-06-01,5498,Total number of dwelling units ;  New South Wales ;  Total (Type of Building) ;  Private Sector ;,A422108C,Building Approvals,Number,Month
2021-07-01,5194,Total number of dwelling units ;  New South Wales ;  Total (Type of Building) ;  Private Sector ;,A422108C,Building Approvals,Number,Month
2021-08-01,4885,Total number of dwelling units ;  New South Wales ;  Total (Type of Building) ;  Private Sector ;,A422108C,Building Approvals,Number,Month
2021-09-01,6212,Total number of dwelling units ;  New South Wales ;  Total (Type of Building) ;  Private Sector ;,A422108C,Building Approvals,Number,Month
2021-10-01,4534,Total number of dwelling units ;  New South Wales ;  Total (Type of Building) ;  Private Sector ;,A422108C,Building Approvals,Number,Month
2021-11-01,3832,Total number of dwelling units ;  New South Wales ;  Total (Type of Building) ;  Private Sector ;,A422108C,Building Approvals,Number,Month
2021-12-01,4626,Total number of dwelling units ;  New South Wales ;  Total (Type of Building) ;  Private Sector ;,A422108C,Building Approvals,Number,Month
2022-01-01,3709,Total number of dwelling units ;  New South Wales ;  Total (Type of Building) ;  Private Sector ;,A422108C,Building Approvals,Number,Month
2022-02-01,5432,Total number of dwelling units ;  New South Wales ;  Total (Type of Building) ;  Private Sector ;,A422108C,Building Approvals,Number,Month
2022-03-01,3952,Total number of dwelling units ;  New South Wales ;  Total (Type of Building) ;  Private Sector ;,A422108C,Building Approvals,Number,Month
2022-04-01,4366,Total number of dwelling units ;  New South Wales ;  Total (Type of Building) ;  Private Sector ;,A422108C,Building Approvals,Number,Month
2022-05-01,4366,Total number of dwelling units ;  New South Wales ;  Total (Type of Building) ;  Private Sector ;,A422108C,Building Approvals,Number,Month
2022-06-01,3904,Total number of dwelling units ;  New South Wales ;  Total (Type of Building) ;  Private Sector ;,A422108C,Building Approvals,Number,Month
2022-07-01,3907,Total number of dwelling units ;  New South Wales ;  Total (Type of Building) ;  Private Sector ;,A422108C,Building Approvals,Number,Month
2022-08-01,5293,Total number of dwelling units ;  New South Wales ;  Total (Type of Building) ;  Private Sector ;,A422108C,Building Approvals,Number,Month
2022-09-01,5633,Total number of dwelling units ;  New South Wales ;  Total (Type of Building) ;  Private Sector ;,A422108C,Building Approvals,Number,Month
2022-10-01,4099,Total number of dwelling units ;  New South Wales ;  Total (Type of Building) ;  Private Sector ;,A422108C,Building Approvals,Number,Month
2022-11-01,3655,Total number of dwelling units ;  New South Wales ;  Total (Type of Building) ;  Private Sector ;,A422108C,Building Approvals,Number,Month
2022-12-01,5165,Total number of dwelling units ;  New South Wales ;  Total (Type of Building) ;  Private Sector ;,A422108C,Building Approvals,Number,Month
2023-01-01,2671,Total number of dwelling units ;  New South Wales ;  Total (Type of Building) ;  Private Sector ;,A422108C,Building Approvals,Number,Month
2023-02-01,3336,Total number of dwelling units ;  New South Wales ;  Total (Type of Building) ;  Private Sector ;,A422108C,Building Approvals,Number,Month
2023-03-01,3291,Total number of dwelling units ;  New South Wales ;  Total (Type of Building) ;  Private Sector ;,A422108C,Building Approvals,Number,Month
2023-04-01,4364,Total number of dwelling units ;  New South Wales ;  Total (Type of Building) ;  Private Sector ;,A422108C,Building Approvals,Number,Month
2023-05-01,6888,Total number of dwelling units ;  New South Wales ;  Total (Type of Building) ;  Private Sector ;,A422108C,Building Approvals,Number,Month
2023-06-01,3367,Total number of dwelling units ;  New South Wales ;  Total (Type of Building) ;  Private Sector ;,A422108C,Building Approvals,Number,Month
2023-07-01,3203,Total number of dwelling units ;  New South Wales ;  Total (Type of Building) ;  Private Sector ;,A422108C,Building Approvals,Number,Month
2023-08-01,3459,Total number of dwelling units ;  New South Wales ;  Total (Type of Building) ;  Private Sector ;,A422108C,Building Approvals,Number,Month
2023-09-01,3827,Total number of dwelling units ;  New South Wales ;  Total (Type of Building) ;  Private Sector ;,A422108C,Building Approvals,Number,Month
2023-10-01,3844,Total number of dwelling units ;  New South Wales ;  Total (Type of Building) ;  Private Sector ;,A422108C,Building Approvals,Number,Month
2023-11-01,3512,Total number of dwelling units ;  New South Wales ;  Total (Type of Building) ;  Private Sector ;,A422108C,Building Approvals,Number,Month
2023-12-01,3901,Total number of dwelling units ;  New South Wales ;  Total (Type of Building) ;  Private Sector ;,A422108C,Building Approvals,Number,Month
2024-01-01,2826,Total number of dwelling units ;  New South Wales ;  Total (Type of Building) ;  Private Sector ;,A422108C,Building Approvals,Number,Month
2024-02-01,3675,Total number of dwelling units ;  New South Wales ;  Total (Type of Building) ;  Private Sector ;,A422108C,Building Approvals,Number,Month
2024-03-01,3699,Total number of dwelling units ;  New South Wales ;  Total (Type of Building) ;  Private Sector ;,A422108C,Building Approvals,Number,Month
2024-04-01,3856,Total number of dwelling units ;  New South Wales ;  Total (Type of Building) ;  Private Sector ;,A422108C,Building Approvals,Number,Month
2024-05-01,4000,Total number of dwelling units ;  New South Wales ;  Total (Type of Building) ;  Private Sector ;,A422108C,Building Approvals,Number,Month
2024-06-01,2775,Total number of dwelling units ;  New South Wales ;  Total (Type of Building) ;  Private Sector ;,A422108C,Building Approvals,Number,Month
2024-07-01,3956,Total number of dwelling units ;  New South Wales ;  Total (Type of Building) ;  Private Sector ;,A422108C,Building Approvals,Number,Month
2024-08-01,3232,Total number of dwelling units ;  New South Wales ;  Total (Type of Building) ;  Private Sector ;,A422108C,Building Approvals,Number,Month
2024-09-01,2893,Total number of dwelling units ;  New South Wales ;  Total (Type of Building) ;  Private Sector ;,A422108C,Building Approvals,Number,Month
2024-10-01,4257,Total number of dwelling units ;  New South Wales ;  Total (Type of Building) ;  Private Sector ;,A422108C,Building Approvals,Number,Month
2024-11-01,3794,Total number of dwelling units ;  New South Wales ;  Total (Type of Building) ;  Private Sector ;,A422108C,Building Approvals,Number,Month
2024-12-01,4561,Total number of dwelling units ;  New South Wales ;  Total (Type of Building) ;  Private Sector ;,A422108C,Building Approvals,Number,Month
2025-01-01,4864,Total number of dwelling units ;  New South Wales ;  Total (Type of Building) ;  Private Sector ;,A422108C,Building Approvals,Number,Month
2025-02-01,3260,Total number of dwelling units ;  New South Wales ;  Total (Type of Building) ;  Private Sector ;,A422108C,Building Approvals,Number,Month
2025-03-01,4048,Total number of dwelling units ;  New South Wales ;  Total (Type of Building) ;  Private Sector ;,A422108C,Building Approvals,Number,Month
2025-04-01,4158,Total number of dwelling units ;  New South Wales ;  Total (Type of Building) ;  Private Sector ;,A422108C,Building Approvals,Number,Month
2025-05-01,4818,Total number of dwelling units ;  New South Wales ;  Total (Type of Building) ;  Private Sector ;,A422108C,Building Approvals,Number,Month
2025-06-01,4925,Total number of dwelling units ;  New South Wales ;  Total (Type of Building) ;  Private Sector ;,A422108C,Building Approvals,Number,Month
2025-07-01,4207,Total number of dwelling units ;  New South Wales ;  Total (Type of Building) ;  Private Sector ;,A422108C,Building Approvals,Number,Month
2025-08-01,3125,Total number of dwelling units ;  New South Wales ;  Total (Type of Building) ;  Private Sector ;,A422108C,Building Approvals,Number,Month
2025-09-01,5439,Total number of dwelling units ;  New South Wales ;  Total (Type of Building) ;  Private Sector ;,A422108C,Building Approvals,Number,Month
2025-10-01,3854,Total number of dwelling units ;  New South Wales ;  Total (Type of Building) ;  Private Sector ;,A422108C,Building Approvals,Number,Month
2025-11-01,4934,Total number of dwelling units ;  New South Wales ;  Total (Type of Building) ;  Private Sector ;,A422108C,Building Approvals,Number,Month
2025-12-01,4407,Total number of dwelling units ;  New South Wales ;  Total (Type of Building) ;  Private Sector ;,A422108C,Building Approvals,Number,Month
2026-01-01,3176,Total number of dwelling units ;  New South Wales ;  Total (Type of Building) ;  Private Sector ;,A422108C,Building Approvals,Number,Month
2026-02-01,4412,Total number of dwelling units ;  New South Wales ;  Total (Type of Building) ;  Private Sector ;,A422108C,Building Approvals,Number,Month
2026-03-01,4305,Total number of dwelling units ;  New South Wales ;  Total (Type of Building) ;  Private Sector ;,A422108C,Building Approvals,Number,Month
2026-04-01,4393,Total number of dwelling units ;  New South Wales ;  Total (Type of Building) ;  Private Sector ;,A422108C,Building Approvals,Number,Month
2026-05-01,4433,Total number of dwelling units ;  New South Wales ;  Total (Type of Building) ;  Private Sector ;,A422108C,Building Approvals,Number,Month
2026-06-01,4946,Total number of dwelling units ;  New South Wales ;  Total (Type of Building) ;  Private Sector ;,A422108C,Building Approvals,Number,Month
1983-07-01,2988,Total number of dwelling units ;  New South Wales ;  Total (Type of Building) ;  Total Sectors ;,A422172W,Building Approvals,Number,Month
1983-08-01,3328,Total number of dwelling units ;  New South Wales ;  Total (Type of Building) ;  Total Sectors ;,A422172W,Building Approvals,Number,Month
1983-09-01,3364,Total number of dwelling units ;  New South Wales ;  Total (Type of Building) ;  Total Sectors ;,A422172W,Building Approvals,Number,Month
1983-10-01,3405,Total number of dwelling units ;  New South Wales ;  Total (Type of Building) ;  Total Sectors ;,A422172W,Building Approvals,Number,Month
1983-11-01,3372,Total number of dwelling units ;  New South Wales ;  Total (Type of Building) ;  Total Sectors ;,A422172W,Building Approvals,Number,Month
1983-12-01,4244,Total number of dwelling units ;  New South Wales ;  Total (Type of Building) ;  Total Sectors ;,A422172W,Building Approvals,Number,Month
1984-01-01,3633,Total number of dwelling units ;  New South Wales ;  Total (Type of Building) ;  Total Sectors ;,A422172W,Building Approvals,Number,Month
1984-02-01,3716,Total number of dwelling units ;  New South Wales ;  Total (Type of Building) ;  Total Sectors ;,A422172W,Building Approvals,Number,Month
1984-03-01,3493,Total number of dwelling units ;  New South Wales ;  Total (Type of Building) ;  Total Sectors ;,A422172W,Building Approvals,Number,Month
1984-04-01,3424,Total number of dwelling units ;  New South Wales ;  Total (Type of Building) ;  Total Sectors ;,A422172W,Building Approvals,Number,Month
1984-05-01,3864,Total number of dwelling units ;  New South Wales ;  Total (Type of Building) ;  Total Sectors ;,A422172W,Building Approvals,Number,Month
1984-06-01,3232,Total number of dwelling units ;  New South Wales ;  Total (Type of Building) ;  Total Sectors ;,A422172W,Building Approvals,Number,Month
1984-07-01,3413,Total number of dwelling units ;  New South Wales ;  Total (Type of Building) ;  Total Sectors ;,A422172W,Building Approvals,Number,Month
1984-08-01,3382,Total number of dwelling units ;  New South Wales ;  Total (Type of Building) ;  Total Sectors ;,A422172W,Building Approvals,Number,Month
1984-09-01,3673,Total number of dwelling units ;  New South Wales ;  Total (Type of Building) ;  Total Sectors ;,A422172W,Building Approvals,Number,Month
1984-10-01,3224,Total number of dwelling units ;  New South Wales ;  Total (Type of Building) ;  Total Sectors ;,A422172W,Building Approvals,Number,Month
1984-11-01,3812,Total number of dwelling units ;  New South Wales ;  Total (Type of Building) ;  Total Sectors ;,A422172W,Building Approvals,Number,Month
1984-12-01,3608,Total number of dwelling units ;  New South Wales ;  Total (Type of Building) ;  Total Sectors ;,A422172W,Building Approvals,Number,Month
1985-01-01,3461,Total number of dwelling units ;  New South Wales ;  Total (Type of Building) ;  Total Sectors ;,A422172W,Building Approvals,Number,Month
1985-02-01,3605,Total number of dwelling units ;  New South Wales ;  Total (Type of Building) ;  Total Sectors ;,A422172W,Building Approvals,Number,Month
1985-03-01,3668,Total number of dwelling units ;  New South Wales ;  Total (Type of Building) ;  Total Sectors ;,A422172W,Building Approvals,Number,Month
1985-04-01,4191,Total number of dwelling units ;  New South Wales ;  Total (Type of Building) ;  Total Sectors ;,A422172W,Building Approvals,Number,Month
1985-05-01,3384,Total number of dwelling units ;  New South Wales ;  Total (Type of Building) ;  Total Sectors ;,A422172W,Building Approvals,Number,Month
1985-06-01,3678,Total number of dwelling units ;  New South Wales ;  Total (Type of Building) ;  Total Sectors ;,A422172W,Building Approvals,Number,Month
1985-07-01,3373,Total number of dwelling units ;  New South Wales ;  Total (Type of Building) ;  Total Sectors ;,A422172W,Building Approvals,Number,Month
1985-08-01,3679,Total number of dwelling units ;  New South Wales ;  Total (Type of Building) ;  Total Sectors ;,A422172W,Building Approvals,Number,Month
1985-09-01,3538,Total number of dwelling units ;  New South Wales ;  Total (Type of Building) ;  Total Sectors ;,A422172W,Building Approvals,Number,Month
1985-10-01,3926,Total number of dwelling units ;  New South Wales ;  Total (Type of Building) ;  Total Sectors ;,A422172W,Building Approvals,Number,Month
1985-11-01,3126,Total number of dwelling units ;  New South Wales ;  Total (Type of Building) ;  Total Sectors ;,A422172W,Building Approvals,Number,Month
1985-12-01,3275,Total number of dwelling units ;  New South Wales ;  Total (Type of Building) ;  Total Sectors ;,A422172W,Building Approvals,Number,Month
1986-01-01,2855,Total number of dwelling units ;  New South Wales ;  Total (Type of Building) ;  Total Sectors ;,A422172W,Building Approvals,Number,Month
1986-02-01,2555,Total number of dwelling units ;  New South Wales ;  Total (Type of Building) ;  Total Sectors ;,A422172W,Building Approvals,Number,Month
1986-03-01,2642,Total number of dwelling units ;  New South Wales ;  Total (Type of Building) ;  Total Sectors ;,A422172W,Building Approvals,Number,Month
1986-04-01,2561,Total number of dwelling units ;  New South Wales ;  Total (Type of Building) ;  Total Sectors ;,A422172W,Building Approvals,Number,Month
1986-05-01,2620,Total number of dwelling units ;  New South Wales ;  Total (Type of Building) ;  Total Sectors ;,A422172W,Building Approvals,Number,Month
1986-06-01,3166,Total number of dwelling units ;  New South Wales ;  Total (Type of Building) ;  Total Sectors ;,A422172W,Building Approvals,Number,Month
1986-07-01,3493,Total number of dwelling units ;  New South Wales ;  Total (Type of Building) ;  Total Sectors ;,A422172W,Building Approvals,Number,Month
1986-08-01,2610,Total number of dwelling units ;  New South Wales ;  Total (Type of Building) ;  Total Sectors ;,A422172W,Building Approvals,Number,Month
1986-09-01,2622,Total number of dwelling units ;  New South Wales ;  Total (Type of Building) ;  Total Sectors ;,A422172W,Building Approvals,Number,Month
1986-10-01,2549,Total number of dwelling units ;  New South Wales ;  Total (Type of Building) ;  Total Sectors ;,A422172W,Building Approvals,Number,Month
1986-11-01,2499,Total number of dwelling units ;  New South Wales ;  Total (Type of Building) ;  Total Sectors ;,A422172W,Building Approvals,Number,Month
1986-12-01,2495,Total number of dwelling units ;  New South Wales ;  Total (Type of Building) ;  Total Sectors ;,A422172W,Building Approvals,Number,Month
1987-01-01,2503,Total number of dwelling units ;  New South Wales ;  Total (Type of Building) ;  Total Sectors ;,A422172W,Building Approvals,Number,Month
1987-02-01,2936,Total number of dwelling units ;  New South Wales ;  Total (Type of Building) ;  Total Sectors ;,A422172W,Building Approvals,Number,Month
1987-03-01,2710,Total number of dwelling units ;  New South Wales ;  Total (Type of Building) ;  Total Sectors ;,A422172W,Building Approvals,Number,Month
1987-04-01,2708,Total number of dwelling units ;  New South Wales ;  Total (Type of Building) ;  Total Sectors ;,A422172W,Building Approvals,Number,Month
1987-05-01,3064,Total number of dwelling units ;  New South Wales ;  Total (Type of Building) ;  Total Sectors ;,A422172W,Building Approvals,Number,Month
1987-06-01,2479,Total number of dwelling units ;  New South Wales ;  Total (Type of Building) ;  Total Sectors ;,A422172W,Building Approvals,Number,Month
1987-07-01,2890,Total number of dwelling units ;  New South Wales ;  Total (Type of Building) ;  Total Sectors ;,A422172W,Building Approvals,Number,Month
1987-08-01,2988,Total number of dwelling units ;  New South Wales ;  Total (Type of Building) ;  Total Sectors ;,A422172W,Building Approvals,Number,Month
1987-09-01,3033,Total number of dwelling units ;  New South Wales ;  Total (Type of Building) ;  Total Sectors ;,A422172W,Building Approvals,Number,Month
1987-10-01,3320,Total number of dwelling units ;  New South Wales ;  Total (Type of Building) ;  Total Sectors ;,A422172W,Building Approvals,Number,Month
1987-11-01,3814,Total number of dwelling units ;  New South Wales ;  Total (Type of Building) ;  Total Sectors ;,A422172W,Building Approvals,Number,Month
1987-12-01,3518,Total number of dwelling units ;  New South Wales ;  Total (Type of Building) ;  Total Sectors ;,A422172W,Building Approvals,Number,Month
1988-01-01,3564,Total number of dwelling units ;  New South Wales ;  Total (Type of Building) ;  Total Sectors ;,A422172W,Building Approvals,Number,Month
1988-02-01,4098,Total number of dwelling units ;  New South Wales ;  Total (Type of Building) ;  Total Sectors ;,A422172W,Building Approvals,Number,Month
1988-03-01,3687,Total number of dwelling units ;  New South Wales ;  Total (Type of Building) ;  Total Sectors ;,A422172W,Building Approvals,Number,Month
1988-04-01,4168,Total number of dwelling units ;  New South Wales ;  Total (Type of Building) ;  Total Sectors ;,A422172W,Building Approvals,Number,Month
1988-05-01,4420,Total number of dwelling units ;  New South Wales ;  Total (Type of Building) ;  Total Sectors ;,A422172W,Building Approvals,Number,Month
1988-06-01,4358,Total number of dwelling units ;  New South Wales ;  Total (Type of Building) ;  Total Sectors ;,A422172W,Building Approvals,Number,Month
1988-07-01,4656,Total number of dwelling units ;  New South Wales ;  Total (Type of Building) ;  Total Sectors ;,A422172W,Building Approvals,Number,Month
1988-08-01,5137,Total number of dwelling units ;  New South Wales ;  Total (Type of Building) ;  Total Sectors ;,A422172W,Building Approvals,Number,Month
1988-09-01,4573,Total number of dwelling units ;  New South Wales ;  Total (Type of Building) ;  Total Sectors ;,A422172W,Building Approvals,Number,Month
1988-10-01,3849,Total number of dwelling units ;  New South Wales ;  Total (Type of Building) ;  Total Sectors ;,A422172W,Building Approvals,Number,Month
1988-11-01,4613,Total number of dwelling units ;  New South Wales ;  Total (Type of Building) ;  Total Sectors ;,A422172W,Building Approvals,Number,Month
1988-12-01,4433,Total number of dwelling units ;  New South Wales ;  Total (Type of Building) ;  Total Sectors ;,A422172W,Building Approvals,Number,Month
1989-01-01,4464,Total number of dwelling units ;  New South Wales ;  Total (Type of Building) ;  Total Sectors ;,A422172W,Building Approvals,Number,Month
1989-02-01,4578,Total number of dwelling units ;  New South Wales ;  Total (Type of Building) ;  Total Sectors ;,A422172W,Building Approvals,Number,Month
1989-03-01,4503,Total number of dwelling units ;  New South Wales ;  Total (Type of Building) ;  Total Sectors ;,A422172W,Building Approvals,Number,Month
1989-04-01,4126,Total number of dwelling units ;  New South Wales ;  Total (Type of Building) ;  Total Sectors ;,A422172W,Building Approvals,Number,Month
1989-05-01,4141,Total number of dwelling units ;  New South Wales ;  Total (Type of Building) ;  Total Sectors ;,A422172W,Building Approvals,Number,Month
1989-06-01,3933,Total number of dwelling units ;  New South Wales ;  Total (Type of Building) ;  Total Sectors ;,A422172W,Building Approvals,Number,Month
1989-07-01,3383,Total number of dwelling units ;  New South Wales ;  Total (Type of Building) ;  Total Sectors ;,A422172W,Building Approvals,Number,Month
1989-08-01,3769,Total number of dwelling units ;  New South Wales ;  Total (Type of Building) ;  Total Sectors ;,A422172W,Building Approvals,Number,Month
1989-09-01,4119,Total number of dwelling units ;  New South Wales ;  Total (Type of Building) ;  Total Sectors ;,A422172W,Building Approvals,Number,Month
1989-10-01,3725,Total number of dwelling units ;  New South Wales ;  Total (Type of Building) ;  Total Sectors ;,A422172W,Building Approvals,Number,Month
1989-11-01,3480,Total number of dwelling units ;  New South Wales ;  Total (Type of Building) ;  Total Sectors ;,A422172W,Building Approvals,Number,Month
1989-12-01,3019,Total number of dwelling units ;  New South Wales ;  Total (Type of Building) ;  Total Sectors ;,A422172W,Building Approvals,Number,Month
1990-01-01,3121,Total number of dwelling units ;  New South Wales ;  Total (Type of Building) ;  Total Sectors ;,A422172W,Building Approvals,Number,Month
1990-02-01,3353,Total number of dwelling units ;  New South Wales ;  Total (Type of Building) ;  Total Sectors ;,A422172W,Building Approvals,Number,Month
1990-03-01,3531,Total number of dwelling units ;  New South Wales ;  Total (Type of Building) ;  Total Sectors ;,A422172W,Building Approvals,Number,Month
1990-04-01,3178,Total number of dwelling units ;  New South Wales ;  Total (Type of Building) ;  Total Sectors ;,A422172W,Building Approvals,Number,Month
1990-05-01,3375,Total number of dwelling units ;  New South Wales ;  Total (Type of Building) ;  Total Sectors ;,A422172W,Building Approvals,Number,Month
1990-06-01,3174,Total number of dwelling units ;  New South Wales ;  Total (Type of Building) ;  Total Sectors ;,A422172W,Building Approvals,Number,Month
1990-07-01,3098,Total number of dwelling units ;  New South Wales ;  Total (Type of Building) ;  Total Sectors ;,A422172W,Building Approvals,Number,Month
1990-08-01,3347,Total number of dwelling units ;  New South Wales ;  Total (Type of Building) ;  Total Sectors ;,A422172W,Building Approvals,Number,Month
1990-09-01,3495,Total number of dwelling units ;  New South Wales ;  Total (Type of Building) ;  Total Sectors ;,A422172W,Building Approvals,Number,Month
1990-10-01,3531,Total number of dwelling units ;  New South Wales ;  Total (Type of Building) ;  Total Sectors ;,A422172W,Building Approvals,Number,Month
1990-11-01,3732,Total number of dwelling units ;  New South Wales ;  Total (Type of Building) ;  Total Sectors ;,A422172W,Building Approvals,Number,Month
1990-12-01,3020,Total number of dwelling units ;  New South Wales ;  Total (Type of Building) ;  Total Sectors ;,A422172W,Building Approvals,Number,Month
1991-01-01,3115,Total number of dwelling units ;  New South Wales ;  Total (Type of Building) ;  Total Sectors ;,A422172W,Building Approvals,Number,Month
1991-02-01,3122,Total number of dwelling units ;  New South Wales ;  Total (Type of Building) ;  Total Sectors ;,A422172W,Building Approvals,Number,Month
1991-03-01,3223,Total number of dwelling units ;  New South Wales ;  Total (Type of Building) ;  Total Sectors ;,A422172W,Building Approvals,Number,Month
1991-04-01,2791,Total number of dwelling units ;  New South Wales ;  Total (Type of Building) ;  Total Sectors ;,A422172W,Building Approvals,Number,Month
1991-05-01,3388,Total number of dwelling units ;  New South Wales ;  Total (Type of Building) ;  Total Sectors ;,A422172W,Building Approvals,Number,Month
1991-06-01,3158,Total number of dwelling units ;  New South Wales ;  Total (Type of Building) ;  Total Sectors ;,A422172W,Building Approvals,Number,Month
1991-07-01,3737,Total number of dwelling units ;  New South Wales ;  Total (Type of Building) ;  Total Sectors ;,A422172W,Building Approvals,Number,Month
1991-08-01,3712,Total number of dwelling units ;  New South Wales ;  Total (Type of Building) ;  Total Sectors ;,A422172W,Building Approvals,Number,Month
1991-09-01,3824,Total number of dwelling units ;  New South Wales ;  Total (Type of Building) ;  Total Sectors ;,A422172W,Building Approvals,Number,Month
1991-10-01,3532,Total number of dwelling units ;  New South Wales ;  Total (Type of Building) ;  Total Sectors ;,A422172W,Building Approvals,Number,Month
1991-11-01,3594,Total number of dwelling units ;  New South Wales ;  Total (Type of Building) ;  Total Sectors ;,A422172W,Building Approvals,Number,Month
1991-12-01,3616,Total number of dwelling units ;  New South Wales ;  Total (Type of Building) ;  Total Sectors ;,A422172W,Building Approvals,Number,Month
1992-01-01,3385,Total number of dwelling units ;  New South Wales ;  Total (Type of Building) ;  Total Sectors ;,A422172W,Building Approvals,Number,Month
1992-02-01,3479,Total number of dwelling units ;  New South Wales ;  Total (Type of Building) ;  Total Sectors ;,A422172W,Building Approvals,Number,Month
1992-03-01,3788,Total number of dwelling units ;  New South Wales ;  Total (Type of Building) ;  Total Sectors ;,A422172W,Building Approvals,Number,Month
1992-04-01,3979,Total number of dwelling units ;  New South Wales ;  Total (Type of Building) ;  Total Sectors ;,A422172W,Building Approvals,Number,Month
1992-05-01,3837,Total number of dwelling units ;  New South Wales ;  Total (Type of Building) ;  Total Sectors ;,A422172W,Building Approvals,Number,Month
1992-06-01,3860,Total number of dwelling units ;  New South Wales ;  Total (Type of Building) ;  Total Sectors ;,A422172W,Building Approvals,Number,Month
1992-07-01,3786,Total number of dwelling units ;  New South Wales ;  Total (Type of Building) ;  Total Sectors ;,A422172W,Building Approvals,Number,Month
1992-08-01,3696,Total number of dwelling units ;  New South Wales ;  Total (Type of Building) ;  Total Sectors ;,A422172W,Building Approvals,Number,Month
1992-09-01,4237,Total number of dwelling units ;  New South Wales ;  Total (Type of Building) ;  Total Sectors ;,A422172W,Building Approvals,Number,Month
1992-10-01,4140,Total number of dwelling units ;  New South Wales ;  Total (Type of Building) ;  Total Sectors ;,A422172W,Building Approvals,Number,Month
1992-11-01,4581,Total number of dwelling units ;  New South Wales ;  Total (Type of Building) ;  Total Sectors ;,A422172W,Building Approvals,Number,Month
1992-12-01,4364,Total number of dwelling units ;  New South Wales ;  Total (Type of Building) ;  Total Sectors ;,A422172W,Building Approvals,Number,Month
1993-01-01,4344,Total number of dwelling units ;  New South Wales ;  Total (Type of Building) ;  Total Sectors ;,A422172W,Building Approvals,Number,Month
1993-02-01,4522,Total number of dwelling units ;  New South Wales ;  Total (Type of Building) ;  Total Sectors ;,A422172W,Building Approvals,Number,Month
1993-03-01,4510,Total number of dwelling units ;  New South Wales ;  Total (Type of Building) ;  Total Sectors ;,A422172W,Building Approvals,Number,Month
1993-04-01,4111,Total number of dwelling units ;  New South Wales ;  Total (Type of Building) ;  Total Sectors ;,A422172W,Building Approvals,Number,Month
1993-05-01,4096,Total number of dwelling units ;  New South Wales ;  Total (Type of Building) ;  Total Sectors ;,A422172W,Building Approvals,Number,Month
1993-06-01,3715,Total number of dwelling units ;  New South Wales ;  Total (Type of Building) ;  Total Sectors ;,A422172W,Building Approvals,Number,Month
1993-07-01,4285,Total number of dwelling units ;  New South Wales ;  Total (Type of Building) ;  Total Sectors ;,A422172W,Building Approvals,Number,Month
1993-08-01,3846,Total number of dwelling units ;  New South Wales ;  Total (Type of Building) ;  Total Sectors ;,A422172W,Building Approvals,Number,Month
1993-09-01,4211,Total number of dwelling units ;  New South Wales ;  Total (Type of Building) ;  Total Sectors ;,A422172W,Building Approvals,Number,Month
1993-10-01,4256,Total number of dwelling units ;  New South Wales ;  Total (Type of Building) ;  Total Sectors ;,A422172W,Building Approvals,Number,Month
1993-11-01,4506,Total number of dwelling units ;  New South Wales ;  Total (Type of Building) ;  Total Sectors ;,A422172W,Building Approvals,Number,Month
1993-12-01,3713,Total number of dwelling units ;  New South Wales ;  Total (Type of Building) ;  Total Sectors ;,A422172W,Building Approvals,Number,Month
1994-01-01,4321,Total number of dwelling units ;  New South Wales ;  Total (Type of Building) ;  Total Sectors ;,A422172W,Building Approvals,Number,Month
1994-02-01,4180,Total number of dwelling units ;  New South Wales ;  Total (Type of Building) ;  Total Sectors ;,A422172W,Building Approvals,Number,Month
1994-03-01,4403,Total number of dwelling units ;  New South Wales ;  Total (Type of Building) ;  Total Sectors ;,A422172W,Building Approvals,Number,Month
1994-04-01,4377,Total number of dwelling units ;  New South Wales ;  Total (Type of Building) ;  Total Sectors ;,A422172W,Building Approvals,Number,Month
1994-05-01,5124,Total number of dwelling units ;  New South Wales ;  Total (Type of Building) ;  Total Sectors ;,A422172W,Building Approvals,Number,Month
1994-06-01,4893,Total number of dwelling units ;  New South Wales ;  Total (Type of Building) ;  Total Sectors ;,A422172W,Building Approvals,Number,Month
1994-07-01,4368,Total number of dwelling units ;  New South Wales ;  Total (Type of Building) ;  Total Sectors ;,A422172W,Building Approvals,Number,Month
1994-08-01,5977,Total number of dwelling units ;  New South Wales ;  Total (Type of Building) ;  Total Sectors ;,A422172W,Building Approvals,Number,Month
1994-09-01,6223,Total number of dwelling units ;  New South Wales ;  Total (Type of Building) ;  Total Sectors ;,A422172W,Building Approvals,Number,Month
1994-10-01,4691,Total number of dwelling units ;  New South Wales ;  Total (Type of Building) ;  Total Sectors ;,A422172W,Building Approvals,Number,Month
1994-11-01,4358,Total number of dwelling units ;  New South Wales ;  Total (Type of Building) ;  Total Sectors ;,A422172W,Building Approvals,Number,Month
1994-12-01,4557,Total number of dwelling units ;  New South Wales ;  Total (Type of Building) ;  Total Sectors ;,A422172W,Building Approvals,Number,Month
1995-01-01,4209,Total number of dwelling units ;  New South Wales ;  Total (Type of Building) ;  Total Sectors ;,A422172W,Building Approvals,Number,Month
1995-02-01,4472,Total number of dwelling units ;  New South Wales ;  Total (Type of Building) ;  Total Sectors ;,A422172W,Building Approvals,Number,Month
1995-03-01,3975,Total number of dwelling units ;  New South Wales ;  Total (Type of Building) ;  Total Sectors ;,A422172W,Building Approvals,Number,Month
1995-04-01,4036,Total number of dwelling units ;  New South Wales ;  Total (Type of Building) ;  Total Sectors ;,A422172W,Building Approvals,Number,Month
1995-05-01,4380,Total number of dwelling units ;  New South Wales ;  Total (Type of Building) ;  Total Sectors ;,A422172W,Building Approvals,Number,Month
1995-06-01,3549,Total number of dwelling units ;  New South Wales ;  Total (Type of Building) ;  Total Sectors ;,A422172W,Building Approvals,Number,Month
1995-07-01,4275,Total number of dwelling units ;  New South Wales ;  Total (Type of Building) ;  Total Sectors ;,A422172W,Building Approvals,Number,Month
1995-08-01,3703,Total number of dwelling units ;  New South Wales ;  Total (Type of Building) ;  Total Sectors ;,A422172W,Building Approvals,Number,Month
1995-09-01,3950,Total number of dwelling units ;  New South Wales ;  Total (Type of Building) ;  Total Sectors ;,A422172W,Building Approvals,Number,Month
1995-10-01,3448,Total number of dwelling units ;  New South Wales ;  Total (Type of Building) ;  Total Sectors ;,A422172W,Building Approvals,Number,Month
1995-11-01,3582,Total number of dwelling units ;  New South Wales ;  Total (Type of Building) ;  Total Sectors ;,A422172W,Building Approvals,Number,Month
1995-12-01,3290,Total number of dwelling units ;  New South Wales ;  Total (Type of Building) ;  Total Sectors ;,A422172W,Building Approvals,Number,Month
1996-01-01,2971,Total number of dwelling units ;  New South Wales ;  Total (Type of Building) ;  Total Sectors ;,A422172W,Building Approvals,Number,Month
1996-02-01,3617,Total number of dwelling units ;  New South Wales ;  Total (Type of Building) ;  Total Sectors ;,A422172W,Building Approvals,Number,Month
1996-03-01,3387,Total number of dwelling units ;  New South Wales ;  Total (Type of Building) ;  Total Sectors ;,A422172W,Building Approvals,Number,Month
1996-04-01,3116,Total number of dwelling units ;  New South Wales ;  Total (Type of Building) ;  Total Sectors ;,A422172W,Building Approvals,Number,Month
1996-05-01,4091,Total number of dwelling units ;  New South Wales ;  Total (Type of Building) ;  Total Sectors ;,A422172W,Building Approvals,Number,Month
1996-06-01,3254,Total number of dwelling units ;  New South Wales ;  Total (Type of Building) ;  Total Sectors ;,A422172W,Building Approvals,Number,Month
1996-07-01,4058,Total number of dwelling units ;  New South Wales ;  Total (Type of Building) ;  Total Sectors ;,A422172W,Building Approvals,Number,Month
1996-08-01,3457,Total number of dwelling units ;  New South Wales ;  Total (Type of Building) ;  Total Sectors ;,A422172W,Building Approvals,Number,Month
1996-09-01,3474,Total number of dwelling units ;  New South Wales ;  Total (Type of Building) ;  Total Sectors ;,A422172W,Building Approvals,Number,Month
1996-10-01,3745,Total number of dwelling units ;  New South Wales ;  Total (Type of Building) ;  Total Sectors ;,A422172W,Building Approvals,Number,Month
1996-11-01,4234,Total number of dwelling units ;  New South Wales ;  Total (Type of Building) ;  Total Sectors ;,A422172W,Building Approvals,Number,Month
1996-12-01,3589,Total number of dwelling units ;  New South Wales ;  Total (Type of Building) ;  Total Sectors ;,A422172W,Building Approvals,Number,Month
1997-01-01,3896,Total number of dwelling units ;  New South Wales ;  Total (Type of Building) ;  Total Sectors ;,A422172W,Building Approvals,Number,Month
1997-02-01,4326,Total number of dwelling units ;  New South Wales ;  Total (Type of Building) ;  Total Sectors ;,A422172W,Building Approvals,Number,Month
1997-03-01,3786,Total number of dwelling units ;  New South Wales ;  Total (Type of Building) ;  Total Sectors ;,A422172W,Building Approvals,Number,Month
1997-04-01,3978,Total number of dwelling units ;  New South Wales ;  Total (Type of Building) ;  Total Sectors ;,A422172W,Building Approvals,Number,Month
1997-05-01,4962,Total number of dwelling units ;  New South Wales ;  Total (Type of Building) ;  Total Sectors ;,A422172W,Building Approvals,Number,Month
1997-06-01,4147,Total number of dwelling units ;  New South Wales ;  Total (Type of Building) ;  Total Sectors ;,A422172W,Building Approvals,Number,Month
1997-07-01,3792,Total number of dwelling units ;  New South Wales ;  Total (Type of Building) ;  Total Sectors ;,A422172W,Building Approvals,Number,Month
1997-08-01,4802,Total number of dwelling units ;  New South Wales ;  Total (Type of Building) ;  Total Sectors ;,A422172W,Building Approvals,Number,Month
1997-09-01,4198,Total number of dwelling units ;  New South Wales ;  Total (Type of Building) ;  Total Sectors ;,A422172W,Building Approvals,Number,Month
1997-10-01,4084,Total number of dwelling units ;  New South Wales ;  Total (Type of Building) ;  Total Sectors ;,A422172W,Building Approvals,Number,Month
1997-11-01,4931,Total number of dwelling units ;  New South Wales ;  Total (Type of Building) ;  Total Sectors ;,A422172W,Building Approvals,Number,Month
1997-12-01,4309,Total number of dwelling units ;  New South Wales ;  Total (Type of Building) ;  Total Sectors ;,A422172W,Building Approvals,Number,Month
1998-01-01,4126,Total number of dwelling units ;  New South Wales ;  Total (Type of Building) ;  Total Sectors ;,A422172W,Building Approvals,Number,Month
1998-02-01,3972,Total number of dwelling units ;  New South Wales ;  Total (Type of Building) ;  Total Sectors ;,A422172W,Building Approvals,Number,Month
1998-03-01,4145,Total number of dwelling units ;  New South Wales ;  Total (Type of Building) ;  Total Sectors ;,A422172W,Building Approvals,Number,Month
1998-04-01,5142,Total number of dwelling units ;  New South Wales ;  Total (Type of Building) ;  Total Sectors ;,A422172W,Building Approvals,Number,Month
1998-05-01,4462,Total number of dwelling units ;  New South Wales ;  Total (Type of Building) ;  Total Sectors ;,A422172W,Building Approvals,Number,Month
1998-06-01,4923,Total number of dwelling units ;  New South Wales ;  Total (Type of Building) ;  Total Sectors ;,A422172W,Building Approvals,Number,Month
1998-07-01,5505,Total number of dwelling units ;  New South Wales ;  Total (Type of Building) ;  Total Sectors ;,A422172W,Building Approvals,Number,Month
1998-08-01,3866,Total number of dwelling units ;  New South Wales ;  Total (Type of Building) ;  Total Sectors ;,A422172W,Building Approvals,Number,Month
1998-09-01,3968,Total number of dwelling units ;  New South Wales ;  Total (Type of Building) ;  Total Sectors ;,A422172W,Building Approvals,Number,Month
1998-10-01,4138,Total number of dwelling units ;  New South Wales ;  Total (Type of Building) ;  Total Sectors ;,A422172W,Building Approvals,Number,Month
1998-11-01,4949,Total number of dwelling units ;  New South Wales ;  Total (Type of Building) ;  Total Sectors ;,A422172W,Building Approvals,Number,Month
1998-12-01,4226,Total number of dwelling units ;  New South Wales ;  Total (Type of Building) ;  Total Sectors ;,A422172W,Building Approvals,Number,Month
1999-01-01,3959,Total number of dwelling units ;  New South Wales ;  Total (Type of Building) ;  Total Sectors ;,A422172W,Building Approvals,Number,Month
1999-02-01,4404,Total number of dwelling units ;  New South Wales ;  Total (Type of Building) ;  Total Sectors ;,A422172W,Building Approvals,Number,Month
1999-03-01,4098,Total number of dwelling units ;  New South Wales ;  Total (Type of Building) ;  Total Sectors ;,A422172W,Building Approvals,Number,Month
1999-04-01,4336,Total number of dwelling units ;  New South Wales ;  Total (Type of Building) ;  Total Sectors ;,A422172W,Building Approvals,Number,Month
1999-05-01,4713,Total number of dwelling units ;  New South Wales ;  Total (Type of Building) ;  Total Sectors ;,A422172W,Building Approvals,Number,Month
1999-06-01,4487,Total number of dwelling units ;  New South Wales ;  Total (Type of Building) ;  Total Sectors ;,A422172W,Building Approvals,Number,Month
1999-07-01,5185,Total number of dwelling units ;  New South Wales ;  Total (Type of Building) ;  Total Sectors ;,A422172W,Building Approvals,Number,Month
1999-08-01,4998,Total number of dwelling units ;  New South Wales ;  Total (Type of Building) ;  Total Sectors ;,A422172W,Building Approvals,Number,Month
1999-09-01,4452,Total number of dwelling units ;  New South Wales ;  Total (Type of Building) ;  Total Sectors ;,A422172W,Building Approvals,Number,Month
1999-10-01,4647,Total number of dwelling units ;  New South Wales ;  Total (Type of Building) ;  Total Sectors ;,A422172W,Building Approvals,Number,Month
1999-11-01,4552,Total number of dwelling units ;  New South Wales ;  Total (Type of Building) ;  Total Sectors ;,A422172W,Building Approvals,Number,Month
1999-12-01,4384,Total number of dwelling units ;  New South Wales ;  Total (Type of Building) ;  Total Sectors ;,A422172W,Building Approvals,Number,Month
2000-01-01,4250,Total number of dwelling units ;  New South Wales ;  Total (Type of Building) ;  Total Sectors ;,A422172W,Building Approvals,Number,Month
2000-02-01,4602,Total number of dwelling units ;  New South Wales ;  Total (Type of Building) ;  Total Sectors ;,A422172W,Building Approvals,Number,Month
2000-03-01,4012,Total number of dwelling units ;  New South Wales ;  Total (Type of Building) ;  Total Sectors ;,A422172W,Building Approvals,Number,Month
2000-04-01,3907,Total number of dwelling units ;  New South Wales ;  Total (Type of Building) ;  Total Sectors ;,A422172W,Building Approvals,Number,Month
2000-05-01,3997,Total number of dwelling units ;  New South Wales ;  Total (Type of Building) ;  Total Sectors ;,A422172W,Building Approvals,Number,Month
2000-06-01,3151,Total number of dwelling units ;  New South Wales ;  Total (Type of Building) ;  Total Sectors ;,A422172W,Building Approvals,Number,Month
2000-07-01,2280,Total number of dwelling units ;  New South Wales ;  Total (Type of Building) ;  Total Sectors ;,A422172W,Building Approvals,Number,Month
2000-08-01,2623,Total number of dwelling units ;  New South Wales ;  Total (Type of Building) ;  Total Sectors ;,A422172W,Building Approvals,Number,Month
2000-09-01,2776,Total number of dwelling units ;  New South Wales ;  Total (Type of Building) ;  Total Sectors ;,A422172W,Building Approvals,Number,Month
2000-10-01,3421,Total number of dwelling units ;  New South Wales ;  Total (Type of Building) ;  Total Sectors ;,A422172W,Building Approvals,Number,Month
2000-11-01,3323,Total number of dwelling units ;  New South Wales ;  Total (Type of Building) ;  Total Sectors ;,A422172W,Building Approvals,Number,Month
2000-12-01,2861,Total number of dwelling units ;  New South Wales ;  Total (Type of Building) ;  Total Sectors ;,A422172W,Building Approvals,Number,Month
2001-01-01,2815,Total number of dwelling units ;  New South Wales ;  Total (Type of Building) ;  Total Sectors ;,A422172W,Building Approvals,Number,Month
2001-02-01,2554,Total number of dwelling units ;  New South Wales ;  Total (Type of Building) ;  Total Sectors ;,A422172W,Building Approvals,Number,Month
2001-03-01,2521,Total number of dwelling units ;  New South Wales ;  Total (Type of Building) ;  Total Sectors ;,A422172W,Building Approvals,Number,Month
2001-04-01,2836,Total number of dwelling units ;  New South Wales ;  Total (Type of Building) ;  Total Sectors ;,A422172W,Building Approvals,Number,Month
2001-05-01,3375,Total number of dwelling units ;  New South Wales ;  Total (Type of Building) ;  Total Sectors ;,A422172W,Building Approvals,Number,Month
2001-06-01,3297,Total number of dwelling units ;  New South Wales ;  Total (Type of Building) ;  Total Sectors ;,A422172W,Building Approvals,Number,Month
2001-07-01,3716,Total number of dwelling units ;  New South Wales ;  Total (Type of Building) ;  Total Sectors ;,A422172W,Building Approvals,Number,Month
2001-08-01,3913,Total number of dwelling units ;  New South Wales ;  Total (Type of Building) ;  Total Sectors ;,A422172W,Building Approvals,Number,Month
2001-09-01,4558,Total number of dwelling units ;  New South Wales ;  Total (Type of Building) ;  Total Sectors ;,A422172W,Building Approvals,Number,Month
2001-10-01,4956,Total number of dwelling units ;  New South Wales ;  Total (Type of Building) ;  Total Sectors ;,A422172W,Building Approvals,Number,Month
2001-11-01,4618,Total number of dwelling units ;  New South Wales ;  Total (Type of Building) ;  Total Sectors ;,A422172W,Building Approvals,Number,Month
2001-12-01,3886,Total number of dwelling units ;  New South Wales ;  Total (Type of Building) ;  Total Sectors ;,A422172W,Building Approvals,Number,Month
2002-01-01,3884,Total number of dwelling units ;  New South Wales ;  Total (Type of Building) ;  Total Sectors ;,A422172W,Building Approvals,Number,Month
2002-02-01,3477,Total number of dwelling units ;  New South Wales ;  Total (Type of Building) ;  Total Sectors ;,A422172W,Building Approvals,Number,Month
2002-03-01,4006,Total number of dwelling units ;  New South Wales ;  Total (Type of Building) ;  Total Sectors ;,A422172W,Building Approvals,Number,Month
2002-04-01,4967,Total number of dwelling units ;  New South Wales ;  Total (Type of Building) ;  Total Sectors ;,A422172W,Building Approvals,Number,Month
2002-05-01,4818,Total number of dwelling units ;  New South Wales ;  Total (Type of Building) ;  Total Sectors ;,A422172W,Building Approvals,Number,Month
2002-06-01,3971,Total number of dwelling units ;  New South Wales ;  Total (Type of Building) ;  Total Sectors ;,A422172W,Building Approvals,Number,Month
2002-07-01,3575,Total number of dwelling units ;  New South Wales ;  Total (Type of Building) ;  Total Sectors ;,A422172W,Building Approvals,Number,Month
2002-08-01,4842,Total number of dwelling units ;  New South Wales ;  Total (Type of Building) ;  Total Sectors ;,A422172W,Building Approvals,Number,Month
2002-09-01,4057,Total number of dwelling units ;  New South Wales ;  Total (Type of Building) ;  Total Sectors ;,A422172W,Building Approvals,Number,Month
2002-10-01,5799,Total number of dwelling units ;  New South Wales ;  Total (Type of Building) ;  Total Sectors ;,A422172W,Building Approvals,Number,Month
2002-11-01,4502,Total number of dwelling units ;  New South Wales ;  Total (Type of Building) ;  Total Sectors ;,A422172W,Building Approvals,Number,Month
2002-12-01,3732,Total number of dwelling units ;  New South Wales ;  Total (Type of Building) ;  Total Sectors ;,A422172W,Building Approvals,Number,Month
2003-01-01,4055,Total number of dwelling units ;  New South Wales ;  Total (Type of Building) ;  Total Sectors ;,A422172W,Building Approvals,Number,Month
2003-02-01,3922,Total number of dwelling units ;  New South Wales ;  Total (Type of Building) ;  Total Sectors ;,A422172W,Building Approvals,Number,Month
2003-03-01,4126,Total number of dwelling units ;  New South Wales ;  Total (Type of Building) ;  Total Sectors ;,A422172W,Building Approvals,Number,Month
2003-04-01,3775,Total number of dwelling units ;  New South Wales ;  Total (Type of Building) ;  Total Sectors ;,A422172W,Building Approvals,Number,Month
2003-05-01,4115,Total number of dwelling units ;  New South Wales ;  Total (Type of Building) ;  Total Sectors ;,A422172W,Building Approvals,Number,Month
2003-06-01,3577,Total number of dwelling units ;  New South Wales ;  Total (Type of Building) ;  Total Sectors ;,A422172W,Building Approvals,Number,Month
2003-07-01,4184,Total number of dwelling units ;  New South Wales ;  Total (Type of Building) ;  Total Sectors ;,A422172W,Building Approvals,Number,Month
2003-08-01,4315,Total number of dwelling units ;  New South Wales ;  Total (Type of Building) ;  Total Sectors ;,A422172W,Building Approvals,Number,Month
2003-09-01,4702,Total number of dwelling units ;  New South Wales ;  Total (Type of Building) ;  Total Sectors ;,A422172W,Building Approvals,Number,Month
2003-10-01,4225,Total number of dwelling units ;  New South Wales ;  Total (Type of Building) ;  Total Sectors ;,A422172W,Building Approvals,Number,Month
2003-11-01,4117,Total number of dwelling units ;  New South Wales ;  Total (Type of Building) ;  Total Sectors ;,A422172W,Building Approvals,Number,Month
2003-12-01,4039,Total number of dwelling units ;  New South Wales ;  Total (Type of Building) ;  Total Sectors ;,A422172W,Building Approvals,Number,Month
2004-01-01,3210,Total number of dwelling units ;  New South Wales ;  Total (Type of Building) ;  Total Sectors ;,A422172W,Building Approvals,Number,Month
2004-02-01,4318,Total number of dwelling units ;  New South Wales ;  Total (Type of Building) ;  Total Sectors ;,A422172W,Building Approvals,Number,Month
2004-03-01,3975,Total number of dwelling units ;  New South Wales ;  Total (Type of Building) ;  Total Sectors ;,A422172W,Building Approvals,Number,Month
2004-04-01,4120,Total number of dwelling units ;  New South Wales ;  Total (Type of Building) ;  Total Sectors ;,A422172W,Building Approvals,Number,Month
2004-05-01,4513,Total number of dwelling units ;  New South Wales ;  Total (Type of Building) ;  Total Sectors ;,A422172W,Building Approvals,Number,Month
2004-06-01,3681,Total number of dwelling units ;  New South Wales ;  Total (Type of Building) ;  Total Sectors ;,A422172W,Building Approvals,Number,Month
2004-07-01,3852,Total number of dwelling units ;  New South Wales ;  Total (Type of Building) ;  Total Sectors ;,A422172W,Building Approvals,Number,Month
2004-08-01,3679,Total number of dwelling units ;  New South Wales ;  Total (Type of Building) ;  Total Sectors ;,A422172W,Building Approvals,Number,Month
2004-09-01,3543,Total number of dwelling units ;  New South Wales ;  Total (Type of Building) ;  Total Sectors ;,A422172W,Building Approvals,Number,Month
2004-10-01,3161,Total number of dwelling units ;  New South Wales ;  Total (Type of Building) ;  Total Sectors ;,A422172W,Building Approvals,Number,Month
2004-11-01,3296,Total number of dwelling units ;  New South Wales ;  Total (Type of Building) ;  Total Sectors ;,A422172W,Building Approvals,Number,Month
2004-12-01,3416,Total number of dwelling units ;  New South Wales ;  Total (Type of Building) ;  Total Sectors ;,A422172W,Building Approvals,Number,Month
2005-01-01,3024,Total number of dwelling units ;  New South Wales ;  Total (Type of Building) ;  Total Sectors ;,A422172W,Building Approvals,Number,Month
2005-02-01,3615,Total number of dwelling units ;  New South Wales ;  Total (Type of Building) ;  Total Sectors ;,A422172W,Building Approvals,Number,Month
2005-03-01,3230,Total number of dwelling units ;  New South Wales ;  Total (Type of Building) ;  Total Sectors ;,A422172W,Building Approvals,Number,Month
2005-04-01,3089,Total number of dwelling units ;  New South Wales ;  Total (Type of Building) ;  Total Sectors ;,A422172W,Building Approvals,Number,Month
2005-05-01,3244,Total number of dwelling units ;  New South Wales ;  Total (Type of Building) ;  Total Sectors ;,A422172W,Building Approvals,Number,Month
2005-06-01,2973,Total number of dwelling units ;  New South Wales ;  Total (Type of Building) ;  Total Sectors ;,A422172W,Building Approvals,Number,Month
2005-07-01,3227,Total number of dwelling units ;  New South Wales ;  Total (Type of Building) ;  Total Sectors ;,A422172W,Building Approvals,Number,Month
2005-08-01,2970,Total number of dwelling units ;  New South Wales ;  Total (Type of Building) ;  Total Sectors ;,A422172W,Building Approvals,Number,Month
2005-09-01,3110,Total number of dwelling units ;  New South Wales ;  Total (Type of Building) ;  Total Sectors ;,A422172W,Building Approvals,Number,Month
2005-10-01,2830,Total number of dwelling units ;  New South Wales ;  Total (Type of Building) ;  Total Sectors ;,A422172W,Building Approvals,Number,Month
2005-11-01,2910,Total number of dwelling units ;  New South Wales ;  Total (Type of Building) ;  Total Sectors ;,A422172W,Building Approvals,Number,Month
2005-12-01,3079,Total number of dwelling units ;  New South Wales ;  Total (Type of Building) ;  Total Sectors ;,A422172W,Building Approvals,Number,Month
2006-01-01,2529,Total number of dwelling units ;  New South Wales ;  Total (Type of Building) ;  Total Sectors ;,A422172W,Building Approvals,Number,Month
2006-02-01,2616,Total number of dwelling units ;  New South Wales ;  Total (Type of Building) ;  Total Sectors ;,A422172W,Building Approvals,Number,Month
2006-03-01,2563,Total number of dwelling units ;  New South Wales ;  Total (Type of Building) ;  Total Sectors ;,A422172W,Building Approvals,Number,Month
2006-04-01,2426,Total number of dwelling units ;  New South Wales ;  Total (Type of Building) ;  Total Sectors ;,A422172W,Building Approvals,Number,Month
2006-05-01,2976,Total number of dwelling units ;  New South Wales ;  Total (Type of Building) ;  Total Sectors ;,A422172W,Building Approvals,Number,Month
2006-06-01,3026,Total number of dwelling units ;  New South Wales ;  Total (Type of Building) ;  Total Sectors ;,A422172W,Building Approvals,Number,Month
2006-07-01,2743,Total number of dwelling units ;  New South Wales ;  Total (Type of Building) ;  Total Sectors ;,A422172W,Building Approvals,Number,Month
2006-08-01,2594,Total number of dwelling units ;  New South Wales ;  Total (Type of Building) ;  Total Sectors ;,A422172W,Building Approvals,Number,Month
2006-09-01,3387,Total number of dwelling units ;  New South Wales ;  Total (Type of Building) ;  Total Sectors ;,A422172W,Building Approvals,Number,Month
2006-10-01,2943,Total number of dwelling units ;  New South Wales ;  Total (Type of Building) ;  Total Sectors ;,A422172W,Building Approvals,Number,Month
2006-11-01,2563,Total number of dwelling units ;  New South Wales ;  Total (Type of Building) ;  Total Sectors ;,A422172W,Building Approvals,Number,Month
2006-12-01,2551,Total number of dwelling units ;  New South Wales ;  Total (Type of Building) ;  Total Sectors ;,A422172W,Building Approvals,Number,Month
2007-01-01,2437,Total number of dwelling units ;  New South Wales ;  Total (Type of Building) ;  Total Sectors ;,A422172W,Building Approvals,Number,Month
2007-02-01,2982,Total number of dwelling units ;  New South Wales ;  Total (Type of Building) ;  Total Sectors ;,A422172W,Building Approvals,Number,Month
2007-03-01,2473,Total number of dwelling units ;  New South Wales ;  Total (Type of Building) ;  Total Sectors ;,A422172W,Building Approvals,Number,Month
2007-04-01,2640,Total number of dwelling units ;  New South Wales ;  Total (Type of Building) ;  Total Sectors ;,A422172W,Building Approvals,Number,Month
2007-05-01,2609,Total number of dwelling units ;  New South Wales ;  Total (Type of Building) ;  Total Sectors ;,A422172W,Building Approvals,Number,Month
2007-06-01,2474,Total number of dwelling units ;  New South Wales ;  Total (Type of Building) ;  Total Sectors ;,A422172W,Building Approvals,Number,Month
2007-07-01,2612,Total number of dwelling units ;  New South Wales ;  Total (Type of Building) ;  Total Sectors ;,A422172W,Building Approvals,Number,Month
2007-08-01,2381,Total number of dwelling units ;  New South Wales ;  Total (Type of Building) ;  Total Sectors ;,A422172W,Building Approvals,Number,Month
2007-09-01,2880,Total number of dwelling units ;  New South Wales ;  Total (Type of Building) ;  Total Sectors ;,A422172W,Building Approvals,Number,Month
2007-10-01,2195,Total number of dwelling units ;  New South Wales ;  Total (Type of Building) ;  Total Sectors ;,A422172W,Building Approvals,Number,Month
2007-11-01,3783,Total number of dwelling units ;  New South Wales ;  Total (Type of Building) ;  Total Sectors ;,A422172W,Building Approvals,Number,Month
2007-12-01,2811,Total number of dwelling units ;  New South Wales ;  Total (Type of Building) ;  Total Sectors ;,A422172W,Building Approvals,Number,Month
2008-01-01,2468,Total number of dwelling units ;  New South Wales ;  Total (Type of Building) ;  Total Sectors ;,A422172W,Building Approvals,Number,Month
2008-02-01,2696,Total number of dwelling units ;  New South Wales ;  Total (Type of Building) ;  Total Sectors ;,A422172W,Building Approvals,Number,Month
2008-03-01,2565,Total number of dwelling units ;  New South Wales ;  Total (Type of Building) ;  Total Sectors ;,A422172W,Building Approvals,Number,Month
2008-04-01,2478,Total number of dwelling units ;  New South Wales ;  Total (Type of Building) ;  Total Sectors ;,A422172W,Building Approvals,Number,Month
2008-05-01,2808,Total number of dwelling units ;  New South Wales ;  Total (Type of Building) ;  Total Sectors ;,A422172W,Building Approvals,Number,Month
2008-06-01,2523,Total number of dwelling units ;  New South Wales ;  Total (Type of Building) ;  Total Sectors ;,A422172W,Building Approvals,Number,Month
2008-07-01,2424,Total number of dwelling units ;  New South Wales ;  Total (Type of Building) ;  Total Sectors ;,A422172W,Building Approvals,Number,Month
2008-08-01,2194,Total number of dwelling units ;  New South Wales ;  Total (Type of Building) ;  Total Sectors ;,A422172W,Building Approvals,Number,Month
2008-09-01,2116,Total number of dwelling units ;  New South Wales ;  Total (Type of Building) ;  Total Sectors ;,A422172W,Building Approvals,Number,Month
2008-10-01,2240,Total number of dwelling units ;  New South Wales ;  Total (Type of Building) ;  Total Sectors ;,A422172W,Building Approvals,Number,Month
2008-11-01,2196,Total number of dwelling units ;  New South Wales ;  Total (Type of Building) ;  Total Sectors ;,A422172W,Building Approvals,Number,Month
2008-12-01,2227,Total number of dwelling units ;  New South Wales ;  Total (Type of Building) ;  Total Sectors ;,A422172W,Building Approvals,Number,Month
2009-01-01,1510,Total number of dwelling units ;  New South Wales ;  Total (Type of Building) ;  Total Sectors ;,A422172W,Building Approvals,Number,Month
2009-02-01,1841,Total number of dwelling units ;  New South Wales ;  Total (Type of Building) ;  Total Sectors ;,A422172W,Building Approvals,Number,Month
2009-03-01,1723,Total number of dwelling units ;  New South Wales ;  Total (Type of Building) ;  Total Sectors ;,A422172W,Building Approvals,Number,Month
2009-04-01,2467,Total number of dwelling units ;  New South Wales ;  Total (Type of Building) ;  Total Sectors ;,A422172W,Building Approvals,Number,Month
2009-05-01,1877,Total number of dwelling units ;  New South Wales ;  Total (Type of Building) ;  Total Sectors ;,A422172W,Building Approvals,Number,Month
2009-06-01,1978,Total number of dwelling units ;  New South Wales ;  Total (Type of Building) ;  Total Sectors ;,A422172W,Building Approvals,Number,Month
2009-07-01,2342,Total number of dwelling units ;  New South Wales ;  Total (Type of Building) ;  Total Sectors ;,A422172W,Building Approvals,Number,Month
2009-08-01,2492,Total number of dwelling units ;  New South Wales ;  Total (Type of Building) ;  Total Sectors ;,A422172W,Building Approvals,Number,Month
2009-09-01,2886,Total number of dwelling units ;  New South Wales ;  Total (Type of Building) ;  Total Sectors ;,A422172W,Building Approvals,Number,Month
2009-10-01,2675,Total number of dwelling units ;  New South Wales ;  Total (Type of Building) ;  Total Sectors ;,A422172W,Building Approvals,Number,Month
2009-11-01,3393,Total number of dwelling units ;  New South Wales ;  Total (Type of Building) ;  Total Sectors ;,A422172W,Building Approvals,Number,Month
2009-12-01,3171,Total number of dwelling units ;  New South Wales ;  Total (Type of Building) ;  Total Sectors ;,A422172W,Building Approvals,Number,Month
2010-01-01,3371,Total number of dwelling units ;  New South Wales ;  Total (Type of Building) ;  Total Sectors ;,A422172W,Building Approvals,Number,Month
2010-02-01,3017,Total number of dwelling units ;  New South Wales ;  Total (Type of Building) ;  Total Sectors ;,A422172W,Building Approvals,Number,Month
2010-03-01,3464,Total number of dwelling units ;  New South Wales ;  Total (Type of Building) ;  Total Sectors ;,A422172W,Building Approvals,Number,Month
2010-04-01,3030,Total number of dwelling units ;  New South Wales ;  Total (Type of Building) ;  Total Sectors ;,A422172W,Building Approvals,Number,Month
2010-05-01,2915,Total number of dwelling units ;  New South Wales ;  Total (Type of Building) ;  Total Sectors ;,A422172W,Building Approvals,Number,Month
2010-06-01,2651,Total number of dwelling units ;  New South Wales ;  Total (Type of Building) ;  Total Sectors ;,A422172W,Building Approvals,Number,Month
2010-07-01,3138,Total number of dwelling units ;  New South Wales ;  Total (Type of Building) ;  Total Sectors ;,A422172W,Building Approvals,Number,Month
2010-08-01,2430,Total number of dwelling units ;  New South Wales ;  Total (Type of Building) ;  Total Sectors ;,A422172W,Building Approvals,Number,Month
2010-09-01,2657,Total number of dwelling units ;  New South Wales ;  Total (Type of Building) ;  Total Sectors ;,A422172W,Building Approvals,Number,Month
2010-10-01,3816,Total number of dwelling units ;  New South Wales ;  Total (Type of Building) ;  Total Sectors ;,A422172W,Building Approvals,Number,Month
2010-11-01,3256,Total number of dwelling units ;  New South Wales ;  Total (Type of Building) ;  Total Sectors ;,A422172W,Building Approvals,Number,Month
2010-12-01,3422,Total number of dwelling units ;  New South Wales ;  Total (Type of Building) ;  Total Sectors ;,A422172W,Building Approvals,Number,Month
2011-01-01,2434,Total number of dwelling units ;  New South Wales ;  Total (Type of Building) ;  Total Sectors ;,A422172W,Building Approvals,Number,Month
2011-02-01,2900,Total number of dwelling units ;  New South Wales ;  Total (Type of Building) ;  Total Sectors ;,A422172W,Building Approvals,Number,Month
2011-03-01,3131,Total number of dwelling units ;  New South Wales ;  Total (Type of Building) ;  Total Sectors ;,A422172W,Building Approvals,Number,Month
2011-04-01,2990,Total number of dwelling units ;  New South Wales ;  Total (Type of Building) ;  Total Sectors ;,A422172W,Building Approvals,Number,Month
2011-05-01,2337,Total number of dwelling units ;  New South Wales ;  Total (Type of Building) ;  Total Sectors ;,A422172W,Building Approvals,Number,Month
2011-06-01,2315,Total number of dwelling units ;  New South Wales ;  Total (Type of Building) ;  Total Sectors ;,A422172W,Building Approvals,Number,Month
2011-07-01,2851,Total number of dwelling units ;  New South Wales ;  Total (Type of Building) ;  Total Sectors ;,A422172W,Building Approvals,Number,Month
2011-08-01,3913,Total number of dwelling units ;  New South Wales ;  Total (Type of Building) ;  Total Sectors ;,A422172W,Building Approvals,Number,Month
2011-09-01,2914,Total number of dwelling units ;  New South Wales ;  Total (Type of Building) ;  Total Sectors ;,A422172W,Building Approvals,Number,Month
2011-10-01,2821,Total number of dwelling units ;  New South Wales ;  Total (Type of Building) ;  Total Sectors ;,A422172W,Building Approvals,Number,Month
2011-11-01,3133,Total number of dwelling units ;  New South Wales ;  Total (Type of Building) ;  Total Sectors ;,A422172W,Building Approvals,Number,Month
2011-12-01,2610,Total number of dwelling units ;  New South Wales ;  Total (Type of Building) ;  Total Sectors ;,A422172W,Building Approvals,Number,Month
2012-01-01,2575,Total number of dwelling units ;  New South Wales ;  Total (Type of Building) ;  Total Sectors ;,A422172W,Building Approvals,Number,Month
2012-02-01,1939,Total number of dwelling units ;  New South Wales ;  Total (Type of Building) ;  Total Sectors ;,A422172W,Building Approvals,Number,Month
2012-03-01,3002,Total number of dwelling units ;  New South Wales ;  Total (Type of Building) ;  Total Sectors ;,A422172W,Building Approvals,Number,Month
2012-04-01,2499,Total number of dwelling units ;  New South Wales ;  Total (Type of Building) ;  Total Sectors ;,A422172W,Building Approvals,Number,Month
2012-05-01,3598,Total number of dwelling units ;  New South Wales ;  Total (Type of Building) ;  Total Sectors ;,A422172W,Building Approvals,Number,Month
2012-06-01,3059,Total number of dwelling units ;  New South Wales ;  Total (Type of Building) ;  Total Sectors ;,A422172W,Building Approvals,Number,Month
2012-07-01,2991,Total number of dwelling units ;  New South Wales ;  Total (Type of Building) ;  Total Sectors ;,A422172W,Building Approvals,Number,Month
2012-08-01,2729,Total number of dwelling units ;  New South Wales ;  Total (Type of Building) ;  Total Sectors ;,A422172W,Building Approvals,Number,Month
2012-09-01,4044,Total number of dwelling units ;  New South Wales ;  Total (Type of Building) ;  Total Sectors ;,A422172W,Building Approvals,Number,Month
2012-10-01,4397,Total number of dwelling units ;  New South Wales ;  Total (Type of Building) ;  Total Sectors ;,A422172W,Building Approvals,Number,Month
2012-11-01,3643,Total number of dwelling units ;  New South Wales ;  Total (Type of Building) ;  Total Sectors ;,A422172W,Building Approvals,Number,Month
2012-12-01,4174,Total number of dwelling units ;  New South Wales ;  Total (Type of Building) ;  Total Sectors ;,A422172W,Building Approvals,Number,Month
2013-01-01,3275,Total number of dwelling units ;  New South Wales ;  Total (Type of Building) ;  Total Sectors ;,A422172W,Building Approvals,Number,Month
2013-02-01,2967,Total number of dwelling units ;  New South Wales ;  Total (Type of Building) ;  Total Sectors ;,A422172W,Building Approvals,Number,Month
2013-03-01,3191,Total number of dwelling units ;  New South Wales ;  Total (Type of Building) ;  Total Sectors ;,A422172W,Building Approvals,Number,Month
2013-04-01,4185,Total number of dwelling units ;  New South Wales ;  Total (Type of Building) ;  Total Sectors ;,A422172W,Building Approvals,Number,Month
2013-05-01,3433,Total number of dwelling units ;  New South Wales ;  Total (Type of Building) ;  Total Sectors ;,A422172W,Building Approvals,Number,Month
2013-06-01,3782,Total number of dwelling units ;  New South Wales ;  Total (Type of Building) ;  Total Sectors ;,A422172W,Building Approvals,Number,Month
2013-07-01,3447,Total number of dwelling units ;  New South Wales ;  Total (Type of Building) ;  Total Sectors ;,A422172W,Building Approvals,Number,Month
2013-08-01,3957,Total number of dwelling units ;  New South Wales ;  Total (Type of Building) ;  Total Sectors ;,A422172W,Building Approvals,Number,Month
2013-09-01,6185,Total number of dwelling units ;  New South Wales ;  Total (Type of Building) ;  Total Sectors ;,A422172W,Building Approvals,Number,Month
2013-10-01,4640,Total number of dwelling units ;  New South Wales ;  Total (Type of Building) ;  Total Sectors ;,A422172W,Building Approvals,Number,Month
2013-11-01,4864,Total number of dwelling units ;  New South Wales ;  Total (Type of Building) ;  Total Sectors ;,A422172W,Building Approvals,Number,Month
2013-12-01,5181,Total number of dwelling units ;  New South Wales ;  Total (Type of Building) ;  Total Sectors ;,A422172W,Building Approvals,Number,Month
2014-01-01,4921,Total number of dwelling units ;  New South Wales ;  Total (Type of Building) ;  Total Sectors ;,A422172W,Building Approvals,Number,Month
2014-02-01,4049,Total number of dwelling units ;  New South Wales ;  Total (Type of Building) ;  Total Sectors ;,A422172W,Building Approvals,Number,Month
2014-03-01,4907,Total number of dwelling units ;  New South Wales ;  Total (Type of Building) ;  Total Sectors ;,A422172W,Building Approvals,Number,Month
2014-04-01,3816,Total number of dwelling units ;  New South Wales ;  Total (Type of Building) ;  Total Sectors ;,A422172W,Building Approvals,Number,Month
2014-05-01,4303,Total number of dwelling units ;  New South Wales ;  Total (Type of Building) ;  Total Sectors ;,A422172W,Building Approvals,Number,Month
2014-06-01,4198,Total number of dwelling units ;  New South Wales ;  Total (Type of Building) ;  Total Sectors ;,A422172W,Building Approvals,Number,Month
2014-07-01,4292,Total number of dwelling units ;  New South Wales ;  Total (Type of Building) ;  Total Sectors ;,A422172W,Building Approvals,Number,Month
2014-08-01,4733,Total number of dwelling units ;  New South Wales ;  Total (Type of Building) ;  Total Sectors ;,A422172W,Building Approvals,Number,Month
2014-09-01,4394,Total number of dwelling units ;  New South Wales ;  Total (Type of Building) ;  Total Sectors ;,A422172W,Building Approvals,Number,Month
2014-10-01,4898,Total number of dwelling units ;  New South Wales ;  Total (Type of Building) ;  Total Sectors ;,A422172W,Building Approvals,Number,Month
2014-11-01,4827,Total number of dwelling units ;  New South Wales ;  Total (Type of Building) ;  Total Sectors ;,A422172W,Building Approvals,Number,Month
2014-12-01,6443,Total number of dwelling units ;  New South Wales ;  Total (Type of Building) ;  Total Sectors ;,A422172W,Building Approvals,Number,Month
2015-01-01,5292,Total number of dwelling units ;  New South Wales ;  Total (Type of Building) ;  Total Sectors ;,A422172W,Building Approvals,Number,Month
2015-02-01,5472,Total number of dwelling units ;  New South Wales ;  Total (Type of Building) ;  Total Sectors ;,A422172W,Building Approvals,Number,Month
2015-03-01,5950,Total number of dwelling units ;  New South Wales ;  Total (Type of Building) ;  Total Sectors ;,A422172W,Building Approvals,Number,Month
2015-04-01,5085,Total number of dwelling units ;  New South Wales ;  Total (Type of Building) ;  Total Sectors ;,A422172W,Building Approvals,Number,Month
2015-05-01,6028,Total number of dwelling units ;  New South Wales ;  Total (Type of Building) ;  Total Sectors ;,A422172W,Building Approvals,Number,Month
2015-06-01,5861,Total number of dwelling units ;  New South Wales ;  Total (Type of Building) ;  Total Sectors ;,A422172W,Building Approvals,Number,Month
2015-07-01,7341,Total number of dwelling units ;  New South Wales ;  Total (Type of Building) ;  Total Sectors ;,A422172W,Building Approvals,Number,Month
2015-08-01,5162,Total number of dwelling units ;  New South Wales ;  Total (Type of Building) ;  Total Sectors ;,A422172W,Building Approvals,Number,Month
2015-09-01,5126,Total number of dwelling units ;  New South Wales ;  Total (Type of Building) ;  Total Sectors ;,A422172W,Building Approvals,Number,Month
2015-10-01,6735,Total number of dwelling units ;  New South Wales ;  Total (Type of Building) ;  Total Sectors ;,A422172W,Building Approvals,Number,Month
2015-11-01,6664,Total number of dwelling units ;  New South Wales ;  Total (Type of Building) ;  Total Sectors ;,A422172W,Building Approvals,Number,Month
2015-12-01,6947,Total number of dwelling units ;  New South Wales ;  Total (Type of Building) ;  Total Sectors ;,A422172W,Building Approvals,Number,Month
2016-01-01,4733,Total number of dwelling units ;  New South Wales ;  Total (Type of Building) ;  Total Sectors ;,A422172W,Building Approvals,Number,Month
2016-02-01,5606,Total number of dwelling units ;  New South Wales ;  Total (Type of Building) ;  Total Sectors ;,A422172W,Building Approvals,Number,Month
2016-03-01,6421,Total number of dwelling units ;  New South Wales ;  Total (Type of Building) ;  Total Sectors ;,A422172W,Building Approvals,Number,Month
2016-04-01,6658,Total number of dwelling units ;  New South Wales ;  Total (Type of Building) ;  Total Sectors ;,A422172W,Building Approvals,Number,Month
2016-05-01,6803,Total number of dwelling units ;  New South Wales ;  Total (Type of Building) ;  Total Sectors ;,A422172W,Building Approvals,Number,Month
2016-06-01,5517,Total number of dwelling units ;  New South Wales ;  Total (Type of Building) ;  Total Sectors ;,A422172W,Building Approvals,Number,Month
2016-07-01,7271,Total number of dwelling units ;  New South Wales ;  Total (Type of Building) ;  Total Sectors ;,A422172W,Building Approvals,Number,Month
2016-08-01,8083,Total number of dwelling units ;  New South Wales ;  Total (Type of Building) ;  Total Sectors ;,A422172W,Building Approvals,Number,Month
2016-09-01,6505,Total number of dwelling units ;  New South Wales ;  Total (Type of Building) ;  Total Sectors ;,A422172W,Building Approvals,Number,Month
2016-10-01,5704,Total number of dwelling units ;  New South Wales ;  Total (Type of Building) ;  Total Sectors ;,A422172W,Building Approvals,Number,Month
2016-11-01,6047,Total number of dwelling units ;  New South Wales ;  Total (Type of Building) ;  Total Sectors ;,A422172W,Building Approvals,Number,Month
2016-12-01,5120,Total number of dwelling units ;  New South Wales ;  Total (Type of Building) ;  Total Sectors ;,A422172W,Building Approvals,Number,Month
2017-01-01,5442,Total number of dwelling units ;  New South Wales ;  Total (Type of Building) ;  Total Sectors ;,A422172W,Building Approvals,Number,Month
2017-02-01,6442,Total number of dwelling units ;  New South Wales ;  Total (Type of Building) ;  Total Sectors ;,A422172W,Building Approvals,Number,Month
2017-03-01,5007,Total number of dwelling units ;  New South Wales ;  Total (Type of Building) ;  Total Sectors ;,A422172W,Building Approvals,Number,Month
2017-04-01,6047,Total number of dwelling units ;  New South Wales ;  Total (Type of Building) ;  Total Sectors ;,A422172W,Building Approvals,Number,Month
2017-05-01,5005,Total number of dwelling units ;  New South Wales ;  Total (Type of Building) ;  Total Sectors ;,A422172W,Building Approvals,Number,Month
2017-06-01,5960,Total number of dwelling units ;  New South Wales ;  Total (Type of Building) ;  Total Sectors ;,A422172W,Building Approvals,Number,Month
2017-07-01,7130,Total number of dwelling units ;  New South Wales ;  Total (Type of Building) ;  Total Sectors ;,A422172W,Building Approvals,Number,Month
2017-08-01,6026,Total number of dwelling units ;  New South Wales ;  Total (Type of Building) ;  Total Sectors ;,A422172W,Building Approvals,Number,Month
2017-09-01,6966,Total number of dwelling units ;  New South Wales ;  Total (Type of Building) ;  Total Sectors ;,A422172W,Building Approvals,Number,Month
2017-10-01,6502,Total number of dwelling units ;  New South Wales ;  Total (Type of Building) ;  Total Sectors ;,A422172W,Building Approvals,Number,Month
2017-11-01,6503,Total number of dwelling units ;  New South Wales ;  Total (Type of Building) ;  Total Sectors ;,A422172W,Building Approvals,Number,Month
2017-12-01,5307,Total number of dwelling units ;  New South Wales ;  Total (Type of Building) ;  Total Sectors ;,A422172W,Building Approvals,Number,Month
2018-01-01,5740,Total number of dwelling units ;  New South Wales ;  Total (Type of Building) ;  Total Sectors ;,A422172W,Building Approvals,Number,Month
2018-02-01,6297,Total number of dwelling units ;  New South Wales ;  Total (Type of Building) ;  Total Sectors ;,A422172W,Building Approvals,Number,Month
2018-03-01,5361,Total number of dwelling units ;  New South Wales ;  Total (Type of Building) ;  Total Sectors ;,A422172W,Building Approvals,Number,Month
2018-04-01,5771,Total number of dwelling units ;  New South Wales ;  Total (Type of Building) ;  Total Sectors ;,A422172W,Building Approvals,Number,Month
2018-05-01,5671,Total number of dwelling units ;  New South Wales ;  Total (Type of Building) ;  Total Sectors ;,A422172W,Building Approvals,Number,Month
2018-06-01,5759,Total number of dwelling units ;  New South Wales ;  Total (Type of Building) ;  Total Sectors ;,A422172W,Building Approvals,Number,Month
2018-07-01,6058,Total number of dwelling units ;  New South Wales ;  Total (Type of Building) ;  Total Sectors ;,A422172W,Building Approvals,Number,Month
2018-08-01,4896,Total number of dwelling units ;  New South Wales ;  Total (Type of Building) ;  Total Sectors ;,A422172W,Building Approvals,Number,Month
2018-09-01,5304,Total number of dwelling units ;  New South Wales ;  Total (Type of Building) ;  Total Sectors ;,A422172W,Building Approvals,Number,Month
2018-10-01,5613,Total number of dwelling units ;  New South Wales ;  Total (Type of Building) ;  Total Sectors ;,A422172W,Building Approvals,Number,Month
2018-11-01,4447,Total number of dwelling units ;  New South Wales ;  Total (Type of Building) ;  Total Sectors ;,A422172W,Building Approvals,Number,Month
2018-12-01,4363,Total number of dwelling units ;  New South Wales ;  Total (Type of Building) ;  Total Sectors ;,A422172W,Building Approvals,Number,Month
2019-01-01,4686,Total number of dwelling units ;  New South Wales ;  Total (Type of Building) ;  Total Sectors ;,A422172W,Building Approvals,Number,Month
2019-02-01,5518,Total number of dwelling units ;  New South Wales ;  Total (Type of Building) ;  Total Sectors ;,A422172W,Building Approvals,Number,Month
2019-03-01,4224,Total number of dwelling units ;  New South Wales ;  Total (Type of Building) ;  Total Sectors ;,A422172W,Building Approvals,Number,Month
2019-04-01,4567,Total number of dwelling units ;  New South Wales ;  Total (Type of Building) ;  Total Sectors ;,A422172W,Building Approvals,Number,Month
2019-05-01,4440,Total number of dwelling units ;  New South Wales ;  Total (Type of Building) ;  Total Sectors ;,A422172W,Building Approvals,Number,Month
2019-06-01,4338,Total number of dwelling units ;  New South Wales ;  Total (Type of Building) ;  Total Sectors ;,A422172W,Building Approvals,Number,Month
2019-07-01,3990,Total number of dwelling units ;  New South Wales ;  Total (Type of Building) ;  Total Sectors ;,A422172W,Building Approvals,Number,Month
2019-08-01,3945,Total number of dwelling units ;  New South Wales ;  Total (Type of Building) ;  Total Sectors ;,A422172W,Building Approvals,Number,Month
2019-09-01,4093,Total number of dwelling units ;  New South Wales ;  Total (Type of Building) ;  Total Sectors ;,A422172W,Building Approvals,Number,Month
2019-10-01,3384,Total number of dwelling units ;  New South Wales ;  Total (Type of Building) ;  Total Sectors ;,A422172W,Building Approvals,Number,Month
2019-11-01,4966,Total number of dwelling units ;  New South Wales ;  Total (Type of Building) ;  Total Sectors ;,A422172W,Building Approvals,Number,Month
2019-12-01,3870,Total number of dwelling units ;  New South Wales ;  Total (Type of Building) ;  Total Sectors ;,A422172W,Building Approvals,Number,Month
2020-01-01,3611,Total number of dwelling units ;  New South Wales ;  Total (Type of Building) ;  Total Sectors ;,A422172W,Building Approvals,Number,Month
2020-02-01,4438,Total number of dwelling units ;  New South Wales ;  Total (Type of Building) ;  Total Sectors ;,A422172W,Building Approvals,Number,Month
2020-03-01,5438,Total number of dwelling units ;  New South Wales ;  Total (Type of Building) ;  Total Sectors ;,A422172W,Building Approvals,Number,Month
2020-04-01,3796,Total number of dwelling units ;  New South Wales ;  Total (Type of Building) ;  Total Sectors ;,A422172W,Building Approvals,Number,Month
2020-05-01,3588,Total number of dwelling units ;  New South Wales ;  Total (Type of Building) ;  Total Sectors ;,A422172W,Building Approvals,Number,Month
2020-06-01,3271,Total number of dwelling units ;  New South Wales ;  Total (Type of Building) ;  Total Sectors ;,A422172W,Building Approvals,Number,Month
2020-07-01,4269,Total number of dwelling units ;  New South Wales ;  Total (Type of Building) ;  Total Sectors ;,A422172W,Building Approvals,Number,Month
2020-08-01,3455,Total number of dwelling units ;  New South Wales ;  Total (Type of Building) ;  Total Sectors ;,A422172W,Building Approvals,Number,Month
2020-09-01,4156,Total number of dwelling units ;  New South Wales ;  Total (Type of Building) ;  Total Sectors ;,A422172W,Building Approvals,Number,Month
2020-10-01,4848,Total number of dwelling units ;  New South Wales ;  Total (Type of Building) ;  Total Sectors ;,A422172W,Building Approvals,Number,Month
2020-11-01,5448,Total number of dwelling units ;  New South Wales ;  Total (Type of Building) ;  Total Sectors ;,A422172W,Building Approvals,Number,Month
2020-12-01,4887,Total number of dwelling units ;  New South Wales ;  Total (Type of Building) ;  Total Sectors ;,A422172W,Building Approvals,Number,Month
2021-01-01,4387,Total number of dwelling units ;  New South Wales ;  Total (Type of Building) ;  Total Sectors ;,A422172W,Building Approvals,Number,Month
2021-02-01,4985,Total number of dwelling units ;  New South Wales ;  Total (Type of Building) ;  Total Sectors ;,A422172W,Building Approvals,Number,Month
2021-03-01,6171,Total number of dwelling units ;  New South Wales ;  Total (Type of Building) ;  Total Sectors ;,A422172W,Building Approvals,Number,Month
2021-04-01,5984,Total number of dwelling units ;  New South Wales ;  Total (Type of Building) ;  Total Sectors ;,A422172W,Building Approvals,Number,Month
2021-05-01,6313,Total number of dwelling units ;  New South Wales ;  Total (Type of Building) ;  Total Sectors ;,A422172W,Building Approvals,Number,Month
2021-06-01,5520,Total number of dwelling units ;  New South Wales ;  Total (Type of Building) ;  Total Sectors ;,A422172W,Building Approvals,Number,Month
2021-07-01,5235,Total number of dwelling units ;  New South Wales ;  Total (Type of Building) ;  Total Sectors ;,A422172W,Building Approvals,Number,Month
2021-08-01,4894,Total number of dwelling units ;  New South Wales ;  Total (Type of Building) ;  Total Sectors ;,A422172W,Building Approvals,Number,Month
2021-09-01,6242,Total number of dwelling units ;  New South Wales ;  Total (Type of Building) ;  Total Sectors ;,A422172W,Building Approvals,Number,Month
2021-10-01,4613,Total number of dwelling units ;  New South Wales ;  Total (Type of Building) ;  Total Sectors ;,A422172W,Building Approvals,Number,Month
2021-11-01,3876,Total number of dwelling units ;  New South Wales ;  Total (Type of Building) ;  Total Sectors ;,A422172W,Building Approvals,Number,Month
2021-12-01,4673,Total number of dwelling units ;  New South Wales ;  Total (Type of Building) ;  Total Sectors ;,A422172W,Building Approvals,Number,Month
2022-01-01,3740,Total number of dwelling units ;  New South Wales ;  Total (Type of Building) ;  Total Sectors ;,A422172W,Building Approvals,Number,Month
2022-02-01,5452,Total number of dwelling units ;  New South Wales ;  Total (Type of Building) ;  Total Sectors ;,A422172W,Building Approvals,Number,Month
2022-03-01,4025,Total number of dwelling units ;  New South Wales ;  Total (Type of Building) ;  Total Sectors ;,A422172W,Building Approvals,Number,Month
2022-04-01,4391,Total number of dwelling units ;  New South Wales ;  Total (Type of Building) ;  Total Sectors ;,A422172W,Building Approvals,Number,Month
2022-05-01,4413,Total number of dwelling units ;  New South Wales ;  Total (Type of Building) ;  Total Sectors ;,A422172W,Building Approvals,Number,Month
2022-06-01,4096,Total number of dwelling units ;  New South Wales ;  Total (Type of Building) ;  Total Sectors ;,A422172W,Building Approvals,Number,Month
2022-07-01,3946,Total number of dwelling units ;  New South Wales ;  Total (Type of Building) ;  Total Sectors ;,A422172W,Building Approvals,Number,Month
2022-08-01,5365,Total number of dwelling units ;  New South Wales ;  Total (Type of Building) ;  Total Sectors ;,A422172W,Building Approvals,Number,Month
2022-09-01,5639,Total number of dwelling units ;  New South Wales ;  Total (Type of Building) ;  Total Sectors ;,A422172W,Building Approvals,Number,Month
2022-10-01,4114,Total number of dwelling units ;  New South Wales ;  Total (Type of Building) ;  Total Sectors ;,A422172W,Building Approvals,Number,Month
2022-11-01,3679,Total number of dwelling units ;  New South Wales ;  Total (Type of Building) ;  Total Sectors ;,A422172W,Building Approvals,Number,Month
2022-12-01,5222,Total number of dwelling units ;  New South Wales ;  Total (Type of Building) ;  Total Sectors ;,A422172W,Building Approvals,Number,Month
2023-01-01,2678,Total number of dwelling units ;  New South Wales ;  Total (Type of Building) ;  Total Sectors ;,A422172W,Building Approvals,Number,Month
2023-02-01,3352,Total number of dwelling units ;  New South Wales ;  Total (Type of Building) ;  Total Sectors ;,A422172W,Building Approvals,Number,Month
2023-03-01,3407,Total number of dwelling units ;  New South Wales ;  Total (Type of Building) ;  Total Sectors ;,A422172W,Building Approvals,Number,Month
2023-04-01,4388,Total number of dwelling units ;  New South Wales ;  Total (Type of Building) ;  Total Sectors ;,A422172W,Building Approvals,Number,Month
2023-05-01,6932,Total number of dwelling units ;  New South Wales ;  Total (Type of Building) ;  Total Sectors ;,A422172W,Building Approvals,Number,Month
2023-06-01,3377,Total number of dwelling units ;  New South Wales ;  Total (Type of Building) ;  Total Sectors ;,A422172W,Building Approvals,Number,Month
2023-07-01,3257,Total number of dwelling units ;  New South Wales ;  Total (Type of Building) ;  Total Sectors ;,A422172W,Building Approvals,Number,Month
2023-08-01,3464,Total number of dwelling units ;  New South Wales ;  Total (Type of Building) ;  Total Sectors ;,A422172W,Building Approvals,Number,Month
2023-09-01,3848,Total number of dwelling units ;  New South Wales ;  Total (Type of Building) ;  Total Sectors ;,A422172W,Building Approvals,Number,Month
2023-10-01,3876,Total number of dwelling units ;  New South Wales ;  Total (Type of Building) ;  Total Sectors ;,A422172W,Building Approvals,Number,Month
2023-11-01,3580,Total number of dwelling units ;  New South Wales ;  Total (Type of Building) ;  Total Sectors ;,A422172W,Building Approvals,Number,Month
2023-12-01,3968,Total number of dwelling units ;  New South Wales ;  Total (Type of Building) ;  Total Sectors ;,A422172W,Building Approvals,Number,Month
2024-01-01,2897,Total number of dwelling units ;  New South Wales ;  Total (Type of Building) ;  Total Sectors ;,A422172W,Building Approvals,Number,Month
2024-02-01,3775,Total number of dwelling units ;  New South Wales ;  Total (Type of Building) ;  Total Sectors ;,A422172W,Building Approvals,Number,Month
2024-03-01,3707,Total number of dwelling units ;  New South Wales ;  Total (Type of Building) ;  Total Sectors ;,A422172W,Building Approvals,Number,Month
2024-04-01,3869,Total number of dwelling units ;  New South Wales ;  Total (Type of Building) ;  Total Sectors ;,A422172W,Building Approvals,Number,Month
2024-05-01,4049,Total number of dwelling units ;  New South Wales ;  Total (Type of Building) ;  Total Sectors ;,A422172W,Building Approvals,Number,Month
2024-06-01,2831,Total number of dwelling units ;  New South Wales ;  Total (Type of Building) ;  Total Sectors ;,A422172W,Building Approvals,Number,Month
2024-07-01,3970,Total number of dwelling units ;  New South Wales ;  Total (Type of Building) ;  Total Sectors ;,A422172W,Building Approvals,Number,Month
2024-08-01,3308,Total number of dwelling units ;  New South Wales ;  Total (Type of Building) ;  Total Sectors ;,A422172W,Building Approvals,Number,Month
2024-09-01,3091,Total number of dwelling units ;  New South Wales ;  Total (Type of Building) ;  Total Sectors ;,A422172W,Building Approvals,Number,Month
2024-10-01,4303,Total number of dwelling units ;  New South Wales ;  Total (Type of Building) ;  Total Sectors ;,A422172W,Building Approvals,Number,Month
2024-11-01,3823,Total number of dwelling units ;  New South Wales ;  Total (Type of Building) ;  Total Sectors ;,A422172W,Building Approvals,Number,Month
2024-12-01,4606,Total number of dwelling units ;  New South Wales ;  Total (Type of Building) ;  Total Sectors ;,A422172W,Building Approvals,Number,Month
2025-01-01,4924,Total number of dwelling units ;  New South Wales ;  Total (Type of Building) ;  Total Sectors ;,A422172W,Building Approvals,Number,Month
2025-02-01,3309,Total number of dwelling units ;  New South Wales ;  Total (Type of Building) ;  Total Sectors ;,A422172W,Building Approvals,Number,Month
2025-03-01,4184,Total number of dwelling units ;  New South Wales ;  Total (Type of Building) ;  Total Sectors ;,A422172W,Building Approvals,Number,Month
2025-04-01,4256,Total number of dwelling units ;  New South Wales ;  Total (Type of Building) ;  Total Sectors ;,A422172W,Building Approvals,Number,Month
2025-05-01,4869,Total number of dwelling units ;  New South Wales ;  Total (Type of Building) ;  Total Sectors ;,A422172W,Building Approvals,Number,Month
2025-06-01,5005,Total number of dwelling units ;  New South Wales ;  Total (Type of Building) ;  Total Sectors ;,A422172W,Building Approvals,Number,Month
2025-07-01,4324,Total number of dwelling units ;  New South Wales ;  Total (Type of Building) ;  Total Sectors ;,A422172W,Building Approvals,Number,Month
2025-08-01,3218,Total number of dwelling units ;  New South Wales ;  Total (Type of Building) ;  Total Sectors ;,A422172W,Building Approvals,Number,Month
2025-09-01,5607,Total number of dwelling units ;  New South Wales ;  Total (Type of Building) ;  Total Sectors ;,A422172W,Building Approvals,Number,Month
2025-10-01,3978,Total number of dwelling units ;  New South Wales ;  Total (Type of Building) ;  Total Sectors ;,A422172W,Building Approvals,Number,Month
2025-11-01,5061,Total number of dwelling units ;  New South Wales ;  Total (Type of Building) ;  Total Sectors ;,A422172W,Building Approvals,Number,Month
2025-12-01,4449,Total number of dwelling units ;  New South Wales ;  Total (Type of Building) ;  Total Sectors ;,A422172W,Building Approvals,Number,Month
2026-01-01,3315,Total number of dwelling units ;  New South Wales ;  Total (Type of Building) ;  Total Sectors ;,A422172W,Building Approvals,Number,Month
2026-02-01,4424,Total number of dwelling units ;  New South Wales ;  Total (Type of Building) ;  Total Sectors ;,A422172W,Building Approvals,Number,Month
2026-03-01,4354,Total number of dwelling units ;  New South Wales ;  Total (Type of Building) ;  Total Sectors ;,A422172W,Building Approvals,Number,Month
2026-04-01,4400,Total number of dwelling units ;  New South Wales ;  Total (Type of Building) ;  Total Sectors ;,A422172W,Building Approvals,Number,Month
2026-05-01,4473,Total number of dwelling units ;  New South Wales ;  Total (Type of Building) ;  Total Sectors ;,A422172W,Building Approvals,Number,Month
2026-06-01,5063,Total number of dwelling units ;  New South Wales ;  Total (Type of Building) ;  Total Sectors ;,A422172W,Building Approvals,Number,Month
1983-07-01,414,Total number of dwelling units ;  Victoria ;  Dwellings excluding houses ;  Private Sector ;,A421392F,Building Approvals,Number,Month
1983-08-01,412,Total number of dwelling units ;  Victoria ;  Dwellings excluding houses ;  Private Sector ;,A421392F,Building Approvals,Number,Month
1983-09-01,413,Total number of dwelling units ;  Victoria ;  Dwellings excluding houses ;  Private Sector ;,A421392F,Building Approvals,Number,Month
1983-10-01,410,Total number of dwelling units ;  Victoria ;  Dwellings excluding houses ;  Private Sector ;,A421392F,Building Approvals,Number,Month
1983-11-01,404,Total number of dwelling units ;  Victoria ;  Dwellings excluding houses ;  Private Sector ;,A421392F,Building Approvals,Number,Month
1983-12-01,401,Total number of dwelling units ;  Victoria ;  Dwellings excluding houses ;  Private Sector ;,A421392F,Building Approvals,Number,Month
1984-01-01,410,Total number of dwelling units ;  Victoria ;  Dwellings excluding houses ;  Private Sector ;,A421392F,Building Approvals,Number,Month
1984-02-01,435,Total number of dwelling units ;  Victoria ;  Dwellings excluding houses ;  Private Sector ;,A421392F,Building Approvals,Number,Month
1984-03-01,478,Total number of dwelling units ;  Victoria ;  Dwellings excluding houses ;  Private Sector ;,A421392F,Building Approvals,Number,Month
1984-04-01,528,Total number of dwelling units ;  Victoria ;  Dwellings excluding houses ;  Private Sector ;,A421392F,Building Approvals,Number,Month
1984-05-01,579,Total number of dwelling units ;  Victoria ;  Dwellings excluding houses ;  Private Sector ;,A421392F,Building Approvals,Number,Month
1984-06-01,625,Total number of dwelling units ;  Victoria ;  Dwellings excluding houses ;  Private Sector ;,A421392F,Building Approvals,Number,Month
1984-07-01,656,Total number of dwelling units ;  Victoria ;  Dwellings excluding houses ;  Private Sector ;,A421392F,Building Approvals,Number,Month
1984-08-01,657,Total number of dwelling units ;  Victoria ;  Dwellings excluding houses ;  Private Sector ;,A421392F,Building Approvals,Number,Month
1984-09-01,633,Total number of dwelling units ;  Victoria ;  Dwellings excluding houses ;  Private Sector ;,A421392F,Building Approvals,Number,Month
1984-10-01,596,Total number of dwelling units ;  Victoria ;  Dwellings excluding houses ;  Private Sector ;,A421392F,Building Approvals,Number,Month
1984-11-01,567,Total number of dwelling units ;  Victoria ;  Dwellings excluding houses ;  Private Sector ;,A421392F,Building Approvals,Number,Month
1984-12-01,557,Total number of dwelling units ;  Victoria ;  Dwellings excluding houses ;  Private Sector ;,A421392F,Building Approvals,Number,Month
1985-01-01,563,Total number of dwelling units ;  Victoria ;  Dwellings excluding houses ;  Private Sector ;,A421392F,Building Approvals,Number,Month
1985-02-01,577,Total number of dwelling units ;  Victoria ;  Dwellings excluding houses ;  Private Sector ;,A421392F,Building Approvals,Number,Month
1985-03-01,588,Total number of dwelling units ;  Victoria ;  Dwellings excluding houses ;  Private Sector ;,A421392F,Building Approvals,Number,Month
1985-04-01,593,Total number of dwelling units ;  Victoria ;  Dwellings excluding houses ;  Private Sector ;,A421392F,Building Approvals,Number,Month
1985-05-01,594,Total number of dwelling units ;  Victoria ;  Dwellings excluding houses ;  Private Sector ;,A421392F,Building Approvals,Number,Month
1985-06-01,590,Total number of dwelling units ;  Victoria ;  Dwellings excluding houses ;  Private Sector ;,A421392F,Building Approvals,Number,Month
1985-07-01,591,Total number of dwelling units ;  Victoria ;  Dwellings excluding houses ;  Private Sector ;,A421392F,Building Approvals,Number,Month
1985-08-01,589,Total number of dwelling units ;  Victoria ;  Dwellings excluding houses ;  Private Sector ;,A421392F,Building Approvals,Number,Month
1985-09-01,579,Total number of dwelling units ;  Victoria ;  Dwellings excluding houses ;  Private Sector ;,A421392F,Building Approvals,Number,Month
1985-10-01,551,Total number of dwelling units ;  Victoria ;  Dwellings excluding houses ;  Private Sector ;,A421392F,Building Approvals,Number,Month
1985-11-01,512,Total number of dwelling units ;  Victoria ;  Dwellings excluding houses ;  Private Sector ;,A421392F,Building Approvals,Number,Month
1985-12-01,473,Total number of dwelling units ;  Victoria ;  Dwellings excluding houses ;  Private Sector ;,A421392F,Building Approvals,Number,Month
1986-01-01,441,Total number of dwelling units ;  Victoria ;  Dwellings excluding houses ;  Private Sector ;,A421392F,Building Approvals,Number,Month
1986-02-01,422,Total number of dwelling units ;  Victoria ;  Dwellings excluding houses ;  Private Sector ;,A421392F,Building Approvals,Number,Month
1986-03-01,413,Total number of dwelling units ;  Victoria ;  Dwellings excluding houses ;  Private Sector ;,A421392F,Building Approvals,Number,Month
1986-04-01,406,Total number of dwelling units ;  Victoria ;  Dwellings excluding houses ;  Private Sector ;,A421392F,Building Approvals,Number,Month
1986-05-01,401,Total number of dwelling units ;  Victoria ;  Dwellings excluding houses ;  Private Sector ;,A421392F,Building Approvals,Number,Month
1986-06-01,401,Total number of dwelling units ;  Victoria ;  Dwellings excluding houses ;  Private Sector ;,A421392F,Building Approvals,Number,Month
1986-07-01,409,Total number of dwelling units ;  Victoria ;  Dwellings excluding houses ;  Private Sector ;,A421392F,Building Approvals,Number,Month
1986-08-01,420,Total number of dwelling units ;  Victoria ;  Dwellings excluding houses ;  Private Sector ;,A421392F,Building Approvals,Number,Month
1986-09-01,426,Total number of dwelling units ;  Victoria ;  Dwellings excluding houses ;  Private Sector ;,A421392F,Building Approvals,Number,Month
1986-10-01,421,Total number of dwelling units ;  Victoria ;  Dwellings excluding houses ;  Private Sector ;,A421392F,Building Approvals,Number,Month
1986-11-01,408,Total number of dwelling units ;  Victoria ;  Dwellings excluding houses ;  Private Sector ;,A421392F,Building Approvals,Number,Month
1986-12-01,391,Total number of dwelling units ;  Victoria ;  Dwellings excluding houses ;  Private Sector ;,A421392F,Building Approvals,Number,Month
1987-01-01,373,Total number of dwelling units ;  Victoria ;  Dwellings excluding houses ;  Private Sector ;,A421392F,Building Approvals,Number,Month
1987-02-01,355,Total number of dwelling units ;  Victoria ;  Dwellings excluding houses ;  Private Sector ;,A421392F,Building Approvals,Number,Month
1987-03-01,340,Total number of dwelling units ;  Victoria ;  Dwellings excluding houses ;  Private Sector ;,A421392F,Building Approvals,Number,Month
1987-04-01,336,Total number of dwelling units ;  Victoria ;  Dwellings excluding houses ;  Private Sector ;,A421392F,Building Approvals,Number,Month
1987-05-01,341,Total number of dwelling units ;  Victoria ;  Dwellings excluding houses ;  Private Sector ;,A421392F,Building Approvals,Number,Month
1987-06-01,348,Total number of dwelling units ;  Victoria ;  Dwellings excluding houses ;  Private Sector ;,A421392F,Building Approvals,Number,Month
1987-07-01,352,Total number of dwelling units ;  Victoria ;  Dwellings excluding houses ;  Private Sector ;,A421392F,Building Approvals,Number,Month
1987-08-01,353,Total number of dwelling units ;  Victoria ;  Dwellings excluding houses ;  Private Sector ;,A421392F,Building Approvals,Number,Month
1987-09-01,351,Total number of dwelling units ;  Victoria ;  Dwellings excluding houses ;  Private Sector ;,A421392F,Building Approvals,Number,Month
1987-10-01,347,Total number of dwelling units ;  Victoria ;  Dwellings excluding houses ;  Private Sector ;,A421392F,Building Approvals,Number,Month
1987-11-01,344,Total number of dwelling units ;  Victoria ;  Dwellings excluding houses ;  Private Sector ;,A421392F,Building Approvals,Number,Month
1987-12-01,338,Total number of dwelling units ;  Victoria ;  Dwellings excluding houses ;  Private Sector ;,A421392F,Building Approvals,Number,Month
1988-01-01,328,Total number of dwelling units ;  Victoria ;  Dwellings excluding houses ;  Private Sector ;,A421392F,Building Approvals,Number,Month
1988-02-01,320,Total number of dwelling units ;  Victoria ;  Dwellings excluding houses ;  Private Sector ;,A421392F,Building Approvals,Number,Month
1988-03-01,317,Total number of dwelling units ;  Victoria ;  Dwellings excluding houses ;  Private Sector ;,A421392F,Building Approvals,Number,Month
1988-04-01,317,Total number of dwelling units ;  Victoria ;  Dwellings excluding houses ;  Private Sector ;,A421392F,Building Approvals,Number,Month
1988-05-01,315,Total number of dwelling units ;  Victoria ;  Dwellings excluding houses ;  Private Sector ;,A421392F,Building Approvals,Number,Month
1988-06-01,309,Total number of dwelling units ;  Victoria ;  Dwellings excluding houses ;  Private Sector ;,A421392F,Building Approvals,Number,Month
1988-07-01,301,Total number of dwelling units ;  Victoria ;  Dwellings excluding houses ;  Private Sector ;,A421392F,Building Approvals,Number,Month
1988-08-01,292,Total number of dwelling units ;  Victoria ;  Dwellings excluding houses ;  Private Sector ;,A421392F,Building Approvals,Number,Month
1988-09-01,279,Total number of dwelling units ;  Victoria ;  Dwellings excluding houses ;  Private Sector ;,A421392F,Building Approvals,Number,Month
1988-10-01,259,Total number of dwelling units ;  Victoria ;  Dwellings excluding houses ;  Private Sector ;,A421392F,Building Approvals,Number,Month
1988-11-01,240,Total number of dwelling units ;  Victoria ;  Dwellings excluding houses ;  Private Sector ;,A421392F,Building Approvals,Number,Month
1988-12-01,219,Total number of dwelling units ;  Victoria ;  Dwellings excluding houses ;  Private Sector ;,A421392F,Building Approvals,Number,Month
1989-01-01,202,Total number of dwelling units ;  Victoria ;  Dwellings excluding houses ;  Private Sector ;,A421392F,Building Approvals,Number,Month
1989-02-01,190,Total number of dwelling units ;  Victoria ;  Dwellings excluding houses ;  Private Sector ;,A421392F,Building Approvals,Number,Month
1989-03-01,185,Total number of dwelling units ;  Victoria ;  Dwellings excluding houses ;  Private Sector ;,A421392F,Building Approvals,Number,Month
1989-04-01,188,Total number of dwelling units ;  Victoria ;  Dwellings excluding houses ;  Private Sector ;,A421392F,Building Approvals,Number,Month
1989-05-01,194,Total number of dwelling units ;  Victoria ;  Dwellings excluding houses ;  Private Sector ;,A421392F,Building Approvals,Number,Month
1989-06-01,193,Total number of dwelling units ;  Victoria ;  Dwellings excluding houses ;  Private Sector ;,A421392F,Building Approvals,Number,Month
1989-07-01,177,Total number of dwelling units ;  Victoria ;  Dwellings excluding houses ;  Private Sector ;,A421392F,Building Approvals,Number,Month
1989-08-01,146,Total number of dwelling units ;  Victoria ;  Dwellings excluding houses ;  Private Sector ;,A421392F,Building Approvals,Number,Month
1989-09-01,114,Total number of dwelling units ;  Victoria ;  Dwellings excluding houses ;  Private Sector ;,A421392F,Building Approvals,Number,Month
1989-10-01,96,Total number of dwelling units ;  Victoria ;  Dwellings excluding houses ;  Private Sector ;,A421392F,Building Approvals,Number,Month
1989-11-01,99,Total number of dwelling units ;  Victoria ;  Dwellings excluding houses ;  Private Sector ;,A421392F,Building Approvals,Number,Month
1989-12-01,125,Total number of dwelling units ;  Victoria ;  Dwellings excluding houses ;  Private Sector ;,A421392F,Building Approvals,Number,Month
1990-01-01,165,Total number of dwelling units ;  Victoria ;  Dwellings excluding houses ;  Private Sector ;,A421392F,Building Approvals,Number,Month
1990-02-01,205,Total number of dwelling units ;  Victoria ;  Dwellings excluding houses ;  Private Sector ;,A421392F,Building Approvals,Number,Month
1990-03-01,240,Total number of dwelling units ;  Victoria ;  Dwellings excluding houses ;  Private Sector ;,A421392F,Building Approvals,Number,Month
1990-04-01,253,Total number of dwelling units ;  Victoria ;  Dwellings excluding houses ;  Private Sector ;,A421392F,Building Approvals,Number,Month
1990-05-01,242,Total number of dwelling units ;  Victoria ;  Dwellings excluding houses ;  Private Sector ;,A421392F,Building Approvals,Number,Month
1990-06-01,219,Total number of dwelling units ;  Victoria ;  Dwellings excluding houses ;  Private Sector ;,A421392F,Building Approvals,Number,Month
1990-07-01,199,Total number of dwelling units ;  Victoria ;  Dwellings excluding houses ;  Private Sector ;,A421392F,Building Approvals,Number,Month
1990-08-01,190,Total number of dwelling units ;  Victoria ;  Dwellings excluding houses ;  Private Sector ;,A421392F,Building Approvals,Number,Month
1990-09-01,190,Total number of dwelling units ;  Victoria ;  Dwellings excluding houses ;  Private Sector ;,A421392F,Building Approvals,Number,Month
1990-10-01,189,Total number of dwelling units ;  Victoria ;  Dwellings excluding houses ;  Private Sector ;,A421392F,Building Approvals,Number,Month
1990-11-01,182,Total number of dwelling units ;  Victoria ;  Dwellings excluding houses ;  Private Sector ;,A421392F,Building Approvals,Number,Month
1990-12-01,171,Total number of dwelling units ;  Victoria ;  Dwellings excluding houses ;  Private Sector ;,A421392F,Building Approvals,Number,Month
1991-01-01,156,Total number of dwelling units ;  Victoria ;  Dwellings excluding houses ;  Private Sector ;,A421392F,Building Approvals,Number,Month
1991-02-01,144,Total number of dwelling units ;  Victoria ;  Dwellings excluding houses ;  Private Sector ;,A421392F,Building Approvals,Number,Month
1991-03-01,139,Total number of dwelling units ;  Victoria ;  Dwellings excluding houses ;  Private Sector ;,A421392F,Building Approvals,Number,Month
1991-04-01,144,Total number of dwelling units ;  Victoria ;  Dwellings excluding houses ;  Private Sector ;,A421392F,Building Approvals,Number,Month
1991-05-01,154,Total number of dwelling units ;  Victoria ;  Dwellings excluding houses ;  Private Sector ;,A421392F,Building Approvals,Number,Month
1991-06-01,163,Total number of dwelling units ;  Victoria ;  Dwellings excluding houses ;  Private Sector ;,A421392F,Building Approvals,Number,Month
1991-07-01,167,Total number of dwelling units ;  Victoria ;  Dwellings excluding houses ;  Private Sector ;,A421392F,Building Approvals,Number,Month
1991-08-01,167,Total number of dwelling units ;  Victoria ;  Dwellings excluding houses ;  Private Sector ;,A421392F,Building Approvals,Number,Month
1991-09-01,162,Total number of dwelling units ;  Victoria ;  Dwellings excluding houses ;  Private Sector ;,A421392F,Building Approvals,Number,Month
1991-10-01,155,Total number of dwelling units ;  Victoria ;  Dwellings excluding houses ;  Private Sector ;,A421392F,Building Approvals,Number,Month
1991-11-01,145,Total number of dwelling units ;  Victoria ;  Dwellings excluding houses ;  Private Sector ;,A421392F,Building Approvals,Number,Month
1991-12-01,139,Total number of dwelling units ;  Victoria ;  Dwellings excluding houses ;  Private Sector ;,A421392F,Building Approvals,Number,Month
1992-01-01,141,Total number of dwelling units ;  Victoria ;  Dwellings excluding houses ;  Private Sector ;,A421392F,Building Approvals,Number,Month
1992-02-01,151,Total number of dwelling units ;  Victoria ;  Dwellings excluding houses ;  Private Sector ;,A421392F,Building Approvals,Number,Month
1992-03-01,166,Total number of dwelling units ;  Victoria ;  Dwellings excluding houses ;  Private Sector ;,A421392F,Building Approvals,Number,Month
1992-04-01,181,Total number of dwelling units ;  Victoria ;  Dwellings excluding houses ;  Private Sector ;,A421392F,Building Approvals,Number,Month
1992-05-01,187,Total number of dwelling units ;  Victoria ;  Dwellings excluding houses ;  Private Sector ;,A421392F,Building Approvals,Number,Month
1992-06-01,180,Total number of dwelling units ;  Victoria ;  Dwellings excluding houses ;  Private Sector ;,A421392F,Building Approvals,Number,Month
1992-07-01,170,Total number of dwelling units ;  Victoria ;  Dwellings excluding houses ;  Private Sector ;,A421392F,Building Approvals,Number,Month
1992-08-01,161,Total number of dwelling units ;  Victoria ;  Dwellings excluding houses ;  Private Sector ;,A421392F,Building Approvals,Number,Month
1992-09-01,160,Total number of dwelling units ;  Victoria ;  Dwellings excluding houses ;  Private Sector ;,A421392F,Building Approvals,Number,Month
1992-10-01,166,Total number of dwelling units ;  Victoria ;  Dwellings excluding houses ;  Private Sector ;,A421392F,Building Approvals,Number,Month
1992-11-01,179,Total number of dwelling units ;  Victoria ;  Dwellings excluding houses ;  Private Sector ;,A421392F,Building Approvals,Number,Month
1992-12-01,194,Total number of dwelling units ;  Victoria ;  Dwellings excluding houses ;  Private Sector ;,A421392F,Building Approvals,Number,Month
1993-01-01,202,Total number of dwelling units ;  Victoria ;  Dwellings excluding houses ;  Private Sector ;,A421392F,Building Approvals,Number,Month
1993-02-01,206,Total number of dwelling units ;  Victoria ;  Dwellings excluding houses ;  Private Sector ;,A421392F,Building Approvals,Number,Month
1993-03-01,205,Total number of dwelling units ;  Victoria ;  Dwellings excluding houses ;  Private Sector ;,A421392F,Building Approvals,Number,Month
1993-04-01,204,Total number of dwelling units ;  Victoria ;  Dwellings excluding houses ;  Private Sector ;,A421392F,Building Approvals,Number,Month
1993-05-01,208,Total number of dwelling units ;  Victoria ;  Dwellings excluding houses ;  Private Sector ;,A421392F,Building Approvals,Number,Month
1993-06-01,222,Total number of dwelling units ;  Victoria ;  Dwellings excluding houses ;  Private Sector ;,A421392F,Building Approvals,Number,Month
1993-07-01,248,Total number of dwelling units ;  Victoria ;  Dwellings excluding houses ;  Private Sector ;,A421392F,Building Approvals,Number,Month
1993-08-01,286,Total number of dwelling units ;  Victoria ;  Dwellings excluding houses ;  Private Sector ;,A421392F,Building Approvals,Number,Month
1993-09-01,331,Total number of dwelling units ;  Victoria ;  Dwellings excluding houses ;  Private Sector ;,A421392F,Building Approvals,Number,Month
1993-10-01,364,Total number of dwelling units ;  Victoria ;  Dwellings excluding houses ;  Private Sector ;,A421392F,Building Approvals,Number,Month
1993-11-01,366,Total number of dwelling units ;  Victoria ;  Dwellings excluding houses ;  Private Sector ;,A421392F,Building Approvals,Number,Month
1993-12-01,352,Total number of dwelling units ;  Victoria ;  Dwellings excluding houses ;  Private Sector ;,A421392F,Building Approvals,Number,Month
1994-01-01,341,Total number of dwelling units ;  Victoria ;  Dwellings excluding houses ;  Private Sector ;,A421392F,Building Approvals,Number,Month
1994-02-01,336,Total number of dwelling units ;  Victoria ;  Dwellings excluding houses ;  Private Sector ;,A421392F,Building Approvals,Number,Month
1994-03-01,343,Total number of dwelling units ;  Victoria ;  Dwellings excluding houses ;  Private Sector ;,A421392F,Building Approvals,Number,Month
1994-04-01,350,Total number of dwelling units ;  Victoria ;  Dwellings excluding houses ;  Private Sector ;,A421392F,Building Approvals,Number,Month
1994-05-01,355,Total number of dwelling units ;  Victoria ;  Dwellings excluding houses ;  Private Sector ;,A421392F,Building Approvals,Number,Month
1994-06-01,359,Total number of dwelling units ;  Victoria ;  Dwellings excluding houses ;  Private Sector ;,A421392F,Building Approvals,Number,Month
1994-07-01,368,Total number of dwelling units ;  Victoria ;  Dwellings excluding houses ;  Private Sector ;,A421392F,Building Approvals,Number,Month
1994-08-01,381,Total number of dwelling units ;  Victoria ;  Dwellings excluding houses ;  Private Sector ;,A421392F,Building Approvals,Number,Month
1994-09-01,395,Total number of dwelling units ;  Victoria ;  Dwellings excluding houses ;  Private Sector ;,A421392F,Building Approvals,Number,Month
1994-10-01,407,Total number of dwelling units ;  Victoria ;  Dwellings excluding houses ;  Private Sector ;,A421392F,Building Approvals,Number,Month
1994-11-01,414,Total number of dwelling units ;  Victoria ;  Dwellings excluding houses ;  Private Sector ;,A421392F,Building Approvals,Number,Month
1994-12-01,403,Total number of dwelling units ;  Victoria ;  Dwellings excluding houses ;  Private Sector ;,A421392F,Building Approvals,Number,Month
1995-01-01,373,Total number of dwelling units ;  Victoria ;  Dwellings excluding houses ;  Private Sector ;,A421392F,Building Approvals,Number,Month
1995-02-01,343,Total number of dwelling units ;  Victoria ;  Dwellings excluding houses ;  Private Sector ;,A421392F,Building Approvals,Number,Month
1995-03-01,310,Total number of dwelling units ;  Victoria ;  Dwellings excluding houses ;  Private Sector ;,A421392F,Building Approvals,Number,Month
1995-04-01,274,Total number of dwelling units ;  Victoria ;  Dwellings excluding houses ;  Private Sector ;,A421392F,Building Approvals,Number,Month
1995-05-01,247,Total number of dwelling units ;  Victoria ;  Dwellings excluding houses ;  Private Sector ;,A421392F,Building Approvals,Number,Month
1995-06-01,214,Total number of dwelling units ;  Victoria ;  Dwellings excluding houses ;  Private Sector ;,A421392F,Building Approvals,Number,Month
1995-07-01,192,Total number of dwelling units ;  Victoria ;  Dwellings excluding houses ;  Private Sector ;,A421392F,Building Approvals,Number,Month
1995-08-01,177,Total number of dwelling units ;  Victoria ;  Dwellings excluding houses ;  Private Sector ;,A421392F,Building Approvals,Number,Month
1995-09-01,173,Total number of dwelling units ;  Victoria ;  Dwellings excluding houses ;  Private Sector ;,A421392F,Building Approvals,Number,Month
1995-10-01,183,Total number of dwelling units ;  Victoria ;  Dwellings excluding houses ;  Private Sector ;,A421392F,Building Approvals,Number,Month
1995-11-01,215,Total number of dwelling units ;  Victoria ;  Dwellings excluding houses ;  Private Sector ;,A421392F,Building Approvals,Number,Month
1995-12-01,268,Total number of dwelling units ;  Victoria ;  Dwellings excluding houses ;  Private Sector ;,A421392F,Building Approvals,Number,Month
1996-01-01,329,Total number of dwelling units ;  Victoria ;  Dwellings excluding houses ;  Private Sector ;,A421392F,Building Approvals,Number,Month
1996-02-01,389,Total number of dwelling units ;  Victoria ;  Dwellings excluding houses ;  Private Sector ;,A421392F,Building Approvals,Number,Month
1996-03-01,449,Total number of dwelling units ;  Victoria ;  Dwellings excluding houses ;  Private Sector ;,A421392F,Building Approvals,Number,Month
1996-04-01,492,Total number of dwelling units ;  Victoria ;  Dwellings excluding houses ;  Private Sector ;,A421392F,Building Approvals,Number,Month
1996-05-01,519,Total number of dwelling units ;  Victoria ;  Dwellings excluding houses ;  Private Sector ;,A421392F,Building Approvals,Number,Month
1996-06-01,543,Total number of dwelling units ;  Victoria ;  Dwellings excluding houses ;  Private Sector ;,A421392F,Building Approvals,Number,Month
1996-07-01,566,Total number of dwelling units ;  Victoria ;  Dwellings excluding houses ;  Private Sector ;,A421392F,Building Approvals,Number,Month
1996-08-01,579,Total number of dwelling units ;  Victoria ;  Dwellings excluding houses ;  Private Sector ;,A421392F,Building Approvals,Number,Month
1996-09-01,595,Total number of dwelling units ;  Victoria ;  Dwellings excluding houses ;  Private Sector ;,A421392F,Building Approvals,Number,Month
1996-10-01,607,Total number of dwelling units ;  Victoria ;  Dwellings excluding houses ;  Private Sector ;,A421392F,Building Approvals,Number,Month
1996-11-01,620,Total number of dwelling units ;  Victoria ;  Dwellings excluding houses ;  Private Sector ;,A421392F,Building Approvals,Number,Month
1996-12-01,638,Total number of dwelling units ;  Victoria ;  Dwellings excluding houses ;  Private Sector ;,A421392F,Building Approvals,Number,Month
1997-01-01,657,Total number of dwelling units ;  Victoria ;  Dwellings excluding houses ;  Private Sector ;,A421392F,Building Approvals,Number,Month
1997-02-01,664,Total number of dwelling units ;  Victoria ;  Dwellings excluding houses ;  Private Sector ;,A421392F,Building Approvals,Number,Month
1997-03-01,656,Total number of dwelling units ;  Victoria ;  Dwellings excluding houses ;  Private Sector ;,A421392F,Building Approvals,Number,Month
1997-04-01,645,Total number of dwelling units ;  Victoria ;  Dwellings excluding houses ;  Private Sector ;,A421392F,Building Approvals,Number,Month
1997-05-01,639,Total number of dwelling units ;  Victoria ;  Dwellings excluding houses ;  Private Sector ;,A421392F,Building Approvals,Number,Month
1997-06-01,634,Total number of dwelling units ;  Victoria ;  Dwellings excluding houses ;  Private Sector ;,A421392F,Building Approvals,Number,Month
1997-07-01,643,Total number of dwelling units ;  Victoria ;  Dwellings excluding houses ;  Private Sector ;,A421392F,Building Approvals,Number,Month
1997-08-01,655,Total number of dwelling units ;  Victoria ;  Dwellings excluding houses ;  Private Sector ;,A421392F,Building Approvals,Number,Month
1997-09-01,651,Total number of dwelling units ;  Victoria ;  Dwellings excluding houses ;  Private Sector ;,A421392F,Building Approvals,Number,Month
1997-10-01,631,Total number of dwelling units ;  Victoria ;  Dwellings excluding houses ;  Private Sector ;,A421392F,Building Approvals,Number,Month
1997-11-01,623,Total number of dwelling units ;  Victoria ;  Dwellings excluding houses ;  Private Sector ;,A421392F,Building Approvals,Number,Month
1997-12-01,634,Total number of dwelling units ;  Victoria ;  Dwellings excluding houses ;  Private Sector ;,A421392F,Building Approvals,Number,Month
1998-01-01,661,Total number of dwelling units ;  Victoria ;  Dwellings excluding houses ;  Private Sector ;,A421392F,Building Approvals,Number,Month
1998-02-01,685,Total number of dwelling units ;  Victoria ;  Dwellings excluding houses ;  Private Sector ;,A421392F,Building Approvals,Number,Month
1998-03-01,699,Total number of dwelling units ;  Victoria ;  Dwellings excluding houses ;  Private Sector ;,A421392F,Building Approvals,Number,Month
1998-04-01,696,Total number of dwelling units ;  Victoria ;  Dwellings excluding houses ;  Private Sector ;,A421392F,Building Approvals,Number,Month
1998-05-01,676,Total number of dwelling units ;  Victoria ;  Dwellings excluding houses ;  Private Sector ;,A421392F,Building Approvals,Number,Month
1998-06-01,653,Total number of dwelling units ;  Victoria ;  Dwellings excluding houses ;  Private Sector ;,A421392F,Building Approvals,Number,Month
1998-07-01,649,Total number of dwelling units ;  Victoria ;  Dwellings excluding houses ;  Private Sector ;,A421392F,Building Approvals,Number,Month
1998-08-01,671,Total number of dwelling units ;  Victoria ;  Dwellings excluding houses ;  Private Sector ;,A421392F,Building Approvals,Number,Month
1998-09-01,727,Total number of dwelling units ;  Victoria ;  Dwellings excluding houses ;  Private Sector ;,A421392F,Building Approvals,Number,Month
1998-10-01,800,Total number of dwelling units ;  Victoria ;  Dwellings excluding houses ;  Private Sector ;,A421392F,Building Approvals,Number,Month
1998-11-01,876,Total number of dwelling units ;  Victoria ;  Dwellings excluding houses ;  Private Sector ;,A421392F,Building Approvals,Number,Month
1998-12-01,949,Total number of dwelling units ;  Victoria ;  Dwellings excluding houses ;  Private Sector ;,A421392F,Building Approvals,Number,Month
1999-01-01,996,Total number of dwelling units ;  Victoria ;  Dwellings excluding houses ;  Private Sector ;,A421392F,Building Approvals,Number,Month
1999-02-01,989,Total number of dwelling units ;  Victoria ;  Dwellings excluding houses ;  Private Sector ;,A421392F,Building Approvals,Number,Month
1999-03-01,958,Total number of dwelling units ;  Victoria ;  Dwellings excluding houses ;  Private Sector ;,A421392F,Building Approvals,Number,Month
1999-04-01,929,Total number of dwelling units ;  Victoria ;  Dwellings excluding houses ;  Private Sector ;,A421392F,Building Approvals,Number,Month
1999-05-01,922,Total number of dwelling units ;  Victoria ;  Dwellings excluding houses ;  Private Sector ;,A421392F,Building Approvals,Number,Month
1999-06-01,945,Total number of dwelling units ;  Victoria ;  Dwellings excluding houses ;  Private Sector ;,A421392F,Building Approvals,Number,Month
1999-07-01,969,Total number of dwelling units ;  Victoria ;  Dwellings excluding houses ;  Private Sector ;,A421392F,Building Approvals,Number,Month
1999-08-01,995,Total number of dwelling units ;  Victoria ;  Dwellings excluding houses ;  Private Sector ;,A421392F,Building Approvals,Number,Month
1999-09-01,1031,Total number of dwelling units ;  Victoria ;  Dwellings excluding houses ;  Private Sector ;,A421392F,Building Approvals,Number,Month
1999-10-01,1067,Total number of dwelling units ;  Victoria ;  Dwellings excluding houses ;  Private Sector ;,A421392F,Building Approvals,Number,Month
1999-11-01,1118,Total number of dwelling units ;  Victoria ;  Dwellings excluding houses ;  Private Sector ;,A421392F,Building Approvals,Number,Month
1999-12-01,1175,Total number of dwelling units ;  Victoria ;  Dwellings excluding houses ;  Private Sector ;,A421392F,Building Approvals,Number,Month
2000-01-01,1217,Total number of dwelling units ;  Victoria ;  Dwellings excluding houses ;  Private Sector ;,A421392F,Building Approvals,Number,Month
2000-02-01,1232,Total number of dwelling units ;  Victoria ;  Dwellings excluding houses ;  Private Sector ;,A421392F,Building Approvals,Number,Month
2000-03-01,1208,Total number of dwelling units ;  Victoria ;  Dwellings excluding houses ;  Private Sector ;,A421392F,Building Approvals,Number,Month
2000-04-01,1148,Total number of dwelling units ;  Victoria ;  Dwellings excluding houses ;  Private Sector ;,A421392F,Building Approvals,Number,Month
2000-05-01,1084,Total number of dwelling units ;  Victoria ;  Dwellings excluding houses ;  Private Sector ;,A421392F,Building Approvals,Number,Month
2000-06-01,1002,Total number of dwelling units ;  Victoria ;  Dwellings excluding houses ;  Private Sector ;,A421392F,Building Approvals,Number,Month
2000-07-01,921,Total number of dwelling units ;  Victoria ;  Dwellings excluding houses ;  Private Sector ;,A421392F,Building Approvals,Number,Month
2000-08-01,862,Total number of dwelling units ;  Victoria ;  Dwellings excluding houses ;  Private Sector ;,A421392F,Building Approvals,Number,Month
2000-09-01,817,Total number of dwelling units ;  Victoria ;  Dwellings excluding houses ;  Private Sector ;,A421392F,Building Approvals,Number,Month
2000-10-01,813,Total number of dwelling units ;  Victoria ;  Dwellings excluding houses ;  Private Sector ;,A421392F,Building Approvals,Number,Month
2000-11-01,845,Total number of dwelling units ;  Victoria ;  Dwellings excluding houses ;  Private Sector ;,A421392F,Building Approvals,Number,Month
2000-12-01,905,Total number of dwelling units ;  Victoria ;  Dwellings excluding houses ;  Private Sector ;,A421392F,Building Approvals,Number,Month
2001-01-01,966,Total number of dwelling units ;  Victoria ;  Dwellings excluding houses ;  Private Sector ;,A421392F,Building Approvals,Number,Month
2001-02-01,966,Total number of dwelling units ;  Victoria ;  Dwellings excluding houses ;  Private Sector ;,A421392F,Building Approvals,Number,Month
2001-03-01,908,Total number of dwelling units ;  Victoria ;  Dwellings excluding houses ;  Private Sector ;,A421392F,Building Approvals,Number,Month
2001-04-01,862,Total number of dwelling units ;  Victoria ;  Dwellings excluding houses ;  Private Sector ;,A421392F,Building Approvals,Number,Month
2001-05-01,888,Total number of dwelling units ;  Victoria ;  Dwellings excluding houses ;  Private Sector ;,A421392F,Building Approvals,Number,Month
2001-06-01,982,Total number of dwelling units ;  Victoria ;  Dwellings excluding houses ;  Private Sector ;,A421392F,Building Approvals,Number,Month
2001-07-01,1091,Total number of dwelling units ;  Victoria ;  Dwellings excluding houses ;  Private Sector ;,A421392F,Building Approvals,Number,Month
2001-08-01,1163,Total number of dwelling units ;  Victoria ;  Dwellings excluding houses ;  Private Sector ;,A421392F,Building Approvals,Number,Month
2001-09-01,1181,Total number of dwelling units ;  Victoria ;  Dwellings excluding houses ;  Private Sector ;,A421392F,Building Approvals,Number,Month
2001-10-01,1125,Total number of dwelling units ;  Victoria ;  Dwellings excluding houses ;  Private Sector ;,A421392F,Building Approvals,Number,Month
2001-11-01,1013,Total number of dwelling units ;  Victoria ;  Dwellings excluding houses ;  Private Sector ;,A421392F,Building Approvals,Number,Month
2001-12-01,898,Total number of dwelling units ;  Victoria ;  Dwellings excluding houses ;  Private Sector ;,A421392F,Building Approvals,Number,Month
2002-01-01,818,Total number of dwelling units ;  Victoria ;  Dwellings excluding houses ;  Private Sector ;,A421392F,Building Approvals,Number,Month
2002-02-01,781,Total number of dwelling units ;  Victoria ;  Dwellings excluding houses ;  Private Sector ;,A421392F,Building Approvals,Number,Month
2002-03-01,814,Total number of dwelling units ;  Victoria ;  Dwellings excluding houses ;  Private Sector ;,A421392F,Building Approvals,Number,Month
2002-04-01,897,Total number of dwelling units ;  Victoria ;  Dwellings excluding houses ;  Private Sector ;,A421392F,Building Approvals,Number,Month
2002-05-01,1041,Total number of dwelling units ;  Victoria ;  Dwellings excluding houses ;  Private Sector ;,A421392F,Building Approvals,Number,Month
2002-06-01,1219,Total number of dwelling units ;  Victoria ;  Dwellings excluding houses ;  Private Sector ;,A421392F,Building Approvals,Number,Month
2002-07-01,1373,Total number of dwelling units ;  Victoria ;  Dwellings excluding houses ;  Private Sector ;,A421392F,Building Approvals,Number,Month
2002-08-01,1443,Total number of dwelling units ;  Victoria ;  Dwellings excluding houses ;  Private Sector ;,A421392F,Building Approvals,Number,Month
2002-09-01,1405,Total number of dwelling units ;  Victoria ;  Dwellings excluding houses ;  Private Sector ;,A421392F,Building Approvals,Number,Month
2002-10-01,1262,Total number of dwelling units ;  Victoria ;  Dwellings excluding houses ;  Private Sector ;,A421392F,Building Approvals,Number,Month
2002-11-01,1090,Total number of dwelling units ;  Victoria ;  Dwellings excluding houses ;  Private Sector ;,A421392F,Building Approvals,Number,Month
2002-12-01,963,Total number of dwelling units ;  Victoria ;  Dwellings excluding houses ;  Private Sector ;,A421392F,Building Approvals,Number,Month
2003-01-01,940,Total number of dwelling units ;  Victoria ;  Dwellings excluding houses ;  Private Sector ;,A421392F,Building Approvals,Number,Month
2003-02-01,1000,Total number of dwelling units ;  Victoria ;  Dwellings excluding houses ;  Private Sector ;,A421392F,Building Approvals,Number,Month
2003-03-01,1064,Total number of dwelling units ;  Victoria ;  Dwellings excluding houses ;  Private Sector ;,A421392F,Building Approvals,Number,Month
2003-04-01,1057,Total number of dwelling units ;  Victoria ;  Dwellings excluding houses ;  Private Sector ;,A421392F,Building Approvals,Number,Month
2003-05-01,1035,Total number of dwelling units ;  Victoria ;  Dwellings excluding houses ;  Private Sector ;,A421392F,Building Approvals,Number,Month
2003-06-01,1014,Total number of dwelling units ;  Victoria ;  Dwellings excluding houses ;  Private Sector ;,A421392F,Building Approvals,Number,Month
2003-07-01,1005,Total number of dwelling units ;  Victoria ;  Dwellings excluding houses ;  Private Sector ;,A421392F,Building Approvals,Number,Month
2003-08-01,1023,Total number of dwelling units ;  Victoria ;  Dwellings excluding houses ;  Private Sector ;,A421392F,Building Approvals,Number,Month
2003-09-01,1063,Total number of dwelling units ;  Victoria ;  Dwellings excluding houses ;  Private Sector ;,A421392F,Building Approvals,Number,Month
2003-10-01,1104,Total number of dwelling units ;  Victoria ;  Dwellings excluding houses ;  Private Sector ;,A421392F,Building Approvals,Number,Month
2003-11-01,1095,Total number of dwelling units ;  Victoria ;  Dwellings excluding houses ;  Private Sector ;,A421392F,Building Approvals,Number,Month
2003-12-01,1023,Total number of dwelling units ;  Victoria ;  Dwellings excluding houses ;  Private Sector ;,A421392F,Building Approvals,Number,Month
2004-01-01,943,Total number of dwelling units ;  Victoria ;  Dwellings excluding houses ;  Private Sector ;,A421392F,Building Approvals,Number,Month
2004-02-01,883,Total number of dwelling units ;  Victoria ;  Dwellings excluding houses ;  Private Sector ;,A421392F,Building Approvals,Number,Month
2004-03-01,870,Total number of dwelling units ;  Victoria ;  Dwellings excluding houses ;  Private Sector ;,A421392F,Building Approvals,Number,Month
2004-04-01,874,Total number of dwelling units ;  Victoria ;  Dwellings excluding houses ;  Private Sector ;,A421392F,Building Approvals,Number,Month
2004-05-01,873,Total number of dwelling units ;  Victoria ;  Dwellings excluding houses ;  Private Sector ;,A421392F,Building Approvals,Number,Month
2004-06-01,865,Total number of dwelling units ;  Victoria ;  Dwellings excluding houses ;  Private Sector ;,A421392F,Building Approvals,Number,Month
2004-07-01,878,Total number of dwelling units ;  Victoria ;  Dwellings excluding houses ;  Private Sector ;,A421392F,Building Approvals,Number,Month
2004-08-01,882,Total number of dwelling units ;  Victoria ;  Dwellings excluding houses ;  Private Sector ;,A421392F,Building Approvals,Number,Month
2004-09-01,856,Total number of dwelling units ;  Victoria ;  Dwellings excluding houses ;  Private Sector ;,A421392F,Building Approvals,Number,Month
2004-10-01,808,Total number of dwelling units ;  Victoria ;  Dwellings excluding houses ;  Private Sector ;,A421392F,Building Approvals,Number,Month
2004-11-01,755,Total number of dwelling units ;  Victoria ;  Dwellings excluding houses ;  Private Sector ;,A421392F,Building Approvals,Number,Month
2004-12-01,710,Total number of dwelling units ;  Victoria ;  Dwellings excluding houses ;  Private Sector ;,A421392F,Building Approvals,Number,Month
2005-01-01,718,Total number of dwelling units ;  Victoria ;  Dwellings excluding houses ;  Private Sector ;,A421392F,Building Approvals,Number,Month
2005-02-01,802,Total number of dwelling units ;  Victoria ;  Dwellings excluding houses ;  Private Sector ;,A421392F,Building Approvals,Number,Month
2005-03-01,924,Total number of dwelling units ;  Victoria ;  Dwellings excluding houses ;  Private Sector ;,A421392F,Building Approvals,Number,Month
2005-04-01,1016,Total number of dwelling units ;  Victoria ;  Dwellings excluding houses ;  Private Sector ;,A421392F,Building Approvals,Number,Month
2005-05-01,1041,Total number of dwelling units ;  Victoria ;  Dwellings excluding houses ;  Private Sector ;,A421392F,Building Approvals,Number,Month
2005-06-01,986,Total number of dwelling units ;  Victoria ;  Dwellings excluding houses ;  Private Sector ;,A421392F,Building Approvals,Number,Month
2005-07-01,877,Total number of dwelling units ;  Victoria ;  Dwellings excluding houses ;  Private Sector ;,A421392F,Building Approvals,Number,Month
2005-08-01,749,Total number of dwelling units ;  Victoria ;  Dwellings excluding houses ;  Private Sector ;,A421392F,Building Approvals,Number,Month
2005-09-01,639,Total number of dwelling units ;  Victoria ;  Dwellings excluding houses ;  Private Sector ;,A421392F,Building Approvals,Number,Month
2005-10-01,572,Total number of dwelling units ;  Victoria ;  Dwellings excluding houses ;  Private Sector ;,A421392F,Building Approvals,Number,Month
2005-11-01,548,Total number of dwelling units ;  Victoria ;  Dwellings excluding houses ;  Private Sector ;,A421392F,Building Approvals,Number,Month
2005-12-01,555,Total number of dwelling units ;  Victoria ;  Dwellings excluding houses ;  Private Sector ;,A421392F,Building Approvals,Number,Month
2006-01-01,572,Total number of dwelling units ;  Victoria ;  Dwellings excluding houses ;  Private Sector ;,A421392F,Building Approvals,Number,Month
2006-02-01,605,Total number of dwelling units ;  Victoria ;  Dwellings excluding houses ;  Private Sector ;,A421392F,Building Approvals,Number,Month
2006-03-01,674,Total number of dwelling units ;  Victoria ;  Dwellings excluding houses ;  Private Sector ;,A421392F,Building Approvals,Number,Month
2006-04-01,747,Total number of dwelling units ;  Victoria ;  Dwellings excluding houses ;  Private Sector ;,A421392F,Building Approvals,Number,Month
2006-05-01,792,Total number of dwelling units ;  Victoria ;  Dwellings excluding houses ;  Private Sector ;,A421392F,Building Approvals,Number,Month
2006-06-01,791,Total number of dwelling units ;  Victoria ;  Dwellings excluding houses ;  Private Sector ;,A421392F,Building Approvals,Number,Month
2006-07-01,767,Total number of dwelling units ;  Victoria ;  Dwellings excluding houses ;  Private Sector ;,A421392F,Building Approvals,Number,Month
2006-08-01,728,Total number of dwelling units ;  Victoria ;  Dwellings excluding houses ;  Private Sector ;,A421392F,Building Approvals,Number,Month
2006-09-01,692,Total number of dwelling units ;  Victoria ;  Dwellings excluding houses ;  Private Sector ;,A421392F,Building Approvals,Number,Month
2006-10-01,673,Total number of dwelling units ;  Victoria ;  Dwellings excluding houses ;  Private Sector ;,A421392F,Building Approvals,Number,Month
2006-11-01,675,Total number of dwelling units ;  Victoria ;  Dwellings excluding houses ;  Private Sector ;,A421392F,Building Approvals,Number,Month
2006-12-01,705,Total number of dwelling units ;  Victoria ;  Dwellings excluding houses ;  Private Sector ;,A421392F,Building Approvals,Number,Month
2007-01-01,743,Total number of dwelling units ;  Victoria ;  Dwellings excluding houses ;  Private Sector ;,A421392F,Building Approvals,Number,Month
2007-02-01,777,Total number of dwelling units ;  Victoria ;  Dwellings excluding houses ;  Private Sector ;,A421392F,Building Approvals,Number,Month
2007-03-01,785,Total number of dwelling units ;  Victoria ;  Dwellings excluding houses ;  Private Sector ;,A421392F,Building Approvals,Number,Month
2007-04-01,789,Total number of dwelling units ;  Victoria ;  Dwellings excluding houses ;  Private Sector ;,A421392F,Building Approvals,Number,Month
2007-05-01,819,Total number of dwelling units ;  Victoria ;  Dwellings excluding houses ;  Private Sector ;,A421392F,Building Approvals,Number,Month
2007-06-01,882,Total number of dwelling units ;  Victoria ;  Dwellings excluding houses ;  Private Sector ;,A421392F,Building Approvals,Number,Month
2007-07-01,967,Total number of dwelling units ;  Victoria ;  Dwellings excluding houses ;  Private Sector ;,A421392F,Building Approvals,Number,Month
2007-08-01,1036,Total number of dwelling units ;  Victoria ;  Dwellings excluding houses ;  Private Sector ;,A421392F,Building Approvals,Number,Month
2007-09-01,1077,Total number of dwelling units ;  Victoria ;  Dwellings excluding houses ;  Private Sector ;,A421392F,Building Approvals,Number,Month
2007-10-01,1069,Total number of dwelling units ;  Victoria ;  Dwellings excluding houses ;  Private Sector ;,A421392F,Building Approvals,Number,Month
2007-11-01,1017,Total number of dwelling units ;  Victoria ;  Dwellings excluding houses ;  Private Sector ;,A421392F,Building Approvals,Number,Month
2007-12-01,930,Total number of dwelling units ;  Victoria ;  Dwellings excluding houses ;  Private Sector ;,A421392F,Building Approvals,Number,Month
2008-01-01,841,Total number of dwelling units ;  Victoria ;  Dwellings excluding houses ;  Private Sector ;,A421392F,Building Approvals,Number,Month
2008-02-01,794,Total number of dwelling units ;  Victoria ;  Dwellings excluding houses ;  Private Sector ;,A421392F,Building Approvals,Number,Month
2008-03-01,803,Total number of dwelling units ;  Victoria ;  Dwellings excluding houses ;  Private Sector ;,A421392F,Building Approvals,Number,Month
2008-04-01,850,Total number of dwelling units ;  Victoria ;  Dwellings excluding houses ;  Private Sector ;,A421392F,Building Approvals,Number,Month
2008-05-01,912,Total number of dwelling units ;  Victoria ;  Dwellings excluding houses ;  Private Sector ;,A421392F,Building Approvals,Number,Month
2008-06-01,970,Total number of dwelling units ;  Victoria ;  Dwellings excluding houses ;  Private Sector ;,A421392F,Building Approvals,Number,Month
2008-07-01,1015,Total number of dwelling units ;  Victoria ;  Dwellings excluding houses ;  Private Sector ;,A421392F,Building Approvals,Number,Month
2008-08-01,1012,Total number of dwelling units ;  Victoria ;  Dwellings excluding houses ;  Private Sector ;,A421392F,Building Approvals,Number,Month
2008-09-01,948,Total number of dwelling units ;  Victoria ;  Dwellings excluding houses ;  Private Sector ;,A421392F,Building Approvals,Number,Month
2008-10-01,868,Total number of dwelling units ;  Victoria ;  Dwellings excluding houses ;  Private Sector ;,A421392F,Building Approvals,Number,Month
2008-11-01,834,Total number of dwelling units ;  Victoria ;  Dwellings excluding houses ;  Private Sector ;,A421392F,Building Approvals,Number,Month
2008-12-01,842,Total number of dwelling units ;  Victoria ;  Dwellings excluding houses ;  Private Sector ;,A421392F,Building Approvals,Number,Month
2009-01-01,862,Total number of dwelling units ;  Victoria ;  Dwellings excluding houses ;  Private Sector ;,A421392F,Building Approvals,Number,Month
2009-02-01,891,Total number of dwelling units ;  Victoria ;  Dwellings excluding houses ;  Private Sector ;,A421392F,Building Approvals,Number,Month
2009-03-01,915,Total number of dwelling units ;  Victoria ;  Dwellings excluding houses ;  Private Sector ;,A421392F,Building Approvals,Number,Month
2009-04-01,940,Total number of dwelling units ;  Victoria ;  Dwellings excluding houses ;  Private Sector ;,A421392F,Building Approvals,Number,Month
2009-05-01,963,Total number of dwelling units ;  Victoria ;  Dwellings excluding houses ;  Private Sector ;,A421392F,Building Approvals,Number,Month
2009-06-01,986,Total number of dwelling units ;  Victoria ;  Dwellings excluding houses ;  Private Sector ;,A421392F,Building Approvals,Number,Month
2009-07-01,1037,Total number of dwelling units ;  Victoria ;  Dwellings excluding houses ;  Private Sector ;,A421392F,Building Approvals,Number,Month
2009-08-01,1108,Total number of dwelling units ;  Victoria ;  Dwellings excluding houses ;  Private Sector ;,A421392F,Building Approvals,Number,Month
2009-09-01,1160,Total number of dwelling units ;  Victoria ;  Dwellings excluding houses ;  Private Sector ;,A421392F,Building Approvals,Number,Month
2009-10-01,1169,Total number of dwelling units ;  Victoria ;  Dwellings excluding houses ;  Private Sector ;,A421392F,Building Approvals,Number,Month
2009-11-01,1173,Total number of dwelling units ;  Victoria ;  Dwellings excluding houses ;  Private Sector ;,A421392F,Building Approvals,Number,Month
2009-12-01,1221,Total number of dwelling units ;  Victoria ;  Dwellings excluding houses ;  Private Sector ;,A421392F,Building Approvals,Number,Month
2010-01-01,1306,Total number of dwelling units ;  Victoria ;  Dwellings excluding houses ;  Private Sector ;,A421392F,Building Approvals,Number,Month
2010-02-01,1410,Total number of dwelling units ;  Victoria ;  Dwellings excluding houses ;  Private Sector ;,A421392F,Building Approvals,Number,Month
2010-03-01,1543,Total number of dwelling units ;  Victoria ;  Dwellings excluding houses ;  Private Sector ;,A421392F,Building Approvals,Number,Month
2010-04-01,1702,Total number of dwelling units ;  Victoria ;  Dwellings excluding houses ;  Private Sector ;,A421392F,Building Approvals,Number,Month
2010-05-01,1867,Total number of dwelling units ;  Victoria ;  Dwellings excluding houses ;  Private Sector ;,A421392F,Building Approvals,Number,Month
2010-06-01,2025,Total number of dwelling units ;  Victoria ;  Dwellings excluding houses ;  Private Sector ;,A421392F,Building Approvals,Number,Month
2010-07-01,2150,Total number of dwelling units ;  Victoria ;  Dwellings excluding houses ;  Private Sector ;,A421392F,Building Approvals,Number,Month
2010-08-01,2229,Total number of dwelling units ;  Victoria ;  Dwellings excluding houses ;  Private Sector ;,A421392F,Building Approvals,Number,Month
2010-09-01,2242,Total number of dwelling units ;  Victoria ;  Dwellings excluding houses ;  Private Sector ;,A421392F,Building Approvals,Number,Month
2010-10-01,2163,Total number of dwelling units ;  Victoria ;  Dwellings excluding houses ;  Private Sector ;,A421392F,Building Approvals,Number,Month
2010-11-01,2030,Total number of dwelling units ;  Victoria ;  Dwellings excluding houses ;  Private Sector ;,A421392F,Building Approvals,Number,Month
2010-12-01,1893,Total number of dwelling units ;  Victoria ;  Dwellings excluding houses ;  Private Sector ;,A421392F,Building Approvals,Number,Month
2011-01-01,1799,Total number of dwelling units ;  Victoria ;  Dwellings excluding houses ;  Private Sector ;,A421392F,Building Approvals,Number,Month
2011-02-01,1748,Total number of dwelling units ;  Victoria ;  Dwellings excluding houses ;  Private Sector ;,A421392F,Building Approvals,Number,Month
2011-03-01,1719,Total number of dwelling units ;  Victoria ;  Dwellings excluding houses ;  Private Sector ;,A421392F,Building Approvals,Number,Month
2011-04-01,1711,Total number of dwelling units ;  Victoria ;  Dwellings excluding houses ;  Private Sector ;,A421392F,Building Approvals,Number,Month
2011-05-01,1691,Total number of dwelling units ;  Victoria ;  Dwellings excluding houses ;  Private Sector ;,A421392F,Building Approvals,Number,Month
2011-06-01,1639,Total number of dwelling units ;  Victoria ;  Dwellings excluding houses ;  Private Sector ;,A421392F,Building Approvals,Number,Month
2011-07-01,1567,Total number of dwelling units ;  Victoria ;  Dwellings excluding houses ;  Private Sector ;,A421392F,Building Approvals,Number,Month
2011-08-01,1473,Total number of dwelling units ;  Victoria ;  Dwellings excluding houses ;  Private Sector ;,A421392F,Building Approvals,Number,Month
2011-09-01,1388,Total number of dwelling units ;  Victoria ;  Dwellings excluding houses ;  Private Sector ;,A421392F,Building Approvals,Number,Month
2011-10-01,1328,Total number of dwelling units ;  Victoria ;  Dwellings excluding houses ;  Private Sector ;,A421392F,Building Approvals,Number,Month
2011-11-01,1272,Total number of dwelling units ;  Victoria ;  Dwellings excluding houses ;  Private Sector ;,A421392F,Building Approvals,Number,Month
2011-12-01,1222,Total number of dwelling units ;  Victoria ;  Dwellings excluding houses ;  Private Sector ;,A421392F,Building Approvals,Number,Month
2012-01-01,1284,Total number of dwelling units ;  Victoria ;  Dwellings excluding houses ;  Private Sector ;,A421392F,Building Approvals,Number,Month
2012-02-01,1457,Total number of dwelling units ;  Victoria ;  Dwellings excluding houses ;  Private Sector ;,A421392F,Building Approvals,Number,Month
2012-03-01,1682,Total number of dwelling units ;  Victoria ;  Dwellings excluding houses ;  Private Sector ;,A421392F,Building Approvals,Number,Month
2012-04-01,1931,Total number of dwelling units ;  Victoria ;  Dwellings excluding houses ;  Private Sector ;,A421392F,Building Approvals,Number,Month
2012-05-01,2146,Total number of dwelling units ;  Victoria ;  Dwellings excluding houses ;  Private Sector ;,A421392F,Building Approvals,Number,Month
2012-06-01,2282,Total number of dwelling units ;  Victoria ;  Dwellings excluding houses ;  Private Sector ;,A421392F,Building Approvals,Number,Month
2012-07-01,2331,Total number of dwelling units ;  Victoria ;  Dwellings excluding houses ;  Private Sector ;,A421392F,Building Approvals,Number,Month
2012-08-01,2301,Total number of dwelling units ;  Victoria ;  Dwellings excluding houses ;  Private Sector ;,A421392F,Building Approvals,Number,Month
2012-09-01,2206,Total number of dwelling units ;  Victoria ;  Dwellings excluding houses ;  Private Sector ;,A421392F,Building Approvals,Number,Month
2012-10-01,2056,Total number of dwelling units ;  Victoria ;  Dwellings excluding houses ;  Private Sector ;,A421392F,Building Approvals,Number,Month
2012-11-01,1912,Total number of dwelling units ;  Victoria ;  Dwellings excluding houses ;  Private Sector ;,A421392F,Building Approvals,Number,Month
2012-12-01,1807,Total number of dwelling units ;  Victoria ;  Dwellings excluding houses ;  Private Sector ;,A421392F,Building Approvals,Number,Month
2013-01-01,1713,Total number of dwelling units ;  Victoria ;  Dwellings excluding houses ;  Private Sector ;,A421392F,Building Approvals,Number,Month
2013-02-01,1640,Total number of dwelling units ;  Victoria ;  Dwellings excluding houses ;  Private Sector ;,A421392F,Building Approvals,Number,Month
2013-03-01,1614,Total number of dwelling units ;  Victoria ;  Dwellings excluding houses ;  Private Sector ;,A421392F,Building Approvals,Number,Month
2013-04-01,1619,Total number of dwelling units ;  Victoria ;  Dwellings excluding houses ;  Private Sector ;,A421392F,Building Approvals,Number,Month
2013-05-01,1646,Total number of dwelling units ;  Victoria ;  Dwellings excluding houses ;  Private Sector ;,A421392F,Building Approvals,Number,Month
2013-06-01,1721,Total number of dwelling units ;  Victoria ;  Dwellings excluding houses ;  Private Sector ;,A421392F,Building Approvals,Number,Month
2013-07-01,1821,Total number of dwelling units ;  Victoria ;  Dwellings excluding houses ;  Private Sector ;,A421392F,Building Approvals,Number,Month
2013-08-01,1910,Total number of dwelling units ;  Victoria ;  Dwellings excluding houses ;  Private Sector ;,A421392F,Building Approvals,Number,Month
2013-09-01,1983,Total number of dwelling units ;  Victoria ;  Dwellings excluding houses ;  Private Sector ;,A421392F,Building Approvals,Number,Month
2013-10-01,1986,Total number of dwelling units ;  Victoria ;  Dwellings excluding houses ;  Private Sector ;,A421392F,Building Approvals,Number,Month
2013-11-01,1947,Total number of dwelling units ;  Victoria ;  Dwellings excluding houses ;  Private Sector ;,A421392F,Building Approvals,Number,Month
2013-12-01,1892,Total number of dwelling units ;  Victoria ;  Dwellings excluding houses ;  Private Sector ;,A421392F,Building Approvals,Number,Month
2014-01-01,1870,Total number of dwelling units ;  Victoria ;  Dwellings excluding houses ;  Private Sector ;,A421392F,Building Approvals,Number,Month
2014-02-01,1886,Total number of dwelling units ;  Victoria ;  Dwellings excluding houses ;  Private Sector ;,A421392F,Building Approvals,Number,Month
2014-03-01,1927,Total number of dwelling units ;  Victoria ;  Dwellings excluding houses ;  Private Sector ;,A421392F,Building Approvals,Number,Month
2014-04-01,1981,Total number of dwelling units ;  Victoria ;  Dwellings excluding houses ;  Private Sector ;,A421392F,Building Approvals,Number,Month
2014-05-01,1988,Total number of dwelling units ;  Victoria ;  Dwellings excluding houses ;  Private Sector ;,A421392F,Building Approvals,Number,Month
2014-06-01,2026,Total number of dwelling units ;  Victoria ;  Dwellings excluding houses ;  Private Sector ;,A421392F,Building Approvals,Number,Month
2014-07-01,2168,Total number of dwelling units ;  Victoria ;  Dwellings excluding houses ;  Private Sector ;,A421392F,Building Approvals,Number,Month
2014-08-01,2382,Total number of dwelling units ;  Victoria ;  Dwellings excluding houses ;  Private Sector ;,A421392F,Building Approvals,Number,Month
2014-09-01,2627,Total number of dwelling units ;  Victoria ;  Dwellings excluding houses ;  Private Sector ;,A421392F,Building Approvals,Number,Month
2014-10-01,2841,Total number of dwelling units ;  Victoria ;  Dwellings excluding houses ;  Private Sector ;,A421392F,Building Approvals,Number,Month
2014-11-01,2987,Total number of dwelling units ;  Victoria ;  Dwellings excluding houses ;  Private Sector ;,A421392F,Building Approvals,Number,Month
2014-12-01,3080,Total number of dwelling units ;  Victoria ;  Dwellings excluding houses ;  Private Sector ;,A421392F,Building Approvals,Number,Month
2015-01-01,3153,Total number of dwelling units ;  Victoria ;  Dwellings excluding houses ;  Private Sector ;,A421392F,Building Approvals,Number,Month
2015-02-01,3192,Total number of dwelling units ;  Victoria ;  Dwellings excluding houses ;  Private Sector ;,A421392F,Building Approvals,Number,Month
2015-03-01,3176,Total number of dwelling units ;  Victoria ;  Dwellings excluding houses ;  Private Sector ;,A421392F,Building Approvals,Number,Month
2015-04-01,3083,Total number of dwelling units ;  Victoria ;  Dwellings excluding houses ;  Private Sector ;,A421392F,Building Approvals,Number,Month
2015-05-01,2981,Total number of dwelling units ;  Victoria ;  Dwellings excluding houses ;  Private Sector ;,A421392F,Building Approvals,Number,Month
2015-06-01,2861,Total number of dwelling units ;  Victoria ;  Dwellings excluding houses ;  Private Sector ;,A421392F,Building Approvals,Number,Month
2015-07-01,2733,Total number of dwelling units ;  Victoria ;  Dwellings excluding houses ;  Private Sector ;,A421392F,Building Approvals,Number,Month
2015-08-01,2656,Total number of dwelling units ;  Victoria ;  Dwellings excluding houses ;  Private Sector ;,A421392F,Building Approvals,Number,Month
2015-09-01,2643,Total number of dwelling units ;  Victoria ;  Dwellings excluding houses ;  Private Sector ;,A421392F,Building Approvals,Number,Month
2015-10-01,2606,Total number of dwelling units ;  Victoria ;  Dwellings excluding houses ;  Private Sector ;,A421392F,Building Approvals,Number,Month
2015-11-01,2543,Total number of dwelling units ;  Victoria ;  Dwellings excluding houses ;  Private Sector ;,A421392F,Building Approvals,Number,Month
2015-12-01,2470,Total number of dwelling units ;  Victoria ;  Dwellings excluding houses ;  Private Sector ;,A421392F,Building Approvals,Number,Month
2016-01-01,2398,Total number of dwelling units ;  Victoria ;  Dwellings excluding houses ;  Private Sector ;,A421392F,Building Approvals,Number,Month
2016-02-01,2412,Total number of dwelling units ;  Victoria ;  Dwellings excluding houses ;  Private Sector ;,A421392F,Building Approvals,Number,Month
2016-03-01,2525,Total number of dwelling units ;  Victoria ;  Dwellings excluding houses ;  Private Sector ;,A421392F,Building Approvals,Number,Month
2016-04-01,2720,Total number of dwelling units ;  Victoria ;  Dwellings excluding houses ;  Private Sector ;,A421392F,Building Approvals,Number,Month
2016-05-01,2885,Total number of dwelling units ;  Victoria ;  Dwellings excluding houses ;  Private Sector ;,A421392F,Building Approvals,Number,Month
2016-06-01,2911,Total number of dwelling units ;  Victoria ;  Dwellings excluding houses ;  Private Sector ;,A421392F,Building Approvals,Number,Month
2016-07-01,2851,Total number of dwelling units ;  Victoria ;  Dwellings excluding houses ;  Private Sector ;,A421392F,Building Approvals,Number,Month
2016-08-01,2722,Total number of dwelling units ;  Victoria ;  Dwellings excluding houses ;  Private Sector ;,A421392F,Building Approvals,Number,Month
2016-09-01,2611,Total number of dwelling units ;  Victoria ;  Dwellings excluding houses ;  Private Sector ;,A421392F,Building Approvals,Number,Month
2016-10-01,2574,Total number of dwelling units ;  Victoria ;  Dwellings excluding houses ;  Private Sector ;,A421392F,Building Approvals,Number,Month
2016-11-01,2617,Total number of dwelling units ;  Victoria ;  Dwellings excluding houses ;  Private Sector ;,A421392F,Building Approvals,Number,Month
2016-12-01,2666,Total number of dwelling units ;  Victoria ;  Dwellings excluding houses ;  Private Sector ;,A421392F,Building Approvals,Number,Month
2017-01-01,2657,Total number of dwelling units ;  Victoria ;  Dwellings excluding houses ;  Private Sector ;,A421392F,Building Approvals,Number,Month
2017-02-01,2554,Total number of dwelling units ;  Victoria ;  Dwellings excluding houses ;  Private Sector ;,A421392F,Building Approvals,Number,Month
2017-03-01,2356,Total number of dwelling units ;  Victoria ;  Dwellings excluding houses ;  Private Sector ;,A421392F,Building Approvals,Number,Month
2017-04-01,2134,Total number of dwelling units ;  Victoria ;  Dwellings excluding houses ;  Private Sector ;,A421392F,Building Approvals,Number,Month
2017-05-01,1963,Total number of dwelling units ;  Victoria ;  Dwellings excluding houses ;  Private Sector ;,A421392F,Building Approvals,Number,Month
2017-06-01,1982,Total number of dwelling units ;  Victoria ;  Dwellings excluding houses ;  Private Sector ;,A421392F,Building Approvals,Number,Month
2017-07-01,2208,Total number of dwelling units ;  Victoria ;  Dwellings excluding houses ;  Private Sector ;,A421392F,Building Approvals,Number,Month
2017-08-01,2575,Total number of dwelling units ;  Victoria ;  Dwellings excluding houses ;  Private Sector ;,A421392F,Building Approvals,Number,Month
2017-09-01,2989,Total number of dwelling units ;  Victoria ;  Dwellings excluding houses ;  Private Sector ;,A421392F,Building Approvals,Number,Month
2017-10-01,3323,Total number of dwelling units ;  Victoria ;  Dwellings excluding houses ;  Private Sector ;,A421392F,Building Approvals,Number,Month
2017-11-01,3506,Total number of dwelling units ;  Victoria ;  Dwellings excluding houses ;  Private Sector ;,A421392F,Building Approvals,Number,Month
2017-12-01,3515,Total number of dwelling units ;  Victoria ;  Dwellings excluding houses ;  Private Sector ;,A421392F,Building Approvals,Number,Month
2018-01-01,3362,Total number of dwelling units ;  Victoria ;  Dwellings excluding houses ;  Private Sector ;,A421392F,Building Approvals,Number,Month
2018-02-01,3109,Total number of dwelling units ;  Victoria ;  Dwellings excluding houses ;  Private Sector ;,A421392F,Building Approvals,Number,Month
2018-03-01,2809,Total number of dwelling units ;  Victoria ;  Dwellings excluding houses ;  Private Sector ;,A421392F,Building Approvals,Number,Month
2018-04-01,2538,Total number of dwelling units ;  Victoria ;  Dwellings excluding houses ;  Private Sector ;,A421392F,Building Approvals,Number,Month
2018-05-01,2340,Total number of dwelling units ;  Victoria ;  Dwellings excluding houses ;  Private Sector ;,A421392F,Building Approvals,Number,Month
2018-06-01,2201,Total number of dwelling units ;  Victoria ;  Dwellings excluding houses ;  Private Sector ;,A421392F,Building Approvals,Number,Month
2018-07-01,2111,Total number of dwelling units ;  Victoria ;  Dwellings excluding houses ;  Private Sector ;,A421392F,Building Approvals,Number,Month
2018-08-01,2063,Total number of dwelling units ;  Victoria ;  Dwellings excluding houses ;  Private Sector ;,A421392F,Building Approvals,Number,Month
2018-09-01,2032,Total number of dwelling units ;  Victoria ;  Dwellings excluding houses ;  Private Sector ;,A421392F,Building Approvals,Number,Month
2018-10-01,2027,Total number of dwelling units ;  Victoria ;  Dwellings excluding houses ;  Private Sector ;,A421392F,Building Approvals,Number,Month
2018-11-01,2022,Total number of dwelling units ;  Victoria ;  Dwellings excluding houses ;  Private Sector ;,A421392F,Building Approvals,Number,Month
2018-12-01,1997,Total number of dwelling units ;  Victoria ;  Dwellings excluding houses ;  Private Sector ;,A421392F,Building Approvals,Number,Month
2019-01-01,1965,Total number of dwelling units ;  Victoria ;  Dwellings excluding houses ;  Private Sector ;,A421392F,Building Approvals,Number,Month
2019-02-01,1938,Total number of dwelling units ;  Victoria ;  Dwellings excluding houses ;  Private Sector ;,A421392F,Building Approvals,Number,Month
2019-03-01,1907,Total number of dwelling units ;  Victoria ;  Dwellings excluding houses ;  Private Sector ;,A421392F,Building Approvals,Number,Month
2019-04-01,1846,Total number of dwelling units ;  Victoria ;  Dwellings excluding houses ;  Private Sector ;,A421392F,Building Approvals,Number,Month
2019-05-01,1731,Total number of dwelling units ;  Victoria ;  Dwellings excluding houses ;  Private Sector ;,A421392F,Building Approvals,Number,Month
2019-06-01,1578,Total number of dwelling units ;  Victoria ;  Dwellings excluding houses ;  Private Sector ;,A421392F,Building Approvals,Number,Month
2019-07-01,1517,Total number of dwelling units ;  Victoria ;  Dwellings excluding houses ;  Private Sector ;,A421392F,Building Approvals,Number,Month
2019-08-01,1598,Total number of dwelling units ;  Victoria ;  Dwellings excluding houses ;  Private Sector ;,A421392F,Building Approvals,Number,Month
2019-09-01,1781,Total number of dwelling units ;  Victoria ;  Dwellings excluding houses ;  Private Sector ;,A421392F,Building Approvals,Number,Month
2019-10-01,1957,Total number of dwelling units ;  Victoria ;  Dwellings excluding houses ;  Private Sector ;,A421392F,Building Approvals,Number,Month
2019-11-01,2099,Total number of dwelling units ;  Victoria ;  Dwellings excluding houses ;  Private Sector ;,A421392F,Building Approvals,Number,Month
2019-12-01,2185,Total number of dwelling units ;  Victoria ;  Dwellings excluding houses ;  Private Sector ;,A421392F,Building Approvals,Number,Month
2020-01-01,2161,Total number of dwelling units ;  Victoria ;  Dwellings excluding houses ;  Private Sector ;,A421392F,Building Approvals,Number,Month
2020-02-01,2044,Total number of dwelling units ;  Victoria ;  Dwellings excluding houses ;  Private Sector ;,A421392F,Building Approvals,Number,Month
2020-03-01,1919,Total number of dwelling units ;  Victoria ;  Dwellings excluding houses ;  Private Sector ;,A421392F,Building Approvals,Number,Month
2020-04-01,1850,Total number of dwelling units ;  Victoria ;  Dwellings excluding houses ;  Private Sector ;,A421392F,Building Approvals,Number,Month
2020-05-01,1864,Total number of dwelling units ;  Victoria ;  Dwellings excluding houses ;  Private Sector ;,A421392F,Building Approvals,Number,Month
2020-06-01,1933,Total number of dwelling units ;  Victoria ;  Dwellings excluding houses ;  Private Sector ;,A421392F,Building Approvals,Number,Month
2020-07-01,1996,Total number of dwelling units ;  Victoria ;  Dwellings excluding houses ;  Private Sector ;,A421392F,Building Approvals,Number,Month
2020-08-01,1969,Total number of dwelling units ;  Victoria ;  Dwellings excluding houses ;  Private Sector ;,A421392F,Building Approvals,Number,Month
2020-09-01,1861,Total number of dwelling units ;  Victoria ;  Dwellings excluding houses ;  Private Sector ;,A421392F,Building Approvals,Number,Month
2020-10-01,1687,Total number of dwelling units ;  Victoria ;  Dwellings excluding houses ;  Private Sector ;,A421392F,Building Approvals,Number,Month
2020-11-01,1508,Total number of dwelling units ;  Victoria ;  Dwellings excluding houses ;  Private Sector ;,A421392F,Building Approvals,Number,Month
2020-12-01,1384,Total number of dwelling units ;  Victoria ;  Dwellings excluding houses ;  Private Sector ;,A421392F,Building Approvals,Number,Month
2021-01-01,1369,Total number of dwelling units ;  Victoria ;  Dwellings excluding houses ;  Private Sector ;,A421392F,Building Approvals,Number,Month
2021-02-01,1453,Total number of dwelling units ;  Victoria ;  Dwellings excluding houses ;  Private Sector ;,A421392F,Building Approvals,Number,Month
2021-03-01,1598,Total number of dwelling units ;  Victoria ;  Dwellings excluding houses ;  Private Sector ;,A421392F,Building Approvals,Number,Month
2021-04-01,1761,Total number of dwelling units ;  Victoria ;  Dwellings excluding houses ;  Private Sector ;,A421392F,Building Approvals,Number,Month
2021-05-01,1887,Total number of dwelling units ;  Victoria ;  Dwellings excluding houses ;  Private Sector ;,A421392F,Building Approvals,Number,Month
2021-06-01,1967,Total number of dwelling units ;  Victoria ;  Dwellings excluding houses ;  Private Sector ;,A421392F,Building Approvals,Number,Month
2021-07-01,2042,Total number of dwelling units ;  Victoria ;  Dwellings excluding houses ;  Private Sector ;,A421392F,Building Approvals,Number,Month
2021-08-01,2090,Total number of dwelling units ;  Victoria ;  Dwellings excluding houses ;  Private Sector ;,A421392F,Building Approvals,Number,Month
2021-09-01,2137,Total number of dwelling units ;  Victoria ;  Dwellings excluding houses ;  Private Sector ;,A421392F,Building Approvals,Number,Month
2021-10-01,2148,Total number of dwelling units ;  Victoria ;  Dwellings excluding houses ;  Private Sector ;,A421392F,Building Approvals,Number,Month
2021-11-01,2138,Total number of dwelling units ;  Victoria ;  Dwellings excluding houses ;  Private Sector ;,A421392F,Building Approvals,Number,Month
2021-12-01,2142,Total number of dwelling units ;  Victoria ;  Dwellings excluding houses ;  Private Sector ;,A421392F,Building Approvals,Number,Month
2022-01-01,2159,Total number of dwelling units ;  Victoria ;  Dwellings excluding houses ;  Private Sector ;,A421392F,Building Approvals,Number,Month
2022-02-01,2150,Total number of dwelling units ;  Victoria ;  Dwellings excluding houses ;  Private Sector ;,A421392F,Building Approvals,Number,Month
2022-03-01,2082,Total number of dwelling units ;  Victoria ;  Dwellings excluding houses ;  Private Sector ;,A421392F,Building Approvals,Number,Month
2022-04-01,1955,Total number of dwelling units ;  Victoria ;  Dwellings excluding houses ;  Private Sector ;,A421392F,Building Approvals,Number,Month
2022-05-01,1846,Total number of dwelling units ;  Victoria ;  Dwellings excluding houses ;  Private Sector ;,A421392F,Building Approvals,Number,Month
2022-06-01,1771,Total number of dwelling units ;  Victoria ;  Dwellings excluding houses ;  Private Sector ;,A421392F,Building Approvals,Number,Month
2022-07-01,1792,Total number of dwelling units ;  Victoria ;  Dwellings excluding houses ;  Private Sector ;,A421392F,Building Approvals,Number,Month
2022-08-01,1931,Total number of dwelling units ;  Victoria ;  Dwellings excluding houses ;  Private Sector ;,A421392F,Building Approvals,Number,Month
2022-09-01,2131,Total number of dwelling units ;  Victoria ;  Dwellings excluding houses ;  Private Sector ;,A421392F,Building Approvals,Number,Month
2022-10-01,2259,Total number of dwelling units ;  Victoria ;  Dwellings excluding houses ;  Private Sector ;,A421392F,Building Approvals,Number,Month
2022-11-01,2254,Total number of dwelling units ;  Victoria ;  Dwellings excluding houses ;  Private Sector ;,A421392F,Building Approvals,Number,Month
2022-12-01,2057,Total number of dwelling units ;  Victoria ;  Dwellings excluding houses ;  Private Sector ;,A421392F,Building Approvals,Number,Month
2023-01-01,1756,Total number of dwelling units ;  Victoria ;  Dwellings excluding houses ;  Private Sector ;,A421392F,Building Approvals,Number,Month
2023-02-01,1463,Total number of dwelling units ;  Victoria ;  Dwellings excluding houses ;  Private Sector ;,A421392F,Building Approvals,Number,Month
2023-03-01,1278,Total number of dwelling units ;  Victoria ;  Dwellings excluding houses ;  Private Sector ;,A421392F,Building Approvals,Number,Month
2023-04-01,1250,Total number of dwelling units ;  Victoria ;  Dwellings excluding houses ;  Private Sector ;,A421392F,Building Approvals,Number,Month
2023-05-01,1362,Total number of dwelling units ;  Victoria ;  Dwellings excluding houses ;  Private Sector ;,A421392F,Building Approvals,Number,Month
2023-06-01,1569,Total number of dwelling units ;  Victoria ;  Dwellings excluding houses ;  Private Sector ;,A421392F,Building Approvals,Number,Month
2023-07-01,1792,Total number of dwelling units ;  Victoria ;  Dwellings excluding houses ;  Private Sector ;,A421392F,Building Approvals,Number,Month
2023-08-01,1927,Total number of dwelling units ;  Victoria ;  Dwellings excluding houses ;  Private Sector ;,A421392F,Building Approvals,Number,Month
2023-09-01,1967,Total number of dwelling units ;  Victoria ;  Dwellings excluding houses ;  Private Sector ;,A421392F,Building Approvals,Number,Month
2023-10-01,1891,Total number of dwelling units ;  Victoria ;  Dwellings excluding houses ;  Private Sector ;,A421392F,Building Approvals,Number,Month
2023-11-01,1720,Total number of dwelling units ;  Victoria ;  Dwellings excluding houses ;  Private Sector ;,A421392F,Building Approvals,Number,Month
2023-12-01,1524,Total number of dwelling units ;  Victoria ;  Dwellings excluding houses ;  Private Sector ;,A421392F,Building Approvals,Number,Month
2024-01-01,1344,Total number of dwelling units ;  Victoria ;  Dwellings excluding houses ;  Private Sector ;,A421392F,Building Approvals,Number,Month
2024-02-01,1223,Total number of dwelling units ;  Victoria ;  Dwellings excluding houses ;  Private Sector ;,A421392F,Building Approvals,Number,Month
2024-03-01,1195,Total number of dwelling units ;  Victoria ;  Dwellings excluding houses ;  Private Sector ;,A421392F,Building Approvals,Number,Month
2024-04-01,1230,Total number of dwelling units ;  Victoria ;  Dwellings excluding houses ;  Private Sector ;,A421392F,Building Approvals,Number,Month
2024-05-01,1331,Total number of dwelling units ;  Victoria ;  Dwellings excluding houses ;  Private Sector ;,A421392F,Building Approvals,Number,Month
2024-06-01,1496,Total number of dwelling units ;  Victoria ;  Dwellings excluding houses ;  Private Sector ;,A421392F,Building Approvals,Number,Month
2024-07-01,1686,Total number of dwelling units ;  Victoria ;  Dwellings excluding houses ;  Private Sector ;,A421392F,Building Approvals,Number,Month
2024-08-01,1835,Total number of dwelling units ;  Victoria ;  Dwellings excluding houses ;  Private Sector ;,A421392F,Building Approvals,Number,Month
2024-09-01,1946,Total number of dwelling units ;  Victoria ;  Dwellings excluding houses ;  Private Sector ;,A421392F,Building Approvals,Number,Month
2024-10-01,2037,Total number of dwelling units ;  Victoria ;  Dwellings excluding houses ;  Private Sector ;,A421392F,Building Approvals,Number,Month
2024-11-01,2099,Total number of dwelling units ;  Victoria ;  Dwellings excluding houses ;  Private Sector ;,A421392F,Building Approvals,Number,Month
2024-12-01,2121,Total number of dwelling units ;  Victoria ;  Dwellings excluding houses ;  Private Sector ;,A421392F,Building Approvals,Number,Month
2025-01-01,2097,Total number of dwelling units ;  Victoria ;  Dwellings excluding houses ;  Private Sector ;,A421392F,Building Approvals,Number,Month
2025-02-01,2037,Total number of dwelling units ;  Victoria ;  Dwellings excluding houses ;  Private Sector ;,A421392F,Building Approvals,Number,Month
2025-03-01,1906,Total number of dwelling units ;  Victoria ;  Dwellings excluding houses ;  Private Sector ;,A421392F,Building Approvals,Number,Month
2025-04-01,1759,Total number of dwelling units ;  Victoria ;  Dwellings excluding houses ;  Private Sector ;,A421392F,Building Approvals,Number,Month
2025-05-01,1627,Total number of dwelling units ;  Victoria ;  Dwellings excluding houses ;  Private Sector ;,A421392F,Building Approvals,Number,Month
2025-06-01,1556,Total number of dwelling units ;  Victoria ;  Dwellings excluding houses ;  Private Sector ;,A421392F,Building Approvals,Number,Month
2025-07-01,1621,Total number of dwelling units ;  Victoria ;  Dwellings excluding houses ;  Private Sector ;,A421392F,Building Approvals,Number,Month
2025-08-01,1762,Total number of dwelling units ;  Victoria ;  Dwellings excluding houses ;  Private Sector ;,A421392F,Building Approvals,Number,Month
2025-09-01,1921,Total number of dwelling units ;  Victoria ;  Dwellings excluding houses ;  Private Sector ;,A421392F,Building Approvals,Number,Month
2025-10-01,2040,Total number of dwelling units ;  Victoria ;  Dwellings excluding houses ;  Private Sector ;,A421392F,Building Approvals,Number,Month
2025-11-01,2138,Total number of dwelling units ;  Victoria ;  Dwellings excluding houses ;  Private Sector ;,A421392F,Building Approvals,Number,Month
2025-12-01,2200,Total number of dwelling units ;  Victoria ;  Dwellings excluding houses ;  Private Sector ;,A421392F,Building Approvals,Number,Month
2026-01-01,2209,Total number of dwelling units ;  Victoria ;  Dwellings excluding houses ;  Private Sector ;,A421392F,Building Approvals,Number,Month
2026-02-01,2184,Total number of dwelling units ;  Victoria ;  Dwellings excluding houses ;  Private Sector ;,A421392F,Building Approvals,Number,Month
2026-03-01,2144,Total number of dwelling units ;  Victoria ;  Dwellings excluding houses ;  Private Sector ;,A421392F,Building Approvals,Number,Month
2026-04-01,2074,Total number of dwelling units ;  Victoria ;  Dwellings excluding houses ;  Private Sector ;,A421392F,Building Approvals,Number,Month
2026-05-01,1983,Total number of dwelling units ;  Victoria ;  Dwellings excluding houses ;  Private Sector ;,A421392F,Building Approvals,Number,Month
2026-06-01,1925,Total number of dwelling units ;  Victoria ;  Dwellings excluding houses ;  Private Sector ;,A421392F,Building Approvals,Number,Month
1983-07-01,476,Total number of dwelling units ;  Victoria ;  Dwellings excluding houses ;  Total Sectors ;,A421451V,Building Approvals,Number,Month
1983-08-01,471,Total number of dwelling units ;  Victoria ;  Dwellings excluding houses ;  Total Sectors ;,A421451V,Building Approvals,Number,Month
1983-09-01,466,Total number of dwelling units ;  Victoria ;  Dwellings excluding houses ;  Total Sectors ;,A421451V,Building Approvals,Number,Month
1983-10-01,459,Total number of dwelling units ;  Victoria ;  Dwellings excluding houses ;  Total Sectors ;,A421451V,Building Approvals,Number,Month
1983-11-01,448,Total number of dwelling units ;  Victoria ;  Dwellings excluding houses ;  Total Sectors ;,A421451V,Building Approvals,Number,Month
1983-12-01,440,Total number of dwelling units ;  Victoria ;  Dwellings excluding houses ;  Total Sectors ;,A421451V,Building Approvals,Number,Month
1984-01-01,445,Total number of dwelling units ;  Victoria ;  Dwellings excluding houses ;  Total Sectors ;,A421451V,Building Approvals,Number,Month
1984-02-01,466,Total number of dwelling units ;  Victoria ;  Dwellings excluding houses ;  Total Sectors ;,A421451V,Building Approvals,Number,Month
1984-03-01,505,Total number of dwelling units ;  Victoria ;  Dwellings excluding houses ;  Total Sectors ;,A421451V,Building Approvals,Number,Month
1984-04-01,553,Total number of dwelling units ;  Victoria ;  Dwellings excluding houses ;  Total Sectors ;,A421451V,Building Approvals,Number,Month
1984-05-01,607,Total number of dwelling units ;  Victoria ;  Dwellings excluding houses ;  Total Sectors ;,A421451V,Building Approvals,Number,Month
1984-06-01,659,Total number of dwelling units ;  Victoria ;  Dwellings excluding houses ;  Total Sectors ;,A421451V,Building Approvals,Number,Month
1984-07-01,693,Total number of dwelling units ;  Victoria ;  Dwellings excluding houses ;  Total Sectors ;,A421451V,Building Approvals,Number,Month
1984-08-01,694,Total number of dwelling units ;  Victoria ;  Dwellings excluding houses ;  Total Sectors ;,A421451V,Building Approvals,Number,Month
1984-09-01,668,Total number of dwelling units ;  Victoria ;  Dwellings excluding houses ;  Total Sectors ;,A421451V,Building Approvals,Number,Month
1984-10-01,633,Total number of dwelling units ;  Victoria ;  Dwellings excluding houses ;  Total Sectors ;,A421451V,Building Approvals,Number,Month
1984-11-01,609,Total number of dwelling units ;  Victoria ;  Dwellings excluding houses ;  Total Sectors ;,A421451V,Building Approvals,Number,Month
1984-12-01,603,Total number of dwelling units ;  Victoria ;  Dwellings excluding houses ;  Total Sectors ;,A421451V,Building Approvals,Number,Month
1985-01-01,611,Total number of dwelling units ;  Victoria ;  Dwellings excluding houses ;  Total Sectors ;,A421451V,Building Approvals,Number,Month
1985-02-01,621,Total number of dwelling units ;  Victoria ;  Dwellings excluding houses ;  Total Sectors ;,A421451V,Building Approvals,Number,Month
1985-03-01,623,Total number of dwelling units ;  Victoria ;  Dwellings excluding houses ;  Total Sectors ;,A421451V,Building Approvals,Number,Month
1985-04-01,616,Total number of dwelling units ;  Victoria ;  Dwellings excluding houses ;  Total Sectors ;,A421451V,Building Approvals,Number,Month
1985-05-01,608,Total number of dwelling units ;  Victoria ;  Dwellings excluding houses ;  Total Sectors ;,A421451V,Building Approvals,Number,Month
1985-06-01,603,Total number of dwelling units ;  Victoria ;  Dwellings excluding houses ;  Total Sectors ;,A421451V,Building Approvals,Number,Month
1985-07-01,611,Total number of dwelling units ;  Victoria ;  Dwellings excluding houses ;  Total Sectors ;,A421451V,Building Approvals,Number,Month
1985-08-01,619,Total number of dwelling units ;  Victoria ;  Dwellings excluding houses ;  Total Sectors ;,A421451V,Building Approvals,Number,Month
1985-09-01,616,Total number of dwelling units ;  Victoria ;  Dwellings excluding houses ;  Total Sectors ;,A421451V,Building Approvals,Number,Month
1985-10-01,592,Total number of dwelling units ;  Victoria ;  Dwellings excluding houses ;  Total Sectors ;,A421451V,Building Approvals,Number,Month
1985-11-01,553,Total number of dwelling units ;  Victoria ;  Dwellings excluding houses ;  Total Sectors ;,A421451V,Building Approvals,Number,Month
1985-12-01,514,Total number of dwelling units ;  Victoria ;  Dwellings excluding houses ;  Total Sectors ;,A421451V,Building Approvals,Number,Month
1986-01-01,483,Total number of dwelling units ;  Victoria ;  Dwellings excluding houses ;  Total Sectors ;,A421451V,Building Approvals,Number,Month
1986-02-01,466,Total number of dwelling units ;  Victoria ;  Dwellings excluding houses ;  Total Sectors ;,A421451V,Building Approvals,Number,Month
1986-03-01,457,Total number of dwelling units ;  Victoria ;  Dwellings excluding houses ;  Total Sectors ;,A421451V,Building Approvals,Number,Month
1986-04-01,446,Total number of dwelling units ;  Victoria ;  Dwellings excluding houses ;  Total Sectors ;,A421451V,Building Approvals,Number,Month
1986-05-01,437,Total number of dwelling units ;  Victoria ;  Dwellings excluding houses ;  Total Sectors ;,A421451V,Building Approvals,Number,Month
1986-06-01,431,Total number of dwelling units ;  Victoria ;  Dwellings excluding houses ;  Total Sectors ;,A421451V,Building Approvals,Number,Month
1986-07-01,437,Total number of dwelling units ;  Victoria ;  Dwellings excluding houses ;  Total Sectors ;,A421451V,Building Approvals,Number,Month
1986-08-01,450,Total number of dwelling units ;  Victoria ;  Dwellings excluding houses ;  Total Sectors ;,A421451V,Building Approvals,Number,Month
1986-09-01,462,Total number of dwelling units ;  Victoria ;  Dwellings excluding houses ;  Total Sectors ;,A421451V,Building Approvals,Number,Month
1986-10-01,462,Total number of dwelling units ;  Victoria ;  Dwellings excluding houses ;  Total Sectors ;,A421451V,Building Approvals,Number,Month
1986-11-01,450,Total number of dwelling units ;  Victoria ;  Dwellings excluding houses ;  Total Sectors ;,A421451V,Building Approvals,Number,Month
1986-12-01,428,Total number of dwelling units ;  Victoria ;  Dwellings excluding houses ;  Total Sectors ;,A421451V,Building Approvals,Number,Month
1987-01-01,400,Total number of dwelling units ;  Victoria ;  Dwellings excluding houses ;  Total Sectors ;,A421451V,Building Approvals,Number,Month
1987-02-01,373,Total number of dwelling units ;  Victoria ;  Dwellings excluding houses ;  Total Sectors ;,A421451V,Building Approvals,Number,Month
1987-03-01,352,Total number of dwelling units ;  Victoria ;  Dwellings excluding houses ;  Total Sectors ;,A421451V,Building Approvals,Number,Month
1987-04-01,350,Total number of dwelling units ;  Victoria ;  Dwellings excluding houses ;  Total Sectors ;,A421451V,Building Approvals,Number,Month
1987-05-01,365,Total number of dwelling units ;  Victoria ;  Dwellings excluding houses ;  Total Sectors ;,A421451V,Building Approvals,Number,Month
1987-06-01,391,Total number of dwelling units ;  Victoria ;  Dwellings excluding houses ;  Total Sectors ;,A421451V,Building Approvals,Number,Month
1987-07-01,416,Total number of dwelling units ;  Victoria ;  Dwellings excluding houses ;  Total Sectors ;,A421451V,Building Approvals,Number,Month
1987-08-01,437,Total number of dwelling units ;  Victoria ;  Dwellings excluding houses ;  Total Sectors ;,A421451V,Building Approvals,Number,Month
1987-09-01,448,Total number of dwelling units ;  Victoria ;  Dwellings excluding houses ;  Total Sectors ;,A421451V,Building Approvals,Number,Month
1987-10-01,451,Total number of dwelling units ;  Victoria ;  Dwellings excluding houses ;  Total Sectors ;,A421451V,Building Approvals,Number,Month
1987-11-01,444,Total number of dwelling units ;  Victoria ;  Dwellings excluding houses ;  Total Sectors ;,A421451V,Building Approvals,Number,Month
1987-12-01,427,Total number of dwelling units ;  Victoria ;  Dwellings excluding houses ;  Total Sectors ;,A421451V,Building Approvals,Number,Month
1988-01-01,400,Total number of dwelling units ;  Victoria ;  Dwellings excluding houses ;  Total Sectors ;,A421451V,Building Approvals,Number,Month
1988-02-01,380,Total number of dwelling units ;  Victoria ;  Dwellings excluding houses ;  Total Sectors ;,A421451V,Building Approvals,Number,Month
1988-03-01,372,Total number of dwelling units ;  Victoria ;  Dwellings excluding houses ;  Total Sectors ;,A421451V,Building Approvals,Number,Month
1988-04-01,374,Total number of dwelling units ;  Victoria ;  Dwellings excluding houses ;  Total Sectors ;,A421451V,Building Approvals,Number,Month
1988-05-01,378,Total number of dwelling units ;  Victoria ;  Dwellings excluding houses ;  Total Sectors ;,A421451V,Building Approvals,Number,Month
1988-06-01,379,Total number of dwelling units ;  Victoria ;  Dwellings excluding houses ;  Total Sectors ;,A421451V,Building Approvals,Number,Month
1988-07-01,375,Total number of dwelling units ;  Victoria ;  Dwellings excluding houses ;  Total Sectors ;,A421451V,Building Approvals,Number,Month
1988-08-01,369,Total number of dwelling units ;  Victoria ;  Dwellings excluding houses ;  Total Sectors ;,A421451V,Building Approvals,Number,Month
1988-09-01,354,Total number of dwelling units ;  Victoria ;  Dwellings excluding houses ;  Total Sectors ;,A421451V,Building Approvals,Number,Month
1988-10-01,330,Total number of dwelling units ;  Victoria ;  Dwellings excluding houses ;  Total Sectors ;,A421451V,Building Approvals,Number,Month
1988-11-01,300,Total number of dwelling units ;  Victoria ;  Dwellings excluding houses ;  Total Sectors ;,A421451V,Building Approvals,Number,Month
1988-12-01,268,Total number of dwelling units ;  Victoria ;  Dwellings excluding houses ;  Total Sectors ;,A421451V,Building Approvals,Number,Month
1989-01-01,243,Total number of dwelling units ;  Victoria ;  Dwellings excluding houses ;  Total Sectors ;,A421451V,Building Approvals,Number,Month
1989-02-01,229,Total number of dwelling units ;  Victoria ;  Dwellings excluding houses ;  Total Sectors ;,A421451V,Building Approvals,Number,Month
1989-03-01,230,Total number of dwelling units ;  Victoria ;  Dwellings excluding houses ;  Total Sectors ;,A421451V,Building Approvals,Number,Month
1989-04-01,247,Total number of dwelling units ;  Victoria ;  Dwellings excluding houses ;  Total Sectors ;,A421451V,Building Approvals,Number,Month
1989-05-01,265,Total number of dwelling units ;  Victoria ;  Dwellings excluding houses ;  Total Sectors ;,A421451V,Building Approvals,Number,Month
1989-06-01,267,Total number of dwelling units ;  Victoria ;  Dwellings excluding houses ;  Total Sectors ;,A421451V,Building Approvals,Number,Month
1989-07-01,244,Total number of dwelling units ;  Victoria ;  Dwellings excluding houses ;  Total Sectors ;,A421451V,Building Approvals,Number,Month
1989-08-01,198,Total number of dwelling units ;  Victoria ;  Dwellings excluding houses ;  Total Sectors ;,A421451V,Building Approvals,Number,Month
1989-09-01,148,Total number of dwelling units ;  Victoria ;  Dwellings excluding houses ;  Total Sectors ;,A421451V,Building Approvals,Number,Month
1989-10-01,117,Total number of dwelling units ;  Victoria ;  Dwellings excluding houses ;  Total Sectors ;,A421451V,Building Approvals,Number,Month
1989-11-01,115,Total number of dwelling units ;  Victoria ;  Dwellings excluding houses ;  Total Sectors ;,A421451V,Building Approvals,Number,Month
1989-12-01,142,Total number of dwelling units ;  Victoria ;  Dwellings excluding houses ;  Total Sectors ;,A421451V,Building Approvals,Number,Month
1990-01-01,188,Total number of dwelling units ;  Victoria ;  Dwellings excluding houses ;  Total Sectors ;,A421451V,Building Approvals,Number,Month
1990-02-01,238,Total number of dwelling units ;  Victoria ;  Dwellings excluding houses ;  Total Sectors ;,A421451V,Building Approvals,Number,Month
1990-03-01,280,Total number of dwelling units ;  Victoria ;  Dwellings excluding houses ;  Total Sectors ;,A421451V,Building Approvals,Number,Month
1990-04-01,298,Total number of dwelling units ;  Victoria ;  Dwellings excluding houses ;  Total Sectors ;,A421451V,Building Approvals,Number,Month
1990-05-01,288,Total number of dwelling units ;  Victoria ;  Dwellings excluding houses ;  Total Sectors ;,A421451V,Building Approvals,Number,Month
1990-06-01,264,Total number of dwelling units ;  Victoria ;  Dwellings excluding houses ;  Total Sectors ;,A421451V,Building Approvals,Number,Month
1990-07-01,239,Total number of dwelling units ;  Victoria ;  Dwellings excluding houses ;  Total Sectors ;,A421451V,Building Approvals,Number,Month
1990-08-01,224,Total number of dwelling units ;  Victoria ;  Dwellings excluding houses ;  Total Sectors ;,A421451V,Building Approvals,Number,Month
1990-09-01,221,Total number of dwelling units ;  Victoria ;  Dwellings excluding houses ;  Total Sectors ;,A421451V,Building Approvals,Number,Month
1990-10-01,220,Total number of dwelling units ;  Victoria ;  Dwellings excluding houses ;  Total Sectors ;,A421451V,Building Approvals,Number,Month
1990-11-01,213,Total number of dwelling units ;  Victoria ;  Dwellings excluding houses ;  Total Sectors ;,A421451V,Building Approvals,Number,Month
1990-12-01,202,Total number of dwelling units ;  Victoria ;  Dwellings excluding houses ;  Total Sectors ;,A421451V,Building Approvals,Number,Month
1991-01-01,187,Total number of dwelling units ;  Victoria ;  Dwellings excluding houses ;  Total Sectors ;,A421451V,Building Approvals,Number,Month
1991-02-01,176,Total number of dwelling units ;  Victoria ;  Dwellings excluding houses ;  Total Sectors ;,A421451V,Building Approvals,Number,Month
1991-03-01,175,Total number of dwelling units ;  Victoria ;  Dwellings excluding houses ;  Total Sectors ;,A421451V,Building Approvals,Number,Month
1991-04-01,185,Total number of dwelling units ;  Victoria ;  Dwellings excluding houses ;  Total Sectors ;,A421451V,Building Approvals,Number,Month
1991-05-01,201,Total number of dwelling units ;  Victoria ;  Dwellings excluding houses ;  Total Sectors ;,A421451V,Building Approvals,Number,Month
1991-06-01,217,Total number of dwelling units ;  Victoria ;  Dwellings excluding houses ;  Total Sectors ;,A421451V,Building Approvals,Number,Month
1991-07-01,231,Total number of dwelling units ;  Victoria ;  Dwellings excluding houses ;  Total Sectors ;,A421451V,Building Approvals,Number,Month
1991-08-01,240,Total number of dwelling units ;  Victoria ;  Dwellings excluding houses ;  Total Sectors ;,A421451V,Building Approvals,Number,Month
1991-09-01,241,Total number of dwelling units ;  Victoria ;  Dwellings excluding houses ;  Total Sectors ;,A421451V,Building Approvals,Number,Month
1991-10-01,233,Total number of dwelling units ;  Victoria ;  Dwellings excluding houses ;  Total Sectors ;,A421451V,Building Approvals,Number,Month
1991-11-01,221,Total number of dwelling units ;  Victoria ;  Dwellings excluding houses ;  Total Sectors ;,A421451V,Building Approvals,Number,Month
1991-12-01,210,Total number of dwelling units ;  Victoria ;  Dwellings excluding houses ;  Total Sectors ;,A421451V,Building Approvals,Number,Month
1992-01-01,207,Total number of dwelling units ;  Victoria ;  Dwellings excluding houses ;  Total Sectors ;,A421451V,Building Approvals,Number,Month
1992-02-01,214,Total number of dwelling units ;  Victoria ;  Dwellings excluding houses ;  Total Sectors ;,A421451V,Building Approvals,Number,Month
1992-03-01,226,Total number of dwelling units ;  Victoria ;  Dwellings excluding houses ;  Total Sectors ;,A421451V,Building Approvals,Number,Month
1992-04-01,238,Total number of dwelling units ;  Victoria ;  Dwellings excluding houses ;  Total Sectors ;,A421451V,Building Approvals,Number,Month
1992-05-01,236,Total number of dwelling units ;  Victoria ;  Dwellings excluding houses ;  Total Sectors ;,A421451V,Building Approvals,Number,Month
1992-06-01,219,Total number of dwelling units ;  Victoria ;  Dwellings excluding houses ;  Total Sectors ;,A421451V,Building Approvals,Number,Month
1992-07-01,197,Total number of dwelling units ;  Victoria ;  Dwellings excluding houses ;  Total Sectors ;,A421451V,Building Approvals,Number,Month
1992-08-01,180,Total number of dwelling units ;  Victoria ;  Dwellings excluding houses ;  Total Sectors ;,A421451V,Building Approvals,Number,Month
1992-09-01,172,Total number of dwelling units ;  Victoria ;  Dwellings excluding houses ;  Total Sectors ;,A421451V,Building Approvals,Number,Month
1992-10-01,175,Total number of dwelling units ;  Victoria ;  Dwellings excluding houses ;  Total Sectors ;,A421451V,Building Approvals,Number,Month
1992-11-01,186,Total number of dwelling units ;  Victoria ;  Dwellings excluding houses ;  Total Sectors ;,A421451V,Building Approvals,Number,Month
1992-12-01,201,Total number of dwelling units ;  Victoria ;  Dwellings excluding houses ;  Total Sectors ;,A421451V,Building Approvals,Number,Month
1993-01-01,210,Total number of dwelling units ;  Victoria ;  Dwellings excluding houses ;  Total Sectors ;,A421451V,Building Approvals,Number,Month
1993-02-01,214,Total number of dwelling units ;  Victoria ;  Dwellings excluding houses ;  Total Sectors ;,A421451V,Building Approvals,Number,Month
1993-03-01,214,Total number of dwelling units ;  Victoria ;  Dwellings excluding houses ;  Total Sectors ;,A421451V,Building Approvals,Number,Month
1993-04-01,214,Total number of dwelling units ;  Victoria ;  Dwellings excluding houses ;  Total Sectors ;,A421451V,Building Approvals,Number,Month
1993-05-01,220,Total number of dwelling units ;  Victoria ;  Dwellings excluding houses ;  Total Sectors ;,A421451V,Building Approvals,Number,Month
1993-06-01,236,Total number of dwelling units ;  Victoria ;  Dwellings excluding houses ;  Total Sectors ;,A421451V,Building Approvals,Number,Month
1993-07-01,261,Total number of dwelling units ;  Victoria ;  Dwellings excluding houses ;  Total Sectors ;,A421451V,Building Approvals,Number,Month
1993-08-01,295,Total number of dwelling units ;  Victoria ;  Dwellings excluding houses ;  Total Sectors ;,A421451V,Building Approvals,Number,Month
1993-09-01,336,Total number of dwelling units ;  Victoria ;  Dwellings excluding houses ;  Total Sectors ;,A421451V,Building Approvals,Number,Month
1993-10-01,374,Total number of dwelling units ;  Victoria ;  Dwellings excluding houses ;  Total Sectors ;,A421451V,Building Approvals,Number,Month
1993-11-01,391,Total number of dwelling units ;  Victoria ;  Dwellings excluding houses ;  Total Sectors ;,A421451V,Building Approvals,Number,Month
1993-12-01,402,Total number of dwelling units ;  Victoria ;  Dwellings excluding houses ;  Total Sectors ;,A421451V,Building Approvals,Number,Month
1994-01-01,419,Total number of dwelling units ;  Victoria ;  Dwellings excluding houses ;  Total Sectors ;,A421451V,Building Approvals,Number,Month
1994-02-01,437,Total number of dwelling units ;  Victoria ;  Dwellings excluding houses ;  Total Sectors ;,A421451V,Building Approvals,Number,Month
1994-03-01,451,Total number of dwelling units ;  Victoria ;  Dwellings excluding houses ;  Total Sectors ;,A421451V,Building Approvals,Number,Month
1994-04-01,451,Total number of dwelling units ;  Victoria ;  Dwellings excluding houses ;  Total Sectors ;,A421451V,Building Approvals,Number,Month
1994-05-01,437,Total number of dwelling units ;  Victoria ;  Dwellings excluding houses ;  Total Sectors ;,A421451V,Building Approvals,Number,Month
1994-06-01,420,Total number of dwelling units ;  Victoria ;  Dwellings excluding houses ;  Total Sectors ;,A421451V,Building Approvals,Number,Month
1994-07-01,414,Total number of dwelling units ;  Victoria ;  Dwellings excluding houses ;  Total Sectors ;,A421451V,Building Approvals,Number,Month
1994-08-01,422,Total number of dwelling units ;  Victoria ;  Dwellings excluding houses ;  Total Sectors ;,A421451V,Building Approvals,Number,Month
1994-09-01,437,Total number of dwelling units ;  Victoria ;  Dwellings excluding houses ;  Total Sectors ;,A421451V,Building Approvals,Number,Month
1994-10-01,461,Total number of dwelling units ;  Victoria ;  Dwellings excluding houses ;  Total Sectors ;,A421451V,Building Approvals,Number,Month
1994-11-01,482,Total number of dwelling units ;  Victoria ;  Dwellings excluding houses ;  Total Sectors ;,A421451V,Building Approvals,Number,Month
1994-12-01,484,Total number of dwelling units ;  Victoria ;  Dwellings excluding houses ;  Total Sectors ;,A421451V,Building Approvals,Number,Month
1995-01-01,459,Total number of dwelling units ;  Victoria ;  Dwellings excluding houses ;  Total Sectors ;,A421451V,Building Approvals,Number,Month
1995-02-01,429,Total number of dwelling units ;  Victoria ;  Dwellings excluding houses ;  Total Sectors ;,A421451V,Building Approvals,Number,Month
1995-03-01,397,Total number of dwelling units ;  Victoria ;  Dwellings excluding houses ;  Total Sectors ;,A421451V,Building Approvals,Number,Month
1995-04-01,361,Total number of dwelling units ;  Victoria ;  Dwellings excluding houses ;  Total Sectors ;,A421451V,Building Approvals,Number,Month
1995-05-01,332,Total number of dwelling units ;  Victoria ;  Dwellings excluding houses ;  Total Sectors ;,A421451V,Building Approvals,Number,Month
1995-06-01,297,Total number of dwelling units ;  Victoria ;  Dwellings excluding houses ;  Total Sectors ;,A421451V,Building Approvals,Number,Month
1995-07-01,274,Total number of dwelling units ;  Victoria ;  Dwellings excluding houses ;  Total Sectors ;,A421451V,Building Approvals,Number,Month
1995-08-01,260,Total number of dwelling units ;  Victoria ;  Dwellings excluding houses ;  Total Sectors ;,A421451V,Building Approvals,Number,Month
1995-09-01,256,Total number of dwelling units ;  Victoria ;  Dwellings excluding houses ;  Total Sectors ;,A421451V,Building Approvals,Number,Month
1995-10-01,265,Total number of dwelling units ;  Victoria ;  Dwellings excluding houses ;  Total Sectors ;,A421451V,Building Approvals,Number,Month
1995-11-01,296,Total number of dwelling units ;  Victoria ;  Dwellings excluding houses ;  Total Sectors ;,A421451V,Building Approvals,Number,Month
1995-12-01,352,Total number of dwelling units ;  Victoria ;  Dwellings excluding houses ;  Total Sectors ;,A421451V,Building Approvals,Number,Month
1996-01-01,414,Total number of dwelling units ;  Victoria ;  Dwellings excluding houses ;  Total Sectors ;,A421451V,Building Approvals,Number,Month
1996-02-01,470,Total number of dwelling units ;  Victoria ;  Dwellings excluding houses ;  Total Sectors ;,A421451V,Building Approvals,Number,Month
1996-03-01,524,Total number of dwelling units ;  Victoria ;  Dwellings excluding houses ;  Total Sectors ;,A421451V,Building Approvals,Number,Month
1996-04-01,563,Total number of dwelling units ;  Victoria ;  Dwellings excluding houses ;  Total Sectors ;,A421451V,Building Approvals,Number,Month
1996-05-01,588,Total number of dwelling units ;  Victoria ;  Dwellings excluding houses ;  Total Sectors ;,A421451V,Building Approvals,Number,Month
1996-06-01,609,Total number of dwelling units ;  Victoria ;  Dwellings excluding houses ;  Total Sectors ;,A421451V,Building Approvals,Number,Month
1996-07-01,627,Total number of dwelling units ;  Victoria ;  Dwellings excluding houses ;  Total Sectors ;,A421451V,Building Approvals,Number,Month
1996-08-01,634,Total number of dwelling units ;  Victoria ;  Dwellings excluding houses ;  Total Sectors ;,A421451V,Building Approvals,Number,Month
1996-09-01,642,Total number of dwelling units ;  Victoria ;  Dwellings excluding houses ;  Total Sectors ;,A421451V,Building Approvals,Number,Month
1996-10-01,645,Total number of dwelling units ;  Victoria ;  Dwellings excluding houses ;  Total Sectors ;,A421451V,Building Approvals,Number,Month
1996-11-01,648,Total number of dwelling units ;  Victoria ;  Dwellings excluding houses ;  Total Sectors ;,A421451V,Building Approvals,Number,Month
1996-12-01,656,Total number of dwelling units ;  Victoria ;  Dwellings excluding houses ;  Total Sectors ;,A421451V,Building Approvals,Number,Month
1997-01-01,671,Total number of dwelling units ;  Victoria ;  Dwellings excluding houses ;  Total Sectors ;,A421451V,Building Approvals,Number,Month
1997-02-01,679,Total number of dwelling units ;  Victoria ;  Dwellings excluding houses ;  Total Sectors ;,A421451V,Building Approvals,Number,Month
1997-03-01,674,Total number of dwelling units ;  Victoria ;  Dwellings excluding houses ;  Total Sectors ;,A421451V,Building Approvals,Number,Month
1997-04-01,671,Total number of dwelling units ;  Victoria ;  Dwellings excluding houses ;  Total Sectors ;,A421451V,Building Approvals,Number,Month
1997-05-01,674,Total number of dwelling units ;  Victoria ;  Dwellings excluding houses ;  Total Sectors ;,A421451V,Building Approvals,Number,Month
1997-06-01,680,Total number of dwelling units ;  Victoria ;  Dwellings excluding houses ;  Total Sectors ;,A421451V,Building Approvals,Number,Month
1997-07-01,699,Total number of dwelling units ;  Victoria ;  Dwellings excluding houses ;  Total Sectors ;,A421451V,Building Approvals,Number,Month
1997-08-01,719,Total number of dwelling units ;  Victoria ;  Dwellings excluding houses ;  Total Sectors ;,A421451V,Building Approvals,Number,Month
1997-09-01,716,Total number of dwelling units ;  Victoria ;  Dwellings excluding houses ;  Total Sectors ;,A421451V,Building Approvals,Number,Month
1997-10-01,693,Total number of dwelling units ;  Victoria ;  Dwellings excluding houses ;  Total Sectors ;,A421451V,Building Approvals,Number,Month
1997-11-01,675,Total number of dwelling units ;  Victoria ;  Dwellings excluding houses ;  Total Sectors ;,A421451V,Building Approvals,Number,Month
1997-12-01,677,Total number of dwelling units ;  Victoria ;  Dwellings excluding houses ;  Total Sectors ;,A421451V,Building Approvals,Number,Month
1998-01-01,699,Total number of dwelling units ;  Victoria ;  Dwellings excluding houses ;  Total Sectors ;,A421451V,Building Approvals,Number,Month
1998-02-01,725,Total number of dwelling units ;  Victoria ;  Dwellings excluding houses ;  Total Sectors ;,A421451V,Building Approvals,Number,Month
1998-03-01,745,Total number of dwelling units ;  Victoria ;  Dwellings excluding houses ;  Total Sectors ;,A421451V,Building Approvals,Number,Month
1998-04-01,747,Total number of dwelling units ;  Victoria ;  Dwellings excluding houses ;  Total Sectors ;,A421451V,Building Approvals,Number,Month
1998-05-01,726,Total number of dwelling units ;  Victoria ;  Dwellings excluding houses ;  Total Sectors ;,A421451V,Building Approvals,Number,Month
1998-06-01,699,Total number of dwelling units ;  Victoria ;  Dwellings excluding houses ;  Total Sectors ;,A421451V,Building Approvals,Number,Month
1998-07-01,687,Total number of dwelling units ;  Victoria ;  Dwellings excluding houses ;  Total Sectors ;,A421451V,Building Approvals,Number,Month
1998-08-01,701,Total number of dwelling units ;  Victoria ;  Dwellings excluding houses ;  Total Sectors ;,A421451V,Building Approvals,Number,Month
1998-09-01,752,Total number of dwelling units ;  Victoria ;  Dwellings excluding houses ;  Total Sectors ;,A421451V,Building Approvals,Number,Month
1998-10-01,827,Total number of dwelling units ;  Victoria ;  Dwellings excluding houses ;  Total Sectors ;,A421451V,Building Approvals,Number,Month
1998-11-01,909,Total number of dwelling units ;  Victoria ;  Dwellings excluding houses ;  Total Sectors ;,A421451V,Building Approvals,Number,Month
1998-12-01,986,Total number of dwelling units ;  Victoria ;  Dwellings excluding houses ;  Total Sectors ;,A421451V,Building Approvals,Number,Month
1999-01-01,1034,Total number of dwelling units ;  Victoria ;  Dwellings excluding houses ;  Total Sectors ;,A421451V,Building Approvals,Number,Month
1999-02-01,1026,Total number of dwelling units ;  Victoria ;  Dwellings excluding houses ;  Total Sectors ;,A421451V,Building Approvals,Number,Month
1999-03-01,993,Total number of dwelling units ;  Victoria ;  Dwellings excluding houses ;  Total Sectors ;,A421451V,Building Approvals,Number,Month
1999-04-01,961,Total number of dwelling units ;  Victoria ;  Dwellings excluding houses ;  Total Sectors ;,A421451V,Building Approvals,Number,Month
1999-05-01,955,Total number of dwelling units ;  Victoria ;  Dwellings excluding houses ;  Total Sectors ;,A421451V,Building Approvals,Number,Month
1999-06-01,978,Total number of dwelling units ;  Victoria ;  Dwellings excluding houses ;  Total Sectors ;,A421451V,Building Approvals,Number,Month
1999-07-01,1003,Total number of dwelling units ;  Victoria ;  Dwellings excluding houses ;  Total Sectors ;,A421451V,Building Approvals,Number,Month
1999-08-01,1030,Total number of dwelling units ;  Victoria ;  Dwellings excluding houses ;  Total Sectors ;,A421451V,Building Approvals,Number,Month
1999-09-01,1064,Total number of dwelling units ;  Victoria ;  Dwellings excluding houses ;  Total Sectors ;,A421451V,Building Approvals,Number,Month
1999-10-01,1097,Total number of dwelling units ;  Victoria ;  Dwellings excluding houses ;  Total Sectors ;,A421451V,Building Approvals,Number,Month
1999-11-01,1143,Total number of dwelling units ;  Victoria ;  Dwellings excluding houses ;  Total Sectors ;,A421451V,Building Approvals,Number,Month
1999-12-01,1197,Total number of dwelling units ;  Victoria ;  Dwellings excluding houses ;  Total Sectors ;,A421451V,Building Approvals,Number,Month
2000-01-01,1236,Total number of dwelling units ;  Victoria ;  Dwellings excluding houses ;  Total Sectors ;,A421451V,Building Approvals,Number,Month
2000-02-01,1250,Total number of dwelling units ;  Victoria ;  Dwellings excluding houses ;  Total Sectors ;,A421451V,Building Approvals,Number,Month
2000-03-01,1224,Total number of dwelling units ;  Victoria ;  Dwellings excluding houses ;  Total Sectors ;,A421451V,Building Approvals,Number,Month
2000-04-01,1164,Total number of dwelling units ;  Victoria ;  Dwellings excluding houses ;  Total Sectors ;,A421451V,Building Approvals,Number,Month
2000-05-01,1101,Total number of dwelling units ;  Victoria ;  Dwellings excluding houses ;  Total Sectors ;,A421451V,Building Approvals,Number,Month
2000-06-01,1021,Total number of dwelling units ;  Victoria ;  Dwellings excluding houses ;  Total Sectors ;,A421451V,Building Approvals,Number,Month
2000-07-01,942,Total number of dwelling units ;  Victoria ;  Dwellings excluding houses ;  Total Sectors ;,A421451V,Building Approvals,Number,Month
2000-08-01,883,Total number of dwelling units ;  Victoria ;  Dwellings excluding houses ;  Total Sectors ;,A421451V,Building Approvals,Number,Month
2000-09-01,837,Total number of dwelling units ;  Victoria ;  Dwellings excluding houses ;  Total Sectors ;,A421451V,Building Approvals,Number,Month
2000-10-01,831,Total number of dwelling units ;  Victoria ;  Dwellings excluding houses ;  Total Sectors ;,A421451V,Building Approvals,Number,Month
2000-11-01,861,Total number of dwelling units ;  Victoria ;  Dwellings excluding houses ;  Total Sectors ;,A421451V,Building Approvals,Number,Month
2000-12-01,917,Total number of dwelling units ;  Victoria ;  Dwellings excluding houses ;  Total Sectors ;,A421451V,Building Approvals,Number,Month
2001-01-01,973,Total number of dwelling units ;  Victoria ;  Dwellings excluding houses ;  Total Sectors ;,A421451V,Building Approvals,Number,Month
2001-02-01,971,Total number of dwelling units ;  Victoria ;  Dwellings excluding houses ;  Total Sectors ;,A421451V,Building Approvals,Number,Month
2001-03-01,915,Total number of dwelling units ;  Victoria ;  Dwellings excluding houses ;  Total Sectors ;,A421451V,Building Approvals,Number,Month
2001-04-01,873,Total number of dwelling units ;  Victoria ;  Dwellings excluding houses ;  Total Sectors ;,A421451V,Building Approvals,Number,Month
2001-05-01,904,Total number of dwelling units ;  Victoria ;  Dwellings excluding houses ;  Total Sectors ;,A421451V,Building Approvals,Number,Month
2001-06-01,1002,Total number of dwelling units ;  Victoria ;  Dwellings excluding houses ;  Total Sectors ;,A421451V,Building Approvals,Number,Month
2001-07-01,1115,Total number of dwelling units ;  Victoria ;  Dwellings excluding houses ;  Total Sectors ;,A421451V,Building Approvals,Number,Month
2001-08-01,1190,Total number of dwelling units ;  Victoria ;  Dwellings excluding houses ;  Total Sectors ;,A421451V,Building Approvals,Number,Month
2001-09-01,1212,Total number of dwelling units ;  Victoria ;  Dwellings excluding houses ;  Total Sectors ;,A421451V,Building Approvals,Number,Month
2001-10-01,1158,Total number of dwelling units ;  Victoria ;  Dwellings excluding houses ;  Total Sectors ;,A421451V,Building Approvals,Number,Month
2001-11-01,1048,Total number of dwelling units ;  Victoria ;  Dwellings excluding houses ;  Total Sectors ;,A421451V,Building Approvals,Number,Month
2001-12-01,935,Total number of dwelling units ;  Victoria ;  Dwellings excluding houses ;  Total Sectors ;,A421451V,Building Approvals,Number,Month
2002-01-01,857,Total number of dwelling units ;  Victoria ;  Dwellings excluding houses ;  Total Sectors ;,A421451V,Building Approvals,Number,Month
2002-02-01,822,Total number of dwelling units ;  Victoria ;  Dwellings excluding houses ;  Total Sectors ;,A421451V,Building Approvals,Number,Month
2002-03-01,855,Total number of dwelling units ;  Victoria ;  Dwellings excluding houses ;  Total Sectors ;,A421451V,Building Approvals,Number,Month
2002-04-01,938,Total number of dwelling units ;  Victoria ;  Dwellings excluding houses ;  Total Sectors ;,A421451V,Building Approvals,Number,Month
2002-05-01,1082,Total number of dwelling units ;  Victoria ;  Dwellings excluding houses ;  Total Sectors ;,A421451V,Building Approvals,Number,Month
2002-06-01,1261,Total number of dwelling units ;  Victoria ;  Dwellings excluding houses ;  Total Sectors ;,A421451V,Building Approvals,Number,Month
2002-07-01,1412,Total number of dwelling units ;  Victoria ;  Dwellings excluding houses ;  Total Sectors ;,A421451V,Building Approvals,Number,Month
2002-08-01,1477,Total number of dwelling units ;  Victoria ;  Dwellings excluding houses ;  Total Sectors ;,A421451V,Building Approvals,Number,Month
2002-09-01,1433,Total number of dwelling units ;  Victoria ;  Dwellings excluding houses ;  Total Sectors ;,A421451V,Building Approvals,Number,Month
2002-10-01,1286,Total number of dwelling units ;  Victoria ;  Dwellings excluding houses ;  Total Sectors ;,A421451V,Building Approvals,Number,Month
2002-11-01,1111,Total number of dwelling units ;  Victoria ;  Dwellings excluding houses ;  Total Sectors ;,A421451V,Building Approvals,Number,Month
2002-12-01,986,Total number of dwelling units ;  Victoria ;  Dwellings excluding houses ;  Total Sectors ;,A421451V,Building Approvals,Number,Month
2003-01-01,971,Total number of dwelling units ;  Victoria ;  Dwellings excluding houses ;  Total Sectors ;,A421451V,Building Approvals,Number,Month
2003-02-01,1045,Total number of dwelling units ;  Victoria ;  Dwellings excluding houses ;  Total Sectors ;,A421451V,Building Approvals,Number,Month
2003-03-01,1122,Total number of dwelling units ;  Victoria ;  Dwellings excluding houses ;  Total Sectors ;,A421451V,Building Approvals,Number,Month
2003-04-01,1124,Total number of dwelling units ;  Victoria ;  Dwellings excluding houses ;  Total Sectors ;,A421451V,Building Approvals,Number,Month
2003-05-01,1099,Total number of dwelling units ;  Victoria ;  Dwellings excluding houses ;  Total Sectors ;,A421451V,Building Approvals,Number,Month
2003-06-01,1066,Total number of dwelling units ;  Victoria ;  Dwellings excluding houses ;  Total Sectors ;,A421451V,Building Approvals,Number,Month
2003-07-01,1044,Total number of dwelling units ;  Victoria ;  Dwellings excluding houses ;  Total Sectors ;,A421451V,Building Approvals,Number,Month
2003-08-01,1051,Total number of dwelling units ;  Victoria ;  Dwellings excluding houses ;  Total Sectors ;,A421451V,Building Approvals,Number,Month
2003-09-01,1087,Total number of dwelling units ;  Victoria ;  Dwellings excluding houses ;  Total Sectors ;,A421451V,Building Approvals,Number,Month
2003-10-01,1129,Total number of dwelling units ;  Victoria ;  Dwellings excluding houses ;  Total Sectors ;,A421451V,Building Approvals,Number,Month
2003-11-01,1123,Total number of dwelling units ;  Victoria ;  Dwellings excluding houses ;  Total Sectors ;,A421451V,Building Approvals,Number,Month
2003-12-01,1053,Total number of dwelling units ;  Victoria ;  Dwellings excluding houses ;  Total Sectors ;,A421451V,Building Approvals,Number,Month
2004-01-01,971,Total number of dwelling units ;  Victoria ;  Dwellings excluding houses ;  Total Sectors ;,A421451V,Building Approvals,Number,Month
2004-02-01,907,Total number of dwelling units ;  Victoria ;  Dwellings excluding houses ;  Total Sectors ;,A421451V,Building Approvals,Number,Month
2004-03-01,890,Total number of dwelling units ;  Victoria ;  Dwellings excluding houses ;  Total Sectors ;,A421451V,Building Approvals,Number,Month
2004-04-01,895,Total number of dwelling units ;  Victoria ;  Dwellings excluding houses ;  Total Sectors ;,A421451V,Building Approvals,Number,Month
2004-05-01,895,Total number of dwelling units ;  Victoria ;  Dwellings excluding houses ;  Total Sectors ;,A421451V,Building Approvals,Number,Month
2004-06-01,889,Total number of dwelling units ;  Victoria ;  Dwellings excluding houses ;  Total Sectors ;,A421451V,Building Approvals,Number,Month
2004-07-01,906,Total number of dwelling units ;  Victoria ;  Dwellings excluding houses ;  Total Sectors ;,A421451V,Building Approvals,Number,Month
2004-08-01,917,Total number of dwelling units ;  Victoria ;  Dwellings excluding houses ;  Total Sectors ;,A421451V,Building Approvals,Number,Month
2004-09-01,896,Total number of dwelling units ;  Victoria ;  Dwellings excluding houses ;  Total Sectors ;,A421451V,Building Approvals,Number,Month
2004-10-01,853,Total number of dwelling units ;  Victoria ;  Dwellings excluding houses ;  Total Sectors ;,A421451V,Building Approvals,Number,Month
2004-11-01,799,Total number of dwelling units ;  Victoria ;  Dwellings excluding houses ;  Total Sectors ;,A421451V,Building Approvals,Number,Month
2004-12-01,748,Total number of dwelling units ;  Victoria ;  Dwellings excluding houses ;  Total Sectors ;,A421451V,Building Approvals,Number,Month
2005-01-01,748,Total number of dwelling units ;  Victoria ;  Dwellings excluding houses ;  Total Sectors ;,A421451V,Building Approvals,Number,Month
2005-02-01,824,Total number of dwelling units ;  Victoria ;  Dwellings excluding houses ;  Total Sectors ;,A421451V,Building Approvals,Number,Month
2005-03-01,940,Total number of dwelling units ;  Victoria ;  Dwellings excluding houses ;  Total Sectors ;,A421451V,Building Approvals,Number,Month
2005-04-01,1030,Total number of dwelling units ;  Victoria ;  Dwellings excluding houses ;  Total Sectors ;,A421451V,Building Approvals,Number,Month
2005-05-01,1057,Total number of dwelling units ;  Victoria ;  Dwellings excluding houses ;  Total Sectors ;,A421451V,Building Approvals,Number,Month
2005-06-01,1006,Total number of dwelling units ;  Victoria ;  Dwellings excluding houses ;  Total Sectors ;,A421451V,Building Approvals,Number,Month
2005-07-01,899,Total number of dwelling units ;  Victoria ;  Dwellings excluding houses ;  Total Sectors ;,A421451V,Building Approvals,Number,Month
2005-08-01,772,Total number of dwelling units ;  Victoria ;  Dwellings excluding houses ;  Total Sectors ;,A421451V,Building Approvals,Number,Month
2005-09-01,662,Total number of dwelling units ;  Victoria ;  Dwellings excluding houses ;  Total Sectors ;,A421451V,Building Approvals,Number,Month
2005-10-01,592,Total number of dwelling units ;  Victoria ;  Dwellings excluding houses ;  Total Sectors ;,A421451V,Building Approvals,Number,Month
2005-11-01,566,Total number of dwelling units ;  Victoria ;  Dwellings excluding houses ;  Total Sectors ;,A421451V,Building Approvals,Number,Month
2005-12-01,569,Total number of dwelling units ;  Victoria ;  Dwellings excluding houses ;  Total Sectors ;,A421451V,Building Approvals,Number,Month
2006-01-01,582,Total number of dwelling units ;  Victoria ;  Dwellings excluding houses ;  Total Sectors ;,A421451V,Building Approvals,Number,Month
2006-02-01,610,Total number of dwelling units ;  Victoria ;  Dwellings excluding houses ;  Total Sectors ;,A421451V,Building Approvals,Number,Month
2006-03-01,677,Total number of dwelling units ;  Victoria ;  Dwellings excluding houses ;  Total Sectors ;,A421451V,Building Approvals,Number,Month
2006-04-01,751,Total number of dwelling units ;  Victoria ;  Dwellings excluding houses ;  Total Sectors ;,A421451V,Building Approvals,Number,Month
2006-05-01,797,Total number of dwelling units ;  Victoria ;  Dwellings excluding houses ;  Total Sectors ;,A421451V,Building Approvals,Number,Month
2006-06-01,797,Total number of dwelling units ;  Victoria ;  Dwellings excluding houses ;  Total Sectors ;,A421451V,Building Approvals,Number,Month
2006-07-01,775,Total number of dwelling units ;  Victoria ;  Dwellings excluding houses ;  Total Sectors ;,A421451V,Building Approvals,Number,Month
2006-08-01,736,Total number of dwelling units ;  Victoria ;  Dwellings excluding houses ;  Total Sectors ;,A421451V,Building Approvals,Number,Month
2006-09-01,699,Total number of dwelling units ;  Victoria ;  Dwellings excluding houses ;  Total Sectors ;,A421451V,Building Approvals,Number,Month
2006-10-01,679,Total number of dwelling units ;  Victoria ;  Dwellings excluding houses ;  Total Sectors ;,A421451V,Building Approvals,Number,Month
2006-11-01,680,Total number of dwelling units ;  Victoria ;  Dwellings excluding houses ;  Total Sectors ;,A421451V,Building Approvals,Number,Month
2006-12-01,709,Total number of dwelling units ;  Victoria ;  Dwellings excluding houses ;  Total Sectors ;,A421451V,Building Approvals,Number,Month
2007-01-01,748,Total number of dwelling units ;  Victoria ;  Dwellings excluding houses ;  Total Sectors ;,A421451V,Building Approvals,Number,Month
2007-02-01,781,Total number of dwelling units ;  Victoria ;  Dwellings excluding houses ;  Total Sectors ;,A421451V,Building Approvals,Number,Month
2007-03-01,790,Total number of dwelling units ;  Victoria ;  Dwellings excluding houses ;  Total Sectors ;,A421451V,Building Approvals,Number,Month
2007-04-01,794,Total number of dwelling units ;  Victoria ;  Dwellings excluding houses ;  Total Sectors ;,A421451V,Building Approvals,Number,Month
2007-05-01,824,Total number of dwelling units ;  Victoria ;  Dwellings excluding houses ;  Total Sectors ;,A421451V,Building Approvals,Number,Month
2007-06-01,889,Total number of dwelling units ;  Victoria ;  Dwellings excluding houses ;  Total Sectors ;,A421451V,Building Approvals,Number,Month
2007-07-01,977,Total number of dwelling units ;  Victoria ;  Dwellings excluding houses ;  Total Sectors ;,A421451V,Building Approvals,Number,Month
2007-08-01,1050,Total number of dwelling units ;  Victoria ;  Dwellings excluding houses ;  Total Sectors ;,A421451V,Building Approvals,Number,Month
2007-09-01,1094,Total number of dwelling units ;  Victoria ;  Dwellings excluding houses ;  Total Sectors ;,A421451V,Building Approvals,Number,Month
2007-10-01,1087,Total number of dwelling units ;  Victoria ;  Dwellings excluding houses ;  Total Sectors ;,A421451V,Building Approvals,Number,Month
2007-11-01,1034,Total number of dwelling units ;  Victoria ;  Dwellings excluding houses ;  Total Sectors ;,A421451V,Building Approvals,Number,Month
2007-12-01,944,Total number of dwelling units ;  Victoria ;  Dwellings excluding houses ;  Total Sectors ;,A421451V,Building Approvals,Number,Month
2008-01-01,851,Total number of dwelling units ;  Victoria ;  Dwellings excluding houses ;  Total Sectors ;,A421451V,Building Approvals,Number,Month
2008-02-01,802,Total number of dwelling units ;  Victoria ;  Dwellings excluding houses ;  Total Sectors ;,A421451V,Building Approvals,Number,Month
2008-03-01,814,Total number of dwelling units ;  Victoria ;  Dwellings excluding houses ;  Total Sectors ;,A421451V,Building Approvals,Number,Month
2008-04-01,866,Total number of dwelling units ;  Victoria ;  Dwellings excluding houses ;  Total Sectors ;,A421451V,Building Approvals,Number,Month
2008-05-01,934,Total number of dwelling units ;  Victoria ;  Dwellings excluding houses ;  Total Sectors ;,A421451V,Building Approvals,Number,Month
2008-06-01,997,Total number of dwelling units ;  Victoria ;  Dwellings excluding houses ;  Total Sectors ;,A421451V,Building Approvals,Number,Month
2008-07-01,1045,Total number of dwelling units ;  Victoria ;  Dwellings excluding houses ;  Total Sectors ;,A421451V,Building Approvals,Number,Month
2008-08-01,1044,Total number of dwelling units ;  Victoria ;  Dwellings excluding houses ;  Total Sectors ;,A421451V,Building Approvals,Number,Month
2008-09-01,978,Total number of dwelling units ;  Victoria ;  Dwellings excluding houses ;  Total Sectors ;,A421451V,Building Approvals,Number,Month
2008-10-01,895,Total number of dwelling units ;  Victoria ;  Dwellings excluding houses ;  Total Sectors ;,A421451V,Building Approvals,Number,Month
2008-11-01,855,Total number of dwelling units ;  Victoria ;  Dwellings excluding houses ;  Total Sectors ;,A421451V,Building Approvals,Number,Month
2008-12-01,859,Total number of dwelling units ;  Victoria ;  Dwellings excluding houses ;  Total Sectors ;,A421451V,Building Approvals,Number,Month
2009-01-01,876,Total number of dwelling units ;  Victoria ;  Dwellings excluding houses ;  Total Sectors ;,A421451V,Building Approvals,Number,Month
2009-02-01,907,Total number of dwelling units ;  Victoria ;  Dwellings excluding houses ;  Total Sectors ;,A421451V,Building Approvals,Number,Month
2009-03-01,937,Total number of dwelling units ;  Victoria ;  Dwellings excluding houses ;  Total Sectors ;,A421451V,Building Approvals,Number,Month
2009-04-01,975,Total number of dwelling units ;  Victoria ;  Dwellings excluding houses ;  Total Sectors ;,A421451V,Building Approvals,Number,Month
2009-05-01,1006,Total number of dwelling units ;  Victoria ;  Dwellings excluding houses ;  Total Sectors ;,A421451V,Building Approvals,Number,Month
2009-06-01,1031,Total number of dwelling units ;  Victoria ;  Dwellings excluding houses ;  Total Sectors ;,A421451V,Building Approvals,Number,Month
2009-07-01,1082,Total number of dwelling units ;  Victoria ;  Dwellings excluding houses ;  Total Sectors ;,A421451V,Building Approvals,Number,Month
2009-08-01,1158,Total number of dwelling units ;  Victoria ;  Dwellings excluding houses ;  Total Sectors ;,A421451V,Building Approvals,Number,Month
2009-09-01,1220,Total number of dwelling units ;  Victoria ;  Dwellings excluding houses ;  Total Sectors ;,A421451V,Building Approvals,Number,Month
2009-10-01,1251,Total number of dwelling units ;  Victoria ;  Dwellings excluding houses ;  Total Sectors ;,A421451V,Building Approvals,Number,Month
2009-11-01,1283,Total number of dwelling units ;  Victoria ;  Dwellings excluding houses ;  Total Sectors ;,A421451V,Building Approvals,Number,Month
2009-12-01,1360,Total number of dwelling units ;  Victoria ;  Dwellings excluding houses ;  Total Sectors ;,A421451V,Building Approvals,Number,Month
2010-01-01,1464,Total number of dwelling units ;  Victoria ;  Dwellings excluding houses ;  Total Sectors ;,A421451V,Building Approvals,Number,Month
2010-02-01,1576,Total number of dwelling units ;  Victoria ;  Dwellings excluding houses ;  Total Sectors ;,A421451V,Building Approvals,Number,Month
2010-03-01,1702,Total number of dwelling units ;  Victoria ;  Dwellings excluding houses ;  Total Sectors ;,A421451V,Building Approvals,Number,Month
2010-04-01,1847,Total number of dwelling units ;  Victoria ;  Dwellings excluding houses ;  Total Sectors ;,A421451V,Building Approvals,Number,Month
2010-05-01,1994,Total number of dwelling units ;  Victoria ;  Dwellings excluding houses ;  Total Sectors ;,A421451V,Building Approvals,Number,Month
2010-06-01,2134,Total number of dwelling units ;  Victoria ;  Dwellings excluding houses ;  Total Sectors ;,A421451V,Building Approvals,Number,Month
2010-07-01,2236,Total number of dwelling units ;  Victoria ;  Dwellings excluding houses ;  Total Sectors ;,A421451V,Building Approvals,Number,Month
2010-08-01,2295,Total number of dwelling units ;  Victoria ;  Dwellings excluding houses ;  Total Sectors ;,A421451V,Building Approvals,Number,Month
2010-09-01,2290,Total number of dwelling units ;  Victoria ;  Dwellings excluding houses ;  Total Sectors ;,A421451V,Building Approvals,Number,Month
2010-10-01,2202,Total number of dwelling units ;  Victoria ;  Dwellings excluding houses ;  Total Sectors ;,A421451V,Building Approvals,Number,Month
2010-11-01,2070,Total number of dwelling units ;  Victoria ;  Dwellings excluding houses ;  Total Sectors ;,A421451V,Building Approvals,Number,Month
2010-12-01,1945,Total number of dwelling units ;  Victoria ;  Dwellings excluding houses ;  Total Sectors ;,A421451V,Building Approvals,Number,Month
2011-01-01,1861,Total number of dwelling units ;  Victoria ;  Dwellings excluding houses ;  Total Sectors ;,A421451V,Building Approvals,Number,Month
2011-02-01,1815,Total number of dwelling units ;  Victoria ;  Dwellings excluding houses ;  Total Sectors ;,A421451V,Building Approvals,Number,Month
2011-03-01,1791,Total number of dwelling units ;  Victoria ;  Dwellings excluding houses ;  Total Sectors ;,A421451V,Building Approvals,Number,Month
2011-04-01,1792,Total number of dwelling units ;  Victoria ;  Dwellings excluding houses ;  Total Sectors ;,A421451V,Building Approvals,Number,Month
2011-05-01,1786,Total number of dwelling units ;  Victoria ;  Dwellings excluding houses ;  Total Sectors ;,A421451V,Building Approvals,Number,Month
2011-06-01,1749,Total number of dwelling units ;  Victoria ;  Dwellings excluding houses ;  Total Sectors ;,A421451V,Building Approvals,Number,Month
2011-07-01,1685,Total number of dwelling units ;  Victoria ;  Dwellings excluding houses ;  Total Sectors ;,A421451V,Building Approvals,Number,Month
2011-08-01,1588,Total number of dwelling units ;  Victoria ;  Dwellings excluding houses ;  Total Sectors ;,A421451V,Building Approvals,Number,Month
2011-09-01,1487,Total number of dwelling units ;  Victoria ;  Dwellings excluding houses ;  Total Sectors ;,A421451V,Building Approvals,Number,Month
2011-10-01,1398,Total number of dwelling units ;  Victoria ;  Dwellings excluding houses ;  Total Sectors ;,A421451V,Building Approvals,Number,Month
2011-11-01,1309,Total number of dwelling units ;  Victoria ;  Dwellings excluding houses ;  Total Sectors ;,A421451V,Building Approvals,Number,Month
2011-12-01,1236,Total number of dwelling units ;  Victoria ;  Dwellings excluding houses ;  Total Sectors ;,A421451V,Building Approvals,Number,Month
2012-01-01,1289,Total number of dwelling units ;  Victoria ;  Dwellings excluding houses ;  Total Sectors ;,A421451V,Building Approvals,Number,Month
2012-02-01,1461,Total number of dwelling units ;  Victoria ;  Dwellings excluding houses ;  Total Sectors ;,A421451V,Building Approvals,Number,Month
2012-03-01,1686,Total number of dwelling units ;  Victoria ;  Dwellings excluding houses ;  Total Sectors ;,A421451V,Building Approvals,Number,Month
2012-04-01,1926,Total number of dwelling units ;  Victoria ;  Dwellings excluding houses ;  Total Sectors ;,A421451V,Building Approvals,Number,Month
2012-05-01,2137,Total number of dwelling units ;  Victoria ;  Dwellings excluding houses ;  Total Sectors ;,A421451V,Building Approvals,Number,Month
2012-06-01,2283,Total number of dwelling units ;  Victoria ;  Dwellings excluding houses ;  Total Sectors ;,A421451V,Building Approvals,Number,Month
2012-07-01,2356,Total number of dwelling units ;  Victoria ;  Dwellings excluding houses ;  Total Sectors ;,A421451V,Building Approvals,Number,Month
2012-08-01,2355,Total number of dwelling units ;  Victoria ;  Dwellings excluding houses ;  Total Sectors ;,A421451V,Building Approvals,Number,Month
2012-09-01,2284,Total number of dwelling units ;  Victoria ;  Dwellings excluding houses ;  Total Sectors ;,A421451V,Building Approvals,Number,Month
2012-10-01,2144,Total number of dwelling units ;  Victoria ;  Dwellings excluding houses ;  Total Sectors ;,A421451V,Building Approvals,Number,Month
2012-11-01,1993,Total number of dwelling units ;  Victoria ;  Dwellings excluding houses ;  Total Sectors ;,A421451V,Building Approvals,Number,Month
2012-12-01,1866,Total number of dwelling units ;  Victoria ;  Dwellings excluding houses ;  Total Sectors ;,A421451V,Building Approvals,Number,Month
2013-01-01,1744,Total number of dwelling units ;  Victoria ;  Dwellings excluding houses ;  Total Sectors ;,A421451V,Building Approvals,Number,Month
2013-02-01,1649,Total number of dwelling units ;  Victoria ;  Dwellings excluding houses ;  Total Sectors ;,A421451V,Building Approvals,Number,Month
2013-03-01,1612,Total number of dwelling units ;  Victoria ;  Dwellings excluding houses ;  Total Sectors ;,A421451V,Building Approvals,Number,Month
2013-04-01,1619,Total number of dwelling units ;  Victoria ;  Dwellings excluding houses ;  Total Sectors ;,A421451V,Building Approvals,Number,Month
2013-05-01,1653,Total number of dwelling units ;  Victoria ;  Dwellings excluding houses ;  Total Sectors ;,A421451V,Building Approvals,Number,Month
2013-06-01,1729,Total number of dwelling units ;  Victoria ;  Dwellings excluding houses ;  Total Sectors ;,A421451V,Building Approvals,Number,Month
2013-07-01,1831,Total number of dwelling units ;  Victoria ;  Dwellings excluding houses ;  Total Sectors ;,A421451V,Building Approvals,Number,Month
2013-08-01,1923,Total number of dwelling units ;  Victoria ;  Dwellings excluding houses ;  Total Sectors ;,A421451V,Building Approvals,Number,Month
2013-09-01,2000,Total number of dwelling units ;  Victoria ;  Dwellings excluding houses ;  Total Sectors ;,A421451V,Building Approvals,Number,Month
2013-10-01,2006,Total number of dwelling units ;  Victoria ;  Dwellings excluding houses ;  Total Sectors ;,A421451V,Building Approvals,Number,Month
2013-11-01,1968,Total number of dwelling units ;  Victoria ;  Dwellings excluding houses ;  Total Sectors ;,A421451V,Building Approvals,Number,Month
2013-12-01,1911,Total number of dwelling units ;  Victoria ;  Dwellings excluding houses ;  Total Sectors ;,A421451V,Building Approvals,Number,Month
2014-01-01,1888,Total number of dwelling units ;  Victoria ;  Dwellings excluding houses ;  Total Sectors ;,A421451V,Building Approvals,Number,Month
2014-02-01,1904,Total number of dwelling units ;  Victoria ;  Dwellings excluding houses ;  Total Sectors ;,A421451V,Building Approvals,Number,Month
2014-03-01,1947,Total number of dwelling units ;  Victoria ;  Dwellings excluding houses ;  Total Sectors ;,A421451V,Building Approvals,Number,Month
2014-04-01,2005,Total number of dwelling units ;  Victoria ;  Dwellings excluding houses ;  Total Sectors ;,A421451V,Building Approvals,Number,Month
2014-05-01,2015,Total number of dwelling units ;  Victoria ;  Dwellings excluding houses ;  Total Sectors ;,A421451V,Building Approvals,Number,Month
2014-06-01,2055,Total number of dwelling units ;  Victoria ;  Dwellings excluding houses ;  Total Sectors ;,A421451V,Building Approvals,Number,Month
2014-07-01,2196,Total number of dwelling units ;  Victoria ;  Dwellings excluding houses ;  Total Sectors ;,A421451V,Building Approvals,Number,Month
2014-08-01,2406,Total number of dwelling units ;  Victoria ;  Dwellings excluding houses ;  Total Sectors ;,A421451V,Building Approvals,Number,Month
2014-09-01,2646,Total number of dwelling units ;  Victoria ;  Dwellings excluding houses ;  Total Sectors ;,A421451V,Building Approvals,Number,Month
2014-10-01,2856,Total number of dwelling units ;  Victoria ;  Dwellings excluding houses ;  Total Sectors ;,A421451V,Building Approvals,Number,Month
2014-11-01,2998,Total number of dwelling units ;  Victoria ;  Dwellings excluding houses ;  Total Sectors ;,A421451V,Building Approvals,Number,Month
2014-12-01,3090,Total number of dwelling units ;  Victoria ;  Dwellings excluding houses ;  Total Sectors ;,A421451V,Building Approvals,Number,Month
2015-01-01,3163,Total number of dwelling units ;  Victoria ;  Dwellings excluding houses ;  Total Sectors ;,A421451V,Building Approvals,Number,Month
2015-02-01,3199,Total number of dwelling units ;  Victoria ;  Dwellings excluding houses ;  Total Sectors ;,A421451V,Building Approvals,Number,Month
2015-03-01,3182,Total number of dwelling units ;  Victoria ;  Dwellings excluding houses ;  Total Sectors ;,A421451V,Building Approvals,Number,Month
2015-04-01,3088,Total number of dwelling units ;  Victoria ;  Dwellings excluding houses ;  Total Sectors ;,A421451V,Building Approvals,Number,Month
2015-05-01,2985,Total number of dwelling units ;  Victoria ;  Dwellings excluding houses ;  Total Sectors ;,A421451V,Building Approvals,Number,Month
2015-06-01,2866,Total number of dwelling units ;  Victoria ;  Dwellings excluding houses ;  Total Sectors ;,A421451V,Building Approvals,Number,Month
2015-07-01,2739,Total number of dwelling units ;  Victoria ;  Dwellings excluding houses ;  Total Sectors ;,A421451V,Building Approvals,Number,Month
2015-08-01,2663,Total number of dwelling units ;  Victoria ;  Dwellings excluding houses ;  Total Sectors ;,A421451V,Building Approvals,Number,Month
2015-09-01,2651,Total number of dwelling units ;  Victoria ;  Dwellings excluding houses ;  Total Sectors ;,A421451V,Building Approvals,Number,Month
2015-10-01,2615,Total number of dwelling units ;  Victoria ;  Dwellings excluding houses ;  Total Sectors ;,A421451V,Building Approvals,Number,Month
2015-11-01,2552,Total number of dwelling units ;  Victoria ;  Dwellings excluding houses ;  Total Sectors ;,A421451V,Building Approvals,Number,Month
2015-12-01,2481,Total number of dwelling units ;  Victoria ;  Dwellings excluding houses ;  Total Sectors ;,A421451V,Building Approvals,Number,Month
2016-01-01,2409,Total number of dwelling units ;  Victoria ;  Dwellings excluding houses ;  Total Sectors ;,A421451V,Building Approvals,Number,Month
2016-02-01,2423,Total number of dwelling units ;  Victoria ;  Dwellings excluding houses ;  Total Sectors ;,A421451V,Building Approvals,Number,Month
2016-03-01,2535,Total number of dwelling units ;  Victoria ;  Dwellings excluding houses ;  Total Sectors ;,A421451V,Building Approvals,Number,Month
2016-04-01,2726,Total number of dwelling units ;  Victoria ;  Dwellings excluding houses ;  Total Sectors ;,A421451V,Building Approvals,Number,Month
2016-05-01,2889,Total number of dwelling units ;  Victoria ;  Dwellings excluding houses ;  Total Sectors ;,A421451V,Building Approvals,Number,Month
2016-06-01,2914,Total number of dwelling units ;  Victoria ;  Dwellings excluding houses ;  Total Sectors ;,A421451V,Building Approvals,Number,Month
2016-07-01,2854,Total number of dwelling units ;  Victoria ;  Dwellings excluding houses ;  Total Sectors ;,A421451V,Building Approvals,Number,Month
2016-08-01,2725,Total number of dwelling units ;  Victoria ;  Dwellings excluding houses ;  Total Sectors ;,A421451V,Building Approvals,Number,Month
2016-09-01,2615,Total number of dwelling units ;  Victoria ;  Dwellings excluding houses ;  Total Sectors ;,A421451V,Building Approvals,Number,Month
2016-10-01,2577,Total number of dwelling units ;  Victoria ;  Dwellings excluding houses ;  Total Sectors ;,A421451V,Building Approvals,Number,Month
2016-11-01,2621,Total number of dwelling units ;  Victoria ;  Dwellings excluding houses ;  Total Sectors ;,A421451V,Building Approvals,Number,Month
2016-12-01,2669,Total number of dwelling units ;  Victoria ;  Dwellings excluding houses ;  Total Sectors ;,A421451V,Building Approvals,Number,Month
2017-01-01,2661,Total number of dwelling units ;  Victoria ;  Dwellings excluding houses ;  Total Sectors ;,A421451V,Building Approvals,Number,Month
2017-02-01,2558,Total number of dwelling units ;  Victoria ;  Dwellings excluding houses ;  Total Sectors ;,A421451V,Building Approvals,Number,Month
2017-03-01,2362,Total number of dwelling units ;  Victoria ;  Dwellings excluding houses ;  Total Sectors ;,A421451V,Building Approvals,Number,Month
2017-04-01,2142,Total number of dwelling units ;  Victoria ;  Dwellings excluding houses ;  Total Sectors ;,A421451V,Building Approvals,Number,Month
2017-05-01,1972,Total number of dwelling units ;  Victoria ;  Dwellings excluding houses ;  Total Sectors ;,A421451V,Building Approvals,Number,Month
2017-06-01,1993,Total number of dwelling units ;  Victoria ;  Dwellings excluding houses ;  Total Sectors ;,A421451V,Building Approvals,Number,Month
2017-07-01,2222,Total number of dwelling units ;  Victoria ;  Dwellings excluding houses ;  Total Sectors ;,A421451V,Building Approvals,Number,Month
2017-08-01,2590,Total number of dwelling units ;  Victoria ;  Dwellings excluding houses ;  Total Sectors ;,A421451V,Building Approvals,Number,Month
2017-09-01,3007,Total number of dwelling units ;  Victoria ;  Dwellings excluding houses ;  Total Sectors ;,A421451V,Building Approvals,Number,Month
2017-10-01,3344,Total number of dwelling units ;  Victoria ;  Dwellings excluding houses ;  Total Sectors ;,A421451V,Building Approvals,Number,Month
2017-11-01,3531,Total number of dwelling units ;  Victoria ;  Dwellings excluding houses ;  Total Sectors ;,A421451V,Building Approvals,Number,Month
2017-12-01,3543,Total number of dwelling units ;  Victoria ;  Dwellings excluding houses ;  Total Sectors ;,A421451V,Building Approvals,Number,Month
2018-01-01,3390,Total number of dwelling units ;  Victoria ;  Dwellings excluding houses ;  Total Sectors ;,A421451V,Building Approvals,Number,Month
2018-02-01,3134,Total number of dwelling units ;  Victoria ;  Dwellings excluding houses ;  Total Sectors ;,A421451V,Building Approvals,Number,Month
2018-03-01,2829,Total number of dwelling units ;  Victoria ;  Dwellings excluding houses ;  Total Sectors ;,A421451V,Building Approvals,Number,Month
2018-04-01,2554,Total number of dwelling units ;  Victoria ;  Dwellings excluding houses ;  Total Sectors ;,A421451V,Building Approvals,Number,Month
2018-05-01,2353,Total number of dwelling units ;  Victoria ;  Dwellings excluding houses ;  Total Sectors ;,A421451V,Building Approvals,Number,Month
2018-06-01,2217,Total number of dwelling units ;  Victoria ;  Dwellings excluding houses ;  Total Sectors ;,A421451V,Building Approvals,Number,Month
2018-07-01,2134,Total number of dwelling units ;  Victoria ;  Dwellings excluding houses ;  Total Sectors ;,A421451V,Building Approvals,Number,Month
2018-08-01,2095,Total number of dwelling units ;  Victoria ;  Dwellings excluding houses ;  Total Sectors ;,A421451V,Building Approvals,Number,Month
2018-09-01,2068,Total number of dwelling units ;  Victoria ;  Dwellings excluding houses ;  Total Sectors ;,A421451V,Building Approvals,Number,Month
2018-10-01,2060,Total number of dwelling units ;  Victoria ;  Dwellings excluding houses ;  Total Sectors ;,A421451V,Building Approvals,Number,Month
2018-11-01,2048,Total number of dwelling units ;  Victoria ;  Dwellings excluding houses ;  Total Sectors ;,A421451V,Building Approvals,Number,Month
2018-12-01,2016,Total number of dwelling units ;  Victoria ;  Dwellings excluding houses ;  Total Sectors ;,A421451V,Building Approvals,Number,Month
2019-01-01,1978,Total number of dwelling units ;  Victoria ;  Dwellings excluding houses ;  Total Sectors ;,A421451V,Building Approvals,Number,Month
2019-02-01,1946,Total number of dwelling units ;  Victoria ;  Dwellings excluding houses ;  Total Sectors ;,A421451V,Building Approvals,Number,Month
2019-03-01,1914,Total number of dwelling units ;  Victoria ;  Dwellings excluding houses ;  Total Sectors ;,A421451V,Building Approvals,Number,Month
2019-04-01,1853,Total number of dwelling units ;  Victoria ;  Dwellings excluding houses ;  Total Sectors ;,A421451V,Building Approvals,Number,Month
2019-05-01,1737,Total number of dwelling units ;  Victoria ;  Dwellings excluding houses ;  Total Sectors ;,A421451V,Building Approvals,Number,Month
2019-06-01,1583,Total number of dwelling units ;  Victoria ;  Dwellings excluding houses ;  Total Sectors ;,A421451V,Building Approvals,Number,Month
2019-07-01,1523,Total number of dwelling units ;  Victoria ;  Dwellings excluding houses ;  Total Sectors ;,A421451V,Building Approvals,Number,Month
2019-08-01,1608,Total number of dwelling units ;  Victoria ;  Dwellings excluding houses ;  Total Sectors ;,A421451V,Building Approvals,Number,Month
2019-09-01,1795,Total number of dwelling units ;  Victoria ;  Dwellings excluding houses ;  Total Sectors ;,A421451V,Building Approvals,Number,Month
2019-10-01,1975,Total number of dwelling units ;  Victoria ;  Dwellings excluding houses ;  Total Sectors ;,A421451V,Building Approvals,Number,Month
2019-11-01,2118,Total number of dwelling units ;  Victoria ;  Dwellings excluding houses ;  Total Sectors ;,A421451V,Building Approvals,Number,Month
2019-12-01,2202,Total number of dwelling units ;  Victoria ;  Dwellings excluding houses ;  Total Sectors ;,A421451V,Building Approvals,Number,Month
2020-01-01,2176,Total number of dwelling units ;  Victoria ;  Dwellings excluding houses ;  Total Sectors ;,A421451V,Building Approvals,Number,Month
2020-02-01,2058,Total number of dwelling units ;  Victoria ;  Dwellings excluding houses ;  Total Sectors ;,A421451V,Building Approvals,Number,Month
2020-03-01,1935,Total number of dwelling units ;  Victoria ;  Dwellings excluding houses ;  Total Sectors ;,A421451V,Building Approvals,Number,Month
2020-04-01,1868,Total number of dwelling units ;  Victoria ;  Dwellings excluding houses ;  Total Sectors ;,A421451V,Building Approvals,Number,Month
2020-05-01,1885,Total number of dwelling units ;  Victoria ;  Dwellings excluding houses ;  Total Sectors ;,A421451V,Building Approvals,Number,Month
2020-06-01,1955,Total number of dwelling units ;  Victoria ;  Dwellings excluding houses ;  Total Sectors ;,A421451V,Building Approvals,Number,Month
2020-07-01,2018,Total number of dwelling units ;  Victoria ;  Dwellings excluding houses ;  Total Sectors ;,A421451V,Building Approvals,Number,Month
2020-08-01,1990,Total number of dwelling units ;  Victoria ;  Dwellings excluding houses ;  Total Sectors ;,A421451V,Building Approvals,Number,Month
2020-09-01,1882,Total number of dwelling units ;  Victoria ;  Dwellings excluding houses ;  Total Sectors ;,A421451V,Building Approvals,Number,Month
2020-10-01,1716,Total number of dwelling units ;  Victoria ;  Dwellings excluding houses ;  Total Sectors ;,A421451V,Building Approvals,Number,Month
2020-11-01,1554,Total number of dwelling units ;  Victoria ;  Dwellings excluding houses ;  Total Sectors ;,A421451V,Building Approvals,Number,Month
2020-12-01,1451,Total number of dwelling units ;  Victoria ;  Dwellings excluding houses ;  Total Sectors ;,A421451V,Building Approvals,Number,Month
2021-01-01,1456,Total number of dwelling units ;  Victoria ;  Dwellings excluding houses ;  Total Sectors ;,A421451V,Building Approvals,Number,Month
2021-02-01,1557,Total number of dwelling units ;  Victoria ;  Dwellings excluding houses ;  Total Sectors ;,A421451V,Building Approvals,Number,Month
2021-03-01,1710,Total number of dwelling units ;  Victoria ;  Dwellings excluding houses ;  Total Sectors ;,A421451V,Building Approvals,Number,Month
2021-04-01,1873,Total number of dwelling units ;  Victoria ;  Dwellings excluding houses ;  Total Sectors ;,A421451V,Building Approvals,Number,Month
2021-05-01,1992,Total number of dwelling units ;  Victoria ;  Dwellings excluding houses ;  Total Sectors ;,A421451V,Building Approvals,Number,Month
2021-06-01,2067,Total number of dwelling units ;  Victoria ;  Dwellings excluding houses ;  Total Sectors ;,A421451V,Building Approvals,Number,Month
2021-07-01,2138,Total number of dwelling units ;  Victoria ;  Dwellings excluding houses ;  Total Sectors ;,A421451V,Building Approvals,Number,Month
2021-08-01,2169,Total number of dwelling units ;  Victoria ;  Dwellings excluding houses ;  Total Sectors ;,A421451V,Building Approvals,Number,Month
2021-09-01,2203,Total number of dwelling units ;  Victoria ;  Dwellings excluding houses ;  Total Sectors ;,A421451V,Building Approvals,Number,Month
2021-10-01,2221,Total number of dwelling units ;  Victoria ;  Dwellings excluding houses ;  Total Sectors ;,A421451V,Building Approvals,Number,Month
2021-11-01,2240,Total number of dwelling units ;  Victoria ;  Dwellings excluding houses ;  Total Sectors ;,A421451V,Building Approvals,Number,Month
2021-12-01,2287,Total number of dwelling units ;  Victoria ;  Dwellings excluding houses ;  Total Sectors ;,A421451V,Building Approvals,Number,Month
2022-01-01,2346,Total number of dwelling units ;  Victoria ;  Dwellings excluding houses ;  Total Sectors ;,A421451V,Building Approvals,Number,Month
2022-02-01,2361,Total number of dwelling units ;  Victoria ;  Dwellings excluding houses ;  Total Sectors ;,A421451V,Building Approvals,Number,Month
2022-03-01,2288,Total number of dwelling units ;  Victoria ;  Dwellings excluding houses ;  Total Sectors ;,A421451V,Building Approvals,Number,Month
2022-04-01,2129,Total number of dwelling units ;  Victoria ;  Dwellings excluding houses ;  Total Sectors ;,A421451V,Building Approvals,Number,Month
2022-05-01,1966,Total number of dwelling units ;  Victoria ;  Dwellings excluding houses ;  Total Sectors ;,A421451V,Building Approvals,Number,Month
2022-06-01,1840,Total number of dwelling units ;  Victoria ;  Dwellings excluding houses ;  Total Sectors ;,A421451V,Building Approvals,Number,Month
2022-07-01,1835,Total number of dwelling units ;  Victoria ;  Dwellings excluding houses ;  Total Sectors ;,A421451V,Building Approvals,Number,Month
2022-08-01,1974,Total number of dwelling units ;  Victoria ;  Dwellings excluding houses ;  Total Sectors ;,A421451V,Building Approvals,Number,Month
2022-09-01,2185,Total number of dwelling units ;  Victoria ;  Dwellings excluding houses ;  Total Sectors ;,A421451V,Building Approvals,Number,Month
2022-10-01,2313,Total number of dwelling units ;  Victoria ;  Dwellings excluding houses ;  Total Sectors ;,A421451V,Building Approvals,Number,Month
2022-11-01,2307,Total number of dwelling units ;  Victoria ;  Dwellings excluding houses ;  Total Sectors ;,A421451V,Building Approvals,Number,Month
2022-12-01,2104,Total number of dwelling units ;  Victoria ;  Dwellings excluding houses ;  Total Sectors ;,A421451V,Building Approvals,Number,Month
2023-01-01,1791,Total number of dwelling units ;  Victoria ;  Dwellings excluding houses ;  Total Sectors ;,A421451V,Building Approvals,Number,Month
2023-02-01,1487,Total number of dwelling units ;  Victoria ;  Dwellings excluding houses ;  Total Sectors ;,A421451V,Building Approvals,Number,Month
2023-03-01,1300,Total number of dwelling units ;  Victoria ;  Dwellings excluding houses ;  Total Sectors ;,A421451V,Building Approvals,Number,Month
2023-04-01,1277,Total number of dwelling units ;  Victoria ;  Dwellings excluding houses ;  Total Sectors ;,A421451V,Building Approvals,Number,Month
2023-05-01,1399,Total number of dwelling units ;  Victoria ;  Dwellings excluding houses ;  Total Sectors ;,A421451V,Building Approvals,Number,Month
2023-06-01,1614,Total number of dwelling units ;  Victoria ;  Dwellings excluding houses ;  Total Sectors ;,A421451V,Building Approvals,Number,Month
2023-07-01,1836,Total number of dwelling units ;  Victoria ;  Dwellings excluding houses ;  Total Sectors ;,A421451V,Building Approvals,Number,Month
2023-08-01,1965,Total number of dwelling units ;  Victoria ;  Dwellings excluding houses ;  Total Sectors ;,A421451V,Building Approvals,Number,Month
2023-09-01,1996,Total number of dwelling units ;  Victoria ;  Dwellings excluding houses ;  Total Sectors ;,A421451V,Building Approvals,Number,Month
2023-10-01,1908,Total number of dwelling units ;  Victoria ;  Dwellings excluding houses ;  Total Sectors ;,A421451V,Building Approvals,Number,Month
2023-11-01,1728,Total number of dwelling units ;  Victoria ;  Dwellings excluding houses ;  Total Sectors ;,A421451V,Building Approvals,Number,Month
2023-12-01,1528,Total number of dwelling units ;  Victoria ;  Dwellings excluding houses ;  Total Sectors ;,A421451V,Building Approvals,Number,Month
2024-01-01,1346,Total number of dwelling units ;  Victoria ;  Dwellings excluding houses ;  Total Sectors ;,A421451V,Building Approvals,Number,Month
2024-02-01,1224,Total number of dwelling units ;  Victoria ;  Dwellings excluding houses ;  Total Sectors ;,A421451V,Building Approvals,Number,Month
2024-03-01,1194,Total number of dwelling units ;  Victoria ;  Dwellings excluding houses ;  Total Sectors ;,A421451V,Building Approvals,Number,Month
2024-04-01,1226,Total number of dwelling units ;  Victoria ;  Dwellings excluding houses ;  Total Sectors ;,A421451V,Building Approvals,Number,Month
2024-05-01,1321,Total number of dwelling units ;  Victoria ;  Dwellings excluding houses ;  Total Sectors ;,A421451V,Building Approvals,Number,Month
2024-06-01,1496,Total number of dwelling units ;  Victoria ;  Dwellings excluding houses ;  Total Sectors ;,A421451V,Building Approvals,Number,Month
2024-07-01,1719,Total number of dwelling units ;  Victoria ;  Dwellings excluding houses ;  Total Sectors ;,A421451V,Building Approvals,Number,Month
2024-08-01,1918,Total number of dwelling units ;  Victoria ;  Dwellings excluding houses ;  Total Sectors ;,A421451V,Building Approvals,Number,Month
2024-09-01,2078,Total number of dwelling units ;  Victoria ;  Dwellings excluding houses ;  Total Sectors ;,A421451V,Building Approvals,Number,Month
2024-10-01,2200,Total number of dwelling units ;  Victoria ;  Dwellings excluding houses ;  Total Sectors ;,A421451V,Building Approvals,Number,Month
2024-11-01,2263,Total number of dwelling units ;  Victoria ;  Dwellings excluding houses ;  Total Sectors ;,A421451V,Building Approvals,Number,Month
2024-12-01,2256,Total number of dwelling units ;  Victoria ;  Dwellings excluding houses ;  Total Sectors ;,A421451V,Building Approvals,Number,Month
2025-01-01,2185,Total number of dwelling units ;  Victoria ;  Dwellings excluding houses ;  Total Sectors ;,A421451V,Building Approvals,Number,Month
2025-02-01,2080,Total number of dwelling units ;  Victoria ;  Dwellings excluding houses ;  Total Sectors ;,A421451V,Building Approvals,Number,Month
2025-03-01,1923,Total number of dwelling units ;  Victoria ;  Dwellings excluding houses ;  Total Sectors ;,A421451V,Building Approvals,Number,Month
2025-04-01,1772,Total number of dwelling units ;  Victoria ;  Dwellings excluding houses ;  Total Sectors ;,A421451V,Building Approvals,Number,Month
2025-05-01,1647,Total number of dwelling units ;  Victoria ;  Dwellings excluding houses ;  Total Sectors ;,A421451V,Building Approvals,Number,Month
2025-06-01,1582,Total number of dwelling units ;  Victoria ;  Dwellings excluding houses ;  Total Sectors ;,A421451V,Building Approvals,Number,Month
2025-07-01,1646,Total number of dwelling units ;  Victoria ;  Dwellings excluding houses ;  Total Sectors ;,A421451V,Building Approvals,Number,Month
2025-08-01,1786,Total number of dwelling units ;  Victoria ;  Dwellings excluding houses ;  Total Sectors ;,A421451V,Building Approvals,Number,Month
2025-09-01,1940,Total number of dwelling units ;  Victoria ;  Dwellings excluding houses ;  Total Sectors ;,A421451V,Building Approvals,Number,Month
2025-10-01,2057,Total number of dwelling units ;  Victoria ;  Dwellings excluding houses ;  Total Sectors ;,A421451V,Building Approvals,Number,Month
2025-11-01,2163,Total number of dwelling units ;  Victoria ;  Dwellings excluding houses ;  Total Sectors ;,A421451V,Building Approvals,Number,Month
2025-12-01,2241,Total number of dwelling units ;  Victoria ;  Dwellings excluding houses ;  Total Sectors ;,A421451V,Building Approvals,Number,Month
2026-01-01,2271,Total number of dwelling units ;  Victoria ;  Dwellings excluding houses ;  Total Sectors ;,A421451V,Building Approvals,Number,Month
2026-02-01,2268,Total number of dwelling units ;  Victoria ;  Dwellings excluding houses ;  Total Sectors ;,A421451V,Building Approvals,Number,Month
2026-03-01,2248,Total number of dwelling units ;  Victoria ;  Dwellings excluding houses ;  Total Sectors ;,A421451V,Building Approvals,Number,Month
2026-04-01,2197,Total number of dwelling units ;  Victoria ;  Dwellings excluding houses ;  Total Sectors ;,A421451V,Building Approvals,Number,Month
2026-05-01,2122,Total number of dwelling units ;  Victoria ;  Dwellings excluding houses ;  Total Sectors ;,A421451V,Building Approvals,Number,Month
2026-06-01,2079,Total number of dwelling units ;  Victoria ;  Dwellings excluding houses ;  Total Sectors ;,A421451V,Building Approvals,Number,Month
1983-07-01,2029,Total number of dwelling units ;  Victoria ;  Houses ;  Private Sector ;,A418543V,Building Approvals,Number,Month
1983-08-01,2240,Total number of dwelling units ;  Victoria ;  Houses ;  Private Sector ;,A418543V,Building Approvals,Number,Month
1983-09-01,2242,Total number of dwelling units ;  Victoria ;  Houses ;  Private Sector ;,A418543V,Building Approvals,Number,Month
1983-10-01,2295,Total number of dwelling units ;  Victoria ;  Houses ;  Private Sector ;,A418543V,Building Approvals,Number,Month
1983-11-01,2249,Total number of dwelling units ;  Victoria ;  Houses ;  Private Sector ;,A418543V,Building Approvals,Number,Month
1983-12-01,2334,Total number of dwelling units ;  Victoria ;  Houses ;  Private Sector ;,A418543V,Building Approvals,Number,Month
1984-01-01,2200,Total number of dwelling units ;  Victoria ;  Houses ;  Private Sector ;,A418543V,Building Approvals,Number,Month
1984-02-01,2405,Total number of dwelling units ;  Victoria ;  Houses ;  Private Sector ;,A418543V,Building Approvals,Number,Month
1984-03-01,2602,Total number of dwelling units ;  Victoria ;  Houses ;  Private Sector ;,A418543V,Building Approvals,Number,Month
1984-04-01,2600,Total number of dwelling units ;  Victoria ;  Houses ;  Private Sector ;,A418543V,Building Approvals,Number,Month
1984-05-01,2582,Total number of dwelling units ;  Victoria ;  Houses ;  Private Sector ;,A418543V,Building Approvals,Number,Month
1984-06-01,2695,Total number of dwelling units ;  Victoria ;  Houses ;  Private Sector ;,A418543V,Building Approvals,Number,Month
1984-07-01,2792,Total number of dwelling units ;  Victoria ;  Houses ;  Private Sector ;,A418543V,Building Approvals,Number,Month
1984-08-01,2734,Total number of dwelling units ;  Victoria ;  Houses ;  Private Sector ;,A418543V,Building Approvals,Number,Month
1984-09-01,2666,Total number of dwelling units ;  Victoria ;  Houses ;  Private Sector ;,A418543V,Building Approvals,Number,Month
1984-10-01,2586,Total number of dwelling units ;  Victoria ;  Houses ;  Private Sector ;,A418543V,Building Approvals,Number,Month
1984-11-01,2529,Total number of dwelling units ;  Victoria ;  Houses ;  Private Sector ;,A418543V,Building Approvals,Number,Month
1984-12-01,2232,Total number of dwelling units ;  Victoria ;  Houses ;  Private Sector ;,A418543V,Building Approvals,Number,Month
1985-01-01,2560,Total number of dwelling units ;  Victoria ;  Houses ;  Private Sector ;,A418543V,Building Approvals,Number,Month
1985-02-01,2706,Total number of dwelling units ;  Victoria ;  Houses ;  Private Sector ;,A418543V,Building Approvals,Number,Month
1985-03-01,2663,Total number of dwelling units ;  Victoria ;  Houses ;  Private Sector ;,A418543V,Building Approvals,Number,Month
1985-04-01,2719,Total number of dwelling units ;  Victoria ;  Houses ;  Private Sector ;,A418543V,Building Approvals,Number,Month
1985-05-01,2607,Total number of dwelling units ;  Victoria ;  Houses ;  Private Sector ;,A418543V,Building Approvals,Number,Month
1985-06-01,2576,Total number of dwelling units ;  Victoria ;  Houses ;  Private Sector ;,A418543V,Building Approvals,Number,Month
1985-07-01,2661,Total number of dwelling units ;  Victoria ;  Houses ;  Private Sector ;,A418543V,Building Approvals,Number,Month
1985-08-01,2584,Total number of dwelling units ;  Victoria ;  Houses ;  Private Sector ;,A418543V,Building Approvals,Number,Month
1985-09-01,2648,Total number of dwelling units ;  Victoria ;  Houses ;  Private Sector ;,A418543V,Building Approvals,Number,Month
1985-10-01,2714,Total number of dwelling units ;  Victoria ;  Houses ;  Private Sector ;,A418543V,Building Approvals,Number,Month
1985-11-01,2664,Total number of dwelling units ;  Victoria ;  Houses ;  Private Sector ;,A418543V,Building Approvals,Number,Month
1985-12-01,2318,Total number of dwelling units ;  Victoria ;  Houses ;  Private Sector ;,A418543V,Building Approvals,Number,Month
1986-01-01,2474,Total number of dwelling units ;  Victoria ;  Houses ;  Private Sector ;,A418543V,Building Approvals,Number,Month
1986-02-01,2400,Total number of dwelling units ;  Victoria ;  Houses ;  Private Sector ;,A418543V,Building Approvals,Number,Month
1986-03-01,2253,Total number of dwelling units ;  Victoria ;  Houses ;  Private Sector ;,A418543V,Building Approvals,Number,Month
1986-04-01,2134,Total number of dwelling units ;  Victoria ;  Houses ;  Private Sector ;,A418543V,Building Approvals,Number,Month
1986-05-01,2234,Total number of dwelling units ;  Victoria ;  Houses ;  Private Sector ;,A418543V,Building Approvals,Number,Month
1986-06-01,2398,Total number of dwelling units ;  Victoria ;  Houses ;  Private Sector ;,A418543V,Building Approvals,Number,Month
1986-07-01,2246,Total number of dwelling units ;  Victoria ;  Houses ;  Private Sector ;,A418543V,Building Approvals,Number,Month
1986-08-01,2216,Total number of dwelling units ;  Victoria ;  Houses ;  Private Sector ;,A418543V,Building Approvals,Number,Month
1986-09-01,2222,Total number of dwelling units ;  Victoria ;  Houses ;  Private Sector ;,A418543V,Building Approvals,Number,Month
1986-10-01,2259,Total number of dwelling units ;  Victoria ;  Houses ;  Private Sector ;,A418543V,Building Approvals,Number,Month
1986-11-01,2361,Total number of dwelling units ;  Victoria ;  Houses ;  Private Sector ;,A418543V,Building Approvals,Number,Month
1986-12-01,2327,Total number of dwelling units ;  Victoria ;  Houses ;  Private Sector ;,A418543V,Building Approvals,Number,Month
1987-01-01,2096,Total number of dwelling units ;  Victoria ;  Houses ;  Private Sector ;,A418543V,Building Approvals,Number,Month
1987-02-01,2177,Total number of dwelling units ;  Victoria ;  Houses ;  Private Sector ;,A418543V,Building Approvals,Number,Month
1987-03-01,2171,Total number of dwelling units ;  Victoria ;  Houses ;  Private Sector ;,A418543V,Building Approvals,Number,Month
1987-04-01,2005,Total number of dwelling units ;  Victoria ;  Houses ;  Private Sector ;,A418543V,Building Approvals,Number,Month
1987-05-01,2194,Total number of dwelling units ;  Victoria ;  Houses ;  Private Sector ;,A418543V,Building Approvals,Number,Month
1987-06-01,2139,Total number of dwelling units ;  Victoria ;  Houses ;  Private Sector ;,A418543V,Building Approvals,Number,Month
1987-07-01,2107,Total number of dwelling units ;  Victoria ;  Houses ;  Private Sector ;,A418543V,Building Approvals,Number,Month
1987-08-01,2267,Total number of dwelling units ;  Victoria ;  Houses ;  Private Sector ;,A418543V,Building Approvals,Number,Month
1987-09-01,2173,Total number of dwelling units ;  Victoria ;  Houses ;  Private Sector ;,A418543V,Building Approvals,Number,Month
1987-10-01,2365,Total number of dwelling units ;  Victoria ;  Houses ;  Private Sector ;,A418543V,Building Approvals,Number,Month
1987-11-01,2300,Total number of dwelling units ;  Victoria ;  Houses ;  Private Sector ;,A418543V,Building Approvals,Number,Month
1987-12-01,2424,Total number of dwelling units ;  Victoria ;  Houses ;  Private Sector ;,A418543V,Building Approvals,Number,Month
1988-01-01,2374,Total number of dwelling units ;  Victoria ;  Houses ;  Private Sector ;,A418543V,Building Approvals,Number,Month
1988-02-01,2315,Total number of dwelling units ;  Victoria ;  Houses ;  Private Sector ;,A418543V,Building Approvals,Number,Month
1988-03-01,2390,Total number of dwelling units ;  Victoria ;  Houses ;  Private Sector ;,A418543V,Building Approvals,Number,Month
1988-04-01,2793,Total number of dwelling units ;  Victoria ;  Houses ;  Private Sector ;,A418543V,Building Approvals,Number,Month
1988-05-01,2345,Total number of dwelling units ;  Victoria ;  Houses ;  Private Sector ;,A418543V,Building Approvals,Number,Month
1988-06-01,2680,Total number of dwelling units ;  Victoria ;  Houses ;  Private Sector ;,A418543V,Building Approvals,Number,Month
1988-07-01,2746,Total number of dwelling units ;  Victoria ;  Houses ;  Private Sector ;,A418543V,Building Approvals,Number,Month
1988-08-01,2880,Total number of dwelling units ;  Victoria ;  Houses ;  Private Sector ;,A418543V,Building Approvals,Number,Month
1988-09-01,3067,Total number of dwelling units ;  Victoria ;  Houses ;  Private Sector ;,A418543V,Building Approvals,Number,Month
1988-10-01,2911,Total number of dwelling units ;  Victoria ;  Houses ;  Private Sector ;,A418543V,Building Approvals,Number,Month
1988-11-01,2897,Total number of dwelling units ;  Victoria ;  Houses ;  Private Sector ;,A418543V,Building Approvals,Number,Month
1988-12-01,2993,Total number of dwelling units ;  Victoria ;  Houses ;  Private Sector ;,A418543V,Building Approvals,Number,Month
1989-01-01,3209,Total number of dwelling units ;  Victoria ;  Houses ;  Private Sector ;,A418543V,Building Approvals,Number,Month
1989-02-01,3102,Total number of dwelling units ;  Victoria ;  Houses ;  Private Sector ;,A418543V,Building Approvals,Number,Month
1989-03-01,3111,Total number of dwelling units ;  Victoria ;  Houses ;  Private Sector ;,A418543V,Building Approvals,Number,Month
1989-04-01,3182,Total number of dwelling units ;  Victoria ;  Houses ;  Private Sector ;,A418543V,Building Approvals,Number,Month
1989-05-01,3113,Total number of dwelling units ;  Victoria ;  Houses ;  Private Sector ;,A418543V,Building Approvals,Number,Month
1989-06-01,2853,Total number of dwelling units ;  Victoria ;  Houses ;  Private Sector ;,A418543V,Building Approvals,Number,Month
1989-07-01,2665,Total number of dwelling units ;  Victoria ;  Houses ;  Private Sector ;,A418543V,Building Approvals,Number,Month
1989-08-01,2405,Total number of dwelling units ;  Victoria ;  Houses ;  Private Sector ;,A418543V,Building Approvals,Number,Month
1989-09-01,2395,Total number of dwelling units ;  Victoria ;  Houses ;  Private Sector ;,A418543V,Building Approvals,Number,Month
1989-10-01,2227,Total number of dwelling units ;  Victoria ;  Houses ;  Private Sector ;,A418543V,Building Approvals,Number,Month
1989-11-01,2232,Total number of dwelling units ;  Victoria ;  Houses ;  Private Sector ;,A418543V,Building Approvals,Number,Month
1989-12-01,2368,Total number of dwelling units ;  Victoria ;  Houses ;  Private Sector ;,A418543V,Building Approvals,Number,Month
1990-01-01,2146,Total number of dwelling units ;  Victoria ;  Houses ;  Private Sector ;,A418543V,Building Approvals,Number,Month
1990-02-01,2116,Total number of dwelling units ;  Victoria ;  Houses ;  Private Sector ;,A418543V,Building Approvals,Number,Month
1990-03-01,2041,Total number of dwelling units ;  Victoria ;  Houses ;  Private Sector ;,A418543V,Building Approvals,Number,Month
1990-04-01,2048,Total number of dwelling units ;  Victoria ;  Houses ;  Private Sector ;,A418543V,Building Approvals,Number,Month
1990-05-01,1962,Total number of dwelling units ;  Victoria ;  Houses ;  Private Sector ;,A418543V,Building Approvals,Number,Month
1990-06-01,1921,Total number of dwelling units ;  Victoria ;  Houses ;  Private Sector ;,A418543V,Building Approvals,Number,Month
1990-07-01,1790,Total number of dwelling units ;  Victoria ;  Houses ;  Private Sector ;,A418543V,Building Approvals,Number,Month
1990-08-01,1781,Total number of dwelling units ;  Victoria ;  Houses ;  Private Sector ;,A418543V,Building Approvals,Number,Month
1990-09-01,1708,Total number of dwelling units ;  Victoria ;  Houses ;  Private Sector ;,A418543V,Building Approvals,Number,Month
1990-10-01,1664,Total number of dwelling units ;  Victoria ;  Houses ;  Private Sector ;,A418543V,Building Approvals,Number,Month
1990-11-01,1940,Total number of dwelling units ;  Victoria ;  Houses ;  Private Sector ;,A418543V,Building Approvals,Number,Month
1990-12-01,1558,Total number of dwelling units ;  Victoria ;  Houses ;  Private Sector ;,A418543V,Building Approvals,Number,Month
1991-01-01,1795,Total number of dwelling units ;  Victoria ;  Houses ;  Private Sector ;,A418543V,Building Approvals,Number,Month
1991-02-01,1580,Total number of dwelling units ;  Victoria ;  Houses ;  Private Sector ;,A418543V,Building Approvals,Number,Month
1991-03-01,1589,Total number of dwelling units ;  Victoria ;  Houses ;  Private Sector ;,A418543V,Building Approvals,Number,Month
1991-04-01,1483,Total number of dwelling units ;  Victoria ;  Houses ;  Private Sector ;,A418543V,Building Approvals,Number,Month
1991-05-01,1676,Total number of dwelling units ;  Victoria ;  Houses ;  Private Sector ;,A418543V,Building Approvals,Number,Month
1991-06-01,1674,Total number of dwelling units ;  Victoria ;  Houses ;  Private Sector ;,A418543V,Building Approvals,Number,Month
1991-07-01,1849,Total number of dwelling units ;  Victoria ;  Houses ;  Private Sector ;,A418543V,Building Approvals,Number,Month
1991-08-01,1726,Total number of dwelling units ;  Victoria ;  Houses ;  Private Sector ;,A418543V,Building Approvals,Number,Month
1991-09-01,1740,Total number of dwelling units ;  Victoria ;  Houses ;  Private Sector ;,A418543V,Building Approvals,Number,Month
1991-10-01,1828,Total number of dwelling units ;  Victoria ;  Houses ;  Private Sector ;,A418543V,Building Approvals,Number,Month
1991-11-01,1783,Total number of dwelling units ;  Victoria ;  Houses ;  Private Sector ;,A418543V,Building Approvals,Number,Month
1991-12-01,1814,Total number of dwelling units ;  Victoria ;  Houses ;  Private Sector ;,A418543V,Building Approvals,Number,Month
1992-01-01,1845,Total number of dwelling units ;  Victoria ;  Houses ;  Private Sector ;,A418543V,Building Approvals,Number,Month
1992-02-01,1870,Total number of dwelling units ;  Victoria ;  Houses ;  Private Sector ;,A418543V,Building Approvals,Number,Month
1992-03-01,1890,Total number of dwelling units ;  Victoria ;  Houses ;  Private Sector ;,A418543V,Building Approvals,Number,Month
1992-04-01,1925,Total number of dwelling units ;  Victoria ;  Houses ;  Private Sector ;,A418543V,Building Approvals,Number,Month
1992-05-01,1898,Total number of dwelling units ;  Victoria ;  Houses ;  Private Sector ;,A418543V,Building Approvals,Number,Month
1992-06-01,2056,Total number of dwelling units ;  Victoria ;  Houses ;  Private Sector ;,A418543V,Building Approvals,Number,Month
1992-07-01,2241,Total number of dwelling units ;  Victoria ;  Houses ;  Private Sector ;,A418543V,Building Approvals,Number,Month
1992-08-01,2120,Total number of dwelling units ;  Victoria ;  Houses ;  Private Sector ;,A418543V,Building Approvals,Number,Month
1992-09-01,2138,Total number of dwelling units ;  Victoria ;  Houses ;  Private Sector ;,A418543V,Building Approvals,Number,Month
1992-10-01,2244,Total number of dwelling units ;  Victoria ;  Houses ;  Private Sector ;,A418543V,Building Approvals,Number,Month
1992-11-01,2118,Total number of dwelling units ;  Victoria ;  Houses ;  Private Sector ;,A418543V,Building Approvals,Number,Month
1992-12-01,2238,Total number of dwelling units ;  Victoria ;  Houses ;  Private Sector ;,A418543V,Building Approvals,Number,Month
1993-01-01,2156,Total number of dwelling units ;  Victoria ;  Houses ;  Private Sector ;,A418543V,Building Approvals,Number,Month
1993-02-01,2065,Total number of dwelling units ;  Victoria ;  Houses ;  Private Sector ;,A418543V,Building Approvals,Number,Month
1993-03-01,2187,Total number of dwelling units ;  Victoria ;  Houses ;  Private Sector ;,A418543V,Building Approvals,Number,Month
1993-04-01,2032,Total number of dwelling units ;  Victoria ;  Houses ;  Private Sector ;,A418543V,Building Approvals,Number,Month
1993-05-01,2125,Total number of dwelling units ;  Victoria ;  Houses ;  Private Sector ;,A418543V,Building Approvals,Number,Month
1993-06-01,2095,Total number of dwelling units ;  Victoria ;  Houses ;  Private Sector ;,A418543V,Building Approvals,Number,Month
1993-07-01,2160,Total number of dwelling units ;  Victoria ;  Houses ;  Private Sector ;,A418543V,Building Approvals,Number,Month
1993-08-01,2143,Total number of dwelling units ;  Victoria ;  Houses ;  Private Sector ;,A418543V,Building Approvals,Number,Month
1993-09-01,2097,Total number of dwelling units ;  Victoria ;  Houses ;  Private Sector ;,A418543V,Building Approvals,Number,Month
1993-10-01,2263,Total number of dwelling units ;  Victoria ;  Houses ;  Private Sector ;,A418543V,Building Approvals,Number,Month
1993-11-01,2243,Total number of dwelling units ;  Victoria ;  Houses ;  Private Sector ;,A418543V,Building Approvals,Number,Month
1993-12-01,2229,Total number of dwelling units ;  Victoria ;  Houses ;  Private Sector ;,A418543V,Building Approvals,Number,Month
1994-01-01,2303,Total number of dwelling units ;  Victoria ;  Houses ;  Private Sector ;,A418543V,Building Approvals,Number,Month
1994-02-01,2495,Total number of dwelling units ;  Victoria ;  Houses ;  Private Sector ;,A418543V,Building Approvals,Number,Month
1994-03-01,2359,Total number of dwelling units ;  Victoria ;  Houses ;  Private Sector ;,A418543V,Building Approvals,Number,Month
1994-04-01,2267,Total number of dwelling units ;  Victoria ;  Houses ;  Private Sector ;,A418543V,Building Approvals,Number,Month
1994-05-01,2411,Total number of dwelling units ;  Victoria ;  Houses ;  Private Sector ;,A418543V,Building Approvals,Number,Month
1994-06-01,2319,Total number of dwelling units ;  Victoria ;  Houses ;  Private Sector ;,A418543V,Building Approvals,Number,Month
1994-07-01,2526,Total number of dwelling units ;  Victoria ;  Houses ;  Private Sector ;,A418543V,Building Approvals,Number,Month
1994-08-01,2423,Total number of dwelling units ;  Victoria ;  Houses ;  Private Sector ;,A418543V,Building Approvals,Number,Month
1994-09-01,2382,Total number of dwelling units ;  Victoria ;  Houses ;  Private Sector ;,A418543V,Building Approvals,Number,Month
1994-10-01,2332,Total number of dwelling units ;  Victoria ;  Houses ;  Private Sector ;,A418543V,Building Approvals,Number,Month
1994-11-01,2417,Total number of dwelling units ;  Victoria ;  Houses ;  Private Sector ;,A418543V,Building Approvals,Number,Month
1994-12-01,2050,Total number of dwelling units ;  Victoria ;  Houses ;  Private Sector ;,A418543V,Building Approvals,Number,Month
1995-01-01,1980,Total number of dwelling units ;  Victoria ;  Houses ;  Private Sector ;,A418543V,Building Approvals,Number,Month
1995-02-01,1983,Total number of dwelling units ;  Victoria ;  Houses ;  Private Sector ;,A418543V,Building Approvals,Number,Month
1995-03-01,1792,Total number of dwelling units ;  Victoria ;  Houses ;  Private Sector ;,A418543V,Building Approvals,Number,Month
1995-04-01,1867,Total number of dwelling units ;  Victoria ;  Houses ;  Private Sector ;,A418543V,Building Approvals,Number,Month
1995-05-01,1679,Total number of dwelling units ;  Victoria ;  Houses ;  Private Sector ;,A418543V,Building Approvals,Number,Month
1995-06-01,1900,Total number of dwelling units ;  Victoria ;  Houses ;  Private Sector ;,A418543V,Building Approvals,Number,Month
1995-07-01,1804,Total number of dwelling units ;  Victoria ;  Houses ;  Private Sector ;,A418543V,Building Approvals,Number,Month
1995-08-01,1604,Total number of dwelling units ;  Victoria ;  Houses ;  Private Sector ;,A418543V,Building Approvals,Number,Month
1995-09-01,1680,Total number of dwelling units ;  Victoria ;  Houses ;  Private Sector ;,A418543V,Building Approvals,Number,Month
1995-10-01,1617,Total number of dwelling units ;  Victoria ;  Houses ;  Private Sector ;,A418543V,Building Approvals,Number,Month
1995-11-01,1628,Total number of dwelling units ;  Victoria ;  Houses ;  Private Sector ;,A418543V,Building Approvals,Number,Month
1995-12-01,1594,Total number of dwelling units ;  Victoria ;  Houses ;  Private Sector ;,A418543V,Building Approvals,Number,Month
1996-01-01,1578,Total number of dwelling units ;  Victoria ;  Houses ;  Private Sector ;,A418543V,Building Approvals,Number,Month
1996-02-01,1319,Total number of dwelling units ;  Victoria ;  Houses ;  Private Sector ;,A418543V,Building Approvals,Number,Month
1996-03-01,1308,Total number of dwelling units ;  Victoria ;  Houses ;  Private Sector ;,A418543V,Building Approvals,Number,Month
1996-04-01,1473,Total number of dwelling units ;  Victoria ;  Houses ;  Private Sector ;,A418543V,Building Approvals,Number,Month
1996-05-01,1418,Total number of dwelling units ;  Victoria ;  Houses ;  Private Sector ;,A418543V,Building Approvals,Number,Month
1996-06-01,1470,Total number of dwelling units ;  Victoria ;  Houses ;  Private Sector ;,A418543V,Building Approvals,Number,Month
1996-07-01,1369,Total number of dwelling units ;  Victoria ;  Houses ;  Private Sector ;,A418543V,Building Approvals,Number,Month
1996-08-01,1518,Total number of dwelling units ;  Victoria ;  Houses ;  Private Sector ;,A418543V,Building Approvals,Number,Month
1996-09-01,1430,Total number of dwelling units ;  Victoria ;  Houses ;  Private Sector ;,A418543V,Building Approvals,Number,Month
1996-10-01,1434,Total number of dwelling units ;  Victoria ;  Houses ;  Private Sector ;,A418543V,Building Approvals,Number,Month
1996-11-01,1408,Total number of dwelling units ;  Victoria ;  Houses ;  Private Sector ;,A418543V,Building Approvals,Number,Month
1996-12-01,1575,Total number of dwelling units ;  Victoria ;  Houses ;  Private Sector ;,A418543V,Building Approvals,Number,Month
1997-01-01,1703,Total number of dwelling units ;  Victoria ;  Houses ;  Private Sector ;,A418543V,Building Approvals,Number,Month
1997-02-01,1732,Total number of dwelling units ;  Victoria ;  Houses ;  Private Sector ;,A418543V,Building Approvals,Number,Month
1997-03-01,2042,Total number of dwelling units ;  Victoria ;  Houses ;  Private Sector ;,A418543V,Building Approvals,Number,Month
1997-04-01,1809,Total number of dwelling units ;  Victoria ;  Houses ;  Private Sector ;,A418543V,Building Approvals,Number,Month
1997-05-01,1904,Total number of dwelling units ;  Victoria ;  Houses ;  Private Sector ;,A418543V,Building Approvals,Number,Month
1997-06-01,1833,Total number of dwelling units ;  Victoria ;  Houses ;  Private Sector ;,A418543V,Building Approvals,Number,Month
1997-07-01,1845,Total number of dwelling units ;  Victoria ;  Houses ;  Private Sector ;,A418543V,Building Approvals,Number,Month
1997-08-01,2276,Total number of dwelling units ;  Victoria ;  Houses ;  Private Sector ;,A418543V,Building Approvals,Number,Month
1997-09-01,2200,Total number of dwelling units ;  Victoria ;  Houses ;  Private Sector ;,A418543V,Building Approvals,Number,Month
1997-10-01,2093,Total number of dwelling units ;  Victoria ;  Houses ;  Private Sector ;,A418543V,Building Approvals,Number,Month
1997-11-01,2315,Total number of dwelling units ;  Victoria ;  Houses ;  Private Sector ;,A418543V,Building Approvals,Number,Month
1997-12-01,2257,Total number of dwelling units ;  Victoria ;  Houses ;  Private Sector ;,A418543V,Building Approvals,Number,Month
1998-01-01,2298,Total number of dwelling units ;  Victoria ;  Houses ;  Private Sector ;,A418543V,Building Approvals,Number,Month
1998-02-01,2270,Total number of dwelling units ;  Victoria ;  Houses ;  Private Sector ;,A418543V,Building Approvals,Number,Month
1998-03-01,2365,Total number of dwelling units ;  Victoria ;  Houses ;  Private Sector ;,A418543V,Building Approvals,Number,Month
1998-04-01,2531,Total number of dwelling units ;  Victoria ;  Houses ;  Private Sector ;,A418543V,Building Approvals,Number,Month
1998-05-01,2465,Total number of dwelling units ;  Victoria ;  Houses ;  Private Sector ;,A418543V,Building Approvals,Number,Month
1998-06-01,2456,Total number of dwelling units ;  Victoria ;  Houses ;  Private Sector ;,A418543V,Building Approvals,Number,Month
1998-07-01,2344,Total number of dwelling units ;  Victoria ;  Houses ;  Private Sector ;,A418543V,Building Approvals,Number,Month
1998-08-01,2293,Total number of dwelling units ;  Victoria ;  Houses ;  Private Sector ;,A418543V,Building Approvals,Number,Month
1998-09-01,2473,Total number of dwelling units ;  Victoria ;  Houses ;  Private Sector ;,A418543V,Building Approvals,Number,Month
1998-10-01,2258,Total number of dwelling units ;  Victoria ;  Houses ;  Private Sector ;,A418543V,Building Approvals,Number,Month
1998-11-01,2261,Total number of dwelling units ;  Victoria ;  Houses ;  Private Sector ;,A418543V,Building Approvals,Number,Month
1998-12-01,2218,Total number of dwelling units ;  Victoria ;  Houses ;  Private Sector ;,A418543V,Building Approvals,Number,Month
1999-01-01,2316,Total number of dwelling units ;  Victoria ;  Houses ;  Private Sector ;,A418543V,Building Approvals,Number,Month
1999-02-01,2425,Total number of dwelling units ;  Victoria ;  Houses ;  Private Sector ;,A418543V,Building Approvals,Number,Month
1999-03-01,2443,Total number of dwelling units ;  Victoria ;  Houses ;  Private Sector ;,A418543V,Building Approvals,Number,Month
1999-04-01,2246,Total number of dwelling units ;  Victoria ;  Houses ;  Private Sector ;,A418543V,Building Approvals,Number,Month
1999-05-01,2683,Total number of dwelling units ;  Victoria ;  Houses ;  Private Sector ;,A418543V,Building Approvals,Number,Month
1999-06-01,2572,Total number of dwelling units ;  Victoria ;  Houses ;  Private Sector ;,A418543V,Building Approvals,Number,Month
1999-07-01,2761,Total number of dwelling units ;  Victoria ;  Houses ;  Private Sector ;,A418543V,Building Approvals,Number,Month
1999-08-01,2958,Total number of dwelling units ;  Victoria ;  Houses ;  Private Sector ;,A418543V,Building Approvals,Number,Month
1999-09-01,3064,Total number of dwelling units ;  Victoria ;  Houses ;  Private Sector ;,A418543V,Building Approvals,Number,Month
1999-10-01,2955,Total number of dwelling units ;  Victoria ;  Houses ;  Private Sector ;,A418543V,Building Approvals,Number,Month
1999-11-01,3278,Total number of dwelling units ;  Victoria ;  Houses ;  Private Sector ;,A418543V,Building Approvals,Number,Month
1999-12-01,3494,Total number of dwelling units ;  Victoria ;  Houses ;  Private Sector ;,A418543V,Building Approvals,Number,Month
2000-01-01,3371,Total number of dwelling units ;  Victoria ;  Houses ;  Private Sector ;,A418543V,Building Approvals,Number,Month
2000-02-01,3454,Total number of dwelling units ;  Victoria ;  Houses ;  Private Sector ;,A418543V,Building Approvals,Number,Month
2000-03-01,3183,Total number of dwelling units ;  Victoria ;  Houses ;  Private Sector ;,A418543V,Building Approvals,Number,Month
2000-04-01,3007,Total number of dwelling units ;  Victoria ;  Houses ;  Private Sector ;,A418543V,Building Approvals,Number,Month
2000-05-01,2294,Total number of dwelling units ;  Victoria ;  Houses ;  Private Sector ;,A418543V,Building Approvals,Number,Month
2000-06-01,2311,Total number of dwelling units ;  Victoria ;  Houses ;  Private Sector ;,A418543V,Building Approvals,Number,Month
2000-07-01,1884,Total number of dwelling units ;  Victoria ;  Houses ;  Private Sector ;,A418543V,Building Approvals,Number,Month
2000-08-01,1627,Total number of dwelling units ;  Victoria ;  Houses ;  Private Sector ;,A418543V,Building Approvals,Number,Month
2000-09-01,1826,Total number of dwelling units ;  Victoria ;  Houses ;  Private Sector ;,A418543V,Building Approvals,Number,Month
2000-10-01,1493,Total number of dwelling units ;  Victoria ;  Houses ;  Private Sector ;,A418543V,Building Approvals,Number,Month
2000-11-01,2188,Total number of dwelling units ;  Victoria ;  Houses ;  Private Sector ;,A418543V,Building Approvals,Number,Month
2000-12-01,1967,Total number of dwelling units ;  Victoria ;  Houses ;  Private Sector ;,A418543V,Building Approvals,Number,Month
2001-01-01,2055,Total number of dwelling units ;  Victoria ;  Houses ;  Private Sector ;,A418543V,Building Approvals,Number,Month
2001-02-01,2297,Total number of dwelling units ;  Victoria ;  Houses ;  Private Sector ;,A418543V,Building Approvals,Number,Month
2001-03-01,1971,Total number of dwelling units ;  Victoria ;  Houses ;  Private Sector ;,A418543V,Building Approvals,Number,Month
2001-04-01,2094,Total number of dwelling units ;  Victoria ;  Houses ;  Private Sector ;,A418543V,Building Approvals,Number,Month
2001-05-01,2386,Total number of dwelling units ;  Victoria ;  Houses ;  Private Sector ;,A418543V,Building Approvals,Number,Month
2001-06-01,2606,Total number of dwelling units ;  Victoria ;  Houses ;  Private Sector ;,A418543V,Building Approvals,Number,Month
2001-07-01,2819,Total number of dwelling units ;  Victoria ;  Houses ;  Private Sector ;,A418543V,Building Approvals,Number,Month
2001-08-01,3336,Total number of dwelling units ;  Victoria ;  Houses ;  Private Sector ;,A418543V,Building Approvals,Number,Month
2001-09-01,3019,Total number of dwelling units ;  Victoria ;  Houses ;  Private Sector ;,A418543V,Building Approvals,Number,Month
2001-10-01,3064,Total number of dwelling units ;  Victoria ;  Houses ;  Private Sector ;,A418543V,Building Approvals,Number,Month
2001-11-01,2968,Total number of dwelling units ;  Victoria ;  Houses ;  Private Sector ;,A418543V,Building Approvals,Number,Month
2001-12-01,3191,Total number of dwelling units ;  Victoria ;  Houses ;  Private Sector ;,A418543V,Building Approvals,Number,Month
2002-01-01,2928,Total number of dwelling units ;  Victoria ;  Houses ;  Private Sector ;,A418543V,Building Approvals,Number,Month
2002-02-01,3084,Total number of dwelling units ;  Victoria ;  Houses ;  Private Sector ;,A418543V,Building Approvals,Number,Month
2002-03-01,3188,Total number of dwelling units ;  Victoria ;  Houses ;  Private Sector ;,A418543V,Building Approvals,Number,Month
2002-04-01,3190,Total number of dwelling units ;  Victoria ;  Houses ;  Private Sector ;,A418543V,Building Approvals,Number,Month
2002-05-01,3135,Total number of dwelling units ;  Victoria ;  Houses ;  Private Sector ;,A418543V,Building Approvals,Number,Month
2002-06-01,2970,Total number of dwelling units ;  Victoria ;  Houses ;  Private Sector ;,A418543V,Building Approvals,Number,Month
2002-07-01,2767,Total number of dwelling units ;  Victoria ;  Houses ;  Private Sector ;,A418543V,Building Approvals,Number,Month
2002-08-01,2944,Total number of dwelling units ;  Victoria ;  Houses ;  Private Sector ;,A418543V,Building Approvals,Number,Month
2002-09-01,2871,Total number of dwelling units ;  Victoria ;  Houses ;  Private Sector ;,A418543V,Building Approvals,Number,Month
2002-10-01,2846,Total number of dwelling units ;  Victoria ;  Houses ;  Private Sector ;,A418543V,Building Approvals,Number,Month
2002-11-01,2369,Total number of dwelling units ;  Victoria ;  Houses ;  Private Sector ;,A418543V,Building Approvals,Number,Month
2002-12-01,3043,Total number of dwelling units ;  Victoria ;  Houses ;  Private Sector ;,A418543V,Building Approvals,Number,Month
2003-01-01,2653,Total number of dwelling units ;  Victoria ;  Houses ;  Private Sector ;,A418543V,Building Approvals,Number,Month
2003-02-01,2808,Total number of dwelling units ;  Victoria ;  Houses ;  Private Sector ;,A418543V,Building Approvals,Number,Month
2003-03-01,2339,Total number of dwelling units ;  Victoria ;  Houses ;  Private Sector ;,A418543V,Building Approvals,Number,Month
2003-04-01,2963,Total number of dwelling units ;  Victoria ;  Houses ;  Private Sector ;,A418543V,Building Approvals,Number,Month
2003-05-01,2788,Total number of dwelling units ;  Victoria ;  Houses ;  Private Sector ;,A418543V,Building Approvals,Number,Month
2003-06-01,3052,Total number of dwelling units ;  Victoria ;  Houses ;  Private Sector ;,A418543V,Building Approvals,Number,Month
2003-07-01,3074,Total number of dwelling units ;  Victoria ;  Houses ;  Private Sector ;,A418543V,Building Approvals,Number,Month
2003-08-01,2869,Total number of dwelling units ;  Victoria ;  Houses ;  Private Sector ;,A418543V,Building Approvals,Number,Month
2003-09-01,2853,Total number of dwelling units ;  Victoria ;  Houses ;  Private Sector ;,A418543V,Building Approvals,Number,Month
2003-10-01,2976,Total number of dwelling units ;  Victoria ;  Houses ;  Private Sector ;,A418543V,Building Approvals,Number,Month
2003-11-01,2908,Total number of dwelling units ;  Victoria ;  Houses ;  Private Sector ;,A418543V,Building Approvals,Number,Month
2003-12-01,2834,Total number of dwelling units ;  Victoria ;  Houses ;  Private Sector ;,A418543V,Building Approvals,Number,Month
2004-01-01,2989,Total number of dwelling units ;  Victoria ;  Houses ;  Private Sector ;,A418543V,Building Approvals,Number,Month
2004-02-01,2681,Total number of dwelling units ;  Victoria ;  Houses ;  Private Sector ;,A418543V,Building Approvals,Number,Month
2004-03-01,2729,Total number of dwelling units ;  Victoria ;  Houses ;  Private Sector ;,A418543V,Building Approvals,Number,Month
2004-04-01,2820,Total number of dwelling units ;  Victoria ;  Houses ;  Private Sector ;,A418543V,Building Approvals,Number,Month
2004-05-01,2733,Total number of dwelling units ;  Victoria ;  Houses ;  Private Sector ;,A418543V,Building Approvals,Number,Month
2004-06-01,2723,Total number of dwelling units ;  Victoria ;  Houses ;  Private Sector ;,A418543V,Building Approvals,Number,Month
2004-07-01,2788,Total number of dwelling units ;  Victoria ;  Houses ;  Private Sector ;,A418543V,Building Approvals,Number,Month
2004-08-01,2366,Total number of dwelling units ;  Victoria ;  Houses ;  Private Sector ;,A418543V,Building Approvals,Number,Month
2004-09-01,2386,Total number of dwelling units ;  Victoria ;  Houses ;  Private Sector ;,A418543V,Building Approvals,Number,Month
2004-10-01,2480,Total number of dwelling units ;  Victoria ;  Houses ;  Private Sector ;,A418543V,Building Approvals,Number,Month
2004-11-01,2484,Total number of dwelling units ;  Victoria ;  Houses ;  Private Sector ;,A418543V,Building Approvals,Number,Month
2004-12-01,2271,Total number of dwelling units ;  Victoria ;  Houses ;  Private Sector ;,A418543V,Building Approvals,Number,Month
2005-01-01,2653,Total number of dwelling units ;  Victoria ;  Houses ;  Private Sector ;,A418543V,Building Approvals,Number,Month
2005-02-01,2412,Total number of dwelling units ;  Victoria ;  Houses ;  Private Sector ;,A418543V,Building Approvals,Number,Month
2005-03-01,2547,Total number of dwelling units ;  Victoria ;  Houses ;  Private Sector ;,A418543V,Building Approvals,Number,Month
2005-04-01,2584,Total number of dwelling units ;  Victoria ;  Houses ;  Private Sector ;,A418543V,Building Approvals,Number,Month
2005-05-01,2857,Total number of dwelling units ;  Victoria ;  Houses ;  Private Sector ;,A418543V,Building Approvals,Number,Month
2005-06-01,3238,Total number of dwelling units ;  Victoria ;  Houses ;  Private Sector ;,A418543V,Building Approvals,Number,Month
2005-07-01,2232,Total number of dwelling units ;  Victoria ;  Houses ;  Private Sector ;,A418543V,Building Approvals,Number,Month
2005-08-01,2202,Total number of dwelling units ;  Victoria ;  Houses ;  Private Sector ;,A418543V,Building Approvals,Number,Month
2005-09-01,2259,Total number of dwelling units ;  Victoria ;  Houses ;  Private Sector ;,A418543V,Building Approvals,Number,Month
2005-10-01,2107,Total number of dwelling units ;  Victoria ;  Houses ;  Private Sector ;,A418543V,Building Approvals,Number,Month
2005-11-01,2568,Total number of dwelling units ;  Victoria ;  Houses ;  Private Sector ;,A418543V,Building Approvals,Number,Month
2005-12-01,2478,Total number of dwelling units ;  Victoria ;  Houses ;  Private Sector ;,A418543V,Building Approvals,Number,Month
2006-01-01,2499,Total number of dwelling units ;  Victoria ;  Houses ;  Private Sector ;,A418543V,Building Approvals,Number,Month
2006-02-01,2484,Total number of dwelling units ;  Victoria ;  Houses ;  Private Sector ;,A418543V,Building Approvals,Number,Month
2006-03-01,2415,Total number of dwelling units ;  Victoria ;  Houses ;  Private Sector ;,A418543V,Building Approvals,Number,Month
2006-04-01,2375,Total number of dwelling units ;  Victoria ;  Houses ;  Private Sector ;,A418543V,Building Approvals,Number,Month
2006-05-01,2585,Total number of dwelling units ;  Victoria ;  Houses ;  Private Sector ;,A418543V,Building Approvals,Number,Month
2006-06-01,2375,Total number of dwelling units ;  Victoria ;  Houses ;  Private Sector ;,A418543V,Building Approvals,Number,Month
2006-07-01,2444,Total number of dwelling units ;  Victoria ;  Houses ;  Private Sector ;,A418543V,Building Approvals,Number,Month
2006-08-01,2795,Total number of dwelling units ;  Victoria ;  Houses ;  Private Sector ;,A418543V,Building Approvals,Number,Month
2006-09-01,2494,Total number of dwelling units ;  Victoria ;  Houses ;  Private Sector ;,A418543V,Building Approvals,Number,Month
2006-10-01,2298,Total number of dwelling units ;  Victoria ;  Houses ;  Private Sector ;,A418543V,Building Approvals,Number,Month
2006-11-01,2438,Total number of dwelling units ;  Victoria ;  Houses ;  Private Sector ;,A418543V,Building Approvals,Number,Month
2006-12-01,2126,Total number of dwelling units ;  Victoria ;  Houses ;  Private Sector ;,A418543V,Building Approvals,Number,Month
2007-01-01,2319,Total number of dwelling units ;  Victoria ;  Houses ;  Private Sector ;,A418543V,Building Approvals,Number,Month
2007-02-01,2343,Total number of dwelling units ;  Victoria ;  Houses ;  Private Sector ;,A418543V,Building Approvals,Number,Month
2007-03-01,2319,Total number of dwelling units ;  Victoria ;  Houses ;  Private Sector ;,A418543V,Building Approvals,Number,Month
2007-04-01,2386,Total number of dwelling units ;  Victoria ;  Houses ;  Private Sector ;,A418543V,Building Approvals,Number,Month
2007-05-01,2379,Total number of dwelling units ;  Victoria ;  Houses ;  Private Sector ;,A418543V,Building Approvals,Number,Month
2007-06-01,2372,Total number of dwelling units ;  Victoria ;  Houses ;  Private Sector ;,A418543V,Building Approvals,Number,Month
2007-07-01,2616,Total number of dwelling units ;  Victoria ;  Houses ;  Private Sector ;,A418543V,Building Approvals,Number,Month
2007-08-01,2547,Total number of dwelling units ;  Victoria ;  Houses ;  Private Sector ;,A418543V,Building Approvals,Number,Month
2007-09-01,2486,Total number of dwelling units ;  Victoria ;  Houses ;  Private Sector ;,A418543V,Building Approvals,Number,Month
2007-10-01,2590,Total number of dwelling units ;  Victoria ;  Houses ;  Private Sector ;,A418543V,Building Approvals,Number,Month
2007-11-01,2628,Total number of dwelling units ;  Victoria ;  Houses ;  Private Sector ;,A418543V,Building Approvals,Number,Month
2007-12-01,2737,Total number of dwelling units ;  Victoria ;  Houses ;  Private Sector ;,A418543V,Building Approvals,Number,Month
2008-01-01,2559,Total number of dwelling units ;  Victoria ;  Houses ;  Private Sector ;,A418543V,Building Approvals,Number,Month
2008-02-01,2550,Total number of dwelling units ;  Victoria ;  Houses ;  Private Sector ;,A418543V,Building Approvals,Number,Month
2008-03-01,2859,Total number of dwelling units ;  Victoria ;  Houses ;  Private Sector ;,A418543V,Building Approvals,Number,Month
2008-04-01,2662,Total number of dwelling units ;  Victoria ;  Houses ;  Private Sector ;,A418543V,Building Approvals,Number,Month
2008-05-01,2448,Total number of dwelling units ;  Victoria ;  Houses ;  Private Sector ;,A418543V,Building Approvals,Number,Month
2008-06-01,2687,Total number of dwelling units ;  Victoria ;  Houses ;  Private Sector ;,A418543V,Building Approvals,Number,Month
2008-07-01,2436,Total number of dwelling units ;  Victoria ;  Houses ;  Private Sector ;,A418543V,Building Approvals,Number,Month
2008-08-01,2628,Total number of dwelling units ;  Victoria ;  Houses ;  Private Sector ;,A418543V,Building Approvals,Number,Month
2008-09-01,2487,Total number of dwelling units ;  Victoria ;  Houses ;  Private Sector ;,A418543V,Building Approvals,Number,Month
2008-10-01,2292,Total number of dwelling units ;  Victoria ;  Houses ;  Private Sector ;,A418543V,Building Approvals,Number,Month
2008-11-01,2348,Total number of dwelling units ;  Victoria ;  Houses ;  Private Sector ;,A418543V,Building Approvals,Number,Month
2008-12-01,2307,Total number of dwelling units ;  Victoria ;  Houses ;  Private Sector ;,A418543V,Building Approvals,Number,Month
2009-01-01,2433,Total number of dwelling units ;  Victoria ;  Houses ;  Private Sector ;,A418543V,Building Approvals,Number,Month
2009-02-01,2517,Total number of dwelling units ;  Victoria ;  Houses ;  Private Sector ;,A418543V,Building Approvals,Number,Month
2009-03-01,2533,Total number of dwelling units ;  Victoria ;  Houses ;  Private Sector ;,A418543V,Building Approvals,Number,Month
2009-04-01,2749,Total number of dwelling units ;  Victoria ;  Houses ;  Private Sector ;,A418543V,Building Approvals,Number,Month
2009-05-01,2586,Total number of dwelling units ;  Victoria ;  Houses ;  Private Sector ;,A418543V,Building Approvals,Number,Month
2009-06-01,2949,Total number of dwelling units ;  Victoria ;  Houses ;  Private Sector ;,A418543V,Building Approvals,Number,Month
2009-07-01,3028,Total number of dwelling units ;  Victoria ;  Houses ;  Private Sector ;,A418543V,Building Approvals,Number,Month
2009-08-01,3121,Total number of dwelling units ;  Victoria ;  Houses ;  Private Sector ;,A418543V,Building Approvals,Number,Month
2009-09-01,3133,Total number of dwelling units ;  Victoria ;  Houses ;  Private Sector ;,A418543V,Building Approvals,Number,Month
2009-10-01,3558,Total number of dwelling units ;  Victoria ;  Houses ;  Private Sector ;,A418543V,Building Approvals,Number,Month
2009-11-01,3217,Total number of dwelling units ;  Victoria ;  Houses ;  Private Sector ;,A418543V,Building Approvals,Number,Month
2009-12-01,3335,Total number of dwelling units ;  Victoria ;  Houses ;  Private Sector ;,A418543V,Building Approvals,Number,Month
2010-01-01,3460,Total number of dwelling units ;  Victoria ;  Houses ;  Private Sector ;,A418543V,Building Approvals,Number,Month
2010-02-01,3506,Total number of dwelling units ;  Victoria ;  Houses ;  Private Sector ;,A418543V,Building Approvals,Number,Month
2010-03-01,3396,Total number of dwelling units ;  Victoria ;  Houses ;  Private Sector ;,A418543V,Building Approvals,Number,Month
2010-04-01,2982,Total number of dwelling units ;  Victoria ;  Houses ;  Private Sector ;,A418543V,Building Approvals,Number,Month
2010-05-01,3117,Total number of dwelling units ;  Victoria ;  Houses ;  Private Sector ;,A418543V,Building Approvals,Number,Month
2010-06-01,3071,Total number of dwelling units ;  Victoria ;  Houses ;  Private Sector ;,A418543V,Building Approvals,Number,Month
2010-07-01,3198,Total number of dwelling units ;  Victoria ;  Houses ;  Private Sector ;,A418543V,Building Approvals,Number,Month
2010-08-01,2996,Total number of dwelling units ;  Victoria ;  Houses ;  Private Sector ;,A418543V,Building Approvals,Number,Month
2010-09-01,2976,Total number of dwelling units ;  Victoria ;  Houses ;  Private Sector ;,A418543V,Building Approvals,Number,Month
2010-10-01,2977,Total number of dwelling units ;  Victoria ;  Houses ;  Private Sector ;,A418543V,Building Approvals,Number,Month
2010-11-01,2890,Total number of dwelling units ;  Victoria ;  Houses ;  Private Sector ;,A418543V,Building Approvals,Number,Month
2010-12-01,3038,Total number of dwelling units ;  Victoria ;  Houses ;  Private Sector ;,A418543V,Building Approvals,Number,Month
2011-01-01,3220,Total number of dwelling units ;  Victoria ;  Houses ;  Private Sector ;,A418543V,Building Approvals,Number,Month
2011-02-01,2832,Total number of dwelling units ;  Victoria ;  Houses ;  Private Sector ;,A418543V,Building Approvals,Number,Month
2011-03-01,2894,Total number of dwelling units ;  Victoria ;  Houses ;  Private Sector ;,A418543V,Building Approvals,Number,Month
2011-04-01,2822,Total number of dwelling units ;  Victoria ;  Houses ;  Private Sector ;,A418543V,Building Approvals,Number,Month
2011-05-01,2845,Total number of dwelling units ;  Victoria ;  Houses ;  Private Sector ;,A418543V,Building Approvals,Number,Month
2011-06-01,2766,Total number of dwelling units ;  Victoria ;  Houses ;  Private Sector ;,A418543V,Building Approvals,Number,Month
2011-07-01,2882,Total number of dwelling units ;  Victoria ;  Houses ;  Private Sector ;,A418543V,Building Approvals,Number,Month
2011-08-01,2618,Total number of dwelling units ;  Victoria ;  Houses ;  Private Sector ;,A418543V,Building Approvals,Number,Month
2011-09-01,2617,Total number of dwelling units ;  Victoria ;  Houses ;  Private Sector ;,A418543V,Building Approvals,Number,Month
2011-10-01,2340,Total number of dwelling units ;  Victoria ;  Houses ;  Private Sector ;,A418543V,Building Approvals,Number,Month
2011-11-01,2577,Total number of dwelling units ;  Victoria ;  Houses ;  Private Sector ;,A418543V,Building Approvals,Number,Month
2011-12-01,2511,Total number of dwelling units ;  Victoria ;  Houses ;  Private Sector ;,A418543V,Building Approvals,Number,Month
2012-01-01,2405,Total number of dwelling units ;  Victoria ;  Houses ;  Private Sector ;,A418543V,Building Approvals,Number,Month
2012-02-01,2331,Total number of dwelling units ;  Victoria ;  Houses ;  Private Sector ;,A418543V,Building Approvals,Number,Month
2012-03-01,2225,Total number of dwelling units ;  Victoria ;  Houses ;  Private Sector ;,A418543V,Building Approvals,Number,Month
2012-04-01,2355,Total number of dwelling units ;  Victoria ;  Houses ;  Private Sector ;,A418543V,Building Approvals,Number,Month
2012-05-01,2387,Total number of dwelling units ;  Victoria ;  Houses ;  Private Sector ;,A418543V,Building Approvals,Number,Month
2012-06-01,2420,Total number of dwelling units ;  Victoria ;  Houses ;  Private Sector ;,A418543V,Building Approvals,Number,Month
2012-07-01,2451,Total number of dwelling units ;  Victoria ;  Houses ;  Private Sector ;,A418543V,Building Approvals,Number,Month
2012-08-01,2378,Total number of dwelling units ;  Victoria ;  Houses ;  Private Sector ;,A418543V,Building Approvals,Number,Month
2012-09-01,2483,Total number of dwelling units ;  Victoria ;  Houses ;  Private Sector ;,A418543V,Building Approvals,Number,Month
2012-10-01,2319,Total number of dwelling units ;  Victoria ;  Houses ;  Private Sector ;,A418543V,Building Approvals,Number,Month
2012-11-01,2219,Total number of dwelling units ;  Victoria ;  Houses ;  Private Sector ;,A418543V,Building Approvals,Number,Month
2012-12-01,2190,Total number of dwelling units ;  Victoria ;  Houses ;  Private Sector ;,A418543V,Building Approvals,Number,Month
2013-01-01,2114,Total number of dwelling units ;  Victoria ;  Houses ;  Private Sector ;,A418543V,Building Approvals,Number,Month
2013-02-01,2225,Total number of dwelling units ;  Victoria ;  Houses ;  Private Sector ;,A418543V,Building Approvals,Number,Month
2013-03-01,2122,Total number of dwelling units ;  Victoria ;  Houses ;  Private Sector ;,A418543V,Building Approvals,Number,Month
2013-04-01,2222,Total number of dwelling units ;  Victoria ;  Houses ;  Private Sector ;,A418543V,Building Approvals,Number,Month
2013-05-01,2451,Total number of dwelling units ;  Victoria ;  Houses ;  Private Sector ;,A418543V,Building Approvals,Number,Month
2013-06-01,2126,Total number of dwelling units ;  Victoria ;  Houses ;  Private Sector ;,A418543V,Building Approvals,Number,Month
2013-07-01,2169,Total number of dwelling units ;  Victoria ;  Houses ;  Private Sector ;,A418543V,Building Approvals,Number,Month
2013-08-01,2257,Total number of dwelling units ;  Victoria ;  Houses ;  Private Sector ;,A418543V,Building Approvals,Number,Month
2013-09-01,2353,Total number of dwelling units ;  Victoria ;  Houses ;  Private Sector ;,A418543V,Building Approvals,Number,Month
2013-10-01,2361,Total number of dwelling units ;  Victoria ;  Houses ;  Private Sector ;,A418543V,Building Approvals,Number,Month
2013-11-01,2541,Total number of dwelling units ;  Victoria ;  Houses ;  Private Sector ;,A418543V,Building Approvals,Number,Month
2013-12-01,2389,Total number of dwelling units ;  Victoria ;  Houses ;  Private Sector ;,A418543V,Building Approvals,Number,Month
2014-01-01,2989,Total number of dwelling units ;  Victoria ;  Houses ;  Private Sector ;,A418543V,Building Approvals,Number,Month
2014-02-01,2622,Total number of dwelling units ;  Victoria ;  Houses ;  Private Sector ;,A418543V,Building Approvals,Number,Month
2014-03-01,2467,Total number of dwelling units ;  Victoria ;  Houses ;  Private Sector ;,A418543V,Building Approvals,Number,Month
2014-04-01,2751,Total number of dwelling units ;  Victoria ;  Houses ;  Private Sector ;,A418543V,Building Approvals,Number,Month
2014-05-01,2759,Total number of dwelling units ;  Victoria ;  Houses ;  Private Sector ;,A418543V,Building Approvals,Number,Month
2014-06-01,2701,Total number of dwelling units ;  Victoria ;  Houses ;  Private Sector ;,A418543V,Building Approvals,Number,Month
2014-07-01,2605,Total number of dwelling units ;  Victoria ;  Houses ;  Private Sector ;,A418543V,Building Approvals,Number,Month
2014-08-01,2728,Total number of dwelling units ;  Victoria ;  Houses ;  Private Sector ;,A418543V,Building Approvals,Number,Month
2014-09-01,2587,Total number of dwelling units ;  Victoria ;  Houses ;  Private Sector ;,A418543V,Building Approvals,Number,Month
2014-10-01,2758,Total number of dwelling units ;  Victoria ;  Houses ;  Private Sector ;,A418543V,Building Approvals,Number,Month
2014-11-01,2753,Total number of dwelling units ;  Victoria ;  Houses ;  Private Sector ;,A418543V,Building Approvals,Number,Month
2014-12-01,2701,Total number of dwelling units ;  Victoria ;  Houses ;  Private Sector ;,A418543V,Building Approvals,Number,Month
2015-01-01,2857,Total number of dwelling units ;  Victoria ;  Houses ;  Private Sector ;,A418543V,Building Approvals,Number,Month
2015-02-01,2866,Total number of dwelling units ;  Victoria ;  Houses ;  Private Sector ;,A418543V,Building Approvals,Number,Month
2015-03-01,2787,Total number of dwelling units ;  Victoria ;  Houses ;  Private Sector ;,A418543V,Building Approvals,Number,Month
2015-04-01,2660,Total number of dwelling units ;  Victoria ;  Houses ;  Private Sector ;,A418543V,Building Approvals,Number,Month
2015-05-01,2663,Total number of dwelling units ;  Victoria ;  Houses ;  Private Sector ;,A418543V,Building Approvals,Number,Month
2015-06-01,2757,Total number of dwelling units ;  Victoria ;  Houses ;  Private Sector ;,A418543V,Building Approvals,Number,Month
2015-07-01,2781,Total number of dwelling units ;  Victoria ;  Houses ;  Private Sector ;,A418543V,Building Approvals,Number,Month
2015-08-01,2941,Total number of dwelling units ;  Victoria ;  Houses ;  Private Sector ;,A418543V,Building Approvals,Number,Month
2015-09-01,2990,Total number of dwelling units ;  Victoria ;  Houses ;  Private Sector ;,A418543V,Building Approvals,Number,Month
2015-10-01,2918,Total number of dwelling units ;  Victoria ;  Houses ;  Private Sector ;,A418543V,Building Approvals,Number,Month
2015-11-01,2940,Total number of dwelling units ;  Victoria ;  Houses ;  Private Sector ;,A418543V,Building Approvals,Number,Month
2015-12-01,2957,Total number of dwelling units ;  Victoria ;  Houses ;  Private Sector ;,A418543V,Building Approvals,Number,Month
2016-01-01,3008,Total number of dwelling units ;  Victoria ;  Houses ;  Private Sector ;,A418543V,Building Approvals,Number,Month
2016-02-01,3015,Total number of dwelling units ;  Victoria ;  Houses ;  Private Sector ;,A418543V,Building Approvals,Number,Month
2016-03-01,3276,Total number of dwelling units ;  Victoria ;  Houses ;  Private Sector ;,A418543V,Building Approvals,Number,Month
2016-04-01,3015,Total number of dwelling units ;  Victoria ;  Houses ;  Private Sector ;,A418543V,Building Approvals,Number,Month
2016-05-01,3099,Total number of dwelling units ;  Victoria ;  Houses ;  Private Sector ;,A418543V,Building Approvals,Number,Month
2016-06-01,3064,Total number of dwelling units ;  Victoria ;  Houses ;  Private Sector ;,A418543V,Building Approvals,Number,Month
2016-07-01,3112,Total number of dwelling units ;  Victoria ;  Houses ;  Private Sector ;,A418543V,Building Approvals,Number,Month
2016-08-01,3093,Total number of dwelling units ;  Victoria ;  Houses ;  Private Sector ;,A418543V,Building Approvals,Number,Month
2016-09-01,2971,Total number of dwelling units ;  Victoria ;  Houses ;  Private Sector ;,A418543V,Building Approvals,Number,Month
2016-10-01,2899,Total number of dwelling units ;  Victoria ;  Houses ;  Private Sector ;,A418543V,Building Approvals,Number,Month
2016-11-01,2973,Total number of dwelling units ;  Victoria ;  Houses ;  Private Sector ;,A418543V,Building Approvals,Number,Month
2016-12-01,2953,Total number of dwelling units ;  Victoria ;  Houses ;  Private Sector ;,A418543V,Building Approvals,Number,Month
2017-01-01,2940,Total number of dwelling units ;  Victoria ;  Houses ;  Private Sector ;,A418543V,Building Approvals,Number,Month
2017-02-01,2860,Total number of dwelling units ;  Victoria ;  Houses ;  Private Sector ;,A418543V,Building Approvals,Number,Month
2017-03-01,2856,Total number of dwelling units ;  Victoria ;  Houses ;  Private Sector ;,A418543V,Building Approvals,Number,Month
2017-04-01,3069,Total number of dwelling units ;  Victoria ;  Houses ;  Private Sector ;,A418543V,Building Approvals,Number,Month
2017-05-01,3099,Total number of dwelling units ;  Victoria ;  Houses ;  Private Sector ;,A418543V,Building Approvals,Number,Month
2017-06-01,3047,Total number of dwelling units ;  Victoria ;  Houses ;  Private Sector ;,A418543V,Building Approvals,Number,Month
2017-07-01,3233,Total number of dwelling units ;  Victoria ;  Houses ;  Private Sector ;,A418543V,Building Approvals,Number,Month
2017-08-01,3135,Total number of dwelling units ;  Victoria ;  Houses ;  Private Sector ;,A418543V,Building Approvals,Number,Month
2017-09-01,3183,Total number of dwelling units ;  Victoria ;  Houses ;  Private Sector ;,A418543V,Building Approvals,Number,Month
2017-10-01,3316,Total number of dwelling units ;  Victoria ;  Houses ;  Private Sector ;,A418543V,Building Approvals,Number,Month
2017-11-01,3243,Total number of dwelling units ;  Victoria ;  Houses ;  Private Sector ;,A418543V,Building Approvals,Number,Month
2017-12-01,3021,Total number of dwelling units ;  Victoria ;  Houses ;  Private Sector ;,A418543V,Building Approvals,Number,Month
2018-01-01,3313,Total number of dwelling units ;  Victoria ;  Houses ;  Private Sector ;,A418543V,Building Approvals,Number,Month
2018-02-01,3394,Total number of dwelling units ;  Victoria ;  Houses ;  Private Sector ;,A418543V,Building Approvals,Number,Month
2018-03-01,3596,Total number of dwelling units ;  Victoria ;  Houses ;  Private Sector ;,A418543V,Building Approvals,Number,Month
2018-04-01,3594,Total number of dwelling units ;  Victoria ;  Houses ;  Private Sector ;,A418543V,Building Approvals,Number,Month
2018-05-01,3307,Total number of dwelling units ;  Victoria ;  Houses ;  Private Sector ;,A418543V,Building Approvals,Number,Month
2018-06-01,3295,Total number of dwelling units ;  Victoria ;  Houses ;  Private Sector ;,A418543V,Building Approvals,Number,Month
2018-07-01,3272,Total number of dwelling units ;  Victoria ;  Houses ;  Private Sector ;,A418543V,Building Approvals,Number,Month
2018-08-01,3248,Total number of dwelling units ;  Victoria ;  Houses ;  Private Sector ;,A418543V,Building Approvals,Number,Month
2018-09-01,3109,Total number of dwelling units ;  Victoria ;  Houses ;  Private Sector ;,A418543V,Building Approvals,Number,Month
2018-10-01,3393,Total number of dwelling units ;  Victoria ;  Houses ;  Private Sector ;,A418543V,Building Approvals,Number,Month
2018-11-01,3102,Total number of dwelling units ;  Victoria ;  Houses ;  Private Sector ;,A418543V,Building Approvals,Number,Month
2018-12-01,3016,Total number of dwelling units ;  Victoria ;  Houses ;  Private Sector ;,A418543V,Building Approvals,Number,Month
2019-01-01,2972,Total number of dwelling units ;  Victoria ;  Houses ;  Private Sector ;,A418543V,Building Approvals,Number,Month
2019-02-01,3040,Total number of dwelling units ;  Victoria ;  Houses ;  Private Sector ;,A418543V,Building Approvals,Number,Month
2019-03-01,2825,Total number of dwelling units ;  Victoria ;  Houses ;  Private Sector ;,A418543V,Building Approvals,Number,Month
2019-04-01,2853,Total number of dwelling units ;  Victoria ;  Houses ;  Private Sector ;,A418543V,Building Approvals,Number,Month
2019-05-01,2955,Total number of dwelling units ;  Victoria ;  Houses ;  Private Sector ;,A418543V,Building Approvals,Number,Month
2019-06-01,3098,Total number of dwelling units ;  Victoria ;  Houses ;  Private Sector ;,A418543V,Building Approvals,Number,Month
2019-07-01,2725,Total number of dwelling units ;  Victoria ;  Houses ;  Private Sector ;,A418543V,Building Approvals,Number,Month
2019-08-01,2935,Total number of dwelling units ;  Victoria ;  Houses ;  Private Sector ;,A418543V,Building Approvals,Number,Month
2019-09-01,3058,Total number of dwelling units ;  Victoria ;  Houses ;  Private Sector ;,A418543V,Building Approvals,Number,Month
2019-10-01,2568,Total number of dwelling units ;  Victoria ;  Houses ;  Private Sector ;,A418543V,Building Approvals,Number,Month
2019-11-01,3119,Total number of dwelling units ;  Victoria ;  Houses ;  Private Sector ;,A418543V,Building Approvals,Number,Month
2019-12-01,3055,Total number of dwelling units ;  Victoria ;  Houses ;  Private Sector ;,A418543V,Building Approvals,Number,Month
2020-01-01,3084,Total number of dwelling units ;  Victoria ;  Houses ;  Private Sector ;,A418543V,Building Approvals,Number,Month
2020-02-01,3056,Total number of dwelling units ;  Victoria ;  Houses ;  Private Sector ;,A418543V,Building Approvals,Number,Month
2020-03-01,2930,Total number of dwelling units ;  Victoria ;  Houses ;  Private Sector ;,A418543V,Building Approvals,Number,Month
2020-04-01,3129,Total number of dwelling units ;  Victoria ;  Houses ;  Private Sector ;,A418543V,Building Approvals,Number,Month
2020-05-01,3143,Total number of dwelling units ;  Victoria ;  Houses ;  Private Sector ;,A418543V,Building Approvals,Number,Month
2020-06-01,3085,Total number of dwelling units ;  Victoria ;  Houses ;  Private Sector ;,A418543V,Building Approvals,Number,Month
2020-07-01,3317,Total number of dwelling units ;  Victoria ;  Houses ;  Private Sector ;,A418543V,Building Approvals,Number,Month
2020-08-01,3286,Total number of dwelling units ;  Victoria ;  Houses ;  Private Sector ;,A418543V,Building Approvals,Number,Month
2020-09-01,3559,Total number of dwelling units ;  Victoria ;  Houses ;  Private Sector ;,A418543V,Building Approvals,Number,Month
2020-10-01,3370,Total number of dwelling units ;  Victoria ;  Houses ;  Private Sector ;,A418543V,Building Approvals,Number,Month
2020-11-01,3396,Total number of dwelling units ;  Victoria ;  Houses ;  Private Sector ;,A418543V,Building Approvals,Number,Month
2020-12-01,3789,Total number of dwelling units ;  Victoria ;  Houses ;  Private Sector ;,A418543V,Building Approvals,Number,Month
2021-01-01,3655,Total number of dwelling units ;  Victoria ;  Houses ;  Private Sector ;,A418543V,Building Approvals,Number,Month
2021-02-01,4120,Total number of dwelling units ;  Victoria ;  Houses ;  Private Sector ;,A418543V,Building Approvals,Number,Month
2021-03-01,4506,Total number of dwelling units ;  Victoria ;  Houses ;  Private Sector ;,A418543V,Building Approvals,Number,Month
2021-04-01,4134,Total number of dwelling units ;  Victoria ;  Houses ;  Private Sector ;,A418543V,Building Approvals,Number,Month
2021-05-01,4355,Total number of dwelling units ;  Victoria ;  Houses ;  Private Sector ;,A418543V,Building Approvals,Number,Month
2021-06-01,4159,Total number of dwelling units ;  Victoria ;  Houses ;  Private Sector ;,A418543V,Building Approvals,Number,Month
2021-07-01,3895,Total number of dwelling units ;  Victoria ;  Houses ;  Private Sector ;,A418543V,Building Approvals,Number,Month
2021-08-01,4148,Total number of dwelling units ;  Victoria ;  Houses ;  Private Sector ;,A418543V,Building Approvals,Number,Month
2021-09-01,3518,Total number of dwelling units ;  Victoria ;  Houses ;  Private Sector ;,A418543V,Building Approvals,Number,Month
2021-10-01,3377,Total number of dwelling units ;  Victoria ;  Houses ;  Private Sector ;,A418543V,Building Approvals,Number,Month
2021-11-01,3387,Total number of dwelling units ;  Victoria ;  Houses ;  Private Sector ;,A418543V,Building Approvals,Number,Month
2021-12-01,3147,Total number of dwelling units ;  Victoria ;  Houses ;  Private Sector ;,A418543V,Building Approvals,Number,Month
2022-01-01,2917,Total number of dwelling units ;  Victoria ;  Houses ;  Private Sector ;,A418543V,Building Approvals,Number,Month
2022-02-01,3121,Total number of dwelling units ;  Victoria ;  Houses ;  Private Sector ;,A418543V,Building Approvals,Number,Month
2022-03-01,3063,Total number of dwelling units ;  Victoria ;  Houses ;  Private Sector ;,A418543V,Building Approvals,Number,Month
2022-04-01,3095,Total number of dwelling units ;  Victoria ;  Houses ;  Private Sector ;,A418543V,Building Approvals,Number,Month
2022-05-01,2933,Total number of dwelling units ;  Victoria ;  Houses ;  Private Sector ;,A418543V,Building Approvals,Number,Month
2022-06-01,3086,Total number of dwelling units ;  Victoria ;  Houses ;  Private Sector ;,A418543V,Building Approvals,Number,Month
2022-07-01,3087,Total number of dwelling units ;  Victoria ;  Houses ;  Private Sector ;,A418543V,Building Approvals,Number,Month
2022-08-01,3182,Total number of dwelling units ;  Victoria ;  Houses ;  Private Sector ;,A418543V,Building Approvals,Number,Month
2022-09-01,2970,Total number of dwelling units ;  Victoria ;  Houses ;  Private Sector ;,A418543V,Building Approvals,Number,Month
2022-10-01,3014,Total number of dwelling units ;  Victoria ;  Houses ;  Private Sector ;,A418543V,Building Approvals,Number,Month
2022-11-01,2856,Total number of dwelling units ;  Victoria ;  Houses ;  Private Sector ;,A418543V,Building Approvals,Number,Month
2022-12-01,2776,Total number of dwelling units ;  Victoria ;  Houses ;  Private Sector ;,A418543V,Building Approvals,Number,Month
2023-01-01,2818,Total number of dwelling units ;  Victoria ;  Houses ;  Private Sector ;,A418543V,Building Approvals,Number,Month
2023-02-01,2854,Total number of dwelling units ;  Victoria ;  Houses ;  Private Sector ;,A418543V,Building Approvals,Number,Month
2023-03-01,2713,Total number of dwelling units ;  Victoria ;  Houses ;  Private Sector ;,A418543V,Building Approvals,Number,Month
2023-04-01,2558,Total number of dwelling units ;  Victoria ;  Houses ;  Private Sector ;,A418543V,Building Approvals,Number,Month
2023-05-01,2645,Total number of dwelling units ;  Victoria ;  Houses ;  Private Sector ;,A418543V,Building Approvals,Number,Month
2023-06-01,2526,Total number of dwelling units ;  Victoria ;  Houses ;  Private Sector ;,A418543V,Building Approvals,Number,Month
2023-07-01,2576,Total number of dwelling units ;  Victoria ;  Houses ;  Private Sector ;,A418543V,Building Approvals,Number,Month
2023-08-01,2827,Total number of dwelling units ;  Victoria ;  Houses ;  Private Sector ;,A418543V,Building Approvals,Number,Month
2023-09-01,2558,Total number of dwelling units ;  Victoria ;  Houses ;  Private Sector ;,A418543V,Building Approvals,Number,Month
2023-10-01,2878,Total number of dwelling units ;  Victoria ;  Houses ;  Private Sector ;,A418543V,Building Approvals,Number,Month
2023-11-01,2868,Total number of dwelling units ;  Victoria ;  Houses ;  Private Sector ;,A418543V,Building Approvals,Number,Month
2023-12-01,2897,Total number of dwelling units ;  Victoria ;  Houses ;  Private Sector ;,A418543V,Building Approvals,Number,Month
2024-01-01,2709,Total number of dwelling units ;  Victoria ;  Houses ;  Private Sector ;,A418543V,Building Approvals,Number,Month
2024-02-01,2715,Total number of dwelling units ;  Victoria ;  Houses ;  Private Sector ;,A418543V,Building Approvals,Number,Month
2024-03-01,3095,Total number of dwelling units ;  Victoria ;  Houses ;  Private Sector ;,A418543V,Building Approvals,Number,Month
2024-04-01,2885,Total number of dwelling units ;  Victoria ;  Houses ;  Private Sector ;,A418543V,Building Approvals,Number,Month
2024-05-01,2770,Total number of dwelling units ;  Victoria ;  Houses ;  Private Sector ;,A418543V,Building Approvals,Number,Month
2024-06-01,2878,Total number of dwelling units ;  Victoria ;  Houses ;  Private Sector ;,A418543V,Building Approvals,Number,Month
2024-07-01,2751,Total number of dwelling units ;  Victoria ;  Houses ;  Private Sector ;,A418543V,Building Approvals,Number,Month
2024-08-01,3010,Total number of dwelling units ;  Victoria ;  Houses ;  Private Sector ;,A418543V,Building Approvals,Number,Month
2024-09-01,2754,Total number of dwelling units ;  Victoria ;  Houses ;  Private Sector ;,A418543V,Building Approvals,Number,Month
2024-10-01,2701,Total number of dwelling units ;  Victoria ;  Houses ;  Private Sector ;,A418543V,Building Approvals,Number,Month
2024-11-01,2712,Total number of dwelling units ;  Victoria ;  Houses ;  Private Sector ;,A418543V,Building Approvals,Number,Month
2024-12-01,2665,Total number of dwelling units ;  Victoria ;  Houses ;  Private Sector ;,A418543V,Building Approvals,Number,Month
2025-01-01,2737,Total number of dwelling units ;  Victoria ;  Houses ;  Private Sector ;,A418543V,Building Approvals,Number,Month
2025-02-01,2677,Total number of dwelling units ;  Victoria ;  Houses ;  Private Sector ;,A418543V,Building Approvals,Number,Month
2025-03-01,2564,Total number of dwelling units ;  Victoria ;  Houses ;  Private Sector ;,A418543V,Building Approvals,Number,Month
2025-04-01,2595,Total number of dwelling units ;  Victoria ;  Houses ;  Private Sector ;,A418543V,Building Approvals,Number,Month
2025-05-01,2835,Total number of dwelling units ;  Victoria ;  Houses ;  Private Sector ;,A418543V,Building Approvals,Number,Month
2025-06-01,2819,Total number of dwelling units ;  Victoria ;  Houses ;  Private Sector ;,A418543V,Building Approvals,Number,Month
2025-07-01,2879,Total number of dwelling units ;  Victoria ;  Houses ;  Private Sector ;,A418543V,Building Approvals,Number,Month
2025-08-01,2689,Total number of dwelling units ;  Victoria ;  Houses ;  Private Sector ;,A418543V,Building Approvals,Number,Month
2025-09-01,2787,Total number of dwelling units ;  Victoria ;  Houses ;  Private Sector ;,A418543V,Building Approvals,Number,Month
2025-10-01,2652,Total number of dwelling units ;  Victoria ;  Houses ;  Private Sector ;,A418543V,Building Approvals,Number,Month
2025-11-01,2628,Total number of dwelling units ;  Victoria ;  Houses ;  Private Sector ;,A418543V,Building Approvals,Number,Month
2025-12-01,2768,Total number of dwelling units ;  Victoria ;  Houses ;  Private Sector ;,A418543V,Building Approvals,Number,Month
2026-01-01,2701,Total number of dwelling units ;  Victoria ;  Houses ;  Private Sector ;,A418543V,Building Approvals,Number,Month
2026-02-01,2945,Total number of dwelling units ;  Victoria ;  Houses ;  Private Sector ;,A418543V,Building Approvals,Number,Month
2026-03-01,2867,Total number of dwelling units ;  Victoria ;  Houses ;  Private Sector ;,A418543V,Building Approvals,Number,Month
2026-04-01,2903,Total number of dwelling units ;  Victoria ;  Houses ;  Private Sector ;,A418543V,Building Approvals,Number,Month
2026-05-01,2976,Total number of dwelling units ;  Victoria ;  Houses ;  Private Sector ;,A418543V,Building Approvals,Number,Month
2026-06-01,3042,Total number of dwelling units ;  Victoria ;  Houses ;  Private Sector ;,A418543V,Building Approvals,Number,Month
1983-07-01,2522,Total number of dwelling units ;  Victoria ;  Houses ;  Total Sectors ;,A418599F,Building Approvals,Number,Month
1983-08-01,2371,Total number of dwelling units ;  Victoria ;  Houses ;  Total Sectors ;,A418599F,Building Approvals,Number,Month
1983-09-01,2446,Total number of dwelling units ;  Victoria ;  Houses ;  Total Sectors ;,A418599F,Building Approvals,Number,Month
1983-10-01,2584,Total number of dwelling units ;  Victoria ;  Houses ;  Total Sectors ;,A418599F,Building Approvals,Number,Month
1983-11-01,2460,Total number of dwelling units ;  Victoria ;  Houses ;  Total Sectors ;,A418599F,Building Approvals,Number,Month
1983-12-01,2442,Total number of dwelling units ;  Victoria ;  Houses ;  Total Sectors ;,A418599F,Building Approvals,Number,Month
1984-01-01,2362,Total number of dwelling units ;  Victoria ;  Houses ;  Total Sectors ;,A418599F,Building Approvals,Number,Month
1984-02-01,2585,Total number of dwelling units ;  Victoria ;  Houses ;  Total Sectors ;,A418599F,Building Approvals,Number,Month
1984-03-01,2754,Total number of dwelling units ;  Victoria ;  Houses ;  Total Sectors ;,A418599F,Building Approvals,Number,Month
1984-04-01,2784,Total number of dwelling units ;  Victoria ;  Houses ;  Total Sectors ;,A418599F,Building Approvals,Number,Month
1984-05-01,2825,Total number of dwelling units ;  Victoria ;  Houses ;  Total Sectors ;,A418599F,Building Approvals,Number,Month
1984-06-01,2900,Total number of dwelling units ;  Victoria ;  Houses ;  Total Sectors ;,A418599F,Building Approvals,Number,Month
1984-07-01,3019,Total number of dwelling units ;  Victoria ;  Houses ;  Total Sectors ;,A418599F,Building Approvals,Number,Month
1984-08-01,2877,Total number of dwelling units ;  Victoria ;  Houses ;  Total Sectors ;,A418599F,Building Approvals,Number,Month
1984-09-01,2781,Total number of dwelling units ;  Victoria ;  Houses ;  Total Sectors ;,A418599F,Building Approvals,Number,Month
1984-10-01,2713,Total number of dwelling units ;  Victoria ;  Houses ;  Total Sectors ;,A418599F,Building Approvals,Number,Month
1984-11-01,2661,Total number of dwelling units ;  Victoria ;  Houses ;  Total Sectors ;,A418599F,Building Approvals,Number,Month
1984-12-01,2320,Total number of dwelling units ;  Victoria ;  Houses ;  Total Sectors ;,A418599F,Building Approvals,Number,Month
1985-01-01,2725,Total number of dwelling units ;  Victoria ;  Houses ;  Total Sectors ;,A418599F,Building Approvals,Number,Month
1985-02-01,2905,Total number of dwelling units ;  Victoria ;  Houses ;  Total Sectors ;,A418599F,Building Approvals,Number,Month
1985-03-01,2949,Total number of dwelling units ;  Victoria ;  Houses ;  Total Sectors ;,A418599F,Building Approvals,Number,Month
1985-04-01,3178,Total number of dwelling units ;  Victoria ;  Houses ;  Total Sectors ;,A418599F,Building Approvals,Number,Month
1985-05-01,2900,Total number of dwelling units ;  Victoria ;  Houses ;  Total Sectors ;,A418599F,Building Approvals,Number,Month
1985-06-01,2828,Total number of dwelling units ;  Victoria ;  Houses ;  Total Sectors ;,A418599F,Building Approvals,Number,Month
1985-07-01,2812,Total number of dwelling units ;  Victoria ;  Houses ;  Total Sectors ;,A418599F,Building Approvals,Number,Month
1985-08-01,2908,Total number of dwelling units ;  Victoria ;  Houses ;  Total Sectors ;,A418599F,Building Approvals,Number,Month
1985-09-01,2817,Total number of dwelling units ;  Victoria ;  Houses ;  Total Sectors ;,A418599F,Building Approvals,Number,Month
1985-10-01,2840,Total number of dwelling units ;  Victoria ;  Houses ;  Total Sectors ;,A418599F,Building Approvals,Number,Month
1985-11-01,2743,Total number of dwelling units ;  Victoria ;  Houses ;  Total Sectors ;,A418599F,Building Approvals,Number,Month
1985-12-01,2558,Total number of dwelling units ;  Victoria ;  Houses ;  Total Sectors ;,A418599F,Building Approvals,Number,Month
1986-01-01,2656,Total number of dwelling units ;  Victoria ;  Houses ;  Total Sectors ;,A418599F,Building Approvals,Number,Month
1986-02-01,2501,Total number of dwelling units ;  Victoria ;  Houses ;  Total Sectors ;,A418599F,Building Approvals,Number,Month
1986-03-01,2387,Total number of dwelling units ;  Victoria ;  Houses ;  Total Sectors ;,A418599F,Building Approvals,Number,Month
1986-04-01,2243,Total number of dwelling units ;  Victoria ;  Houses ;  Total Sectors ;,A418599F,Building Approvals,Number,Month
1986-05-01,2358,Total number of dwelling units ;  Victoria ;  Houses ;  Total Sectors ;,A418599F,Building Approvals,Number,Month
1986-06-01,2556,Total number of dwelling units ;  Victoria ;  Houses ;  Total Sectors ;,A418599F,Building Approvals,Number,Month
1986-07-01,2431,Total number of dwelling units ;  Victoria ;  Houses ;  Total Sectors ;,A418599F,Building Approvals,Number,Month
1986-08-01,2443,Total number of dwelling units ;  Victoria ;  Houses ;  Total Sectors ;,A418599F,Building Approvals,Number,Month
1986-09-01,2477,Total number of dwelling units ;  Victoria ;  Houses ;  Total Sectors ;,A418599F,Building Approvals,Number,Month
1986-10-01,2396,Total number of dwelling units ;  Victoria ;  Houses ;  Total Sectors ;,A418599F,Building Approvals,Number,Month
1986-11-01,2510,Total number of dwelling units ;  Victoria ;  Houses ;  Total Sectors ;,A418599F,Building Approvals,Number,Month
1986-12-01,2520,Total number of dwelling units ;  Victoria ;  Houses ;  Total Sectors ;,A418599F,Building Approvals,Number,Month
1987-01-01,2229,Total number of dwelling units ;  Victoria ;  Houses ;  Total Sectors ;,A418599F,Building Approvals,Number,Month
1987-02-01,2301,Total number of dwelling units ;  Victoria ;  Houses ;  Total Sectors ;,A418599F,Building Approvals,Number,Month
1987-03-01,2266,Total number of dwelling units ;  Victoria ;  Houses ;  Total Sectors ;,A418599F,Building Approvals,Number,Month
1987-04-01,2063,Total number of dwelling units ;  Victoria ;  Houses ;  Total Sectors ;,A418599F,Building Approvals,Number,Month
1987-05-01,2285,Total number of dwelling units ;  Victoria ;  Houses ;  Total Sectors ;,A418599F,Building Approvals,Number,Month
1987-06-01,2205,Total number of dwelling units ;  Victoria ;  Houses ;  Total Sectors ;,A418599F,Building Approvals,Number,Month
1987-07-01,2265,Total number of dwelling units ;  Victoria ;  Houses ;  Total Sectors ;,A418599F,Building Approvals,Number,Month
1987-08-01,2296,Total number of dwelling units ;  Victoria ;  Houses ;  Total Sectors ;,A418599F,Building Approvals,Number,Month
1987-09-01,2301,Total number of dwelling units ;  Victoria ;  Houses ;  Total Sectors ;,A418599F,Building Approvals,Number,Month
1987-10-01,2490,Total number of dwelling units ;  Victoria ;  Houses ;  Total Sectors ;,A418599F,Building Approvals,Number,Month
1987-11-01,2501,Total number of dwelling units ;  Victoria ;  Houses ;  Total Sectors ;,A418599F,Building Approvals,Number,Month
1987-12-01,2528,Total number of dwelling units ;  Victoria ;  Houses ;  Total Sectors ;,A418599F,Building Approvals,Number,Month
1988-01-01,2426,Total number of dwelling units ;  Victoria ;  Houses ;  Total Sectors ;,A418599F,Building Approvals,Number,Month
1988-02-01,2409,Total number of dwelling units ;  Victoria ;  Houses ;  Total Sectors ;,A418599F,Building Approvals,Number,Month
1988-03-01,2520,Total number of dwelling units ;  Victoria ;  Houses ;  Total Sectors ;,A418599F,Building Approvals,Number,Month
1988-04-01,2846,Total number of dwelling units ;  Victoria ;  Houses ;  Total Sectors ;,A418599F,Building Approvals,Number,Month
1988-05-01,2389,Total number of dwelling units ;  Victoria ;  Houses ;  Total Sectors ;,A418599F,Building Approvals,Number,Month
1988-06-01,2846,Total number of dwelling units ;  Victoria ;  Houses ;  Total Sectors ;,A418599F,Building Approvals,Number,Month
1988-07-01,2845,Total number of dwelling units ;  Victoria ;  Houses ;  Total Sectors ;,A418599F,Building Approvals,Number,Month
1988-08-01,2995,Total number of dwelling units ;  Victoria ;  Houses ;  Total Sectors ;,A418599F,Building Approvals,Number,Month
1988-09-01,3184,Total number of dwelling units ;  Victoria ;  Houses ;  Total Sectors ;,A418599F,Building Approvals,Number,Month
1988-10-01,2978,Total number of dwelling units ;  Victoria ;  Houses ;  Total Sectors ;,A418599F,Building Approvals,Number,Month
1988-11-01,2954,Total number of dwelling units ;  Victoria ;  Houses ;  Total Sectors ;,A418599F,Building Approvals,Number,Month
1988-12-01,3121,Total number of dwelling units ;  Victoria ;  Houses ;  Total Sectors ;,A418599F,Building Approvals,Number,Month
1989-01-01,3265,Total number of dwelling units ;  Victoria ;  Houses ;  Total Sectors ;,A418599F,Building Approvals,Number,Month
1989-02-01,3254,Total number of dwelling units ;  Victoria ;  Houses ;  Total Sectors ;,A418599F,Building Approvals,Number,Month
1989-03-01,3130,Total number of dwelling units ;  Victoria ;  Houses ;  Total Sectors ;,A418599F,Building Approvals,Number,Month
1989-04-01,3236,Total number of dwelling units ;  Victoria ;  Houses ;  Total Sectors ;,A418599F,Building Approvals,Number,Month
1989-05-01,3262,Total number of dwelling units ;  Victoria ;  Houses ;  Total Sectors ;,A418599F,Building Approvals,Number,Month
1989-06-01,2947,Total number of dwelling units ;  Victoria ;  Houses ;  Total Sectors ;,A418599F,Building Approvals,Number,Month
1989-07-01,2738,Total number of dwelling units ;  Victoria ;  Houses ;  Total Sectors ;,A418599F,Building Approvals,Number,Month
1989-08-01,2550,Total number of dwelling units ;  Victoria ;  Houses ;  Total Sectors ;,A418599F,Building Approvals,Number,Month
1989-09-01,2453,Total number of dwelling units ;  Victoria ;  Houses ;  Total Sectors ;,A418599F,Building Approvals,Number,Month
1989-10-01,2269,Total number of dwelling units ;  Victoria ;  Houses ;  Total Sectors ;,A418599F,Building Approvals,Number,Month
1989-11-01,2284,Total number of dwelling units ;  Victoria ;  Houses ;  Total Sectors ;,A418599F,Building Approvals,Number,Month
1989-12-01,2446,Total number of dwelling units ;  Victoria ;  Houses ;  Total Sectors ;,A418599F,Building Approvals,Number,Month
1990-01-01,2281,Total number of dwelling units ;  Victoria ;  Houses ;  Total Sectors ;,A418599F,Building Approvals,Number,Month
1990-02-01,2192,Total number of dwelling units ;  Victoria ;  Houses ;  Total Sectors ;,A418599F,Building Approvals,Number,Month
1990-03-01,2279,Total number of dwelling units ;  Victoria ;  Houses ;  Total Sectors ;,A418599F,Building Approvals,Number,Month
1990-04-01,2131,Total number of dwelling units ;  Victoria ;  Houses ;  Total Sectors ;,A418599F,Building Approvals,Number,Month
1990-05-01,2028,Total number of dwelling units ;  Victoria ;  Houses ;  Total Sectors ;,A418599F,Building Approvals,Number,Month
1990-06-01,2108,Total number of dwelling units ;  Victoria ;  Houses ;  Total Sectors ;,A418599F,Building Approvals,Number,Month
1990-07-01,1837,Total number of dwelling units ;  Victoria ;  Houses ;  Total Sectors ;,A418599F,Building Approvals,Number,Month
1990-08-01,1849,Total number of dwelling units ;  Victoria ;  Houses ;  Total Sectors ;,A418599F,Building Approvals,Number,Month
1990-09-01,1755,Total number of dwelling units ;  Victoria ;  Houses ;  Total Sectors ;,A418599F,Building Approvals,Number,Month
1990-10-01,1718,Total number of dwelling units ;  Victoria ;  Houses ;  Total Sectors ;,A418599F,Building Approvals,Number,Month
1990-11-01,1987,Total number of dwelling units ;  Victoria ;  Houses ;  Total Sectors ;,A418599F,Building Approvals,Number,Month
1990-12-01,1579,Total number of dwelling units ;  Victoria ;  Houses ;  Total Sectors ;,A418599F,Building Approvals,Number,Month
1991-01-01,1881,Total number of dwelling units ;  Victoria ;  Houses ;  Total Sectors ;,A418599F,Building Approvals,Number,Month
1991-02-01,1791,Total number of dwelling units ;  Victoria ;  Houses ;  Total Sectors ;,A418599F,Building Approvals,Number,Month
1991-03-01,1669,Total number of dwelling units ;  Victoria ;  Houses ;  Total Sectors ;,A418599F,Building Approvals,Number,Month
1991-04-01,1538,Total number of dwelling units ;  Victoria ;  Houses ;  Total Sectors ;,A418599F,Building Approvals,Number,Month
1991-05-01,1719,Total number of dwelling units ;  Victoria ;  Houses ;  Total Sectors ;,A418599F,Building Approvals,Number,Month
1991-06-01,1700,Total number of dwelling units ;  Victoria ;  Houses ;  Total Sectors ;,A418599F,Building Approvals,Number,Month
1991-07-01,1900,Total number of dwelling units ;  Victoria ;  Houses ;  Total Sectors ;,A418599F,Building Approvals,Number,Month
1991-08-01,1755,Total number of dwelling units ;  Victoria ;  Houses ;  Total Sectors ;,A418599F,Building Approvals,Number,Month
1991-09-01,1848,Total number of dwelling units ;  Victoria ;  Houses ;  Total Sectors ;,A418599F,Building Approvals,Number,Month
1991-10-01,1866,Total number of dwelling units ;  Victoria ;  Houses ;  Total Sectors ;,A418599F,Building Approvals,Number,Month
1991-11-01,1832,Total number of dwelling units ;  Victoria ;  Houses ;  Total Sectors ;,A418599F,Building Approvals,Number,Month
1991-12-01,1839,Total number of dwelling units ;  Victoria ;  Houses ;  Total Sectors ;,A418599F,Building Approvals,Number,Month
1992-01-01,1862,Total number of dwelling units ;  Victoria ;  Houses ;  Total Sectors ;,A418599F,Building Approvals,Number,Month
1992-02-01,1914,Total number of dwelling units ;  Victoria ;  Houses ;  Total Sectors ;,A418599F,Building Approvals,Number,Month
1992-03-01,1937,Total number of dwelling units ;  Victoria ;  Houses ;  Total Sectors ;,A418599F,Building Approvals,Number,Month
1992-04-01,2109,Total number of dwelling units ;  Victoria ;  Houses ;  Total Sectors ;,A418599F,Building Approvals,Number,Month
1992-05-01,1942,Total number of dwelling units ;  Victoria ;  Houses ;  Total Sectors ;,A418599F,Building Approvals,Number,Month
1992-06-01,2117,Total number of dwelling units ;  Victoria ;  Houses ;  Total Sectors ;,A418599F,Building Approvals,Number,Month
1992-07-01,2275,Total number of dwelling units ;  Victoria ;  Houses ;  Total Sectors ;,A418599F,Building Approvals,Number,Month
1992-08-01,2123,Total number of dwelling units ;  Victoria ;  Houses ;  Total Sectors ;,A418599F,Building Approvals,Number,Month
1992-09-01,2175,Total number of dwelling units ;  Victoria ;  Houses ;  Total Sectors ;,A418599F,Building Approvals,Number,Month
1992-10-01,2320,Total number of dwelling units ;  Victoria ;  Houses ;  Total Sectors ;,A418599F,Building Approvals,Number,Month
1992-11-01,2269,Total number of dwelling units ;  Victoria ;  Houses ;  Total Sectors ;,A418599F,Building Approvals,Number,Month
1992-12-01,2279,Total number of dwelling units ;  Victoria ;  Houses ;  Total Sectors ;,A418599F,Building Approvals,Number,Month
1993-01-01,2518,Total number of dwelling units ;  Victoria ;  Houses ;  Total Sectors ;,A418599F,Building Approvals,Number,Month
1993-02-01,2180,Total number of dwelling units ;  Victoria ;  Houses ;  Total Sectors ;,A418599F,Building Approvals,Number,Month
1993-03-01,2322,Total number of dwelling units ;  Victoria ;  Houses ;  Total Sectors ;,A418599F,Building Approvals,Number,Month
1993-04-01,2137,Total number of dwelling units ;  Victoria ;  Houses ;  Total Sectors ;,A418599F,Building Approvals,Number,Month
1993-05-01,2199,Total number of dwelling units ;  Victoria ;  Houses ;  Total Sectors ;,A418599F,Building Approvals,Number,Month
1993-06-01,2158,Total number of dwelling units ;  Victoria ;  Houses ;  Total Sectors ;,A418599F,Building Approvals,Number,Month
1993-07-01,2220,Total number of dwelling units ;  Victoria ;  Houses ;  Total Sectors ;,A418599F,Building Approvals,Number,Month
1993-08-01,2204,Total number of dwelling units ;  Victoria ;  Houses ;  Total Sectors ;,A418599F,Building Approvals,Number,Month
1993-09-01,2263,Total number of dwelling units ;  Victoria ;  Houses ;  Total Sectors ;,A418599F,Building Approvals,Number,Month
1993-10-01,2361,Total number of dwelling units ;  Victoria ;  Houses ;  Total Sectors ;,A418599F,Building Approvals,Number,Month
1993-11-01,2370,Total number of dwelling units ;  Victoria ;  Houses ;  Total Sectors ;,A418599F,Building Approvals,Number,Month
1993-12-01,2291,Total number of dwelling units ;  Victoria ;  Houses ;  Total Sectors ;,A418599F,Building Approvals,Number,Month
1994-01-01,2322,Total number of dwelling units ;  Victoria ;  Houses ;  Total Sectors ;,A418599F,Building Approvals,Number,Month
1994-02-01,2542,Total number of dwelling units ;  Victoria ;  Houses ;  Total Sectors ;,A418599F,Building Approvals,Number,Month
1994-03-01,2401,Total number of dwelling units ;  Victoria ;  Houses ;  Total Sectors ;,A418599F,Building Approvals,Number,Month
1994-04-01,2335,Total number of dwelling units ;  Victoria ;  Houses ;  Total Sectors ;,A418599F,Building Approvals,Number,Month
1994-05-01,2449,Total number of dwelling units ;  Victoria ;  Houses ;  Total Sectors ;,A418599F,Building Approvals,Number,Month
1994-06-01,2358,Total number of dwelling units ;  Victoria ;  Houses ;  Total Sectors ;,A418599F,Building Approvals,Number,Month
1994-07-01,2585,Total number of dwelling units ;  Victoria ;  Houses ;  Total Sectors ;,A418599F,Building Approvals,Number,Month
1994-08-01,2462,Total number of dwelling units ;  Victoria ;  Houses ;  Total Sectors ;,A418599F,Building Approvals,Number,Month
1994-09-01,2431,Total number of dwelling units ;  Victoria ;  Houses ;  Total Sectors ;,A418599F,Building Approvals,Number,Month
1994-10-01,2381,Total number of dwelling units ;  Victoria ;  Houses ;  Total Sectors ;,A418599F,Building Approvals,Number,Month
1994-11-01,2484,Total number of dwelling units ;  Victoria ;  Houses ;  Total Sectors ;,A418599F,Building Approvals,Number,Month
1994-12-01,2119,Total number of dwelling units ;  Victoria ;  Houses ;  Total Sectors ;,A418599F,Building Approvals,Number,Month
1995-01-01,2004,Total number of dwelling units ;  Victoria ;  Houses ;  Total Sectors ;,A418599F,Building Approvals,Number,Month
1995-02-01,2022,Total number of dwelling units ;  Victoria ;  Houses ;  Total Sectors ;,A418599F,Building Approvals,Number,Month
1995-03-01,1838,Total number of dwelling units ;  Victoria ;  Houses ;  Total Sectors ;,A418599F,Building Approvals,Number,Month
1995-04-01,1903,Total number of dwelling units ;  Victoria ;  Houses ;  Total Sectors ;,A418599F,Building Approvals,Number,Month
1995-05-01,1731,Total number of dwelling units ;  Victoria ;  Houses ;  Total Sectors ;,A418599F,Building Approvals,Number,Month
1995-06-01,1960,Total number of dwelling units ;  Victoria ;  Houses ;  Total Sectors ;,A418599F,Building Approvals,Number,Month
1995-07-01,1843,Total number of dwelling units ;  Victoria ;  Houses ;  Total Sectors ;,A418599F,Building Approvals,Number,Month
1995-08-01,1704,Total number of dwelling units ;  Victoria ;  Houses ;  Total Sectors ;,A418599F,Building Approvals,Number,Month
1995-09-01,1702,Total number of dwelling units ;  Victoria ;  Houses ;  Total Sectors ;,A418599F,Building Approvals,Number,Month
1995-10-01,1639,Total number of dwelling units ;  Victoria ;  Houses ;  Total Sectors ;,A418599F,Building Approvals,Number,Month
1995-11-01,1696,Total number of dwelling units ;  Victoria ;  Houses ;  Total Sectors ;,A418599F,Building Approvals,Number,Month
1995-12-01,1635,Total number of dwelling units ;  Victoria ;  Houses ;  Total Sectors ;,A418599F,Building Approvals,Number,Month
1996-01-01,1591,Total number of dwelling units ;  Victoria ;  Houses ;  Total Sectors ;,A418599F,Building Approvals,Number,Month
1996-02-01,1335,Total number of dwelling units ;  Victoria ;  Houses ;  Total Sectors ;,A418599F,Building Approvals,Number,Month
1996-03-01,1336,Total number of dwelling units ;  Victoria ;  Houses ;  Total Sectors ;,A418599F,Building Approvals,Number,Month
1996-04-01,1510,Total number of dwelling units ;  Victoria ;  Houses ;  Total Sectors ;,A418599F,Building Approvals,Number,Month
1996-05-01,1466,Total number of dwelling units ;  Victoria ;  Houses ;  Total Sectors ;,A418599F,Building Approvals,Number,Month
1996-06-01,1488,Total number of dwelling units ;  Victoria ;  Houses ;  Total Sectors ;,A418599F,Building Approvals,Number,Month
1996-07-01,1406,Total number of dwelling units ;  Victoria ;  Houses ;  Total Sectors ;,A418599F,Building Approvals,Number,Month
1996-08-01,1548,Total number of dwelling units ;  Victoria ;  Houses ;  Total Sectors ;,A418599F,Building Approvals,Number,Month
1996-09-01,1438,Total number of dwelling units ;  Victoria ;  Houses ;  Total Sectors ;,A418599F,Building Approvals,Number,Month
1996-10-01,1452,Total number of dwelling units ;  Victoria ;  Houses ;  Total Sectors ;,A418599F,Building Approvals,Number,Month
1996-11-01,1415,Total number of dwelling units ;  Victoria ;  Houses ;  Total Sectors ;,A418599F,Building Approvals,Number,Month
1996-12-01,1594,Total number of dwelling units ;  Victoria ;  Houses ;  Total Sectors ;,A418599F,Building Approvals,Number,Month
1997-01-01,1737,Total number of dwelling units ;  Victoria ;  Houses ;  Total Sectors ;,A418599F,Building Approvals,Number,Month
1997-02-01,1744,Total number of dwelling units ;  Victoria ;  Houses ;  Total Sectors ;,A418599F,Building Approvals,Number,Month
1997-03-01,2057,Total number of dwelling units ;  Victoria ;  Houses ;  Total Sectors ;,A418599F,Building Approvals,Number,Month
1997-04-01,1832,Total number of dwelling units ;  Victoria ;  Houses ;  Total Sectors ;,A418599F,Building Approvals,Number,Month
1997-05-01,1916,Total number of dwelling units ;  Victoria ;  Houses ;  Total Sectors ;,A418599F,Building Approvals,Number,Month
1997-06-01,1839,Total number of dwelling units ;  Victoria ;  Houses ;  Total Sectors ;,A418599F,Building Approvals,Number,Month
1997-07-01,1848,Total number of dwelling units ;  Victoria ;  Houses ;  Total Sectors ;,A418599F,Building Approvals,Number,Month
1997-08-01,2281,Total number of dwelling units ;  Victoria ;  Houses ;  Total Sectors ;,A418599F,Building Approvals,Number,Month
1997-09-01,2234,Total number of dwelling units ;  Victoria ;  Houses ;  Total Sectors ;,A418599F,Building Approvals,Number,Month
1997-10-01,2149,Total number of dwelling units ;  Victoria ;  Houses ;  Total Sectors ;,A418599F,Building Approvals,Number,Month
1997-11-01,2354,Total number of dwelling units ;  Victoria ;  Houses ;  Total Sectors ;,A418599F,Building Approvals,Number,Month
1997-12-01,2320,Total number of dwelling units ;  Victoria ;  Houses ;  Total Sectors ;,A418599F,Building Approvals,Number,Month
1998-01-01,2325,Total number of dwelling units ;  Victoria ;  Houses ;  Total Sectors ;,A418599F,Building Approvals,Number,Month
1998-02-01,2326,Total number of dwelling units ;  Victoria ;  Houses ;  Total Sectors ;,A418599F,Building Approvals,Number,Month
1998-03-01,2395,Total number of dwelling units ;  Victoria ;  Houses ;  Total Sectors ;,A418599F,Building Approvals,Number,Month
1998-04-01,2532,Total number of dwelling units ;  Victoria ;  Houses ;  Total Sectors ;,A418599F,Building Approvals,Number,Month
1998-05-01,2598,Total number of dwelling units ;  Victoria ;  Houses ;  Total Sectors ;,A418599F,Building Approvals,Number,Month
1998-06-01,2540,Total number of dwelling units ;  Victoria ;  Houses ;  Total Sectors ;,A418599F,Building Approvals,Number,Month
1998-07-01,2398,Total number of dwelling units ;  Victoria ;  Houses ;  Total Sectors ;,A418599F,Building Approvals,Number,Month
1998-08-01,2351,Total number of dwelling units ;  Victoria ;  Houses ;  Total Sectors ;,A418599F,Building Approvals,Number,Month
1998-09-01,2512,Total number of dwelling units ;  Victoria ;  Houses ;  Total Sectors ;,A418599F,Building Approvals,Number,Month
1998-10-01,2299,Total number of dwelling units ;  Victoria ;  Houses ;  Total Sectors ;,A418599F,Building Approvals,Number,Month
1998-11-01,2326,Total number of dwelling units ;  Victoria ;  Houses ;  Total Sectors ;,A418599F,Building Approvals,Number,Month
1998-12-01,2277,Total number of dwelling units ;  Victoria ;  Houses ;  Total Sectors ;,A418599F,Building Approvals,Number,Month
1999-01-01,2434,Total number of dwelling units ;  Victoria ;  Houses ;  Total Sectors ;,A418599F,Building Approvals,Number,Month
1999-02-01,2459,Total number of dwelling units ;  Victoria ;  Houses ;  Total Sectors ;,A418599F,Building Approvals,Number,Month
1999-03-01,2478,Total number of dwelling units ;  Victoria ;  Houses ;  Total Sectors ;,A418599F,Building Approvals,Number,Month
1999-04-01,2275,Total number of dwelling units ;  Victoria ;  Houses ;  Total Sectors ;,A418599F,Building Approvals,Number,Month
1999-05-01,2700,Total number of dwelling units ;  Victoria ;  Houses ;  Total Sectors ;,A418599F,Building Approvals,Number,Month
1999-06-01,2598,Total number of dwelling units ;  Victoria ;  Houses ;  Total Sectors ;,A418599F,Building Approvals,Number,Month
1999-07-01,2834,Total number of dwelling units ;  Victoria ;  Houses ;  Total Sectors ;,A418599F,Building Approvals,Number,Month
1999-08-01,2999,Total number of dwelling units ;  Victoria ;  Houses ;  Total Sectors ;,A418599F,Building Approvals,Number,Month
1999-09-01,3133,Total number of dwelling units ;  Victoria ;  Houses ;  Total Sectors ;,A418599F,Building Approvals,Number,Month
1999-10-01,3041,Total number of dwelling units ;  Victoria ;  Houses ;  Total Sectors ;,A418599F,Building Approvals,Number,Month
1999-11-01,3314,Total number of dwelling units ;  Victoria ;  Houses ;  Total Sectors ;,A418599F,Building Approvals,Number,Month
1999-12-01,3551,Total number of dwelling units ;  Victoria ;  Houses ;  Total Sectors ;,A418599F,Building Approvals,Number,Month
2000-01-01,3396,Total number of dwelling units ;  Victoria ;  Houses ;  Total Sectors ;,A418599F,Building Approvals,Number,Month
2000-02-01,3483,Total number of dwelling units ;  Victoria ;  Houses ;  Total Sectors ;,A418599F,Building Approvals,Number,Month
2000-03-01,3198,Total number of dwelling units ;  Victoria ;  Houses ;  Total Sectors ;,A418599F,Building Approvals,Number,Month
2000-04-01,3036,Total number of dwelling units ;  Victoria ;  Houses ;  Total Sectors ;,A418599F,Building Approvals,Number,Month
2000-05-01,2328,Total number of dwelling units ;  Victoria ;  Houses ;  Total Sectors ;,A418599F,Building Approvals,Number,Month
2000-06-01,2335,Total number of dwelling units ;  Victoria ;  Houses ;  Total Sectors ;,A418599F,Building Approvals,Number,Month
2000-07-01,1902,Total number of dwelling units ;  Victoria ;  Houses ;  Total Sectors ;,A418599F,Building Approvals,Number,Month
2000-08-01,1643,Total number of dwelling units ;  Victoria ;  Houses ;  Total Sectors ;,A418599F,Building Approvals,Number,Month
2000-09-01,1859,Total number of dwelling units ;  Victoria ;  Houses ;  Total Sectors ;,A418599F,Building Approvals,Number,Month
2000-10-01,1531,Total number of dwelling units ;  Victoria ;  Houses ;  Total Sectors ;,A418599F,Building Approvals,Number,Month
2000-11-01,2191,Total number of dwelling units ;  Victoria ;  Houses ;  Total Sectors ;,A418599F,Building Approvals,Number,Month
2000-12-01,1987,Total number of dwelling units ;  Victoria ;  Houses ;  Total Sectors ;,A418599F,Building Approvals,Number,Month
2001-01-01,2086,Total number of dwelling units ;  Victoria ;  Houses ;  Total Sectors ;,A418599F,Building Approvals,Number,Month
2001-02-01,2328,Total number of dwelling units ;  Victoria ;  Houses ;  Total Sectors ;,A418599F,Building Approvals,Number,Month
2001-03-01,1999,Total number of dwelling units ;  Victoria ;  Houses ;  Total Sectors ;,A418599F,Building Approvals,Number,Month
2001-04-01,2121,Total number of dwelling units ;  Victoria ;  Houses ;  Total Sectors ;,A418599F,Building Approvals,Number,Month
2001-05-01,2398,Total number of dwelling units ;  Victoria ;  Houses ;  Total Sectors ;,A418599F,Building Approvals,Number,Month
2001-06-01,2629,Total number of dwelling units ;  Victoria ;  Houses ;  Total Sectors ;,A418599F,Building Approvals,Number,Month
2001-07-01,2908,Total number of dwelling units ;  Victoria ;  Houses ;  Total Sectors ;,A418599F,Building Approvals,Number,Month
2001-08-01,3393,Total number of dwelling units ;  Victoria ;  Houses ;  Total Sectors ;,A418599F,Building Approvals,Number,Month
2001-09-01,3091,Total number of dwelling units ;  Victoria ;  Houses ;  Total Sectors ;,A418599F,Building Approvals,Number,Month
2001-10-01,3085,Total number of dwelling units ;  Victoria ;  Houses ;  Total Sectors ;,A418599F,Building Approvals,Number,Month
2001-11-01,3011,Total number of dwelling units ;  Victoria ;  Houses ;  Total Sectors ;,A418599F,Building Approvals,Number,Month
2001-12-01,3228,Total number of dwelling units ;  Victoria ;  Houses ;  Total Sectors ;,A418599F,Building Approvals,Number,Month
2002-01-01,2960,Total number of dwelling units ;  Victoria ;  Houses ;  Total Sectors ;,A418599F,Building Approvals,Number,Month
2002-02-01,3115,Total number of dwelling units ;  Victoria ;  Houses ;  Total Sectors ;,A418599F,Building Approvals,Number,Month
2002-03-01,3205,Total number of dwelling units ;  Victoria ;  Houses ;  Total Sectors ;,A418599F,Building Approvals,Number,Month
2002-04-01,3222,Total number of dwelling units ;  Victoria ;  Houses ;  Total Sectors ;,A418599F,Building Approvals,Number,Month
2002-05-01,3147,Total number of dwelling units ;  Victoria ;  Houses ;  Total Sectors ;,A418599F,Building Approvals,Number,Month
2002-06-01,2986,Total number of dwelling units ;  Victoria ;  Houses ;  Total Sectors ;,A418599F,Building Approvals,Number,Month
2002-07-01,2785,Total number of dwelling units ;  Victoria ;  Houses ;  Total Sectors ;,A418599F,Building Approvals,Number,Month
2002-08-01,2982,Total number of dwelling units ;  Victoria ;  Houses ;  Total Sectors ;,A418599F,Building Approvals,Number,Month
2002-09-01,2884,Total number of dwelling units ;  Victoria ;  Houses ;  Total Sectors ;,A418599F,Building Approvals,Number,Month
2002-10-01,2872,Total number of dwelling units ;  Victoria ;  Houses ;  Total Sectors ;,A418599F,Building Approvals,Number,Month
2002-11-01,2394,Total number of dwelling units ;  Victoria ;  Houses ;  Total Sectors ;,A418599F,Building Approvals,Number,Month
2002-12-01,3069,Total number of dwelling units ;  Victoria ;  Houses ;  Total Sectors ;,A418599F,Building Approvals,Number,Month
2003-01-01,2669,Total number of dwelling units ;  Victoria ;  Houses ;  Total Sectors ;,A418599F,Building Approvals,Number,Month
2003-02-01,2841,Total number of dwelling units ;  Victoria ;  Houses ;  Total Sectors ;,A418599F,Building Approvals,Number,Month
2003-03-01,2357,Total number of dwelling units ;  Victoria ;  Houses ;  Total Sectors ;,A418599F,Building Approvals,Number,Month
2003-04-01,2970,Total number of dwelling units ;  Victoria ;  Houses ;  Total Sectors ;,A418599F,Building Approvals,Number,Month
2003-05-01,2806,Total number of dwelling units ;  Victoria ;  Houses ;  Total Sectors ;,A418599F,Building Approvals,Number,Month
2003-06-01,3062,Total number of dwelling units ;  Victoria ;  Houses ;  Total Sectors ;,A418599F,Building Approvals,Number,Month
2003-07-01,3084,Total number of dwelling units ;  Victoria ;  Houses ;  Total Sectors ;,A418599F,Building Approvals,Number,Month
2003-08-01,2871,Total number of dwelling units ;  Victoria ;  Houses ;  Total Sectors ;,A418599F,Building Approvals,Number,Month
2003-09-01,2861,Total number of dwelling units ;  Victoria ;  Houses ;  Total Sectors ;,A418599F,Building Approvals,Number,Month
2003-10-01,2994,Total number of dwelling units ;  Victoria ;  Houses ;  Total Sectors ;,A418599F,Building Approvals,Number,Month
2003-11-01,2955,Total number of dwelling units ;  Victoria ;  Houses ;  Total Sectors ;,A418599F,Building Approvals,Number,Month
2003-12-01,2839,Total number of dwelling units ;  Victoria ;  Houses ;  Total Sectors ;,A418599F,Building Approvals,Number,Month
2004-01-01,2999,Total number of dwelling units ;  Victoria ;  Houses ;  Total Sectors ;,A418599F,Building Approvals,Number,Month
2004-02-01,2710,Total number of dwelling units ;  Victoria ;  Houses ;  Total Sectors ;,A418599F,Building Approvals,Number,Month
2004-03-01,2750,Total number of dwelling units ;  Victoria ;  Houses ;  Total Sectors ;,A418599F,Building Approvals,Number,Month
2004-04-01,2830,Total number of dwelling units ;  Victoria ;  Houses ;  Total Sectors ;,A418599F,Building Approvals,Number,Month
2004-05-01,2777,Total number of dwelling units ;  Victoria ;  Houses ;  Total Sectors ;,A418599F,Building Approvals,Number,Month
2004-06-01,2754,Total number of dwelling units ;  Victoria ;  Houses ;  Total Sectors ;,A418599F,Building Approvals,Number,Month
2004-07-01,2832,Total number of dwelling units ;  Victoria ;  Houses ;  Total Sectors ;,A418599F,Building Approvals,Number,Month
2004-08-01,2406,Total number of dwelling units ;  Victoria ;  Houses ;  Total Sectors ;,A418599F,Building Approvals,Number,Month
2004-09-01,2408,Total number of dwelling units ;  Victoria ;  Houses ;  Total Sectors ;,A418599F,Building Approvals,Number,Month
2004-10-01,2493,Total number of dwelling units ;  Victoria ;  Houses ;  Total Sectors ;,A418599F,Building Approvals,Number,Month
2004-11-01,2525,Total number of dwelling units ;  Victoria ;  Houses ;  Total Sectors ;,A418599F,Building Approvals,Number,Month
2004-12-01,2292,Total number of dwelling units ;  Victoria ;  Houses ;  Total Sectors ;,A418599F,Building Approvals,Number,Month
2005-01-01,2681,Total number of dwelling units ;  Victoria ;  Houses ;  Total Sectors ;,A418599F,Building Approvals,Number,Month
2005-02-01,2426,Total number of dwelling units ;  Victoria ;  Houses ;  Total Sectors ;,A418599F,Building Approvals,Number,Month
2005-03-01,2558,Total number of dwelling units ;  Victoria ;  Houses ;  Total Sectors ;,A418599F,Building Approvals,Number,Month
2005-04-01,2600,Total number of dwelling units ;  Victoria ;  Houses ;  Total Sectors ;,A418599F,Building Approvals,Number,Month
2005-05-01,2868,Total number of dwelling units ;  Victoria ;  Houses ;  Total Sectors ;,A418599F,Building Approvals,Number,Month
2005-06-01,3261,Total number of dwelling units ;  Victoria ;  Houses ;  Total Sectors ;,A418599F,Building Approvals,Number,Month
2005-07-01,2245,Total number of dwelling units ;  Victoria ;  Houses ;  Total Sectors ;,A418599F,Building Approvals,Number,Month
2005-08-01,2225,Total number of dwelling units ;  Victoria ;  Houses ;  Total Sectors ;,A418599F,Building Approvals,Number,Month
2005-09-01,2280,Total number of dwelling units ;  Victoria ;  Houses ;  Total Sectors ;,A418599F,Building Approvals,Number,Month
2005-10-01,2129,Total number of dwelling units ;  Victoria ;  Houses ;  Total Sectors ;,A418599F,Building Approvals,Number,Month
2005-11-01,2610,Total number of dwelling units ;  Victoria ;  Houses ;  Total Sectors ;,A418599F,Building Approvals,Number,Month
2005-12-01,2494,Total number of dwelling units ;  Victoria ;  Houses ;  Total Sectors ;,A418599F,Building Approvals,Number,Month
2006-01-01,2595,Total number of dwelling units ;  Victoria ;  Houses ;  Total Sectors ;,A418599F,Building Approvals,Number,Month
2006-02-01,2484,Total number of dwelling units ;  Victoria ;  Houses ;  Total Sectors ;,A418599F,Building Approvals,Number,Month
2006-03-01,2421,Total number of dwelling units ;  Victoria ;  Houses ;  Total Sectors ;,A418599F,Building Approvals,Number,Month
2006-04-01,2405,Total number of dwelling units ;  Victoria ;  Houses ;  Total Sectors ;,A418599F,Building Approvals,Number,Month
2006-05-01,2603,Total number of dwelling units ;  Victoria ;  Houses ;  Total Sectors ;,A418599F,Building Approvals,Number,Month
2006-06-01,2422,Total number of dwelling units ;  Victoria ;  Houses ;  Total Sectors ;,A418599F,Building Approvals,Number,Month
2006-07-01,2467,Total number of dwelling units ;  Victoria ;  Houses ;  Total Sectors ;,A418599F,Building Approvals,Number,Month
2006-08-01,2819,Total number of dwelling units ;  Victoria ;  Houses ;  Total Sectors ;,A418599F,Building Approvals,Number,Month
2006-09-01,2500,Total number of dwelling units ;  Victoria ;  Houses ;  Total Sectors ;,A418599F,Building Approvals,Number,Month
2006-10-01,2308,Total number of dwelling units ;  Victoria ;  Houses ;  Total Sectors ;,A418599F,Building Approvals,Number,Month
2006-11-01,2448,Total number of dwelling units ;  Victoria ;  Houses ;  Total Sectors ;,A418599F,Building Approvals,Number,Month
2006-12-01,2138,Total number of dwelling units ;  Victoria ;  Houses ;  Total Sectors ;,A418599F,Building Approvals,Number,Month
2007-01-01,2323,Total number of dwelling units ;  Victoria ;  Houses ;  Total Sectors ;,A418599F,Building Approvals,Number,Month
2007-02-01,2348,Total number of dwelling units ;  Victoria ;  Houses ;  Total Sectors ;,A418599F,Building Approvals,Number,Month
2007-03-01,2340,Total number of dwelling units ;  Victoria ;  Houses ;  Total Sectors ;,A418599F,Building Approvals,Number,Month
2007-04-01,2413,Total number of dwelling units ;  Victoria ;  Houses ;  Total Sectors ;,A418599F,Building Approvals,Number,Month
2007-05-01,2406,Total number of dwelling units ;  Victoria ;  Houses ;  Total Sectors ;,A418599F,Building Approvals,Number,Month
2007-06-01,2417,Total number of dwelling units ;  Victoria ;  Houses ;  Total Sectors ;,A418599F,Building Approvals,Number,Month
2007-07-01,2637,Total number of dwelling units ;  Victoria ;  Houses ;  Total Sectors ;,A418599F,Building Approvals,Number,Month
2007-08-01,2570,Total number of dwelling units ;  Victoria ;  Houses ;  Total Sectors ;,A418599F,Building Approvals,Number,Month
2007-09-01,2529,Total number of dwelling units ;  Victoria ;  Houses ;  Total Sectors ;,A418599F,Building Approvals,Number,Month
2007-10-01,2622,Total number of dwelling units ;  Victoria ;  Houses ;  Total Sectors ;,A418599F,Building Approvals,Number,Month
2007-11-01,2643,Total number of dwelling units ;  Victoria ;  Houses ;  Total Sectors ;,A418599F,Building Approvals,Number,Month
2007-12-01,2821,Total number of dwelling units ;  Victoria ;  Houses ;  Total Sectors ;,A418599F,Building Approvals,Number,Month
2008-01-01,2593,Total number of dwelling units ;  Victoria ;  Houses ;  Total Sectors ;,A418599F,Building Approvals,Number,Month
2008-02-01,2566,Total number of dwelling units ;  Victoria ;  Houses ;  Total Sectors ;,A418599F,Building Approvals,Number,Month
2008-03-01,2863,Total number of dwelling units ;  Victoria ;  Houses ;  Total Sectors ;,A418599F,Building Approvals,Number,Month
2008-04-01,2670,Total number of dwelling units ;  Victoria ;  Houses ;  Total Sectors ;,A418599F,Building Approvals,Number,Month
2008-05-01,2460,Total number of dwelling units ;  Victoria ;  Houses ;  Total Sectors ;,A418599F,Building Approvals,Number,Month
2008-06-01,2696,Total number of dwelling units ;  Victoria ;  Houses ;  Total Sectors ;,A418599F,Building Approvals,Number,Month
2008-07-01,2448,Total number of dwelling units ;  Victoria ;  Houses ;  Total Sectors ;,A418599F,Building Approvals,Number,Month
2008-08-01,2632,Total number of dwelling units ;  Victoria ;  Houses ;  Total Sectors ;,A418599F,Building Approvals,Number,Month
2008-09-01,2520,Total number of dwelling units ;  Victoria ;  Houses ;  Total Sectors ;,A418599F,Building Approvals,Number,Month
2008-10-01,2313,Total number of dwelling units ;  Victoria ;  Houses ;  Total Sectors ;,A418599F,Building Approvals,Number,Month
2008-11-01,2360,Total number of dwelling units ;  Victoria ;  Houses ;  Total Sectors ;,A418599F,Building Approvals,Number,Month
2008-12-01,2327,Total number of dwelling units ;  Victoria ;  Houses ;  Total Sectors ;,A418599F,Building Approvals,Number,Month
2009-01-01,2439,Total number of dwelling units ;  Victoria ;  Houses ;  Total Sectors ;,A418599F,Building Approvals,Number,Month
2009-02-01,2520,Total number of dwelling units ;  Victoria ;  Houses ;  Total Sectors ;,A418599F,Building Approvals,Number,Month
2009-03-01,2540,Total number of dwelling units ;  Victoria ;  Houses ;  Total Sectors ;,A418599F,Building Approvals,Number,Month
2009-04-01,2761,Total number of dwelling units ;  Victoria ;  Houses ;  Total Sectors ;,A418599F,Building Approvals,Number,Month
2009-05-01,2605,Total number of dwelling units ;  Victoria ;  Houses ;  Total Sectors ;,A418599F,Building Approvals,Number,Month
2009-06-01,2970,Total number of dwelling units ;  Victoria ;  Houses ;  Total Sectors ;,A418599F,Building Approvals,Number,Month
2009-07-01,3039,Total number of dwelling units ;  Victoria ;  Houses ;  Total Sectors ;,A418599F,Building Approvals,Number,Month
2009-08-01,3157,Total number of dwelling units ;  Victoria ;  Houses ;  Total Sectors ;,A418599F,Building Approvals,Number,Month
2009-09-01,3156,Total number of dwelling units ;  Victoria ;  Houses ;  Total Sectors ;,A418599F,Building Approvals,Number,Month
2009-10-01,3600,Total number of dwelling units ;  Victoria ;  Houses ;  Total Sectors ;,A418599F,Building Approvals,Number,Month
2009-11-01,3334,Total number of dwelling units ;  Victoria ;  Houses ;  Total Sectors ;,A418599F,Building Approvals,Number,Month
2009-12-01,3392,Total number of dwelling units ;  Victoria ;  Houses ;  Total Sectors ;,A418599F,Building Approvals,Number,Month
2010-01-01,3498,Total number of dwelling units ;  Victoria ;  Houses ;  Total Sectors ;,A418599F,Building Approvals,Number,Month
2010-02-01,3557,Total number of dwelling units ;  Victoria ;  Houses ;  Total Sectors ;,A418599F,Building Approvals,Number,Month
2010-03-01,3437,Total number of dwelling units ;  Victoria ;  Houses ;  Total Sectors ;,A418599F,Building Approvals,Number,Month
2010-04-01,3019,Total number of dwelling units ;  Victoria ;  Houses ;  Total Sectors ;,A418599F,Building Approvals,Number,Month
2010-05-01,3153,Total number of dwelling units ;  Victoria ;  Houses ;  Total Sectors ;,A418599F,Building Approvals,Number,Month
2010-06-01,3095,Total number of dwelling units ;  Victoria ;  Houses ;  Total Sectors ;,A418599F,Building Approvals,Number,Month
2010-07-01,3242,Total number of dwelling units ;  Victoria ;  Houses ;  Total Sectors ;,A418599F,Building Approvals,Number,Month
2010-08-01,3009,Total number of dwelling units ;  Victoria ;  Houses ;  Total Sectors ;,A418599F,Building Approvals,Number,Month
2010-09-01,3002,Total number of dwelling units ;  Victoria ;  Houses ;  Total Sectors ;,A418599F,Building Approvals,Number,Month
2010-10-01,3039,Total number of dwelling units ;  Victoria ;  Houses ;  Total Sectors ;,A418599F,Building Approvals,Number,Month
2010-11-01,2913,Total number of dwelling units ;  Victoria ;  Houses ;  Total Sectors ;,A418599F,Building Approvals,Number,Month
2010-12-01,3074,Total number of dwelling units ;  Victoria ;  Houses ;  Total Sectors ;,A418599F,Building Approvals,Number,Month
2011-01-01,3234,Total number of dwelling units ;  Victoria ;  Houses ;  Total Sectors ;,A418599F,Building Approvals,Number,Month
2011-02-01,2842,Total number of dwelling units ;  Victoria ;  Houses ;  Total Sectors ;,A418599F,Building Approvals,Number,Month
2011-03-01,2904,Total number of dwelling units ;  Victoria ;  Houses ;  Total Sectors ;,A418599F,Building Approvals,Number,Month
2011-04-01,2826,Total number of dwelling units ;  Victoria ;  Houses ;  Total Sectors ;,A418599F,Building Approvals,Number,Month
2011-05-01,2849,Total number of dwelling units ;  Victoria ;  Houses ;  Total Sectors ;,A418599F,Building Approvals,Number,Month
2011-06-01,2771,Total number of dwelling units ;  Victoria ;  Houses ;  Total Sectors ;,A418599F,Building Approvals,Number,Month
2011-07-01,2897,Total number of dwelling units ;  Victoria ;  Houses ;  Total Sectors ;,A418599F,Building Approvals,Number,Month
2011-08-01,2652,Total number of dwelling units ;  Victoria ;  Houses ;  Total Sectors ;,A418599F,Building Approvals,Number,Month
2011-09-01,2654,Total number of dwelling units ;  Victoria ;  Houses ;  Total Sectors ;,A418599F,Building Approvals,Number,Month
2011-10-01,2354,Total number of dwelling units ;  Victoria ;  Houses ;  Total Sectors ;,A418599F,Building Approvals,Number,Month
2011-11-01,2586,Total number of dwelling units ;  Victoria ;  Houses ;  Total Sectors ;,A418599F,Building Approvals,Number,Month
2011-12-01,2526,Total number of dwelling units ;  Victoria ;  Houses ;  Total Sectors ;,A418599F,Building Approvals,Number,Month
2012-01-01,2416,Total number of dwelling units ;  Victoria ;  Houses ;  Total Sectors ;,A418599F,Building Approvals,Number,Month
2012-02-01,2338,Total number of dwelling units ;  Victoria ;  Houses ;  Total Sectors ;,A418599F,Building Approvals,Number,Month
2012-03-01,2229,Total number of dwelling units ;  Victoria ;  Houses ;  Total Sectors ;,A418599F,Building Approvals,Number,Month
2012-04-01,2357,Total number of dwelling units ;  Victoria ;  Houses ;  Total Sectors ;,A418599F,Building Approvals,Number,Month
2012-05-01,2388,Total number of dwelling units ;  Victoria ;  Houses ;  Total Sectors ;,A418599F,Building Approvals,Number,Month
2012-06-01,2432,Total number of dwelling units ;  Victoria ;  Houses ;  Total Sectors ;,A418599F,Building Approvals,Number,Month
2012-07-01,2459,Total number of dwelling units ;  Victoria ;  Houses ;  Total Sectors ;,A418599F,Building Approvals,Number,Month
2012-08-01,2380,Total number of dwelling units ;  Victoria ;  Houses ;  Total Sectors ;,A418599F,Building Approvals,Number,Month
2012-09-01,2494,Total number of dwelling units ;  Victoria ;  Houses ;  Total Sectors ;,A418599F,Building Approvals,Number,Month
2012-10-01,2334,Total number of dwelling units ;  Victoria ;  Houses ;  Total Sectors ;,A418599F,Building Approvals,Number,Month
2012-11-01,2256,Total number of dwelling units ;  Victoria ;  Houses ;  Total Sectors ;,A418599F,Building Approvals,Number,Month
2012-12-01,2197,Total number of dwelling units ;  Victoria ;  Houses ;  Total Sectors ;,A418599F,Building Approvals,Number,Month
2013-01-01,2126,Total number of dwelling units ;  Victoria ;  Houses ;  Total Sectors ;,A418599F,Building Approvals,Number,Month
2013-02-01,2241,Total number of dwelling units ;  Victoria ;  Houses ;  Total Sectors ;,A418599F,Building Approvals,Number,Month
2013-03-01,2123,Total number of dwelling units ;  Victoria ;  Houses ;  Total Sectors ;,A418599F,Building Approvals,Number,Month
2013-04-01,2231,Total number of dwelling units ;  Victoria ;  Houses ;  Total Sectors ;,A418599F,Building Approvals,Number,Month
2013-05-01,2479,Total number of dwelling units ;  Victoria ;  Houses ;  Total Sectors ;,A418599F,Building Approvals,Number,Month
2013-06-01,2134,Total number of dwelling units ;  Victoria ;  Houses ;  Total Sectors ;,A418599F,Building Approvals,Number,Month
2013-07-01,2179,Total number of dwelling units ;  Victoria ;  Houses ;  Total Sectors ;,A418599F,Building Approvals,Number,Month
2013-08-01,2267,Total number of dwelling units ;  Victoria ;  Houses ;  Total Sectors ;,A418599F,Building Approvals,Number,Month
2013-09-01,2364,Total number of dwelling units ;  Victoria ;  Houses ;  Total Sectors ;,A418599F,Building Approvals,Number,Month
2013-10-01,2366,Total number of dwelling units ;  Victoria ;  Houses ;  Total Sectors ;,A418599F,Building Approvals,Number,Month
2013-11-01,2554,Total number of dwelling units ;  Victoria ;  Houses ;  Total Sectors ;,A418599F,Building Approvals,Number,Month
2013-12-01,2425,Total number of dwelling units ;  Victoria ;  Houses ;  Total Sectors ;,A418599F,Building Approvals,Number,Month
2014-01-01,3010,Total number of dwelling units ;  Victoria ;  Houses ;  Total Sectors ;,A418599F,Building Approvals,Number,Month
2014-02-01,2645,Total number of dwelling units ;  Victoria ;  Houses ;  Total Sectors ;,A418599F,Building Approvals,Number,Month
2014-03-01,2489,Total number of dwelling units ;  Victoria ;  Houses ;  Total Sectors ;,A418599F,Building Approvals,Number,Month
2014-04-01,2782,Total number of dwelling units ;  Victoria ;  Houses ;  Total Sectors ;,A418599F,Building Approvals,Number,Month
2014-05-01,2778,Total number of dwelling units ;  Victoria ;  Houses ;  Total Sectors ;,A418599F,Building Approvals,Number,Month
2014-06-01,2708,Total number of dwelling units ;  Victoria ;  Houses ;  Total Sectors ;,A418599F,Building Approvals,Number,Month
2014-07-01,2615,Total number of dwelling units ;  Victoria ;  Houses ;  Total Sectors ;,A418599F,Building Approvals,Number,Month
2014-08-01,2737,Total number of dwelling units ;  Victoria ;  Houses ;  Total Sectors ;,A418599F,Building Approvals,Number,Month
2014-09-01,2600,Total number of dwelling units ;  Victoria ;  Houses ;  Total Sectors ;,A418599F,Building Approvals,Number,Month
2014-10-01,2784,Total number of dwelling units ;  Victoria ;  Houses ;  Total Sectors ;,A418599F,Building Approvals,Number,Month
2014-11-01,2770,Total number of dwelling units ;  Victoria ;  Houses ;  Total Sectors ;,A418599F,Building Approvals,Number,Month
2014-12-01,2719,Total number of dwelling units ;  Victoria ;  Houses ;  Total Sectors ;,A418599F,Building Approvals,Number,Month
2015-01-01,2908,Total number of dwelling units ;  Victoria ;  Houses ;  Total Sectors ;,A418599F,Building Approvals,Number,Month
2015-02-01,2903,Total number of dwelling units ;  Victoria ;  Houses ;  Total Sectors ;,A418599F,Building Approvals,Number,Month
2015-03-01,2861,Total number of dwelling units ;  Victoria ;  Houses ;  Total Sectors ;,A418599F,Building Approvals,Number,Month
2015-04-01,2681,Total number of dwelling units ;  Victoria ;  Houses ;  Total Sectors ;,A418599F,Building Approvals,Number,Month
2015-05-01,2688,Total number of dwelling units ;  Victoria ;  Houses ;  Total Sectors ;,A418599F,Building Approvals,Number,Month
2015-06-01,2757,Total number of dwelling units ;  Victoria ;  Houses ;  Total Sectors ;,A418599F,Building Approvals,Number,Month
2015-07-01,2785,Total number of dwelling units ;  Victoria ;  Houses ;  Total Sectors ;,A418599F,Building Approvals,Number,Month
2015-08-01,2944,Total number of dwelling units ;  Victoria ;  Houses ;  Total Sectors ;,A418599F,Building Approvals,Number,Month
2015-09-01,3003,Total number of dwelling units ;  Victoria ;  Houses ;  Total Sectors ;,A418599F,Building Approvals,Number,Month
2015-10-01,2925,Total number of dwelling units ;  Victoria ;  Houses ;  Total Sectors ;,A418599F,Building Approvals,Number,Month
2015-11-01,2944,Total number of dwelling units ;  Victoria ;  Houses ;  Total Sectors ;,A418599F,Building Approvals,Number,Month
2015-12-01,2971,Total number of dwelling units ;  Victoria ;  Houses ;  Total Sectors ;,A418599F,Building Approvals,Number,Month
2016-01-01,3010,Total number of dwelling units ;  Victoria ;  Houses ;  Total Sectors ;,A418599F,Building Approvals,Number,Month
2016-02-01,3048,Total number of dwelling units ;  Victoria ;  Houses ;  Total Sectors ;,A418599F,Building Approvals,Number,Month
2016-03-01,3283,Total number of dwelling units ;  Victoria ;  Houses ;  Total Sectors ;,A418599F,Building Approvals,Number,Month
2016-04-01,3021,Total number of dwelling units ;  Victoria ;  Houses ;  Total Sectors ;,A418599F,Building Approvals,Number,Month
2016-05-01,3100,Total number of dwelling units ;  Victoria ;  Houses ;  Total Sectors ;,A418599F,Building Approvals,Number,Month
2016-06-01,3064,Total number of dwelling units ;  Victoria ;  Houses ;  Total Sectors ;,A418599F,Building Approvals,Number,Month
2016-07-01,3114,Total number of dwelling units ;  Victoria ;  Houses ;  Total Sectors ;,A418599F,Building Approvals,Number,Month
2016-08-01,3104,Total number of dwelling units ;  Victoria ;  Houses ;  Total Sectors ;,A418599F,Building Approvals,Number,Month
2016-09-01,2971,Total number of dwelling units ;  Victoria ;  Houses ;  Total Sectors ;,A418599F,Building Approvals,Number,Month
2016-10-01,2916,Total number of dwelling units ;  Victoria ;  Houses ;  Total Sectors ;,A418599F,Building Approvals,Number,Month
2016-11-01,2979,Total number of dwelling units ;  Victoria ;  Houses ;  Total Sectors ;,A418599F,Building Approvals,Number,Month
2016-12-01,2966,Total number of dwelling units ;  Victoria ;  Houses ;  Total Sectors ;,A418599F,Building Approvals,Number,Month
2017-01-01,2947,Total number of dwelling units ;  Victoria ;  Houses ;  Total Sectors ;,A418599F,Building Approvals,Number,Month
2017-02-01,2907,Total number of dwelling units ;  Victoria ;  Houses ;  Total Sectors ;,A418599F,Building Approvals,Number,Month
2017-03-01,2864,Total number of dwelling units ;  Victoria ;  Houses ;  Total Sectors ;,A418599F,Building Approvals,Number,Month
2017-04-01,3093,Total number of dwelling units ;  Victoria ;  Houses ;  Total Sectors ;,A418599F,Building Approvals,Number,Month
2017-05-01,3125,Total number of dwelling units ;  Victoria ;  Houses ;  Total Sectors ;,A418599F,Building Approvals,Number,Month
2017-06-01,3048,Total number of dwelling units ;  Victoria ;  Houses ;  Total Sectors ;,A418599F,Building Approvals,Number,Month
2017-07-01,3278,Total number of dwelling units ;  Victoria ;  Houses ;  Total Sectors ;,A418599F,Building Approvals,Number,Month
2017-08-01,3136,Total number of dwelling units ;  Victoria ;  Houses ;  Total Sectors ;,A418599F,Building Approvals,Number,Month
2017-09-01,3187,Total number of dwelling units ;  Victoria ;  Houses ;  Total Sectors ;,A418599F,Building Approvals,Number,Month
2017-10-01,3345,Total number of dwelling units ;  Victoria ;  Houses ;  Total Sectors ;,A418599F,Building Approvals,Number,Month
2017-11-01,3297,Total number of dwelling units ;  Victoria ;  Houses ;  Total Sectors ;,A418599F,Building Approvals,Number,Month
2017-12-01,3044,Total number of dwelling units ;  Victoria ;  Houses ;  Total Sectors ;,A418599F,Building Approvals,Number,Month
2018-01-01,3353,Total number of dwelling units ;  Victoria ;  Houses ;  Total Sectors ;,A418599F,Building Approvals,Number,Month
2018-02-01,3414,Total number of dwelling units ;  Victoria ;  Houses ;  Total Sectors ;,A418599F,Building Approvals,Number,Month
2018-03-01,3614,Total number of dwelling units ;  Victoria ;  Houses ;  Total Sectors ;,A418599F,Building Approvals,Number,Month
2018-04-01,3612,Total number of dwelling units ;  Victoria ;  Houses ;  Total Sectors ;,A418599F,Building Approvals,Number,Month
2018-05-01,3327,Total number of dwelling units ;  Victoria ;  Houses ;  Total Sectors ;,A418599F,Building Approvals,Number,Month
2018-06-01,3296,Total number of dwelling units ;  Victoria ;  Houses ;  Total Sectors ;,A418599F,Building Approvals,Number,Month
2018-07-01,3281,Total number of dwelling units ;  Victoria ;  Houses ;  Total Sectors ;,A418599F,Building Approvals,Number,Month
2018-08-01,3258,Total number of dwelling units ;  Victoria ;  Houses ;  Total Sectors ;,A418599F,Building Approvals,Number,Month
2018-09-01,3138,Total number of dwelling units ;  Victoria ;  Houses ;  Total Sectors ;,A418599F,Building Approvals,Number,Month
2018-10-01,3403,Total number of dwelling units ;  Victoria ;  Houses ;  Total Sectors ;,A418599F,Building Approvals,Number,Month
2018-11-01,3104,Total number of dwelling units ;  Victoria ;  Houses ;  Total Sectors ;,A418599F,Building Approvals,Number,Month
2018-12-01,3018,Total number of dwelling units ;  Victoria ;  Houses ;  Total Sectors ;,A418599F,Building Approvals,Number,Month
2019-01-01,2979,Total number of dwelling units ;  Victoria ;  Houses ;  Total Sectors ;,A418599F,Building Approvals,Number,Month
2019-02-01,3056,Total number of dwelling units ;  Victoria ;  Houses ;  Total Sectors ;,A418599F,Building Approvals,Number,Month
2019-03-01,2843,Total number of dwelling units ;  Victoria ;  Houses ;  Total Sectors ;,A418599F,Building Approvals,Number,Month
2019-04-01,2857,Total number of dwelling units ;  Victoria ;  Houses ;  Total Sectors ;,A418599F,Building Approvals,Number,Month
2019-05-01,2975,Total number of dwelling units ;  Victoria ;  Houses ;  Total Sectors ;,A418599F,Building Approvals,Number,Month
2019-06-01,3108,Total number of dwelling units ;  Victoria ;  Houses ;  Total Sectors ;,A418599F,Building Approvals,Number,Month
2019-07-01,2738,Total number of dwelling units ;  Victoria ;  Houses ;  Total Sectors ;,A418599F,Building Approvals,Number,Month
2019-08-01,2944,Total number of dwelling units ;  Victoria ;  Houses ;  Total Sectors ;,A418599F,Building Approvals,Number,Month
2019-09-01,3075,Total number of dwelling units ;  Victoria ;  Houses ;  Total Sectors ;,A418599F,Building Approvals,Number,Month
2019-10-01,2599,Total number of dwelling units ;  Victoria ;  Houses ;  Total Sectors ;,A418599F,Building Approvals,Number,Month
2019-11-01,3128,Total number of dwelling units ;  Victoria ;  Houses ;  Total Sectors ;,A418599F,Building Approvals,Number,Month
2019-12-01,3082,Total number of dwelling units ;  Victoria ;  Houses ;  Total Sectors ;,A418599F,Building Approvals,Number,Month
2020-01-01,3114,Total number of dwelling units ;  Victoria ;  Houses ;  Total Sectors ;,A418599F,Building Approvals,Number,Month
2020-02-01,3068,Total number of dwelling units ;  Victoria ;  Houses ;  Total Sectors ;,A418599F,Building Approvals,Number,Month
2020-03-01,2941,Total number of dwelling units ;  Victoria ;  Houses ;  Total Sectors ;,A418599F,Building Approvals,Number,Month
2020-04-01,3171,Total number of dwelling units ;  Victoria ;  Houses ;  Total Sectors ;,A418599F,Building Approvals,Number,Month
2020-05-01,3176,Total number of dwelling units ;  Victoria ;  Houses ;  Total Sectors ;,A418599F,Building Approvals,Number,Month
2020-06-01,3097,Total number of dwelling units ;  Victoria ;  Houses ;  Total Sectors ;,A418599F,Building Approvals,Number,Month
2020-07-01,3345,Total number of dwelling units ;  Victoria ;  Houses ;  Total Sectors ;,A418599F,Building Approvals,Number,Month
2020-08-01,3308,Total number of dwelling units ;  Victoria ;  Houses ;  Total Sectors ;,A418599F,Building Approvals,Number,Month
2020-09-01,3622,Total number of dwelling units ;  Victoria ;  Houses ;  Total Sectors ;,A418599F,Building Approvals,Number,Month
2020-10-01,3471,Total number of dwelling units ;  Victoria ;  Houses ;  Total Sectors ;,A418599F,Building Approvals,Number,Month
2020-11-01,3419,Total number of dwelling units ;  Victoria ;  Houses ;  Total Sectors ;,A418599F,Building Approvals,Number,Month
2020-12-01,3818,Total number of dwelling units ;  Victoria ;  Houses ;  Total Sectors ;,A418599F,Building Approvals,Number,Month
2021-01-01,3703,Total number of dwelling units ;  Victoria ;  Houses ;  Total Sectors ;,A418599F,Building Approvals,Number,Month
2021-02-01,4144,Total number of dwelling units ;  Victoria ;  Houses ;  Total Sectors ;,A418599F,Building Approvals,Number,Month
2021-03-01,4540,Total number of dwelling units ;  Victoria ;  Houses ;  Total Sectors ;,A418599F,Building Approvals,Number,Month
2021-04-01,4152,Total number of dwelling units ;  Victoria ;  Houses ;  Total Sectors ;,A418599F,Building Approvals,Number,Month
2021-05-01,4391,Total number of dwelling units ;  Victoria ;  Houses ;  Total Sectors ;,A418599F,Building Approvals,Number,Month
2021-06-01,4180,Total number of dwelling units ;  Victoria ;  Houses ;  Total Sectors ;,A418599F,Building Approvals,Number,Month
2021-07-01,3930,Total number of dwelling units ;  Victoria ;  Houses ;  Total Sectors ;,A418599F,Building Approvals,Number,Month
2021-08-01,4222,Total number of dwelling units ;  Victoria ;  Houses ;  Total Sectors ;,A418599F,Building Approvals,Number,Month
2021-09-01,3550,Total number of dwelling units ;  Victoria ;  Houses ;  Total Sectors ;,A418599F,Building Approvals,Number,Month
2021-10-01,3423,Total number of dwelling units ;  Victoria ;  Houses ;  Total Sectors ;,A418599F,Building Approvals,Number,Month
2021-11-01,3408,Total number of dwelling units ;  Victoria ;  Houses ;  Total Sectors ;,A418599F,Building Approvals,Number,Month
2021-12-01,3196,Total number of dwelling units ;  Victoria ;  Houses ;  Total Sectors ;,A418599F,Building Approvals,Number,Month
2022-01-01,2964,Total number of dwelling units ;  Victoria ;  Houses ;  Total Sectors ;,A418599F,Building Approvals,Number,Month
2022-02-01,3148,Total number of dwelling units ;  Victoria ;  Houses ;  Total Sectors ;,A418599F,Building Approvals,Number,Month
2022-03-01,3101,Total number of dwelling units ;  Victoria ;  Houses ;  Total Sectors ;,A418599F,Building Approvals,Number,Month
2022-04-01,3121,Total number of dwelling units ;  Victoria ;  Houses ;  Total Sectors ;,A418599F,Building Approvals,Number,Month
2022-05-01,2957,Total number of dwelling units ;  Victoria ;  Houses ;  Total Sectors ;,A418599F,Building Approvals,Number,Month
2022-06-01,3091,Total number of dwelling units ;  Victoria ;  Houses ;  Total Sectors ;,A418599F,Building Approvals,Number,Month
2022-07-01,3113,Total number of dwelling units ;  Victoria ;  Houses ;  Total Sectors ;,A418599F,Building Approvals,Number,Month
2022-08-01,3189,Total number of dwelling units ;  Victoria ;  Houses ;  Total Sectors ;,A418599F,Building Approvals,Number,Month
2022-09-01,2983,Total number of dwelling units ;  Victoria ;  Houses ;  Total Sectors ;,A418599F,Building Approvals,Number,Month
2022-10-01,3033,Total number of dwelling units ;  Victoria ;  Houses ;  Total Sectors ;,A418599F,Building Approvals,Number,Month
2022-11-01,2862,Total number of dwelling units ;  Victoria ;  Houses ;  Total Sectors ;,A418599F,Building Approvals,Number,Month
2022-12-01,2806,Total number of dwelling units ;  Victoria ;  Houses ;  Total Sectors ;,A418599F,Building Approvals,Number,Month
2023-01-01,2836,Total number of dwelling units ;  Victoria ;  Houses ;  Total Sectors ;,A418599F,Building Approvals,Number,Month
2023-02-01,2880,Total number of dwelling units ;  Victoria ;  Houses ;  Total Sectors ;,A418599F,Building Approvals,Number,Month
2023-03-01,2740,Total number of dwelling units ;  Victoria ;  Houses ;  Total Sectors ;,A418599F,Building Approvals,Number,Month
2023-04-01,2587,Total number of dwelling units ;  Victoria ;  Houses ;  Total Sectors ;,A418599F,Building Approvals,Number,Month
2023-05-01,2654,Total number of dwelling units ;  Victoria ;  Houses ;  Total Sectors ;,A418599F,Building Approvals,Number,Month
2023-06-01,2538,Total number of dwelling units ;  Victoria ;  Houses ;  Total Sectors ;,A418599F,Building Approvals,Number,Month
2023-07-01,2595,Total number of dwelling units ;  Victoria ;  Houses ;  Total Sectors ;,A418599F,Building Approvals,Number,Month
2023-08-01,2844,Total number of dwelling units ;  Victoria ;  Houses ;  Total Sectors ;,A418599F,Building Approvals,Number,Month
2023-09-01,2567,Total number of dwelling units ;  Victoria ;  Houses ;  Total Sectors ;,A418599F,Building Approvals,Number,Month
2023-10-01,2894,Total number of dwelling units ;  Victoria ;  Houses ;  Total Sectors ;,A418599F,Building Approvals,Number,Month
2023-11-01,2874,Total number of dwelling units ;  Victoria ;  Houses ;  Total Sectors ;,A418599F,Building Approvals,Number,Month
2023-12-01,2904,Total number of dwelling units ;  Victoria ;  Houses ;  Total Sectors ;,A418599F,Building Approvals,Number,Month
2024-01-01,2718,Total number of dwelling units ;  Victoria ;  Houses ;  Total Sectors ;,A418599F,Building Approvals,Number,Month
2024-02-01,2731,Total number of dwelling units ;  Victoria ;  Houses ;  Total Sectors ;,A418599F,Building Approvals,Number,Month
2024-03-01,3104,Total number of dwelling units ;  Victoria ;  Houses ;  Total Sectors ;,A418599F,Building Approvals,Number,Month
2024-04-01,2895,Total number of dwelling units ;  Victoria ;  Houses ;  Total Sectors ;,A418599F,Building Approvals,Number,Month
2024-05-01,2780,Total number of dwelling units ;  Victoria ;  Houses ;  Total Sectors ;,A418599F,Building Approvals,Number,Month
2024-06-01,2884,Total number of dwelling units ;  Victoria ;  Houses ;  Total Sectors ;,A418599F,Building Approvals,Number,Month
2024-07-01,2752,Total number of dwelling units ;  Victoria ;  Houses ;  Total Sectors ;,A418599F,Building Approvals,Number,Month
2024-08-01,3022,Total number of dwelling units ;  Victoria ;  Houses ;  Total Sectors ;,A418599F,Building Approvals,Number,Month
2024-09-01,2765,Total number of dwelling units ;  Victoria ;  Houses ;  Total Sectors ;,A418599F,Building Approvals,Number,Month
2024-10-01,2713,Total number of dwelling units ;  Victoria ;  Houses ;  Total Sectors ;,A418599F,Building Approvals,Number,Month
2024-11-01,2732,Total number of dwelling units ;  Victoria ;  Houses ;  Total Sectors ;,A418599F,Building Approvals,Number,Month
2024-12-01,2679,Total number of dwelling units ;  Victoria ;  Houses ;  Total Sectors ;,A418599F,Building Approvals,Number,Month
2025-01-01,2780,Total number of dwelling units ;  Victoria ;  Houses ;  Total Sectors ;,A418599F,Building Approvals,Number,Month
2025-02-01,2703,Total number of dwelling units ;  Victoria ;  Houses ;  Total Sectors ;,A418599F,Building Approvals,Number,Month
2025-03-01,2599,Total number of dwelling units ;  Victoria ;  Houses ;  Total Sectors ;,A418599F,Building Approvals,Number,Month
2025-04-01,2608,Total number of dwelling units ;  Victoria ;  Houses ;  Total Sectors ;,A418599F,Building Approvals,Number,Month
2025-05-01,2878,Total number of dwelling units ;  Victoria ;  Houses ;  Total Sectors ;,A418599F,Building Approvals,Number,Month
2025-06-01,2832,Total number of dwelling units ;  Victoria ;  Houses ;  Total Sectors ;,A418599F,Building Approvals,Number,Month
2025-07-01,2913,Total number of dwelling units ;  Victoria ;  Houses ;  Total Sectors ;,A418599F,Building Approvals,Number,Month
2025-08-01,2697,Total number of dwelling units ;  Victoria ;  Houses ;  Total Sectors ;,A418599F,Building Approvals,Number,Month
2025-09-01,2828,Total number of dwelling units ;  Victoria ;  Houses ;  Total Sectors ;,A418599F,Building Approvals,Number,Month
2025-10-01,2656,Total number of dwelling units ;  Victoria ;  Houses ;  Total Sectors ;,A418599F,Building Approvals,Number,Month
2025-11-01,2653,Total number of dwelling units ;  Victoria ;  Houses ;  Total Sectors ;,A418599F,Building Approvals,Number,Month
2025-12-01,2785,Total number of dwelling units ;  Victoria ;  Houses ;  Total Sectors ;,A418599F,Building Approvals,Number,Month
2026-01-01,2703,Total number of dwelling units ;  Victoria ;  Houses ;  Total Sectors ;,A418599F,Building Approvals,Number,Month
2026-02-01,2971,Total number of dwelling units ;  Victoria ;  Houses ;  Total Sectors ;,A418599F,Building Approvals,Number,Month
2026-03-01,2878,Total number of dwelling units ;  Victoria ;  Houses ;  Total Sectors ;,A418599F,Building Approvals,Number,Month
2026-04-01,2929,Total number of dwelling units ;  Victoria ;  Houses ;  Total Sectors ;,A418599F,Building Approvals,Number,Month
2026-05-01,2996,Total number of dwelling units ;  Victoria ;  Houses ;  Total Sectors ;,A418599F,Building Approvals,Number,Month
2026-06-01,3110,Total number of dwelling units ;  Victoria ;  Houses ;  Total Sectors ;,A418599F,Building Approvals,Number,Month
1983-07-01,2394,Total number of dwelling units ;  Victoria ;  Total (Type of Building) ;  Private Sector ;,A422208L,Building Approvals,Number,Month
1983-08-01,2713,Total number of dwelling units ;  Victoria ;  Total (Type of Building) ;  Private Sector ;,A422208L,Building Approvals,Number,Month
1983-09-01,2634,Total number of dwelling units ;  Victoria ;  Total (Type of Building) ;  Private Sector ;,A422208L,Building Approvals,Number,Month
1983-10-01,2697,Total number of dwelling units ;  Victoria ;  Total (Type of Building) ;  Private Sector ;,A422208L,Building Approvals,Number,Month
1983-11-01,2645,Total number of dwelling units ;  Victoria ;  Total (Type of Building) ;  Private Sector ;,A422208L,Building Approvals,Number,Month
1983-12-01,2829,Total number of dwelling units ;  Victoria ;  Total (Type of Building) ;  Private Sector ;,A422208L,Building Approvals,Number,Month
1984-01-01,2490,Total number of dwelling units ;  Victoria ;  Total (Type of Building) ;  Private Sector ;,A422208L,Building Approvals,Number,Month
1984-02-01,2846,Total number of dwelling units ;  Victoria ;  Total (Type of Building) ;  Private Sector ;,A422208L,Building Approvals,Number,Month
1984-03-01,3060,Total number of dwelling units ;  Victoria ;  Total (Type of Building) ;  Private Sector ;,A422208L,Building Approvals,Number,Month
1984-04-01,3151,Total number of dwelling units ;  Victoria ;  Total (Type of Building) ;  Private Sector ;,A422208L,Building Approvals,Number,Month
1984-05-01,3233,Total number of dwelling units ;  Victoria ;  Total (Type of Building) ;  Private Sector ;,A422208L,Building Approvals,Number,Month
1984-06-01,3209,Total number of dwelling units ;  Victoria ;  Total (Type of Building) ;  Private Sector ;,A422208L,Building Approvals,Number,Month
1984-07-01,3500,Total number of dwelling units ;  Victoria ;  Total (Type of Building) ;  Private Sector ;,A422208L,Building Approvals,Number,Month
1984-08-01,3441,Total number of dwelling units ;  Victoria ;  Total (Type of Building) ;  Private Sector ;,A422208L,Building Approvals,Number,Month
1984-09-01,3227,Total number of dwelling units ;  Victoria ;  Total (Type of Building) ;  Private Sector ;,A422208L,Building Approvals,Number,Month
1984-10-01,3309,Total number of dwelling units ;  Victoria ;  Total (Type of Building) ;  Private Sector ;,A422208L,Building Approvals,Number,Month
1984-11-01,3089,Total number of dwelling units ;  Victoria ;  Total (Type of Building) ;  Private Sector ;,A422208L,Building Approvals,Number,Month
1984-12-01,2695,Total number of dwelling units ;  Victoria ;  Total (Type of Building) ;  Private Sector ;,A422208L,Building Approvals,Number,Month
1985-01-01,2934,Total number of dwelling units ;  Victoria ;  Total (Type of Building) ;  Private Sector ;,A422208L,Building Approvals,Number,Month
1985-02-01,3427,Total number of dwelling units ;  Victoria ;  Total (Type of Building) ;  Private Sector ;,A422208L,Building Approvals,Number,Month
1985-03-01,3428,Total number of dwelling units ;  Victoria ;  Total (Type of Building) ;  Private Sector ;,A422208L,Building Approvals,Number,Month
1985-04-01,3262,Total number of dwelling units ;  Victoria ;  Total (Type of Building) ;  Private Sector ;,A422208L,Building Approvals,Number,Month
1985-05-01,3136,Total number of dwelling units ;  Victoria ;  Total (Type of Building) ;  Private Sector ;,A422208L,Building Approvals,Number,Month
1985-06-01,3074,Total number of dwelling units ;  Victoria ;  Total (Type of Building) ;  Private Sector ;,A422208L,Building Approvals,Number,Month
1985-07-01,3251,Total number of dwelling units ;  Victoria ;  Total (Type of Building) ;  Private Sector ;,A422208L,Building Approvals,Number,Month
1985-08-01,3279,Total number of dwelling units ;  Victoria ;  Total (Type of Building) ;  Private Sector ;,A422208L,Building Approvals,Number,Month
1985-09-01,3267,Total number of dwelling units ;  Victoria ;  Total (Type of Building) ;  Private Sector ;,A422208L,Building Approvals,Number,Month
1985-10-01,3239,Total number of dwelling units ;  Victoria ;  Total (Type of Building) ;  Private Sector ;,A422208L,Building Approvals,Number,Month
1985-11-01,3167,Total number of dwelling units ;  Victoria ;  Total (Type of Building) ;  Private Sector ;,A422208L,Building Approvals,Number,Month
1985-12-01,2769,Total number of dwelling units ;  Victoria ;  Total (Type of Building) ;  Private Sector ;,A422208L,Building Approvals,Number,Month
1986-01-01,2784,Total number of dwelling units ;  Victoria ;  Total (Type of Building) ;  Private Sector ;,A422208L,Building Approvals,Number,Month
1986-02-01,3016,Total number of dwelling units ;  Victoria ;  Total (Type of Building) ;  Private Sector ;,A422208L,Building Approvals,Number,Month
1986-03-01,2650,Total number of dwelling units ;  Victoria ;  Total (Type of Building) ;  Private Sector ;,A422208L,Building Approvals,Number,Month
1986-04-01,2472,Total number of dwelling units ;  Victoria ;  Total (Type of Building) ;  Private Sector ;,A422208L,Building Approvals,Number,Month
1986-05-01,2622,Total number of dwelling units ;  Victoria ;  Total (Type of Building) ;  Private Sector ;,A422208L,Building Approvals,Number,Month
1986-06-01,2769,Total number of dwelling units ;  Victoria ;  Total (Type of Building) ;  Private Sector ;,A422208L,Building Approvals,Number,Month
1986-07-01,2776,Total number of dwelling units ;  Victoria ;  Total (Type of Building) ;  Private Sector ;,A422208L,Building Approvals,Number,Month
1986-08-01,2562,Total number of dwelling units ;  Victoria ;  Total (Type of Building) ;  Private Sector ;,A422208L,Building Approvals,Number,Month
1986-09-01,2623,Total number of dwelling units ;  Victoria ;  Total (Type of Building) ;  Private Sector ;,A422208L,Building Approvals,Number,Month
1986-10-01,2693,Total number of dwelling units ;  Victoria ;  Total (Type of Building) ;  Private Sector ;,A422208L,Building Approvals,Number,Month
1986-11-01,2845,Total number of dwelling units ;  Victoria ;  Total (Type of Building) ;  Private Sector ;,A422208L,Building Approvals,Number,Month
1986-12-01,2698,Total number of dwelling units ;  Victoria ;  Total (Type of Building) ;  Private Sector ;,A422208L,Building Approvals,Number,Month
1987-01-01,2397,Total number of dwelling units ;  Victoria ;  Total (Type of Building) ;  Private Sector ;,A422208L,Building Approvals,Number,Month
1987-02-01,2572,Total number of dwelling units ;  Victoria ;  Total (Type of Building) ;  Private Sector ;,A422208L,Building Approvals,Number,Month
1987-03-01,2544,Total number of dwelling units ;  Victoria ;  Total (Type of Building) ;  Private Sector ;,A422208L,Building Approvals,Number,Month
1987-04-01,2277,Total number of dwelling units ;  Victoria ;  Total (Type of Building) ;  Private Sector ;,A422208L,Building Approvals,Number,Month
1987-05-01,2565,Total number of dwelling units ;  Victoria ;  Total (Type of Building) ;  Private Sector ;,A422208L,Building Approvals,Number,Month
1987-06-01,2480,Total number of dwelling units ;  Victoria ;  Total (Type of Building) ;  Private Sector ;,A422208L,Building Approvals,Number,Month
1987-07-01,2441,Total number of dwelling units ;  Victoria ;  Total (Type of Building) ;  Private Sector ;,A422208L,Building Approvals,Number,Month
1987-08-01,2646,Total number of dwelling units ;  Victoria ;  Total (Type of Building) ;  Private Sector ;,A422208L,Building Approvals,Number,Month
1987-09-01,2569,Total number of dwelling units ;  Victoria ;  Total (Type of Building) ;  Private Sector ;,A422208L,Building Approvals,Number,Month
1987-10-01,2657,Total number of dwelling units ;  Victoria ;  Total (Type of Building) ;  Private Sector ;,A422208L,Building Approvals,Number,Month
1987-11-01,2651,Total number of dwelling units ;  Victoria ;  Total (Type of Building) ;  Private Sector ;,A422208L,Building Approvals,Number,Month
1987-12-01,2728,Total number of dwelling units ;  Victoria ;  Total (Type of Building) ;  Private Sector ;,A422208L,Building Approvals,Number,Month
1988-01-01,2732,Total number of dwelling units ;  Victoria ;  Total (Type of Building) ;  Private Sector ;,A422208L,Building Approvals,Number,Month
1988-02-01,2686,Total number of dwelling units ;  Victoria ;  Total (Type of Building) ;  Private Sector ;,A422208L,Building Approvals,Number,Month
1988-03-01,2716,Total number of dwelling units ;  Victoria ;  Total (Type of Building) ;  Private Sector ;,A422208L,Building Approvals,Number,Month
1988-04-01,3006,Total number of dwelling units ;  Victoria ;  Total (Type of Building) ;  Private Sector ;,A422208L,Building Approvals,Number,Month
1988-05-01,2630,Total number of dwelling units ;  Victoria ;  Total (Type of Building) ;  Private Sector ;,A422208L,Building Approvals,Number,Month
1988-06-01,3077,Total number of dwelling units ;  Victoria ;  Total (Type of Building) ;  Private Sector ;,A422208L,Building Approvals,Number,Month
1988-07-01,3106,Total number of dwelling units ;  Victoria ;  Total (Type of Building) ;  Private Sector ;,A422208L,Building Approvals,Number,Month
1988-08-01,3160,Total number of dwelling units ;  Victoria ;  Total (Type of Building) ;  Private Sector ;,A422208L,Building Approvals,Number,Month
1988-09-01,3246,Total number of dwelling units ;  Victoria ;  Total (Type of Building) ;  Private Sector ;,A422208L,Building Approvals,Number,Month
1988-10-01,3143,Total number of dwelling units ;  Victoria ;  Total (Type of Building) ;  Private Sector ;,A422208L,Building Approvals,Number,Month
1988-11-01,3221,Total number of dwelling units ;  Victoria ;  Total (Type of Building) ;  Private Sector ;,A422208L,Building Approvals,Number,Month
1988-12-01,3271,Total number of dwelling units ;  Victoria ;  Total (Type of Building) ;  Private Sector ;,A422208L,Building Approvals,Number,Month
1989-01-01,3385,Total number of dwelling units ;  Victoria ;  Total (Type of Building) ;  Private Sector ;,A422208L,Building Approvals,Number,Month
1989-02-01,3201,Total number of dwelling units ;  Victoria ;  Total (Type of Building) ;  Private Sector ;,A422208L,Building Approvals,Number,Month
1989-03-01,3324,Total number of dwelling units ;  Victoria ;  Total (Type of Building) ;  Private Sector ;,A422208L,Building Approvals,Number,Month
1989-04-01,3360,Total number of dwelling units ;  Victoria ;  Total (Type of Building) ;  Private Sector ;,A422208L,Building Approvals,Number,Month
1989-05-01,3273,Total number of dwelling units ;  Victoria ;  Total (Type of Building) ;  Private Sector ;,A422208L,Building Approvals,Number,Month
1989-06-01,3204,Total number of dwelling units ;  Victoria ;  Total (Type of Building) ;  Private Sector ;,A422208L,Building Approvals,Number,Month
1989-07-01,2767,Total number of dwelling units ;  Victoria ;  Total (Type of Building) ;  Private Sector ;,A422208L,Building Approvals,Number,Month
1989-08-01,2529,Total number of dwelling units ;  Victoria ;  Total (Type of Building) ;  Private Sector ;,A422208L,Building Approvals,Number,Month
1989-09-01,2542,Total number of dwelling units ;  Victoria ;  Total (Type of Building) ;  Private Sector ;,A422208L,Building Approvals,Number,Month
1989-10-01,2292,Total number of dwelling units ;  Victoria ;  Total (Type of Building) ;  Private Sector ;,A422208L,Building Approvals,Number,Month
1989-11-01,2359,Total number of dwelling units ;  Victoria ;  Total (Type of Building) ;  Private Sector ;,A422208L,Building Approvals,Number,Month
1989-12-01,2434,Total number of dwelling units ;  Victoria ;  Total (Type of Building) ;  Private Sector ;,A422208L,Building Approvals,Number,Month
1990-01-01,2264,Total number of dwelling units ;  Victoria ;  Total (Type of Building) ;  Private Sector ;,A422208L,Building Approvals,Number,Month
1990-02-01,2390,Total number of dwelling units ;  Victoria ;  Total (Type of Building) ;  Private Sector ;,A422208L,Building Approvals,Number,Month
1990-03-01,2320,Total number of dwelling units ;  Victoria ;  Total (Type of Building) ;  Private Sector ;,A422208L,Building Approvals,Number,Month
1990-04-01,2280,Total number of dwelling units ;  Victoria ;  Total (Type of Building) ;  Private Sector ;,A422208L,Building Approvals,Number,Month
1990-05-01,2232,Total number of dwelling units ;  Victoria ;  Total (Type of Building) ;  Private Sector ;,A422208L,Building Approvals,Number,Month
1990-06-01,2132,Total number of dwelling units ;  Victoria ;  Total (Type of Building) ;  Private Sector ;,A422208L,Building Approvals,Number,Month
1990-07-01,2004,Total number of dwelling units ;  Victoria ;  Total (Type of Building) ;  Private Sector ;,A422208L,Building Approvals,Number,Month
1990-08-01,1918,Total number of dwelling units ;  Victoria ;  Total (Type of Building) ;  Private Sector ;,A422208L,Building Approvals,Number,Month
1990-09-01,1820,Total number of dwelling units ;  Victoria ;  Total (Type of Building) ;  Private Sector ;,A422208L,Building Approvals,Number,Month
1990-10-01,1929,Total number of dwelling units ;  Victoria ;  Total (Type of Building) ;  Private Sector ;,A422208L,Building Approvals,Number,Month
1990-11-01,2212,Total number of dwelling units ;  Victoria ;  Total (Type of Building) ;  Private Sector ;,A422208L,Building Approvals,Number,Month
1990-12-01,1702,Total number of dwelling units ;  Victoria ;  Total (Type of Building) ;  Private Sector ;,A422208L,Building Approvals,Number,Month
1991-01-01,1893,Total number of dwelling units ;  Victoria ;  Total (Type of Building) ;  Private Sector ;,A422208L,Building Approvals,Number,Month
1991-02-01,1718,Total number of dwelling units ;  Victoria ;  Total (Type of Building) ;  Private Sector ;,A422208L,Building Approvals,Number,Month
1991-03-01,1709,Total number of dwelling units ;  Victoria ;  Total (Type of Building) ;  Private Sector ;,A422208L,Building Approvals,Number,Month
1991-04-01,1660,Total number of dwelling units ;  Victoria ;  Total (Type of Building) ;  Private Sector ;,A422208L,Building Approvals,Number,Month
1991-05-01,1873,Total number of dwelling units ;  Victoria ;  Total (Type of Building) ;  Private Sector ;,A422208L,Building Approvals,Number,Month
1991-06-01,1778,Total number of dwelling units ;  Victoria ;  Total (Type of Building) ;  Private Sector ;,A422208L,Building Approvals,Number,Month
1991-07-01,2043,Total number of dwelling units ;  Victoria ;  Total (Type of Building) ;  Private Sector ;,A422208L,Building Approvals,Number,Month
1991-08-01,1868,Total number of dwelling units ;  Victoria ;  Total (Type of Building) ;  Private Sector ;,A422208L,Building Approvals,Number,Month
1991-09-01,1913,Total number of dwelling units ;  Victoria ;  Total (Type of Building) ;  Private Sector ;,A422208L,Building Approvals,Number,Month
1991-10-01,2013,Total number of dwelling units ;  Victoria ;  Total (Type of Building) ;  Private Sector ;,A422208L,Building Approvals,Number,Month
1991-11-01,1945,Total number of dwelling units ;  Victoria ;  Total (Type of Building) ;  Private Sector ;,A422208L,Building Approvals,Number,Month
1991-12-01,1915,Total number of dwelling units ;  Victoria ;  Total (Type of Building) ;  Private Sector ;,A422208L,Building Approvals,Number,Month
1992-01-01,1954,Total number of dwelling units ;  Victoria ;  Total (Type of Building) ;  Private Sector ;,A422208L,Building Approvals,Number,Month
1992-02-01,2028,Total number of dwelling units ;  Victoria ;  Total (Type of Building) ;  Private Sector ;,A422208L,Building Approvals,Number,Month
1992-03-01,2070,Total number of dwelling units ;  Victoria ;  Total (Type of Building) ;  Private Sector ;,A422208L,Building Approvals,Number,Month
1992-04-01,2090,Total number of dwelling units ;  Victoria ;  Total (Type of Building) ;  Private Sector ;,A422208L,Building Approvals,Number,Month
1992-05-01,2159,Total number of dwelling units ;  Victoria ;  Total (Type of Building) ;  Private Sector ;,A422208L,Building Approvals,Number,Month
1992-06-01,2193,Total number of dwelling units ;  Victoria ;  Total (Type of Building) ;  Private Sector ;,A422208L,Building Approvals,Number,Month
1992-07-01,2378,Total number of dwelling units ;  Victoria ;  Total (Type of Building) ;  Private Sector ;,A422208L,Building Approvals,Number,Month
1992-08-01,2371,Total number of dwelling units ;  Victoria ;  Total (Type of Building) ;  Private Sector ;,A422208L,Building Approvals,Number,Month
1992-09-01,2218,Total number of dwelling units ;  Victoria ;  Total (Type of Building) ;  Private Sector ;,A422208L,Building Approvals,Number,Month
1992-10-01,2365,Total number of dwelling units ;  Victoria ;  Total (Type of Building) ;  Private Sector ;,A422208L,Building Approvals,Number,Month
1992-11-01,2363,Total number of dwelling units ;  Victoria ;  Total (Type of Building) ;  Private Sector ;,A422208L,Building Approvals,Number,Month
1992-12-01,2468,Total number of dwelling units ;  Victoria ;  Total (Type of Building) ;  Private Sector ;,A422208L,Building Approvals,Number,Month
1993-01-01,2283,Total number of dwelling units ;  Victoria ;  Total (Type of Building) ;  Private Sector ;,A422208L,Building Approvals,Number,Month
1993-02-01,2321,Total number of dwelling units ;  Victoria ;  Total (Type of Building) ;  Private Sector ;,A422208L,Building Approvals,Number,Month
1993-03-01,2389,Total number of dwelling units ;  Victoria ;  Total (Type of Building) ;  Private Sector ;,A422208L,Building Approvals,Number,Month
1993-04-01,2245,Total number of dwelling units ;  Victoria ;  Total (Type of Building) ;  Private Sector ;,A422208L,Building Approvals,Number,Month
1993-05-01,2321,Total number of dwelling units ;  Victoria ;  Total (Type of Building) ;  Private Sector ;,A422208L,Building Approvals,Number,Month
1993-06-01,2257,Total number of dwelling units ;  Victoria ;  Total (Type of Building) ;  Private Sector ;,A422208L,Building Approvals,Number,Month
1993-07-01,2496,Total number of dwelling units ;  Victoria ;  Total (Type of Building) ;  Private Sector ;,A422208L,Building Approvals,Number,Month
1993-08-01,2351,Total number of dwelling units ;  Victoria ;  Total (Type of Building) ;  Private Sector ;,A422208L,Building Approvals,Number,Month
1993-09-01,2445,Total number of dwelling units ;  Victoria ;  Total (Type of Building) ;  Private Sector ;,A422208L,Building Approvals,Number,Month
1993-10-01,2576,Total number of dwelling units ;  Victoria ;  Total (Type of Building) ;  Private Sector ;,A422208L,Building Approvals,Number,Month
1993-11-01,2724,Total number of dwelling units ;  Victoria ;  Total (Type of Building) ;  Private Sector ;,A422208L,Building Approvals,Number,Month
1993-12-01,2641,Total number of dwelling units ;  Victoria ;  Total (Type of Building) ;  Private Sector ;,A422208L,Building Approvals,Number,Month
1994-01-01,2585,Total number of dwelling units ;  Victoria ;  Total (Type of Building) ;  Private Sector ;,A422208L,Building Approvals,Number,Month
1994-02-01,2811,Total number of dwelling units ;  Victoria ;  Total (Type of Building) ;  Private Sector ;,A422208L,Building Approvals,Number,Month
1994-03-01,2539,Total number of dwelling units ;  Victoria ;  Total (Type of Building) ;  Private Sector ;,A422208L,Building Approvals,Number,Month
1994-04-01,2589,Total number of dwelling units ;  Victoria ;  Total (Type of Building) ;  Private Sector ;,A422208L,Building Approvals,Number,Month
1994-05-01,3178,Total number of dwelling units ;  Victoria ;  Total (Type of Building) ;  Private Sector ;,A422208L,Building Approvals,Number,Month
1994-06-01,2510,Total number of dwelling units ;  Victoria ;  Total (Type of Building) ;  Private Sector ;,A422208L,Building Approvals,Number,Month
1994-07-01,2741,Total number of dwelling units ;  Victoria ;  Total (Type of Building) ;  Private Sector ;,A422208L,Building Approvals,Number,Month
1994-08-01,2907,Total number of dwelling units ;  Victoria ;  Total (Type of Building) ;  Private Sector ;,A422208L,Building Approvals,Number,Month
1994-09-01,2500,Total number of dwelling units ;  Victoria ;  Total (Type of Building) ;  Private Sector ;,A422208L,Building Approvals,Number,Month
1994-10-01,3095,Total number of dwelling units ;  Victoria ;  Total (Type of Building) ;  Private Sector ;,A422208L,Building Approvals,Number,Month
1994-11-01,2790,Total number of dwelling units ;  Victoria ;  Total (Type of Building) ;  Private Sector ;,A422208L,Building Approvals,Number,Month
1994-12-01,2530,Total number of dwelling units ;  Victoria ;  Total (Type of Building) ;  Private Sector ;,A422208L,Building Approvals,Number,Month
1995-01-01,2087,Total number of dwelling units ;  Victoria ;  Total (Type of Building) ;  Private Sector ;,A422208L,Building Approvals,Number,Month
1995-02-01,2385,Total number of dwelling units ;  Victoria ;  Total (Type of Building) ;  Private Sector ;,A422208L,Building Approvals,Number,Month
1995-03-01,2214,Total number of dwelling units ;  Victoria ;  Total (Type of Building) ;  Private Sector ;,A422208L,Building Approvals,Number,Month
1995-04-01,2122,Total number of dwelling units ;  Victoria ;  Total (Type of Building) ;  Private Sector ;,A422208L,Building Approvals,Number,Month
1995-05-01,2463,Total number of dwelling units ;  Victoria ;  Total (Type of Building) ;  Private Sector ;,A422208L,Building Approvals,Number,Month
1995-06-01,2112,Total number of dwelling units ;  Victoria ;  Total (Type of Building) ;  Private Sector ;,A422208L,Building Approvals,Number,Month
1995-07-01,1865,Total number of dwelling units ;  Victoria ;  Total (Type of Building) ;  Private Sector ;,A422208L,Building Approvals,Number,Month
1995-08-01,1745,Total number of dwelling units ;  Victoria ;  Total (Type of Building) ;  Private Sector ;,A422208L,Building Approvals,Number,Month
1995-09-01,2049,Total number of dwelling units ;  Victoria ;  Total (Type of Building) ;  Private Sector ;,A422208L,Building Approvals,Number,Month
1995-10-01,1811,Total number of dwelling units ;  Victoria ;  Total (Type of Building) ;  Private Sector ;,A422208L,Building Approvals,Number,Month
1995-11-01,1715,Total number of dwelling units ;  Victoria ;  Total (Type of Building) ;  Private Sector ;,A422208L,Building Approvals,Number,Month
1995-12-01,1908,Total number of dwelling units ;  Victoria ;  Total (Type of Building) ;  Private Sector ;,A422208L,Building Approvals,Number,Month
1996-01-01,1672,Total number of dwelling units ;  Victoria ;  Total (Type of Building) ;  Private Sector ;,A422208L,Building Approvals,Number,Month
1996-02-01,1902,Total number of dwelling units ;  Victoria ;  Total (Type of Building) ;  Private Sector ;,A422208L,Building Approvals,Number,Month
1996-03-01,1953,Total number of dwelling units ;  Victoria ;  Total (Type of Building) ;  Private Sector ;,A422208L,Building Approvals,Number,Month
1996-04-01,1848,Total number of dwelling units ;  Victoria ;  Total (Type of Building) ;  Private Sector ;,A422208L,Building Approvals,Number,Month
1996-05-01,1845,Total number of dwelling units ;  Victoria ;  Total (Type of Building) ;  Private Sector ;,A422208L,Building Approvals,Number,Month
1996-06-01,1965,Total number of dwelling units ;  Victoria ;  Total (Type of Building) ;  Private Sector ;,A422208L,Building Approvals,Number,Month
1996-07-01,1965,Total number of dwelling units ;  Victoria ;  Total (Type of Building) ;  Private Sector ;,A422208L,Building Approvals,Number,Month
1996-08-01,2303,Total number of dwelling units ;  Victoria ;  Total (Type of Building) ;  Private Sector ;,A422208L,Building Approvals,Number,Month
1996-09-01,1787,Total number of dwelling units ;  Victoria ;  Total (Type of Building) ;  Private Sector ;,A422208L,Building Approvals,Number,Month
1996-10-01,2264,Total number of dwelling units ;  Victoria ;  Total (Type of Building) ;  Private Sector ;,A422208L,Building Approvals,Number,Month
1996-11-01,1861,Total number of dwelling units ;  Victoria ;  Total (Type of Building) ;  Private Sector ;,A422208L,Building Approvals,Number,Month
1996-12-01,2125,Total number of dwelling units ;  Victoria ;  Total (Type of Building) ;  Private Sector ;,A422208L,Building Approvals,Number,Month
1997-01-01,2369,Total number of dwelling units ;  Victoria ;  Total (Type of Building) ;  Private Sector ;,A422208L,Building Approvals,Number,Month
1997-02-01,2695,Total number of dwelling units ;  Victoria ;  Total (Type of Building) ;  Private Sector ;,A422208L,Building Approvals,Number,Month
1997-03-01,2570,Total number of dwelling units ;  Victoria ;  Total (Type of Building) ;  Private Sector ;,A422208L,Building Approvals,Number,Month
1997-04-01,2386,Total number of dwelling units ;  Victoria ;  Total (Type of Building) ;  Private Sector ;,A422208L,Building Approvals,Number,Month
1997-05-01,2479,Total number of dwelling units ;  Victoria ;  Total (Type of Building) ;  Private Sector ;,A422208L,Building Approvals,Number,Month
1997-06-01,2547,Total number of dwelling units ;  Victoria ;  Total (Type of Building) ;  Private Sector ;,A422208L,Building Approvals,Number,Month
1997-07-01,2384,Total number of dwelling units ;  Victoria ;  Total (Type of Building) ;  Private Sector ;,A422208L,Building Approvals,Number,Month
1997-08-01,3097,Total number of dwelling units ;  Victoria ;  Total (Type of Building) ;  Private Sector ;,A422208L,Building Approvals,Number,Month
1997-09-01,2919,Total number of dwelling units ;  Victoria ;  Total (Type of Building) ;  Private Sector ;,A422208L,Building Approvals,Number,Month
1997-10-01,2453,Total number of dwelling units ;  Victoria ;  Total (Type of Building) ;  Private Sector ;,A422208L,Building Approvals,Number,Month
1997-11-01,3138,Total number of dwelling units ;  Victoria ;  Total (Type of Building) ;  Private Sector ;,A422208L,Building Approvals,Number,Month
1997-12-01,2860,Total number of dwelling units ;  Victoria ;  Total (Type of Building) ;  Private Sector ;,A422208L,Building Approvals,Number,Month
1998-01-01,2842,Total number of dwelling units ;  Victoria ;  Total (Type of Building) ;  Private Sector ;,A422208L,Building Approvals,Number,Month
1998-02-01,2908,Total number of dwelling units ;  Victoria ;  Total (Type of Building) ;  Private Sector ;,A422208L,Building Approvals,Number,Month
1998-03-01,3283,Total number of dwelling units ;  Victoria ;  Total (Type of Building) ;  Private Sector ;,A422208L,Building Approvals,Number,Month
1998-04-01,3221,Total number of dwelling units ;  Victoria ;  Total (Type of Building) ;  Private Sector ;,A422208L,Building Approvals,Number,Month
1998-05-01,3123,Total number of dwelling units ;  Victoria ;  Total (Type of Building) ;  Private Sector ;,A422208L,Building Approvals,Number,Month
1998-06-01,3010,Total number of dwelling units ;  Victoria ;  Total (Type of Building) ;  Private Sector ;,A422208L,Building Approvals,Number,Month
1998-07-01,2970,Total number of dwelling units ;  Victoria ;  Total (Type of Building) ;  Private Sector ;,A422208L,Building Approvals,Number,Month
1998-08-01,3104,Total number of dwelling units ;  Victoria ;  Total (Type of Building) ;  Private Sector ;,A422208L,Building Approvals,Number,Month
1998-09-01,3106,Total number of dwelling units ;  Victoria ;  Total (Type of Building) ;  Private Sector ;,A422208L,Building Approvals,Number,Month
1998-10-01,2884,Total number of dwelling units ;  Victoria ;  Total (Type of Building) ;  Private Sector ;,A422208L,Building Approvals,Number,Month
1998-11-01,3342,Total number of dwelling units ;  Victoria ;  Total (Type of Building) ;  Private Sector ;,A422208L,Building Approvals,Number,Month
1998-12-01,3298,Total number of dwelling units ;  Victoria ;  Total (Type of Building) ;  Private Sector ;,A422208L,Building Approvals,Number,Month
1999-01-01,2915,Total number of dwelling units ;  Victoria ;  Total (Type of Building) ;  Private Sector ;,A422208L,Building Approvals,Number,Month
1999-02-01,3793,Total number of dwelling units ;  Victoria ;  Total (Type of Building) ;  Private Sector ;,A422208L,Building Approvals,Number,Month
1999-03-01,3296,Total number of dwelling units ;  Victoria ;  Total (Type of Building) ;  Private Sector ;,A422208L,Building Approvals,Number,Month
1999-04-01,3347,Total number of dwelling units ;  Victoria ;  Total (Type of Building) ;  Private Sector ;,A422208L,Building Approvals,Number,Month
1999-05-01,3452,Total number of dwelling units ;  Victoria ;  Total (Type of Building) ;  Private Sector ;,A422208L,Building Approvals,Number,Month
1999-06-01,3193,Total number of dwelling units ;  Victoria ;  Total (Type of Building) ;  Private Sector ;,A422208L,Building Approvals,Number,Month
1999-07-01,3746,Total number of dwelling units ;  Victoria ;  Total (Type of Building) ;  Private Sector ;,A422208L,Building Approvals,Number,Month
1999-08-01,4621,Total number of dwelling units ;  Victoria ;  Total (Type of Building) ;  Private Sector ;,A422208L,Building Approvals,Number,Month
1999-09-01,3721,Total number of dwelling units ;  Victoria ;  Total (Type of Building) ;  Private Sector ;,A422208L,Building Approvals,Number,Month
1999-10-01,3964,Total number of dwelling units ;  Victoria ;  Total (Type of Building) ;  Private Sector ;,A422208L,Building Approvals,Number,Month
1999-11-01,4399,Total number of dwelling units ;  Victoria ;  Total (Type of Building) ;  Private Sector ;,A422208L,Building Approvals,Number,Month
1999-12-01,4367,Total number of dwelling units ;  Victoria ;  Total (Type of Building) ;  Private Sector ;,A422208L,Building Approvals,Number,Month
2000-01-01,4976,Total number of dwelling units ;  Victoria ;  Total (Type of Building) ;  Private Sector ;,A422208L,Building Approvals,Number,Month
2000-02-01,4719,Total number of dwelling units ;  Victoria ;  Total (Type of Building) ;  Private Sector ;,A422208L,Building Approvals,Number,Month
2000-03-01,4457,Total number of dwelling units ;  Victoria ;  Total (Type of Building) ;  Private Sector ;,A422208L,Building Approvals,Number,Month
2000-04-01,4079,Total number of dwelling units ;  Victoria ;  Total (Type of Building) ;  Private Sector ;,A422208L,Building Approvals,Number,Month
2000-05-01,3187,Total number of dwelling units ;  Victoria ;  Total (Type of Building) ;  Private Sector ;,A422208L,Building Approvals,Number,Month
2000-06-01,3139,Total number of dwelling units ;  Victoria ;  Total (Type of Building) ;  Private Sector ;,A422208L,Building Approvals,Number,Month
2000-07-01,3307,Total number of dwelling units ;  Victoria ;  Total (Type of Building) ;  Private Sector ;,A422208L,Building Approvals,Number,Month
2000-08-01,2484,Total number of dwelling units ;  Victoria ;  Total (Type of Building) ;  Private Sector ;,A422208L,Building Approvals,Number,Month
2000-09-01,2535,Total number of dwelling units ;  Victoria ;  Total (Type of Building) ;  Private Sector ;,A422208L,Building Approvals,Number,Month
2000-10-01,1998,Total number of dwelling units ;  Victoria ;  Total (Type of Building) ;  Private Sector ;,A422208L,Building Approvals,Number,Month
2000-11-01,2912,Total number of dwelling units ;  Victoria ;  Total (Type of Building) ;  Private Sector ;,A422208L,Building Approvals,Number,Month
2000-12-01,3297,Total number of dwelling units ;  Victoria ;  Total (Type of Building) ;  Private Sector ;,A422208L,Building Approvals,Number,Month
2001-01-01,2950,Total number of dwelling units ;  Victoria ;  Total (Type of Building) ;  Private Sector ;,A422208L,Building Approvals,Number,Month
2001-02-01,3252,Total number of dwelling units ;  Victoria ;  Total (Type of Building) ;  Private Sector ;,A422208L,Building Approvals,Number,Month
2001-03-01,3098,Total number of dwelling units ;  Victoria ;  Total (Type of Building) ;  Private Sector ;,A422208L,Building Approvals,Number,Month
2001-04-01,2707,Total number of dwelling units ;  Victoria ;  Total (Type of Building) ;  Private Sector ;,A422208L,Building Approvals,Number,Month
2001-05-01,3370,Total number of dwelling units ;  Victoria ;  Total (Type of Building) ;  Private Sector ;,A422208L,Building Approvals,Number,Month
2001-06-01,3291,Total number of dwelling units ;  Victoria ;  Total (Type of Building) ;  Private Sector ;,A422208L,Building Approvals,Number,Month
2001-07-01,3558,Total number of dwelling units ;  Victoria ;  Total (Type of Building) ;  Private Sector ;,A422208L,Building Approvals,Number,Month
2001-08-01,5285,Total number of dwelling units ;  Victoria ;  Total (Type of Building) ;  Private Sector ;,A422208L,Building Approvals,Number,Month
2001-09-01,4300,Total number of dwelling units ;  Victoria ;  Total (Type of Building) ;  Private Sector ;,A422208L,Building Approvals,Number,Month
2001-10-01,4096,Total number of dwelling units ;  Victoria ;  Total (Type of Building) ;  Private Sector ;,A422208L,Building Approvals,Number,Month
2001-11-01,3563,Total number of dwelling units ;  Victoria ;  Total (Type of Building) ;  Private Sector ;,A422208L,Building Approvals,Number,Month
2001-12-01,4172,Total number of dwelling units ;  Victoria ;  Total (Type of Building) ;  Private Sector ;,A422208L,Building Approvals,Number,Month
2002-01-01,3995,Total number of dwelling units ;  Victoria ;  Total (Type of Building) ;  Private Sector ;,A422208L,Building Approvals,Number,Month
2002-02-01,3858,Total number of dwelling units ;  Victoria ;  Total (Type of Building) ;  Private Sector ;,A422208L,Building Approvals,Number,Month
2002-03-01,3744,Total number of dwelling units ;  Victoria ;  Total (Type of Building) ;  Private Sector ;,A422208L,Building Approvals,Number,Month
2002-04-01,4245,Total number of dwelling units ;  Victoria ;  Total (Type of Building) ;  Private Sector ;,A422208L,Building Approvals,Number,Month
2002-05-01,4060,Total number of dwelling units ;  Victoria ;  Total (Type of Building) ;  Private Sector ;,A422208L,Building Approvals,Number,Month
2002-06-01,4045,Total number of dwelling units ;  Victoria ;  Total (Type of Building) ;  Private Sector ;,A422208L,Building Approvals,Number,Month
2002-07-01,3890,Total number of dwelling units ;  Victoria ;  Total (Type of Building) ;  Private Sector ;,A422208L,Building Approvals,Number,Month
2002-08-01,5412,Total number of dwelling units ;  Victoria ;  Total (Type of Building) ;  Private Sector ;,A422208L,Building Approvals,Number,Month
2002-09-01,3743,Total number of dwelling units ;  Victoria ;  Total (Type of Building) ;  Private Sector ;,A422208L,Building Approvals,Number,Month
2002-10-01,4314,Total number of dwelling units ;  Victoria ;  Total (Type of Building) ;  Private Sector ;,A422208L,Building Approvals,Number,Month
2002-11-01,3300,Total number of dwelling units ;  Victoria ;  Total (Type of Building) ;  Private Sector ;,A422208L,Building Approvals,Number,Month
2002-12-01,3868,Total number of dwelling units ;  Victoria ;  Total (Type of Building) ;  Private Sector ;,A422208L,Building Approvals,Number,Month
2003-01-01,3747,Total number of dwelling units ;  Victoria ;  Total (Type of Building) ;  Private Sector ;,A422208L,Building Approvals,Number,Month
2003-02-01,3464,Total number of dwelling units ;  Victoria ;  Total (Type of Building) ;  Private Sector ;,A422208L,Building Approvals,Number,Month
2003-03-01,3209,Total number of dwelling units ;  Victoria ;  Total (Type of Building) ;  Private Sector ;,A422208L,Building Approvals,Number,Month
2003-04-01,4885,Total number of dwelling units ;  Victoria ;  Total (Type of Building) ;  Private Sector ;,A422208L,Building Approvals,Number,Month
2003-05-01,3692,Total number of dwelling units ;  Victoria ;  Total (Type of Building) ;  Private Sector ;,A422208L,Building Approvals,Number,Month
2003-06-01,3998,Total number of dwelling units ;  Victoria ;  Total (Type of Building) ;  Private Sector ;,A422208L,Building Approvals,Number,Month
2003-07-01,3613,Total number of dwelling units ;  Victoria ;  Total (Type of Building) ;  Private Sector ;,A422208L,Building Approvals,Number,Month
2003-08-01,3697,Total number of dwelling units ;  Victoria ;  Total (Type of Building) ;  Private Sector ;,A422208L,Building Approvals,Number,Month
2003-09-01,4258,Total number of dwelling units ;  Victoria ;  Total (Type of Building) ;  Private Sector ;,A422208L,Building Approvals,Number,Month
2003-10-01,4748,Total number of dwelling units ;  Victoria ;  Total (Type of Building) ;  Private Sector ;,A422208L,Building Approvals,Number,Month
2003-11-01,3474,Total number of dwelling units ;  Victoria ;  Total (Type of Building) ;  Private Sector ;,A422208L,Building Approvals,Number,Month
2003-12-01,3589,Total number of dwelling units ;  Victoria ;  Total (Type of Building) ;  Private Sector ;,A422208L,Building Approvals,Number,Month
2004-01-01,4322,Total number of dwelling units ;  Victoria ;  Total (Type of Building) ;  Private Sector ;,A422208L,Building Approvals,Number,Month
2004-02-01,3457,Total number of dwelling units ;  Victoria ;  Total (Type of Building) ;  Private Sector ;,A422208L,Building Approvals,Number,Month
2004-03-01,3426,Total number of dwelling units ;  Victoria ;  Total (Type of Building) ;  Private Sector ;,A422208L,Building Approvals,Number,Month
2004-04-01,3728,Total number of dwelling units ;  Victoria ;  Total (Type of Building) ;  Private Sector ;,A422208L,Building Approvals,Number,Month
2004-05-01,3876,Total number of dwelling units ;  Victoria ;  Total (Type of Building) ;  Private Sector ;,A422208L,Building Approvals,Number,Month
2004-06-01,3433,Total number of dwelling units ;  Victoria ;  Total (Type of Building) ;  Private Sector ;,A422208L,Building Approvals,Number,Month
2004-07-01,3511,Total number of dwelling units ;  Victoria ;  Total (Type of Building) ;  Private Sector ;,A422208L,Building Approvals,Number,Month
2004-08-01,3403,Total number of dwelling units ;  Victoria ;  Total (Type of Building) ;  Private Sector ;,A422208L,Building Approvals,Number,Month
2004-09-01,3106,Total number of dwelling units ;  Victoria ;  Total (Type of Building) ;  Private Sector ;,A422208L,Building Approvals,Number,Month
2004-10-01,3586,Total number of dwelling units ;  Victoria ;  Total (Type of Building) ;  Private Sector ;,A422208L,Building Approvals,Number,Month
2004-11-01,3158,Total number of dwelling units ;  Victoria ;  Total (Type of Building) ;  Private Sector ;,A422208L,Building Approvals,Number,Month
2004-12-01,3021,Total number of dwelling units ;  Victoria ;  Total (Type of Building) ;  Private Sector ;,A422208L,Building Approvals,Number,Month
2005-01-01,3076,Total number of dwelling units ;  Victoria ;  Total (Type of Building) ;  Private Sector ;,A422208L,Building Approvals,Number,Month
2005-02-01,3263,Total number of dwelling units ;  Victoria ;  Total (Type of Building) ;  Private Sector ;,A422208L,Building Approvals,Number,Month
2005-03-01,3349,Total number of dwelling units ;  Victoria ;  Total (Type of Building) ;  Private Sector ;,A422208L,Building Approvals,Number,Month
2005-04-01,3740,Total number of dwelling units ;  Victoria ;  Total (Type of Building) ;  Private Sector ;,A422208L,Building Approvals,Number,Month
2005-05-01,3995,Total number of dwelling units ;  Victoria ;  Total (Type of Building) ;  Private Sector ;,A422208L,Building Approvals,Number,Month
2005-06-01,4668,Total number of dwelling units ;  Victoria ;  Total (Type of Building) ;  Private Sector ;,A422208L,Building Approvals,Number,Month
2005-07-01,2732,Total number of dwelling units ;  Victoria ;  Total (Type of Building) ;  Private Sector ;,A422208L,Building Approvals,Number,Month
2005-08-01,2726,Total number of dwelling units ;  Victoria ;  Total (Type of Building) ;  Private Sector ;,A422208L,Building Approvals,Number,Month
2005-09-01,2890,Total number of dwelling units ;  Victoria ;  Total (Type of Building) ;  Private Sector ;,A422208L,Building Approvals,Number,Month
2005-10-01,2935,Total number of dwelling units ;  Victoria ;  Total (Type of Building) ;  Private Sector ;,A422208L,Building Approvals,Number,Month
2005-11-01,3166,Total number of dwelling units ;  Victoria ;  Total (Type of Building) ;  Private Sector ;,A422208L,Building Approvals,Number,Month
2005-12-01,2830,Total number of dwelling units ;  Victoria ;  Total (Type of Building) ;  Private Sector ;,A422208L,Building Approvals,Number,Month
2006-01-01,3057,Total number of dwelling units ;  Victoria ;  Total (Type of Building) ;  Private Sector ;,A422208L,Building Approvals,Number,Month
2006-02-01,3058,Total number of dwelling units ;  Victoria ;  Total (Type of Building) ;  Private Sector ;,A422208L,Building Approvals,Number,Month
2006-03-01,3263,Total number of dwelling units ;  Victoria ;  Total (Type of Building) ;  Private Sector ;,A422208L,Building Approvals,Number,Month
2006-04-01,2944,Total number of dwelling units ;  Victoria ;  Total (Type of Building) ;  Private Sector ;,A422208L,Building Approvals,Number,Month
2006-05-01,3499,Total number of dwelling units ;  Victoria ;  Total (Type of Building) ;  Private Sector ;,A422208L,Building Approvals,Number,Month
2006-06-01,3065,Total number of dwelling units ;  Victoria ;  Total (Type of Building) ;  Private Sector ;,A422208L,Building Approvals,Number,Month
2006-07-01,3551,Total number of dwelling units ;  Victoria ;  Total (Type of Building) ;  Private Sector ;,A422208L,Building Approvals,Number,Month
2006-08-01,3318,Total number of dwelling units ;  Victoria ;  Total (Type of Building) ;  Private Sector ;,A422208L,Building Approvals,Number,Month
2006-09-01,2997,Total number of dwelling units ;  Victoria ;  Total (Type of Building) ;  Private Sector ;,A422208L,Building Approvals,Number,Month
2006-10-01,3099,Total number of dwelling units ;  Victoria ;  Total (Type of Building) ;  Private Sector ;,A422208L,Building Approvals,Number,Month
2006-11-01,3125,Total number of dwelling units ;  Victoria ;  Total (Type of Building) ;  Private Sector ;,A422208L,Building Approvals,Number,Month
2006-12-01,2964,Total number of dwelling units ;  Victoria ;  Total (Type of Building) ;  Private Sector ;,A422208L,Building Approvals,Number,Month
2007-01-01,2668,Total number of dwelling units ;  Victoria ;  Total (Type of Building) ;  Private Sector ;,A422208L,Building Approvals,Number,Month
2007-02-01,3505,Total number of dwelling units ;  Victoria ;  Total (Type of Building) ;  Private Sector ;,A422208L,Building Approvals,Number,Month
2007-03-01,2972,Total number of dwelling units ;  Victoria ;  Total (Type of Building) ;  Private Sector ;,A422208L,Building Approvals,Number,Month
2007-04-01,3213,Total number of dwelling units ;  Victoria ;  Total (Type of Building) ;  Private Sector ;,A422208L,Building Approvals,Number,Month
2007-05-01,3262,Total number of dwelling units ;  Victoria ;  Total (Type of Building) ;  Private Sector ;,A422208L,Building Approvals,Number,Month
2007-06-01,3134,Total number of dwelling units ;  Victoria ;  Total (Type of Building) ;  Private Sector ;,A422208L,Building Approvals,Number,Month
2007-07-01,3455,Total number of dwelling units ;  Victoria ;  Total (Type of Building) ;  Private Sector ;,A422208L,Building Approvals,Number,Month
2007-08-01,3478,Total number of dwelling units ;  Victoria ;  Total (Type of Building) ;  Private Sector ;,A422208L,Building Approvals,Number,Month
2007-09-01,3840,Total number of dwelling units ;  Victoria ;  Total (Type of Building) ;  Private Sector ;,A422208L,Building Approvals,Number,Month
2007-10-01,4008,Total number of dwelling units ;  Victoria ;  Total (Type of Building) ;  Private Sector ;,A422208L,Building Approvals,Number,Month
2007-11-01,3384,Total number of dwelling units ;  Victoria ;  Total (Type of Building) ;  Private Sector ;,A422208L,Building Approvals,Number,Month
2007-12-01,3429,Total number of dwelling units ;  Victoria ;  Total (Type of Building) ;  Private Sector ;,A422208L,Building Approvals,Number,Month
2008-01-01,3371,Total number of dwelling units ;  Victoria ;  Total (Type of Building) ;  Private Sector ;,A422208L,Building Approvals,Number,Month
2008-02-01,3705,Total number of dwelling units ;  Victoria ;  Total (Type of Building) ;  Private Sector ;,A422208L,Building Approvals,Number,Month
2008-03-01,3568,Total number of dwelling units ;  Victoria ;  Total (Type of Building) ;  Private Sector ;,A422208L,Building Approvals,Number,Month
2008-04-01,3189,Total number of dwelling units ;  Victoria ;  Total (Type of Building) ;  Private Sector ;,A422208L,Building Approvals,Number,Month
2008-05-01,3470,Total number of dwelling units ;  Victoria ;  Total (Type of Building) ;  Private Sector ;,A422208L,Building Approvals,Number,Month
2008-06-01,3702,Total number of dwelling units ;  Victoria ;  Total (Type of Building) ;  Private Sector ;,A422208L,Building Approvals,Number,Month
2008-07-01,3617,Total number of dwelling units ;  Victoria ;  Total (Type of Building) ;  Private Sector ;,A422208L,Building Approvals,Number,Month
2008-08-01,3512,Total number of dwelling units ;  Victoria ;  Total (Type of Building) ;  Private Sector ;,A422208L,Building Approvals,Number,Month
2008-09-01,3503,Total number of dwelling units ;  Victoria ;  Total (Type of Building) ;  Private Sector ;,A422208L,Building Approvals,Number,Month
2008-10-01,3362,Total number of dwelling units ;  Victoria ;  Total (Type of Building) ;  Private Sector ;,A422208L,Building Approvals,Number,Month
2008-11-01,2956,Total number of dwelling units ;  Victoria ;  Total (Type of Building) ;  Private Sector ;,A422208L,Building Approvals,Number,Month
2008-12-01,2980,Total number of dwelling units ;  Victoria ;  Total (Type of Building) ;  Private Sector ;,A422208L,Building Approvals,Number,Month
2009-01-01,3123,Total number of dwelling units ;  Victoria ;  Total (Type of Building) ;  Private Sector ;,A422208L,Building Approvals,Number,Month
2009-02-01,3720,Total number of dwelling units ;  Victoria ;  Total (Type of Building) ;  Private Sector ;,A422208L,Building Approvals,Number,Month
2009-03-01,3928,Total number of dwelling units ;  Victoria ;  Total (Type of Building) ;  Private Sector ;,A422208L,Building Approvals,Number,Month
2009-04-01,3305,Total number of dwelling units ;  Victoria ;  Total (Type of Building) ;  Private Sector ;,A422208L,Building Approvals,Number,Month
2009-05-01,3098,Total number of dwelling units ;  Victoria ;  Total (Type of Building) ;  Private Sector ;,A422208L,Building Approvals,Number,Month
2009-06-01,4193,Total number of dwelling units ;  Victoria ;  Total (Type of Building) ;  Private Sector ;,A422208L,Building Approvals,Number,Month
2009-07-01,4343,Total number of dwelling units ;  Victoria ;  Total (Type of Building) ;  Private Sector ;,A422208L,Building Approvals,Number,Month
2009-08-01,3997,Total number of dwelling units ;  Victoria ;  Total (Type of Building) ;  Private Sector ;,A422208L,Building Approvals,Number,Month
2009-09-01,4484,Total number of dwelling units ;  Victoria ;  Total (Type of Building) ;  Private Sector ;,A422208L,Building Approvals,Number,Month
2009-10-01,4524,Total number of dwelling units ;  Victoria ;  Total (Type of Building) ;  Private Sector ;,A422208L,Building Approvals,Number,Month
2009-11-01,4441,Total number of dwelling units ;  Victoria ;  Total (Type of Building) ;  Private Sector ;,A422208L,Building Approvals,Number,Month
2009-12-01,4817,Total number of dwelling units ;  Victoria ;  Total (Type of Building) ;  Private Sector ;,A422208L,Building Approvals,Number,Month
2010-01-01,4447,Total number of dwelling units ;  Victoria ;  Total (Type of Building) ;  Private Sector ;,A422208L,Building Approvals,Number,Month
2010-02-01,4717,Total number of dwelling units ;  Victoria ;  Total (Type of Building) ;  Private Sector ;,A422208L,Building Approvals,Number,Month
2010-03-01,5268,Total number of dwelling units ;  Victoria ;  Total (Type of Building) ;  Private Sector ;,A422208L,Building Approvals,Number,Month
2010-04-01,4819,Total number of dwelling units ;  Victoria ;  Total (Type of Building) ;  Private Sector ;,A422208L,Building Approvals,Number,Month
2010-05-01,4744,Total number of dwelling units ;  Victoria ;  Total (Type of Building) ;  Private Sector ;,A422208L,Building Approvals,Number,Month
2010-06-01,4833,Total number of dwelling units ;  Victoria ;  Total (Type of Building) ;  Private Sector ;,A422208L,Building Approvals,Number,Month
2010-07-01,5706,Total number of dwelling units ;  Victoria ;  Total (Type of Building) ;  Private Sector ;,A422208L,Building Approvals,Number,Month
2010-08-01,5282,Total number of dwelling units ;  Victoria ;  Total (Type of Building) ;  Private Sector ;,A422208L,Building Approvals,Number,Month
2010-09-01,5066,Total number of dwelling units ;  Victoria ;  Total (Type of Building) ;  Private Sector ;,A422208L,Building Approvals,Number,Month
2010-10-01,5298,Total number of dwelling units ;  Victoria ;  Total (Type of Building) ;  Private Sector ;,A422208L,Building Approvals,Number,Month
2010-11-01,4929,Total number of dwelling units ;  Victoria ;  Total (Type of Building) ;  Private Sector ;,A422208L,Building Approvals,Number,Month
2010-12-01,5010,Total number of dwelling units ;  Victoria ;  Total (Type of Building) ;  Private Sector ;,A422208L,Building Approvals,Number,Month
2011-01-01,4885,Total number of dwelling units ;  Victoria ;  Total (Type of Building) ;  Private Sector ;,A422208L,Building Approvals,Number,Month
2011-02-01,4106,Total number of dwelling units ;  Victoria ;  Total (Type of Building) ;  Private Sector ;,A422208L,Building Approvals,Number,Month
2011-03-01,4901,Total number of dwelling units ;  Victoria ;  Total (Type of Building) ;  Private Sector ;,A422208L,Building Approvals,Number,Month
2011-04-01,5028,Total number of dwelling units ;  Victoria ;  Total (Type of Building) ;  Private Sector ;,A422208L,Building Approvals,Number,Month
2011-05-01,4085,Total number of dwelling units ;  Victoria ;  Total (Type of Building) ;  Private Sector ;,A422208L,Building Approvals,Number,Month
2011-06-01,4484,Total number of dwelling units ;  Victoria ;  Total (Type of Building) ;  Private Sector ;,A422208L,Building Approvals,Number,Month
2011-07-01,4399,Total number of dwelling units ;  Victoria ;  Total (Type of Building) ;  Private Sector ;,A422208L,Building Approvals,Number,Month
2011-08-01,4194,Total number of dwelling units ;  Victoria ;  Total (Type of Building) ;  Private Sector ;,A422208L,Building Approvals,Number,Month
2011-09-01,4110,Total number of dwelling units ;  Victoria ;  Total (Type of Building) ;  Private Sector ;,A422208L,Building Approvals,Number,Month
2011-10-01,3400,Total number of dwelling units ;  Victoria ;  Total (Type of Building) ;  Private Sector ;,A422208L,Building Approvals,Number,Month
2011-11-01,4124,Total number of dwelling units ;  Victoria ;  Total (Type of Building) ;  Private Sector ;,A422208L,Building Approvals,Number,Month
2011-12-01,3683,Total number of dwelling units ;  Victoria ;  Total (Type of Building) ;  Private Sector ;,A422208L,Building Approvals,Number,Month
2012-01-01,3396,Total number of dwelling units ;  Victoria ;  Total (Type of Building) ;  Private Sector ;,A422208L,Building Approvals,Number,Month
2012-02-01,4119,Total number of dwelling units ;  Victoria ;  Total (Type of Building) ;  Private Sector ;,A422208L,Building Approvals,Number,Month
2012-03-01,3551,Total number of dwelling units ;  Victoria ;  Total (Type of Building) ;  Private Sector ;,A422208L,Building Approvals,Number,Month
2012-04-01,4051,Total number of dwelling units ;  Victoria ;  Total (Type of Building) ;  Private Sector ;,A422208L,Building Approvals,Number,Month
2012-05-01,4730,Total number of dwelling units ;  Victoria ;  Total (Type of Building) ;  Private Sector ;,A422208L,Building Approvals,Number,Month
2012-06-01,5877,Total number of dwelling units ;  Victoria ;  Total (Type of Building) ;  Private Sector ;,A422208L,Building Approvals,Number,Month
2012-07-01,3605,Total number of dwelling units ;  Victoria ;  Total (Type of Building) ;  Private Sector ;,A422208L,Building Approvals,Number,Month
2012-08-01,4540,Total number of dwelling units ;  Victoria ;  Total (Type of Building) ;  Private Sector ;,A422208L,Building Approvals,Number,Month
2012-09-01,5521,Total number of dwelling units ;  Victoria ;  Total (Type of Building) ;  Private Sector ;,A422208L,Building Approvals,Number,Month
2012-10-01,3759,Total number of dwelling units ;  Victoria ;  Total (Type of Building) ;  Private Sector ;,A422208L,Building Approvals,Number,Month
2012-11-01,4425,Total number of dwelling units ;  Victoria ;  Total (Type of Building) ;  Private Sector ;,A422208L,Building Approvals,Number,Month
2012-12-01,4230,Total number of dwelling units ;  Victoria ;  Total (Type of Building) ;  Private Sector ;,A422208L,Building Approvals,Number,Month
2013-01-01,3279,Total number of dwelling units ;  Victoria ;  Total (Type of Building) ;  Private Sector ;,A422208L,Building Approvals,Number,Month
2013-02-01,3862,Total number of dwelling units ;  Victoria ;  Total (Type of Building) ;  Private Sector ;,A422208L,Building Approvals,Number,Month
2013-03-01,3759,Total number of dwelling units ;  Victoria ;  Total (Type of Building) ;  Private Sector ;,A422208L,Building Approvals,Number,Month
2013-04-01,4344,Total number of dwelling units ;  Victoria ;  Total (Type of Building) ;  Private Sector ;,A422208L,Building Approvals,Number,Month
2013-05-01,4018,Total number of dwelling units ;  Victoria ;  Total (Type of Building) ;  Private Sector ;,A422208L,Building Approvals,Number,Month
2013-06-01,3281,Total number of dwelling units ;  Victoria ;  Total (Type of Building) ;  Private Sector ;,A422208L,Building Approvals,Number,Month
2013-07-01,4223,Total number of dwelling units ;  Victoria ;  Total (Type of Building) ;  Private Sector ;,A422208L,Building Approvals,Number,Month
2013-08-01,3817,Total number of dwelling units ;  Victoria ;  Total (Type of Building) ;  Private Sector ;,A422208L,Building Approvals,Number,Month
2013-09-01,5147,Total number of dwelling units ;  Victoria ;  Total (Type of Building) ;  Private Sector ;,A422208L,Building Approvals,Number,Month
2013-10-01,5117,Total number of dwelling units ;  Victoria ;  Total (Type of Building) ;  Private Sector ;,A422208L,Building Approvals,Number,Month
2013-11-01,4572,Total number of dwelling units ;  Victoria ;  Total (Type of Building) ;  Private Sector ;,A422208L,Building Approvals,Number,Month
2013-12-01,4289,Total number of dwelling units ;  Victoria ;  Total (Type of Building) ;  Private Sector ;,A422208L,Building Approvals,Number,Month
2014-01-01,4293,Total number of dwelling units ;  Victoria ;  Total (Type of Building) ;  Private Sector ;,A422208L,Building Approvals,Number,Month
2014-02-01,4946,Total number of dwelling units ;  Victoria ;  Total (Type of Building) ;  Private Sector ;,A422208L,Building Approvals,Number,Month
2014-03-01,4080,Total number of dwelling units ;  Victoria ;  Total (Type of Building) ;  Private Sector ;,A422208L,Building Approvals,Number,Month
2014-04-01,5522,Total number of dwelling units ;  Victoria ;  Total (Type of Building) ;  Private Sector ;,A422208L,Building Approvals,Number,Month
2014-05-01,4242,Total number of dwelling units ;  Victoria ;  Total (Type of Building) ;  Private Sector ;,A422208L,Building Approvals,Number,Month
2014-06-01,4682,Total number of dwelling units ;  Victoria ;  Total (Type of Building) ;  Private Sector ;,A422208L,Building Approvals,Number,Month
2014-07-01,4632,Total number of dwelling units ;  Victoria ;  Total (Type of Building) ;  Private Sector ;,A422208L,Building Approvals,Number,Month
2014-08-01,5394,Total number of dwelling units ;  Victoria ;  Total (Type of Building) ;  Private Sector ;,A422208L,Building Approvals,Number,Month
2014-09-01,4738,Total number of dwelling units ;  Victoria ;  Total (Type of Building) ;  Private Sector ;,A422208L,Building Approvals,Number,Month
2014-10-01,5391,Total number of dwelling units ;  Victoria ;  Total (Type of Building) ;  Private Sector ;,A422208L,Building Approvals,Number,Month
2014-11-01,7092,Total number of dwelling units ;  Victoria ;  Total (Type of Building) ;  Private Sector ;,A422208L,Building Approvals,Number,Month
2014-12-01,5575,Total number of dwelling units ;  Victoria ;  Total (Type of Building) ;  Private Sector ;,A422208L,Building Approvals,Number,Month
2015-01-01,4615,Total number of dwelling units ;  Victoria ;  Total (Type of Building) ;  Private Sector ;,A422208L,Building Approvals,Number,Month
2015-02-01,6763,Total number of dwelling units ;  Victoria ;  Total (Type of Building) ;  Private Sector ;,A422208L,Building Approvals,Number,Month
2015-03-01,6119,Total number of dwelling units ;  Victoria ;  Total (Type of Building) ;  Private Sector ;,A422208L,Building Approvals,Number,Month
2015-04-01,5673,Total number of dwelling units ;  Victoria ;  Total (Type of Building) ;  Private Sector ;,A422208L,Building Approvals,Number,Month
2015-05-01,6443,Total number of dwelling units ;  Victoria ;  Total (Type of Building) ;  Private Sector ;,A422208L,Building Approvals,Number,Month
2015-06-01,4716,Total number of dwelling units ;  Victoria ;  Total (Type of Building) ;  Private Sector ;,A422208L,Building Approvals,Number,Month
2015-07-01,5472,Total number of dwelling units ;  Victoria ;  Total (Type of Building) ;  Private Sector ;,A422208L,Building Approvals,Number,Month
2015-08-01,5391,Total number of dwelling units ;  Victoria ;  Total (Type of Building) ;  Private Sector ;,A422208L,Building Approvals,Number,Month
2015-09-01,5796,Total number of dwelling units ;  Victoria ;  Total (Type of Building) ;  Private Sector ;,A422208L,Building Approvals,Number,Month
2015-10-01,7085,Total number of dwelling units ;  Victoria ;  Total (Type of Building) ;  Private Sector ;,A422208L,Building Approvals,Number,Month
2015-11-01,4586,Total number of dwelling units ;  Victoria ;  Total (Type of Building) ;  Private Sector ;,A422208L,Building Approvals,Number,Month
2015-12-01,5671,Total number of dwelling units ;  Victoria ;  Total (Type of Building) ;  Private Sector ;,A422208L,Building Approvals,Number,Month
2016-01-01,5138,Total number of dwelling units ;  Victoria ;  Total (Type of Building) ;  Private Sector ;,A422208L,Building Approvals,Number,Month
2016-02-01,5732,Total number of dwelling units ;  Victoria ;  Total (Type of Building) ;  Private Sector ;,A422208L,Building Approvals,Number,Month
2016-03-01,5417,Total number of dwelling units ;  Victoria ;  Total (Type of Building) ;  Private Sector ;,A422208L,Building Approvals,Number,Month
2016-04-01,5992,Total number of dwelling units ;  Victoria ;  Total (Type of Building) ;  Private Sector ;,A422208L,Building Approvals,Number,Month
2016-05-01,5869,Total number of dwelling units ;  Victoria ;  Total (Type of Building) ;  Private Sector ;,A422208L,Building Approvals,Number,Month
2016-06-01,5688,Total number of dwelling units ;  Victoria ;  Total (Type of Building) ;  Private Sector ;,A422208L,Building Approvals,Number,Month
2016-07-01,6761,Total number of dwelling units ;  Victoria ;  Total (Type of Building) ;  Private Sector ;,A422208L,Building Approvals,Number,Month
2016-08-01,5969,Total number of dwelling units ;  Victoria ;  Total (Type of Building) ;  Private Sector ;,A422208L,Building Approvals,Number,Month
2016-09-01,5381,Total number of dwelling units ;  Victoria ;  Total (Type of Building) ;  Private Sector ;,A422208L,Building Approvals,Number,Month
2016-10-01,4501,Total number of dwelling units ;  Victoria ;  Total (Type of Building) ;  Private Sector ;,A422208L,Building Approvals,Number,Month
2016-11-01,5444,Total number of dwelling units ;  Victoria ;  Total (Type of Building) ;  Private Sector ;,A422208L,Building Approvals,Number,Month
2016-12-01,6788,Total number of dwelling units ;  Victoria ;  Total (Type of Building) ;  Private Sector ;,A422208L,Building Approvals,Number,Month
2017-01-01,5158,Total number of dwelling units ;  Victoria ;  Total (Type of Building) ;  Private Sector ;,A422208L,Building Approvals,Number,Month
2017-02-01,5911,Total number of dwelling units ;  Victoria ;  Total (Type of Building) ;  Private Sector ;,A422208L,Building Approvals,Number,Month
2017-03-01,5048,Total number of dwelling units ;  Victoria ;  Total (Type of Building) ;  Private Sector ;,A422208L,Building Approvals,Number,Month
2017-04-01,4826,Total number of dwelling units ;  Victoria ;  Total (Type of Building) ;  Private Sector ;,A422208L,Building Approvals,Number,Month
2017-05-01,4941,Total number of dwelling units ;  Victoria ;  Total (Type of Building) ;  Private Sector ;,A422208L,Building Approvals,Number,Month
2017-06-01,5302,Total number of dwelling units ;  Victoria ;  Total (Type of Building) ;  Private Sector ;,A422208L,Building Approvals,Number,Month
2017-07-01,5564,Total number of dwelling units ;  Victoria ;  Total (Type of Building) ;  Private Sector ;,A422208L,Building Approvals,Number,Month
2017-08-01,5358,Total number of dwelling units ;  Victoria ;  Total (Type of Building) ;  Private Sector ;,A422208L,Building Approvals,Number,Month
2017-09-01,5507,Total number of dwelling units ;  Victoria ;  Total (Type of Building) ;  Private Sector ;,A422208L,Building Approvals,Number,Month
2017-10-01,6794,Total number of dwelling units ;  Victoria ;  Total (Type of Building) ;  Private Sector ;,A422208L,Building Approvals,Number,Month
2017-11-01,9749,Total number of dwelling units ;  Victoria ;  Total (Type of Building) ;  Private Sector ;,A422208L,Building Approvals,Number,Month
2017-12-01,5961,Total number of dwelling units ;  Victoria ;  Total (Type of Building) ;  Private Sector ;,A422208L,Building Approvals,Number,Month
2018-01-01,6296,Total number of dwelling units ;  Victoria ;  Total (Type of Building) ;  Private Sector ;,A422208L,Building Approvals,Number,Month
2018-02-01,6251,Total number of dwelling units ;  Victoria ;  Total (Type of Building) ;  Private Sector ;,A422208L,Building Approvals,Number,Month
2018-03-01,6706,Total number of dwelling units ;  Victoria ;  Total (Type of Building) ;  Private Sector ;,A422208L,Building Approvals,Number,Month
2018-04-01,6097,Total number of dwelling units ;  Victoria ;  Total (Type of Building) ;  Private Sector ;,A422208L,Building Approvals,Number,Month
2018-05-01,5860,Total number of dwelling units ;  Victoria ;  Total (Type of Building) ;  Private Sector ;,A422208L,Building Approvals,Number,Month
2018-06-01,5411,Total number of dwelling units ;  Victoria ;  Total (Type of Building) ;  Private Sector ;,A422208L,Building Approvals,Number,Month
2018-07-01,5213,Total number of dwelling units ;  Victoria ;  Total (Type of Building) ;  Private Sector ;,A422208L,Building Approvals,Number,Month
2018-08-01,4644,Total number of dwelling units ;  Victoria ;  Total (Type of Building) ;  Private Sector ;,A422208L,Building Approvals,Number,Month
2018-09-01,5852,Total number of dwelling units ;  Victoria ;  Total (Type of Building) ;  Private Sector ;,A422208L,Building Approvals,Number,Month
2018-10-01,5707,Total number of dwelling units ;  Victoria ;  Total (Type of Building) ;  Private Sector ;,A422208L,Building Approvals,Number,Month
2018-11-01,5169,Total number of dwelling units ;  Victoria ;  Total (Type of Building) ;  Private Sector ;,A422208L,Building Approvals,Number,Month
2018-12-01,4622,Total number of dwelling units ;  Victoria ;  Total (Type of Building) ;  Private Sector ;,A422208L,Building Approvals,Number,Month
2019-01-01,4116,Total number of dwelling units ;  Victoria ;  Total (Type of Building) ;  Private Sector ;,A422208L,Building Approvals,Number,Month
2019-02-01,6032,Total number of dwelling units ;  Victoria ;  Total (Type of Building) ;  Private Sector ;,A422208L,Building Approvals,Number,Month
2019-03-01,5045,Total number of dwelling units ;  Victoria ;  Total (Type of Building) ;  Private Sector ;,A422208L,Building Approvals,Number,Month
2019-04-01,4056,Total number of dwelling units ;  Victoria ;  Total (Type of Building) ;  Private Sector ;,A422208L,Building Approvals,Number,Month
2019-05-01,4680,Total number of dwelling units ;  Victoria ;  Total (Type of Building) ;  Private Sector ;,A422208L,Building Approvals,Number,Month
2019-06-01,5186,Total number of dwelling units ;  Victoria ;  Total (Type of Building) ;  Private Sector ;,A422208L,Building Approvals,Number,Month
2019-07-01,3881,Total number of dwelling units ;  Victoria ;  Total (Type of Building) ;  Private Sector ;,A422208L,Building Approvals,Number,Month
2019-08-01,4390,Total number of dwelling units ;  Victoria ;  Total (Type of Building) ;  Private Sector ;,A422208L,Building Approvals,Number,Month
2019-09-01,4684,Total number of dwelling units ;  Victoria ;  Total (Type of Building) ;  Private Sector ;,A422208L,Building Approvals,Number,Month
2019-10-01,4605,Total number of dwelling units ;  Victoria ;  Total (Type of Building) ;  Private Sector ;,A422208L,Building Approvals,Number,Month
2019-11-01,4977,Total number of dwelling units ;  Victoria ;  Total (Type of Building) ;  Private Sector ;,A422208L,Building Approvals,Number,Month
2019-12-01,6637,Total number of dwelling units ;  Victoria ;  Total (Type of Building) ;  Private Sector ;,A422208L,Building Approvals,Number,Month
2020-01-01,4153,Total number of dwelling units ;  Victoria ;  Total (Type of Building) ;  Private Sector ;,A422208L,Building Approvals,Number,Month
2020-02-01,7167,Total number of dwelling units ;  Victoria ;  Total (Type of Building) ;  Private Sector ;,A422208L,Building Approvals,Number,Month
2020-03-01,4952,Total number of dwelling units ;  Victoria ;  Total (Type of Building) ;  Private Sector ;,A422208L,Building Approvals,Number,Month
2020-04-01,5171,Total number of dwelling units ;  Victoria ;  Total (Type of Building) ;  Private Sector ;,A422208L,Building Approvals,Number,Month
2020-05-01,4801,Total number of dwelling units ;  Victoria ;  Total (Type of Building) ;  Private Sector ;,A422208L,Building Approvals,Number,Month
2020-06-01,4623,Total number of dwelling units ;  Victoria ;  Total (Type of Building) ;  Private Sector ;,A422208L,Building Approvals,Number,Month
2020-07-01,5597,Total number of dwelling units ;  Victoria ;  Total (Type of Building) ;  Private Sector ;,A422208L,Building Approvals,Number,Month
2020-08-01,5399,Total number of dwelling units ;  Victoria ;  Total (Type of Building) ;  Private Sector ;,A422208L,Building Approvals,Number,Month
2020-09-01,5664,Total number of dwelling units ;  Victoria ;  Total (Type of Building) ;  Private Sector ;,A422208L,Building Approvals,Number,Month
2020-10-01,5064,Total number of dwelling units ;  Victoria ;  Total (Type of Building) ;  Private Sector ;,A422208L,Building Approvals,Number,Month
2020-11-01,4772,Total number of dwelling units ;  Victoria ;  Total (Type of Building) ;  Private Sector ;,A422208L,Building Approvals,Number,Month
2020-12-01,5068,Total number of dwelling units ;  Victoria ;  Total (Type of Building) ;  Private Sector ;,A422208L,Building Approvals,Number,Month
2021-01-01,4587,Total number of dwelling units ;  Victoria ;  Total (Type of Building) ;  Private Sector ;,A422208L,Building Approvals,Number,Month
2021-02-01,5666,Total number of dwelling units ;  Victoria ;  Total (Type of Building) ;  Private Sector ;,A422208L,Building Approvals,Number,Month
2021-03-01,6783,Total number of dwelling units ;  Victoria ;  Total (Type of Building) ;  Private Sector ;,A422208L,Building Approvals,Number,Month
2021-04-01,5524,Total number of dwelling units ;  Victoria ;  Total (Type of Building) ;  Private Sector ;,A422208L,Building Approvals,Number,Month
2021-05-01,6076,Total number of dwelling units ;  Victoria ;  Total (Type of Building) ;  Private Sector ;,A422208L,Building Approvals,Number,Month
2021-06-01,6269,Total number of dwelling units ;  Victoria ;  Total (Type of Building) ;  Private Sector ;,A422208L,Building Approvals,Number,Month
2021-07-01,5913,Total number of dwelling units ;  Victoria ;  Total (Type of Building) ;  Private Sector ;,A422208L,Building Approvals,Number,Month
2021-08-01,6505,Total number of dwelling units ;  Victoria ;  Total (Type of Building) ;  Private Sector ;,A422208L,Building Approvals,Number,Month
2021-09-01,5424,Total number of dwelling units ;  Victoria ;  Total (Type of Building) ;  Private Sector ;,A422208L,Building Approvals,Number,Month
2021-10-01,5265,Total number of dwelling units ;  Victoria ;  Total (Type of Building) ;  Private Sector ;,A422208L,Building Approvals,Number,Month
2021-11-01,5976,Total number of dwelling units ;  Victoria ;  Total (Type of Building) ;  Private Sector ;,A422208L,Building Approvals,Number,Month
2021-12-01,5428,Total number of dwelling units ;  Victoria ;  Total (Type of Building) ;  Private Sector ;,A422208L,Building Approvals,Number,Month
2022-01-01,4153,Total number of dwelling units ;  Victoria ;  Total (Type of Building) ;  Private Sector ;,A422208L,Building Approvals,Number,Month
2022-02-01,6229,Total number of dwelling units ;  Victoria ;  Total (Type of Building) ;  Private Sector ;,A422208L,Building Approvals,Number,Month
2022-03-01,4489,Total number of dwelling units ;  Victoria ;  Total (Type of Building) ;  Private Sector ;,A422208L,Building Approvals,Number,Month
2022-04-01,5696,Total number of dwelling units ;  Victoria ;  Total (Type of Building) ;  Private Sector ;,A422208L,Building Approvals,Number,Month
2022-05-01,4643,Total number of dwelling units ;  Victoria ;  Total (Type of Building) ;  Private Sector ;,A422208L,Building Approvals,Number,Month
2022-06-01,4908,Total number of dwelling units ;  Victoria ;  Total (Type of Building) ;  Private Sector ;,A422208L,Building Approvals,Number,Month
2022-07-01,4275,Total number of dwelling units ;  Victoria ;  Total (Type of Building) ;  Private Sector ;,A422208L,Building Approvals,Number,Month
2022-08-01,5004,Total number of dwelling units ;  Victoria ;  Total (Type of Building) ;  Private Sector ;,A422208L,Building Approvals,Number,Month
2022-09-01,5379,Total number of dwelling units ;  Victoria ;  Total (Type of Building) ;  Private Sector ;,A422208L,Building Approvals,Number,Month
2022-10-01,5612,Total number of dwelling units ;  Victoria ;  Total (Type of Building) ;  Private Sector ;,A422208L,Building Approvals,Number,Month
2022-11-01,4615,Total number of dwelling units ;  Victoria ;  Total (Type of Building) ;  Private Sector ;,A422208L,Building Approvals,Number,Month
2022-12-01,6020,Total number of dwelling units ;  Victoria ;  Total (Type of Building) ;  Private Sector ;,A422208L,Building Approvals,Number,Month
2023-01-01,3882,Total number of dwelling units ;  Victoria ;  Total (Type of Building) ;  Private Sector ;,A422208L,Building Approvals,Number,Month
2023-02-01,4207,Total number of dwelling units ;  Victoria ;  Total (Type of Building) ;  Private Sector ;,A422208L,Building Approvals,Number,Month
2023-03-01,3884,Total number of dwelling units ;  Victoria ;  Total (Type of Building) ;  Private Sector ;,A422208L,Building Approvals,Number,Month
2023-04-01,3637,Total number of dwelling units ;  Victoria ;  Total (Type of Building) ;  Private Sector ;,A422208L,Building Approvals,Number,Month
2023-05-01,3978,Total number of dwelling units ;  Victoria ;  Total (Type of Building) ;  Private Sector ;,A422208L,Building Approvals,Number,Month
2023-06-01,4481,Total number of dwelling units ;  Victoria ;  Total (Type of Building) ;  Private Sector ;,A422208L,Building Approvals,Number,Month
2023-07-01,4050,Total number of dwelling units ;  Victoria ;  Total (Type of Building) ;  Private Sector ;,A422208L,Building Approvals,Number,Month
2023-08-01,4737,Total number of dwelling units ;  Victoria ;  Total (Type of Building) ;  Private Sector ;,A422208L,Building Approvals,Number,Month
2023-09-01,4905,Total number of dwelling units ;  Victoria ;  Total (Type of Building) ;  Private Sector ;,A422208L,Building Approvals,Number,Month
2023-10-01,4653,Total number of dwelling units ;  Victoria ;  Total (Type of Building) ;  Private Sector ;,A422208L,Building Approvals,Number,Month
2023-11-01,4832,Total number of dwelling units ;  Victoria ;  Total (Type of Building) ;  Private Sector ;,A422208L,Building Approvals,Number,Month
2023-12-01,4210,Total number of dwelling units ;  Victoria ;  Total (Type of Building) ;  Private Sector ;,A422208L,Building Approvals,Number,Month
2024-01-01,3988,Total number of dwelling units ;  Victoria ;  Total (Type of Building) ;  Private Sector ;,A422208L,Building Approvals,Number,Month
2024-02-01,3850,Total number of dwelling units ;  Victoria ;  Total (Type of Building) ;  Private Sector ;,A422208L,Building Approvals,Number,Month
2024-03-01,4244,Total number of dwelling units ;  Victoria ;  Total (Type of Building) ;  Private Sector ;,A422208L,Building Approvals,Number,Month
2024-04-01,4162,Total number of dwelling units ;  Victoria ;  Total (Type of Building) ;  Private Sector ;,A422208L,Building Approvals,Number,Month
2024-05-01,4403,Total number of dwelling units ;  Victoria ;  Total (Type of Building) ;  Private Sector ;,A422208L,Building Approvals,Number,Month
2024-06-01,3898,Total number of dwelling units ;  Victoria ;  Total (Type of Building) ;  Private Sector ;,A422208L,Building Approvals,Number,Month
2024-07-01,4629,Total number of dwelling units ;  Victoria ;  Total (Type of Building) ;  Private Sector ;,A422208L,Building Approvals,Number,Month
2024-08-01,4699,Total number of dwelling units ;  Victoria ;  Total (Type of Building) ;  Private Sector ;,A422208L,Building Approvals,Number,Month
2024-09-01,4693,Total number of dwelling units ;  Victoria ;  Total (Type of Building) ;  Private Sector ;,A422208L,Building Approvals,Number,Month
2024-10-01,5481,Total number of dwelling units ;  Victoria ;  Total (Type of Building) ;  Private Sector ;,A422208L,Building Approvals,Number,Month
2024-11-01,4391,Total number of dwelling units ;  Victoria ;  Total (Type of Building) ;  Private Sector ;,A422208L,Building Approvals,Number,Month
2024-12-01,4376,Total number of dwelling units ;  Victoria ;  Total (Type of Building) ;  Private Sector ;,A422208L,Building Approvals,Number,Month
2025-01-01,4481,Total number of dwelling units ;  Victoria ;  Total (Type of Building) ;  Private Sector ;,A422208L,Building Approvals,Number,Month
2025-02-01,5921,Total number of dwelling units ;  Victoria ;  Total (Type of Building) ;  Private Sector ;,A422208L,Building Approvals,Number,Month
2025-03-01,4238,Total number of dwelling units ;  Victoria ;  Total (Type of Building) ;  Private Sector ;,A422208L,Building Approvals,Number,Month
2025-04-01,4008,Total number of dwelling units ;  Victoria ;  Total (Type of Building) ;  Private Sector ;,A422208L,Building Approvals,Number,Month
2025-05-01,4546,Total number of dwelling units ;  Victoria ;  Total (Type of Building) ;  Private Sector ;,A422208L,Building Approvals,Number,Month
2025-06-01,4260,Total number of dwelling units ;  Victoria ;  Total (Type of Building) ;  Private Sector ;,A422208L,Building Approvals,Number,Month
2025-07-01,4355,Total number of dwelling units ;  Victoria ;  Total (Type of Building) ;  Private Sector ;,A422208L,Building Approvals,Number,Month
2025-08-01,4181,Total number of dwelling units ;  Victoria ;  Total (Type of Building) ;  Private Sector ;,A422208L,Building Approvals,Number,Month
2025-09-01,5531,Total number of dwelling units ;  Victoria ;  Total (Type of Building) ;  Private Sector ;,A422208L,Building Approvals,Number,Month
2025-10-01,4209,Total number of dwelling units ;  Victoria ;  Total (Type of Building) ;  Private Sector ;,A422208L,Building Approvals,Number,Month
2025-11-01,5028,Total number of dwelling units ;  Victoria ;  Total (Type of Building) ;  Private Sector ;,A422208L,Building Approvals,Number,Month
2025-12-01,3586,Total number of dwelling units ;  Victoria ;  Total (Type of Building) ;  Private Sector ;,A422208L,Building Approvals,Number,Month
2026-01-01,3306,Total number of dwelling units ;  Victoria ;  Total (Type of Building) ;  Private Sector ;,A422208L,Building Approvals,Number,Month
2026-02-01,6116,Total number of dwelling units ;  Victoria ;  Total (Type of Building) ;  Private Sector ;,A422208L,Building Approvals,Number,Month
2026-03-01,4861,Total number of dwelling units ;  Victoria ;  Total (Type of Building) ;  Private Sector ;,A422208L,Building Approvals,Number,Month
2026-04-01,4853,Total number of dwelling units ;  Victoria ;  Total (Type of Building) ;  Private Sector ;,A422208L,Building Approvals,Number,Month
2026-05-01,4780,Total number of dwelling units ;  Victoria ;  Total (Type of Building) ;  Private Sector ;,A422208L,Building Approvals,Number,Month
2026-06-01,3898,Total number of dwelling units ;  Victoria ;  Total (Type of Building) ;  Private Sector ;,A422208L,Building Approvals,Number,Month
1983-07-01,2948,Total number of dwelling units ;  Victoria ;  Total (Type of Building) ;  Total Sectors ;,A422272F,Building Approvals,Number,Month
1983-08-01,2929,Total number of dwelling units ;  Victoria ;  Total (Type of Building) ;  Total Sectors ;,A422272F,Building Approvals,Number,Month
1983-09-01,2887,Total number of dwelling units ;  Victoria ;  Total (Type of Building) ;  Total Sectors ;,A422272F,Building Approvals,Number,Month
1983-10-01,3012,Total number of dwelling units ;  Victoria ;  Total (Type of Building) ;  Total Sectors ;,A422272F,Building Approvals,Number,Month
1983-11-01,2908,Total number of dwelling units ;  Victoria ;  Total (Type of Building) ;  Total Sectors ;,A422272F,Building Approvals,Number,Month
1983-12-01,2960,Total number of dwelling units ;  Victoria ;  Total (Type of Building) ;  Total Sectors ;,A422272F,Building Approvals,Number,Month
1984-01-01,2732,Total number of dwelling units ;  Victoria ;  Total (Type of Building) ;  Total Sectors ;,A422272F,Building Approvals,Number,Month
1984-02-01,3044,Total number of dwelling units ;  Victoria ;  Total (Type of Building) ;  Total Sectors ;,A422272F,Building Approvals,Number,Month
1984-03-01,3218,Total number of dwelling units ;  Victoria ;  Total (Type of Building) ;  Total Sectors ;,A422272F,Building Approvals,Number,Month
1984-04-01,3339,Total number of dwelling units ;  Victoria ;  Total (Type of Building) ;  Total Sectors ;,A422272F,Building Approvals,Number,Month
1984-05-01,3552,Total number of dwelling units ;  Victoria ;  Total (Type of Building) ;  Total Sectors ;,A422272F,Building Approvals,Number,Month
1984-06-01,3419,Total number of dwelling units ;  Victoria ;  Total (Type of Building) ;  Total Sectors ;,A422272F,Building Approvals,Number,Month
1984-07-01,3763,Total number of dwelling units ;  Victoria ;  Total (Type of Building) ;  Total Sectors ;,A422272F,Building Approvals,Number,Month
1984-08-01,3624,Total number of dwelling units ;  Victoria ;  Total (Type of Building) ;  Total Sectors ;,A422272F,Building Approvals,Number,Month
1984-09-01,3421,Total number of dwelling units ;  Victoria ;  Total (Type of Building) ;  Total Sectors ;,A422272F,Building Approvals,Number,Month
1984-10-01,3445,Total number of dwelling units ;  Victoria ;  Total (Type of Building) ;  Total Sectors ;,A422272F,Building Approvals,Number,Month
1984-11-01,3232,Total number of dwelling units ;  Victoria ;  Total (Type of Building) ;  Total Sectors ;,A422272F,Building Approvals,Number,Month
1984-12-01,2784,Total number of dwelling units ;  Victoria ;  Total (Type of Building) ;  Total Sectors ;,A422272F,Building Approvals,Number,Month
1985-01-01,3239,Total number of dwelling units ;  Victoria ;  Total (Type of Building) ;  Total Sectors ;,A422272F,Building Approvals,Number,Month
1985-02-01,3679,Total number of dwelling units ;  Victoria ;  Total (Type of Building) ;  Total Sectors ;,A422272F,Building Approvals,Number,Month
1985-03-01,3727,Total number of dwelling units ;  Victoria ;  Total (Type of Building) ;  Total Sectors ;,A422272F,Building Approvals,Number,Month
1985-04-01,3732,Total number of dwelling units ;  Victoria ;  Total (Type of Building) ;  Total Sectors ;,A422272F,Building Approvals,Number,Month
1985-05-01,3431,Total number of dwelling units ;  Victoria ;  Total (Type of Building) ;  Total Sectors ;,A422272F,Building Approvals,Number,Month
1985-06-01,3334,Total number of dwelling units ;  Victoria ;  Total (Type of Building) ;  Total Sectors ;,A422272F,Building Approvals,Number,Month
1985-07-01,3418,Total number of dwelling units ;  Victoria ;  Total (Type of Building) ;  Total Sectors ;,A422272F,Building Approvals,Number,Month
1985-08-01,3669,Total number of dwelling units ;  Victoria ;  Total (Type of Building) ;  Total Sectors ;,A422272F,Building Approvals,Number,Month
1985-09-01,3437,Total number of dwelling units ;  Victoria ;  Total (Type of Building) ;  Total Sectors ;,A422272F,Building Approvals,Number,Month
1985-10-01,3442,Total number of dwelling units ;  Victoria ;  Total (Type of Building) ;  Total Sectors ;,A422272F,Building Approvals,Number,Month
1985-11-01,3291,Total number of dwelling units ;  Victoria ;  Total (Type of Building) ;  Total Sectors ;,A422272F,Building Approvals,Number,Month
1985-12-01,3010,Total number of dwelling units ;  Victoria ;  Total (Type of Building) ;  Total Sectors ;,A422272F,Building Approvals,Number,Month
1986-01-01,3019,Total number of dwelling units ;  Victoria ;  Total (Type of Building) ;  Total Sectors ;,A422272F,Building Approvals,Number,Month
1986-02-01,3188,Total number of dwelling units ;  Victoria ;  Total (Type of Building) ;  Total Sectors ;,A422272F,Building Approvals,Number,Month
1986-03-01,2787,Total number of dwelling units ;  Victoria ;  Total (Type of Building) ;  Total Sectors ;,A422272F,Building Approvals,Number,Month
1986-04-01,2655,Total number of dwelling units ;  Victoria ;  Total (Type of Building) ;  Total Sectors ;,A422272F,Building Approvals,Number,Month
1986-05-01,2807,Total number of dwelling units ;  Victoria ;  Total (Type of Building) ;  Total Sectors ;,A422272F,Building Approvals,Number,Month
1986-06-01,3051,Total number of dwelling units ;  Victoria ;  Total (Type of Building) ;  Total Sectors ;,A422272F,Building Approvals,Number,Month
1986-07-01,2992,Total number of dwelling units ;  Victoria ;  Total (Type of Building) ;  Total Sectors ;,A422272F,Building Approvals,Number,Month
1986-08-01,2807,Total number of dwelling units ;  Victoria ;  Total (Type of Building) ;  Total Sectors ;,A422272F,Building Approvals,Number,Month
1986-09-01,2917,Total number of dwelling units ;  Victoria ;  Total (Type of Building) ;  Total Sectors ;,A422272F,Building Approvals,Number,Month
1986-10-01,2905,Total number of dwelling units ;  Victoria ;  Total (Type of Building) ;  Total Sectors ;,A422272F,Building Approvals,Number,Month
1986-11-01,3005,Total number of dwelling units ;  Victoria ;  Total (Type of Building) ;  Total Sectors ;,A422272F,Building Approvals,Number,Month
1986-12-01,2945,Total number of dwelling units ;  Victoria ;  Total (Type of Building) ;  Total Sectors ;,A422272F,Building Approvals,Number,Month
1987-01-01,2577,Total number of dwelling units ;  Victoria ;  Total (Type of Building) ;  Total Sectors ;,A422272F,Building Approvals,Number,Month
1987-02-01,2698,Total number of dwelling units ;  Victoria ;  Total (Type of Building) ;  Total Sectors ;,A422272F,Building Approvals,Number,Month
1987-03-01,2639,Total number of dwelling units ;  Victoria ;  Total (Type of Building) ;  Total Sectors ;,A422272F,Building Approvals,Number,Month
1987-04-01,2336,Total number of dwelling units ;  Victoria ;  Total (Type of Building) ;  Total Sectors ;,A422272F,Building Approvals,Number,Month
1987-05-01,2716,Total number of dwelling units ;  Victoria ;  Total (Type of Building) ;  Total Sectors ;,A422272F,Building Approvals,Number,Month
1987-06-01,2545,Total number of dwelling units ;  Victoria ;  Total (Type of Building) ;  Total Sectors ;,A422272F,Building Approvals,Number,Month
1987-07-01,2662,Total number of dwelling units ;  Victoria ;  Total (Type of Building) ;  Total Sectors ;,A422272F,Building Approvals,Number,Month
1987-08-01,2783,Total number of dwelling units ;  Victoria ;  Total (Type of Building) ;  Total Sectors ;,A422272F,Building Approvals,Number,Month
1987-09-01,2801,Total number of dwelling units ;  Victoria ;  Total (Type of Building) ;  Total Sectors ;,A422272F,Building Approvals,Number,Month
1987-10-01,2885,Total number of dwelling units ;  Victoria ;  Total (Type of Building) ;  Total Sectors ;,A422272F,Building Approvals,Number,Month
1987-11-01,2956,Total number of dwelling units ;  Victoria ;  Total (Type of Building) ;  Total Sectors ;,A422272F,Building Approvals,Number,Month
1987-12-01,2908,Total number of dwelling units ;  Victoria ;  Total (Type of Building) ;  Total Sectors ;,A422272F,Building Approvals,Number,Month
1988-01-01,2892,Total number of dwelling units ;  Victoria ;  Total (Type of Building) ;  Total Sectors ;,A422272F,Building Approvals,Number,Month
1988-02-01,2803,Total number of dwelling units ;  Victoria ;  Total (Type of Building) ;  Total Sectors ;,A422272F,Building Approvals,Number,Month
1988-03-01,2923,Total number of dwelling units ;  Victoria ;  Total (Type of Building) ;  Total Sectors ;,A422272F,Building Approvals,Number,Month
1988-04-01,3071,Total number of dwelling units ;  Victoria ;  Total (Type of Building) ;  Total Sectors ;,A422272F,Building Approvals,Number,Month
1988-05-01,2739,Total number of dwelling units ;  Victoria ;  Total (Type of Building) ;  Total Sectors ;,A422272F,Building Approvals,Number,Month
1988-06-01,3338,Total number of dwelling units ;  Victoria ;  Total (Type of Building) ;  Total Sectors ;,A422272F,Building Approvals,Number,Month
1988-07-01,3322,Total number of dwelling units ;  Victoria ;  Total (Type of Building) ;  Total Sectors ;,A422272F,Building Approvals,Number,Month
1988-08-01,3304,Total number of dwelling units ;  Victoria ;  Total (Type of Building) ;  Total Sectors ;,A422272F,Building Approvals,Number,Month
1988-09-01,3431,Total number of dwelling units ;  Victoria ;  Total (Type of Building) ;  Total Sectors ;,A422272F,Building Approvals,Number,Month
1988-10-01,3298,Total number of dwelling units ;  Victoria ;  Total (Type of Building) ;  Total Sectors ;,A422272F,Building Approvals,Number,Month
1988-11-01,3316,Total number of dwelling units ;  Victoria ;  Total (Type of Building) ;  Total Sectors ;,A422272F,Building Approvals,Number,Month
1988-12-01,3507,Total number of dwelling units ;  Victoria ;  Total (Type of Building) ;  Total Sectors ;,A422272F,Building Approvals,Number,Month
1989-01-01,3471,Total number of dwelling units ;  Victoria ;  Total (Type of Building) ;  Total Sectors ;,A422272F,Building Approvals,Number,Month
1989-02-01,3363,Total number of dwelling units ;  Victoria ;  Total (Type of Building) ;  Total Sectors ;,A422272F,Building Approvals,Number,Month
1989-03-01,3344,Total number of dwelling units ;  Victoria ;  Total (Type of Building) ;  Total Sectors ;,A422272F,Building Approvals,Number,Month
1989-04-01,3458,Total number of dwelling units ;  Victoria ;  Total (Type of Building) ;  Total Sectors ;,A422272F,Building Approvals,Number,Month
1989-05-01,3568,Total number of dwelling units ;  Victoria ;  Total (Type of Building) ;  Total Sectors ;,A422272F,Building Approvals,Number,Month
1989-06-01,3512,Total number of dwelling units ;  Victoria ;  Total (Type of Building) ;  Total Sectors ;,A422272F,Building Approvals,Number,Month
1989-07-01,2906,Total number of dwelling units ;  Victoria ;  Total (Type of Building) ;  Total Sectors ;,A422272F,Building Approvals,Number,Month
1989-08-01,2725,Total number of dwelling units ;  Victoria ;  Total (Type of Building) ;  Total Sectors ;,A422272F,Building Approvals,Number,Month
1989-09-01,2604,Total number of dwelling units ;  Victoria ;  Total (Type of Building) ;  Total Sectors ;,A422272F,Building Approvals,Number,Month
1989-10-01,2333,Total number of dwelling units ;  Victoria ;  Total (Type of Building) ;  Total Sectors ;,A422272F,Building Approvals,Number,Month
1989-11-01,2463,Total number of dwelling units ;  Victoria ;  Total (Type of Building) ;  Total Sectors ;,A422272F,Building Approvals,Number,Month
1989-12-01,2537,Total number of dwelling units ;  Victoria ;  Total (Type of Building) ;  Total Sectors ;,A422272F,Building Approvals,Number,Month
1990-01-01,2400,Total number of dwelling units ;  Victoria ;  Total (Type of Building) ;  Total Sectors ;,A422272F,Building Approvals,Number,Month
1990-02-01,2489,Total number of dwelling units ;  Victoria ;  Total (Type of Building) ;  Total Sectors ;,A422272F,Building Approvals,Number,Month
1990-03-01,2616,Total number of dwelling units ;  Victoria ;  Total (Type of Building) ;  Total Sectors ;,A422272F,Building Approvals,Number,Month
1990-04-01,2363,Total number of dwelling units ;  Victoria ;  Total (Type of Building) ;  Total Sectors ;,A422272F,Building Approvals,Number,Month
1990-05-01,2422,Total number of dwelling units ;  Victoria ;  Total (Type of Building) ;  Total Sectors ;,A422272F,Building Approvals,Number,Month
1990-06-01,2492,Total number of dwelling units ;  Victoria ;  Total (Type of Building) ;  Total Sectors ;,A422272F,Building Approvals,Number,Month
1990-07-01,2051,Total number of dwelling units ;  Victoria ;  Total (Type of Building) ;  Total Sectors ;,A422272F,Building Approvals,Number,Month
1990-08-01,1991,Total number of dwelling units ;  Victoria ;  Total (Type of Building) ;  Total Sectors ;,A422272F,Building Approvals,Number,Month
1990-09-01,1933,Total number of dwelling units ;  Victoria ;  Total (Type of Building) ;  Total Sectors ;,A422272F,Building Approvals,Number,Month
1990-10-01,2040,Total number of dwelling units ;  Victoria ;  Total (Type of Building) ;  Total Sectors ;,A422272F,Building Approvals,Number,Month
1990-11-01,2263,Total number of dwelling units ;  Victoria ;  Total (Type of Building) ;  Total Sectors ;,A422272F,Building Approvals,Number,Month
1990-12-01,1734,Total number of dwelling units ;  Victoria ;  Total (Type of Building) ;  Total Sectors ;,A422272F,Building Approvals,Number,Month
1991-01-01,2052,Total number of dwelling units ;  Victoria ;  Total (Type of Building) ;  Total Sectors ;,A422272F,Building Approvals,Number,Month
1991-02-01,1941,Total number of dwelling units ;  Victoria ;  Total (Type of Building) ;  Total Sectors ;,A422272F,Building Approvals,Number,Month
1991-03-01,1803,Total number of dwelling units ;  Victoria ;  Total (Type of Building) ;  Total Sectors ;,A422272F,Building Approvals,Number,Month
1991-04-01,1779,Total number of dwelling units ;  Victoria ;  Total (Type of Building) ;  Total Sectors ;,A422272F,Building Approvals,Number,Month
1991-05-01,1973,Total number of dwelling units ;  Victoria ;  Total (Type of Building) ;  Total Sectors ;,A422272F,Building Approvals,Number,Month
1991-06-01,1846,Total number of dwelling units ;  Victoria ;  Total (Type of Building) ;  Total Sectors ;,A422272F,Building Approvals,Number,Month
1991-07-01,2151,Total number of dwelling units ;  Victoria ;  Total (Type of Building) ;  Total Sectors ;,A422272F,Building Approvals,Number,Month
1991-08-01,1949,Total number of dwelling units ;  Victoria ;  Total (Type of Building) ;  Total Sectors ;,A422272F,Building Approvals,Number,Month
1991-09-01,2115,Total number of dwelling units ;  Victoria ;  Total (Type of Building) ;  Total Sectors ;,A422272F,Building Approvals,Number,Month
1991-10-01,2288,Total number of dwelling units ;  Victoria ;  Total (Type of Building) ;  Total Sectors ;,A422272F,Building Approvals,Number,Month
1991-11-01,2050,Total number of dwelling units ;  Victoria ;  Total (Type of Building) ;  Total Sectors ;,A422272F,Building Approvals,Number,Month
1991-12-01,1987,Total number of dwelling units ;  Victoria ;  Total (Type of Building) ;  Total Sectors ;,A422272F,Building Approvals,Number,Month
1992-01-01,2039,Total number of dwelling units ;  Victoria ;  Total (Type of Building) ;  Total Sectors ;,A422272F,Building Approvals,Number,Month
1992-02-01,2113,Total number of dwelling units ;  Victoria ;  Total (Type of Building) ;  Total Sectors ;,A422272F,Building Approvals,Number,Month
1992-03-01,2344,Total number of dwelling units ;  Victoria ;  Total (Type of Building) ;  Total Sectors ;,A422272F,Building Approvals,Number,Month
1992-04-01,2369,Total number of dwelling units ;  Victoria ;  Total (Type of Building) ;  Total Sectors ;,A422272F,Building Approvals,Number,Month
1992-05-01,2210,Total number of dwelling units ;  Victoria ;  Total (Type of Building) ;  Total Sectors ;,A422272F,Building Approvals,Number,Month
1992-06-01,2290,Total number of dwelling units ;  Victoria ;  Total (Type of Building) ;  Total Sectors ;,A422272F,Building Approvals,Number,Month
1992-07-01,2456,Total number of dwelling units ;  Victoria ;  Total (Type of Building) ;  Total Sectors ;,A422272F,Building Approvals,Number,Month
1992-08-01,2378,Total number of dwelling units ;  Victoria ;  Total (Type of Building) ;  Total Sectors ;,A422272F,Building Approvals,Number,Month
1992-09-01,2281,Total number of dwelling units ;  Victoria ;  Total (Type of Building) ;  Total Sectors ;,A422272F,Building Approvals,Number,Month
1992-10-01,2443,Total number of dwelling units ;  Victoria ;  Total (Type of Building) ;  Total Sectors ;,A422272F,Building Approvals,Number,Month
1992-11-01,2618,Total number of dwelling units ;  Victoria ;  Total (Type of Building) ;  Total Sectors ;,A422272F,Building Approvals,Number,Month
1992-12-01,2509,Total number of dwelling units ;  Victoria ;  Total (Type of Building) ;  Total Sectors ;,A422272F,Building Approvals,Number,Month
1993-01-01,2650,Total number of dwelling units ;  Victoria ;  Total (Type of Building) ;  Total Sectors ;,A422272F,Building Approvals,Number,Month
1993-02-01,2464,Total number of dwelling units ;  Victoria ;  Total (Type of Building) ;  Total Sectors ;,A422272F,Building Approvals,Number,Month
1993-03-01,2536,Total number of dwelling units ;  Victoria ;  Total (Type of Building) ;  Total Sectors ;,A422272F,Building Approvals,Number,Month
1993-04-01,2352,Total number of dwelling units ;  Victoria ;  Total (Type of Building) ;  Total Sectors ;,A422272F,Building Approvals,Number,Month
1993-05-01,2395,Total number of dwelling units ;  Victoria ;  Total (Type of Building) ;  Total Sectors ;,A422272F,Building Approvals,Number,Month
1993-06-01,2320,Total number of dwelling units ;  Victoria ;  Total (Type of Building) ;  Total Sectors ;,A422272F,Building Approvals,Number,Month
1993-07-01,2610,Total number of dwelling units ;  Victoria ;  Total (Type of Building) ;  Total Sectors ;,A422272F,Building Approvals,Number,Month
1993-08-01,2424,Total number of dwelling units ;  Victoria ;  Total (Type of Building) ;  Total Sectors ;,A422272F,Building Approvals,Number,Month
1993-09-01,2611,Total number of dwelling units ;  Victoria ;  Total (Type of Building) ;  Total Sectors ;,A422272F,Building Approvals,Number,Month
1993-10-01,2680,Total number of dwelling units ;  Victoria ;  Total (Type of Building) ;  Total Sectors ;,A422272F,Building Approvals,Number,Month
1993-11-01,2852,Total number of dwelling units ;  Victoria ;  Total (Type of Building) ;  Total Sectors ;,A422272F,Building Approvals,Number,Month
1993-12-01,2703,Total number of dwelling units ;  Victoria ;  Total (Type of Building) ;  Total Sectors ;,A422272F,Building Approvals,Number,Month
1994-01-01,2720,Total number of dwelling units ;  Victoria ;  Total (Type of Building) ;  Total Sectors ;,A422272F,Building Approvals,Number,Month
1994-02-01,3001,Total number of dwelling units ;  Victoria ;  Total (Type of Building) ;  Total Sectors ;,A422272F,Building Approvals,Number,Month
1994-03-01,2725,Total number of dwelling units ;  Victoria ;  Total (Type of Building) ;  Total Sectors ;,A422272F,Building Approvals,Number,Month
1994-04-01,2673,Total number of dwelling units ;  Victoria ;  Total (Type of Building) ;  Total Sectors ;,A422272F,Building Approvals,Number,Month
1994-05-01,3369,Total number of dwelling units ;  Victoria ;  Total (Type of Building) ;  Total Sectors ;,A422272F,Building Approvals,Number,Month
1994-06-01,2599,Total number of dwelling units ;  Victoria ;  Total (Type of Building) ;  Total Sectors ;,A422272F,Building Approvals,Number,Month
1994-07-01,2799,Total number of dwelling units ;  Victoria ;  Total (Type of Building) ;  Total Sectors ;,A422272F,Building Approvals,Number,Month
1994-08-01,2990,Total number of dwelling units ;  Victoria ;  Total (Type of Building) ;  Total Sectors ;,A422272F,Building Approvals,Number,Month
1994-09-01,2622,Total number of dwelling units ;  Victoria ;  Total (Type of Building) ;  Total Sectors ;,A422272F,Building Approvals,Number,Month
1994-10-01,3166,Total number of dwelling units ;  Victoria ;  Total (Type of Building) ;  Total Sectors ;,A422272F,Building Approvals,Number,Month
1994-11-01,2943,Total number of dwelling units ;  Victoria ;  Total (Type of Building) ;  Total Sectors ;,A422272F,Building Approvals,Number,Month
1994-12-01,2658,Total number of dwelling units ;  Victoria ;  Total (Type of Building) ;  Total Sectors ;,A422272F,Building Approvals,Number,Month
1995-01-01,2200,Total number of dwelling units ;  Victoria ;  Total (Type of Building) ;  Total Sectors ;,A422272F,Building Approvals,Number,Month
1995-02-01,2570,Total number of dwelling units ;  Victoria ;  Total (Type of Building) ;  Total Sectors ;,A422272F,Building Approvals,Number,Month
1995-03-01,2337,Total number of dwelling units ;  Victoria ;  Total (Type of Building) ;  Total Sectors ;,A422272F,Building Approvals,Number,Month
1995-04-01,2171,Total number of dwelling units ;  Victoria ;  Total (Type of Building) ;  Total Sectors ;,A422272F,Building Approvals,Number,Month
1995-05-01,2611,Total number of dwelling units ;  Victoria ;  Total (Type of Building) ;  Total Sectors ;,A422272F,Building Approvals,Number,Month
1995-06-01,2279,Total number of dwelling units ;  Victoria ;  Total (Type of Building) ;  Total Sectors ;,A422272F,Building Approvals,Number,Month
1995-07-01,2035,Total number of dwelling units ;  Victoria ;  Total (Type of Building) ;  Total Sectors ;,A422272F,Building Approvals,Number,Month
1995-08-01,1914,Total number of dwelling units ;  Victoria ;  Total (Type of Building) ;  Total Sectors ;,A422272F,Building Approvals,Number,Month
1995-09-01,2079,Total number of dwelling units ;  Victoria ;  Total (Type of Building) ;  Total Sectors ;,A422272F,Building Approvals,Number,Month
1995-10-01,1934,Total number of dwelling units ;  Victoria ;  Total (Type of Building) ;  Total Sectors ;,A422272F,Building Approvals,Number,Month
1995-11-01,1971,Total number of dwelling units ;  Victoria ;  Total (Type of Building) ;  Total Sectors ;,A422272F,Building Approvals,Number,Month
1995-12-01,2011,Total number of dwelling units ;  Victoria ;  Total (Type of Building) ;  Total Sectors ;,A422272F,Building Approvals,Number,Month
1996-01-01,1787,Total number of dwelling units ;  Victoria ;  Total (Type of Building) ;  Total Sectors ;,A422272F,Building Approvals,Number,Month
1996-02-01,1956,Total number of dwelling units ;  Victoria ;  Total (Type of Building) ;  Total Sectors ;,A422272F,Building Approvals,Number,Month
1996-03-01,2056,Total number of dwelling units ;  Victoria ;  Total (Type of Building) ;  Total Sectors ;,A422272F,Building Approvals,Number,Month
1996-04-01,2016,Total number of dwelling units ;  Victoria ;  Total (Type of Building) ;  Total Sectors ;,A422272F,Building Approvals,Number,Month
1996-05-01,1935,Total number of dwelling units ;  Victoria ;  Total (Type of Building) ;  Total Sectors ;,A422272F,Building Approvals,Number,Month
1996-06-01,2002,Total number of dwelling units ;  Victoria ;  Total (Type of Building) ;  Total Sectors ;,A422272F,Building Approvals,Number,Month
1996-07-01,2111,Total number of dwelling units ;  Victoria ;  Total (Type of Building) ;  Total Sectors ;,A422272F,Building Approvals,Number,Month
1996-08-01,2375,Total number of dwelling units ;  Victoria ;  Total (Type of Building) ;  Total Sectors ;,A422272F,Building Approvals,Number,Month
1996-09-01,1859,Total number of dwelling units ;  Victoria ;  Total (Type of Building) ;  Total Sectors ;,A422272F,Building Approvals,Number,Month
1996-10-01,2303,Total number of dwelling units ;  Victoria ;  Total (Type of Building) ;  Total Sectors ;,A422272F,Building Approvals,Number,Month
1996-11-01,1906,Total number of dwelling units ;  Victoria ;  Total (Type of Building) ;  Total Sectors ;,A422272F,Building Approvals,Number,Month
1996-12-01,2155,Total number of dwelling units ;  Victoria ;  Total (Type of Building) ;  Total Sectors ;,A422272F,Building Approvals,Number,Month
1997-01-01,2419,Total number of dwelling units ;  Victoria ;  Total (Type of Building) ;  Total Sectors ;,A422272F,Building Approvals,Number,Month
1997-02-01,2714,Total number of dwelling units ;  Victoria ;  Total (Type of Building) ;  Total Sectors ;,A422272F,Building Approvals,Number,Month
1997-03-01,2593,Total number of dwelling units ;  Victoria ;  Total (Type of Building) ;  Total Sectors ;,A422272F,Building Approvals,Number,Month
1997-04-01,2458,Total number of dwelling units ;  Victoria ;  Total (Type of Building) ;  Total Sectors ;,A422272F,Building Approvals,Number,Month
1997-05-01,2517,Total number of dwelling units ;  Victoria ;  Total (Type of Building) ;  Total Sectors ;,A422272F,Building Approvals,Number,Month
1997-06-01,2601,Total number of dwelling units ;  Victoria ;  Total (Type of Building) ;  Total Sectors ;,A422272F,Building Approvals,Number,Month
1997-07-01,2426,Total number of dwelling units ;  Victoria ;  Total (Type of Building) ;  Total Sectors ;,A422272F,Building Approvals,Number,Month
1997-08-01,3177,Total number of dwelling units ;  Victoria ;  Total (Type of Building) ;  Total Sectors ;,A422272F,Building Approvals,Number,Month
1997-09-01,3032,Total number of dwelling units ;  Victoria ;  Total (Type of Building) ;  Total Sectors ;,A422272F,Building Approvals,Number,Month
1997-10-01,2563,Total number of dwelling units ;  Victoria ;  Total (Type of Building) ;  Total Sectors ;,A422272F,Building Approvals,Number,Month
1997-11-01,3248,Total number of dwelling units ;  Victoria ;  Total (Type of Building) ;  Total Sectors ;,A422272F,Building Approvals,Number,Month
1997-12-01,2953,Total number of dwelling units ;  Victoria ;  Total (Type of Building) ;  Total Sectors ;,A422272F,Building Approvals,Number,Month
1998-01-01,2904,Total number of dwelling units ;  Victoria ;  Total (Type of Building) ;  Total Sectors ;,A422272F,Building Approvals,Number,Month
1998-02-01,2985,Total number of dwelling units ;  Victoria ;  Total (Type of Building) ;  Total Sectors ;,A422272F,Building Approvals,Number,Month
1998-03-01,3330,Total number of dwelling units ;  Victoria ;  Total (Type of Building) ;  Total Sectors ;,A422272F,Building Approvals,Number,Month
1998-04-01,3331,Total number of dwelling units ;  Victoria ;  Total (Type of Building) ;  Total Sectors ;,A422272F,Building Approvals,Number,Month
1998-05-01,3304,Total number of dwelling units ;  Victoria ;  Total (Type of Building) ;  Total Sectors ;,A422272F,Building Approvals,Number,Month
1998-06-01,3145,Total number of dwelling units ;  Victoria ;  Total (Type of Building) ;  Total Sectors ;,A422272F,Building Approvals,Number,Month
1998-07-01,3050,Total number of dwelling units ;  Victoria ;  Total (Type of Building) ;  Total Sectors ;,A422272F,Building Approvals,Number,Month
1998-08-01,3183,Total number of dwelling units ;  Victoria ;  Total (Type of Building) ;  Total Sectors ;,A422272F,Building Approvals,Number,Month
1998-09-01,3144,Total number of dwelling units ;  Victoria ;  Total (Type of Building) ;  Total Sectors ;,A422272F,Building Approvals,Number,Month
1998-10-01,2990,Total number of dwelling units ;  Victoria ;  Total (Type of Building) ;  Total Sectors ;,A422272F,Building Approvals,Number,Month
1998-11-01,3440,Total number of dwelling units ;  Victoria ;  Total (Type of Building) ;  Total Sectors ;,A422272F,Building Approvals,Number,Month
1998-12-01,3364,Total number of dwelling units ;  Victoria ;  Total (Type of Building) ;  Total Sectors ;,A422272F,Building Approvals,Number,Month
1999-01-01,3090,Total number of dwelling units ;  Victoria ;  Total (Type of Building) ;  Total Sectors ;,A422272F,Building Approvals,Number,Month
1999-02-01,3881,Total number of dwelling units ;  Victoria ;  Total (Type of Building) ;  Total Sectors ;,A422272F,Building Approvals,Number,Month
1999-03-01,3357,Total number of dwelling units ;  Victoria ;  Total (Type of Building) ;  Total Sectors ;,A422272F,Building Approvals,Number,Month
1999-04-01,3406,Total number of dwelling units ;  Victoria ;  Total (Type of Building) ;  Total Sectors ;,A422272F,Building Approvals,Number,Month
1999-05-01,3495,Total number of dwelling units ;  Victoria ;  Total (Type of Building) ;  Total Sectors ;,A422272F,Building Approvals,Number,Month
1999-06-01,3229,Total number of dwelling units ;  Victoria ;  Total (Type of Building) ;  Total Sectors ;,A422272F,Building Approvals,Number,Month
1999-07-01,3889,Total number of dwelling units ;  Victoria ;  Total (Type of Building) ;  Total Sectors ;,A422272F,Building Approvals,Number,Month
1999-08-01,4686,Total number of dwelling units ;  Victoria ;  Total (Type of Building) ;  Total Sectors ;,A422272F,Building Approvals,Number,Month
1999-09-01,3830,Total number of dwelling units ;  Victoria ;  Total (Type of Building) ;  Total Sectors ;,A422272F,Building Approvals,Number,Month
1999-10-01,4065,Total number of dwelling units ;  Victoria ;  Total (Type of Building) ;  Total Sectors ;,A422272F,Building Approvals,Number,Month
1999-11-01,4463,Total number of dwelling units ;  Victoria ;  Total (Type of Building) ;  Total Sectors ;,A422272F,Building Approvals,Number,Month
1999-12-01,4451,Total number of dwelling units ;  Victoria ;  Total (Type of Building) ;  Total Sectors ;,A422272F,Building Approvals,Number,Month
2000-01-01,5008,Total number of dwelling units ;  Victoria ;  Total (Type of Building) ;  Total Sectors ;,A422272F,Building Approvals,Number,Month
2000-02-01,4789,Total number of dwelling units ;  Victoria ;  Total (Type of Building) ;  Total Sectors ;,A422272F,Building Approvals,Number,Month
2000-03-01,4472,Total number of dwelling units ;  Victoria ;  Total (Type of Building) ;  Total Sectors ;,A422272F,Building Approvals,Number,Month
2000-04-01,4131,Total number of dwelling units ;  Victoria ;  Total (Type of Building) ;  Total Sectors ;,A422272F,Building Approvals,Number,Month
2000-05-01,3227,Total number of dwelling units ;  Victoria ;  Total (Type of Building) ;  Total Sectors ;,A422272F,Building Approvals,Number,Month
2000-06-01,3183,Total number of dwelling units ;  Victoria ;  Total (Type of Building) ;  Total Sectors ;,A422272F,Building Approvals,Number,Month
2000-07-01,3347,Total number of dwelling units ;  Victoria ;  Total (Type of Building) ;  Total Sectors ;,A422272F,Building Approvals,Number,Month
2000-08-01,2541,Total number of dwelling units ;  Victoria ;  Total (Type of Building) ;  Total Sectors ;,A422272F,Building Approvals,Number,Month
2000-09-01,2568,Total number of dwelling units ;  Victoria ;  Total (Type of Building) ;  Total Sectors ;,A422272F,Building Approvals,Number,Month
2000-10-01,2062,Total number of dwelling units ;  Victoria ;  Total (Type of Building) ;  Total Sectors ;,A422272F,Building Approvals,Number,Month
2000-11-01,2927,Total number of dwelling units ;  Victoria ;  Total (Type of Building) ;  Total Sectors ;,A422272F,Building Approvals,Number,Month
2000-12-01,3317,Total number of dwelling units ;  Victoria ;  Total (Type of Building) ;  Total Sectors ;,A422272F,Building Approvals,Number,Month
2001-01-01,3010,Total number of dwelling units ;  Victoria ;  Total (Type of Building) ;  Total Sectors ;,A422272F,Building Approvals,Number,Month
2001-02-01,3284,Total number of dwelling units ;  Victoria ;  Total (Type of Building) ;  Total Sectors ;,A422272F,Building Approvals,Number,Month
2001-03-01,3128,Total number of dwelling units ;  Victoria ;  Total (Type of Building) ;  Total Sectors ;,A422272F,Building Approvals,Number,Month
2001-04-01,2734,Total number of dwelling units ;  Victoria ;  Total (Type of Building) ;  Total Sectors ;,A422272F,Building Approvals,Number,Month
2001-05-01,3382,Total number of dwelling units ;  Victoria ;  Total (Type of Building) ;  Total Sectors ;,A422272F,Building Approvals,Number,Month
2001-06-01,3351,Total number of dwelling units ;  Victoria ;  Total (Type of Building) ;  Total Sectors ;,A422272F,Building Approvals,Number,Month
2001-07-01,3711,Total number of dwelling units ;  Victoria ;  Total (Type of Building) ;  Total Sectors ;,A422272F,Building Approvals,Number,Month
2001-08-01,5341,Total number of dwelling units ;  Victoria ;  Total (Type of Building) ;  Total Sectors ;,A422272F,Building Approvals,Number,Month
2001-09-01,4372,Total number of dwelling units ;  Victoria ;  Total (Type of Building) ;  Total Sectors ;,A422272F,Building Approvals,Number,Month
2001-10-01,4161,Total number of dwelling units ;  Victoria ;  Total (Type of Building) ;  Total Sectors ;,A422272F,Building Approvals,Number,Month
2001-11-01,3648,Total number of dwelling units ;  Victoria ;  Total (Type of Building) ;  Total Sectors ;,A422272F,Building Approvals,Number,Month
2001-12-01,4276,Total number of dwelling units ;  Victoria ;  Total (Type of Building) ;  Total Sectors ;,A422272F,Building Approvals,Number,Month
2002-01-01,4049,Total number of dwelling units ;  Victoria ;  Total (Type of Building) ;  Total Sectors ;,A422272F,Building Approvals,Number,Month
2002-02-01,3908,Total number of dwelling units ;  Victoria ;  Total (Type of Building) ;  Total Sectors ;,A422272F,Building Approvals,Number,Month
2002-03-01,3795,Total number of dwelling units ;  Victoria ;  Total (Type of Building) ;  Total Sectors ;,A422272F,Building Approvals,Number,Month
2002-04-01,4337,Total number of dwelling units ;  Victoria ;  Total (Type of Building) ;  Total Sectors ;,A422272F,Building Approvals,Number,Month
2002-05-01,4133,Total number of dwelling units ;  Victoria ;  Total (Type of Building) ;  Total Sectors ;,A422272F,Building Approvals,Number,Month
2002-06-01,4086,Total number of dwelling units ;  Victoria ;  Total (Type of Building) ;  Total Sectors ;,A422272F,Building Approvals,Number,Month
2002-07-01,3949,Total number of dwelling units ;  Victoria ;  Total (Type of Building) ;  Total Sectors ;,A422272F,Building Approvals,Number,Month
2002-08-01,5455,Total number of dwelling units ;  Victoria ;  Total (Type of Building) ;  Total Sectors ;,A422272F,Building Approvals,Number,Month
2002-09-01,3815,Total number of dwelling units ;  Victoria ;  Total (Type of Building) ;  Total Sectors ;,A422272F,Building Approvals,Number,Month
2002-10-01,4387,Total number of dwelling units ;  Victoria ;  Total (Type of Building) ;  Total Sectors ;,A422272F,Building Approvals,Number,Month
2002-11-01,3325,Total number of dwelling units ;  Victoria ;  Total (Type of Building) ;  Total Sectors ;,A422272F,Building Approvals,Number,Month
2002-12-01,3897,Total number of dwelling units ;  Victoria ;  Total (Type of Building) ;  Total Sectors ;,A422272F,Building Approvals,Number,Month
2003-01-01,3775,Total number of dwelling units ;  Victoria ;  Total (Type of Building) ;  Total Sectors ;,A422272F,Building Approvals,Number,Month
2003-02-01,3580,Total number of dwelling units ;  Victoria ;  Total (Type of Building) ;  Total Sectors ;,A422272F,Building Approvals,Number,Month
2003-03-01,3258,Total number of dwelling units ;  Victoria ;  Total (Type of Building) ;  Total Sectors ;,A422272F,Building Approvals,Number,Month
2003-04-01,4946,Total number of dwelling units ;  Victoria ;  Total (Type of Building) ;  Total Sectors ;,A422272F,Building Approvals,Number,Month
2003-05-01,3862,Total number of dwelling units ;  Victoria ;  Total (Type of Building) ;  Total Sectors ;,A422272F,Building Approvals,Number,Month
2003-06-01,4022,Total number of dwelling units ;  Victoria ;  Total (Type of Building) ;  Total Sectors ;,A422272F,Building Approvals,Number,Month
2003-07-01,3635,Total number of dwelling units ;  Victoria ;  Total (Type of Building) ;  Total Sectors ;,A422272F,Building Approvals,Number,Month
2003-08-01,3739,Total number of dwelling units ;  Victoria ;  Total (Type of Building) ;  Total Sectors ;,A422272F,Building Approvals,Number,Month
2003-09-01,4278,Total number of dwelling units ;  Victoria ;  Total (Type of Building) ;  Total Sectors ;,A422272F,Building Approvals,Number,Month
2003-10-01,4770,Total number of dwelling units ;  Victoria ;  Total (Type of Building) ;  Total Sectors ;,A422272F,Building Approvals,Number,Month
2003-11-01,3596,Total number of dwelling units ;  Victoria ;  Total (Type of Building) ;  Total Sectors ;,A422272F,Building Approvals,Number,Month
2003-12-01,3603,Total number of dwelling units ;  Victoria ;  Total (Type of Building) ;  Total Sectors ;,A422272F,Building Approvals,Number,Month
2004-01-01,4376,Total number of dwelling units ;  Victoria ;  Total (Type of Building) ;  Total Sectors ;,A422272F,Building Approvals,Number,Month
2004-02-01,3497,Total number of dwelling units ;  Victoria ;  Total (Type of Building) ;  Total Sectors ;,A422272F,Building Approvals,Number,Month
2004-03-01,3466,Total number of dwelling units ;  Victoria ;  Total (Type of Building) ;  Total Sectors ;,A422272F,Building Approvals,Number,Month
2004-04-01,3766,Total number of dwelling units ;  Victoria ;  Total (Type of Building) ;  Total Sectors ;,A422272F,Building Approvals,Number,Month
2004-05-01,3932,Total number of dwelling units ;  Victoria ;  Total (Type of Building) ;  Total Sectors ;,A422272F,Building Approvals,Number,Month
2004-06-01,3472,Total number of dwelling units ;  Victoria ;  Total (Type of Building) ;  Total Sectors ;,A422272F,Building Approvals,Number,Month
2004-07-01,3616,Total number of dwelling units ;  Victoria ;  Total (Type of Building) ;  Total Sectors ;,A422272F,Building Approvals,Number,Month
2004-08-01,3485,Total number of dwelling units ;  Victoria ;  Total (Type of Building) ;  Total Sectors ;,A422272F,Building Approvals,Number,Month
2004-09-01,3130,Total number of dwelling units ;  Victoria ;  Total (Type of Building) ;  Total Sectors ;,A422272F,Building Approvals,Number,Month
2004-10-01,3617,Total number of dwelling units ;  Victoria ;  Total (Type of Building) ;  Total Sectors ;,A422272F,Building Approvals,Number,Month
2004-11-01,3322,Total number of dwelling units ;  Victoria ;  Total (Type of Building) ;  Total Sectors ;,A422272F,Building Approvals,Number,Month
2004-12-01,3063,Total number of dwelling units ;  Victoria ;  Total (Type of Building) ;  Total Sectors ;,A422272F,Building Approvals,Number,Month
2005-01-01,3124,Total number of dwelling units ;  Victoria ;  Total (Type of Building) ;  Total Sectors ;,A422272F,Building Approvals,Number,Month
2005-02-01,3288,Total number of dwelling units ;  Victoria ;  Total (Type of Building) ;  Total Sectors ;,A422272F,Building Approvals,Number,Month
2005-03-01,3374,Total number of dwelling units ;  Victoria ;  Total (Type of Building) ;  Total Sectors ;,A422272F,Building Approvals,Number,Month
2005-04-01,3765,Total number of dwelling units ;  Victoria ;  Total (Type of Building) ;  Total Sectors ;,A422272F,Building Approvals,Number,Month
2005-05-01,4021,Total number of dwelling units ;  Victoria ;  Total (Type of Building) ;  Total Sectors ;,A422272F,Building Approvals,Number,Month
2005-06-01,4734,Total number of dwelling units ;  Victoria ;  Total (Type of Building) ;  Total Sectors ;,A422272F,Building Approvals,Number,Month
2005-07-01,2760,Total number of dwelling units ;  Victoria ;  Total (Type of Building) ;  Total Sectors ;,A422272F,Building Approvals,Number,Month
2005-08-01,2756,Total number of dwelling units ;  Victoria ;  Total (Type of Building) ;  Total Sectors ;,A422272F,Building Approvals,Number,Month
2005-09-01,2935,Total number of dwelling units ;  Victoria ;  Total (Type of Building) ;  Total Sectors ;,A422272F,Building Approvals,Number,Month
2005-10-01,2996,Total number of dwelling units ;  Victoria ;  Total (Type of Building) ;  Total Sectors ;,A422272F,Building Approvals,Number,Month
2005-11-01,3212,Total number of dwelling units ;  Victoria ;  Total (Type of Building) ;  Total Sectors ;,A422272F,Building Approvals,Number,Month
2005-12-01,2869,Total number of dwelling units ;  Victoria ;  Total (Type of Building) ;  Total Sectors ;,A422272F,Building Approvals,Number,Month
2006-01-01,3153,Total number of dwelling units ;  Victoria ;  Total (Type of Building) ;  Total Sectors ;,A422272F,Building Approvals,Number,Month
2006-02-01,3065,Total number of dwelling units ;  Victoria ;  Total (Type of Building) ;  Total Sectors ;,A422272F,Building Approvals,Number,Month
2006-03-01,3275,Total number of dwelling units ;  Victoria ;  Total (Type of Building) ;  Total Sectors ;,A422272F,Building Approvals,Number,Month
2006-04-01,2976,Total number of dwelling units ;  Victoria ;  Total (Type of Building) ;  Total Sectors ;,A422272F,Building Approvals,Number,Month
2006-05-01,3519,Total number of dwelling units ;  Victoria ;  Total (Type of Building) ;  Total Sectors ;,A422272F,Building Approvals,Number,Month
2006-06-01,3111,Total number of dwelling units ;  Victoria ;  Total (Type of Building) ;  Total Sectors ;,A422272F,Building Approvals,Number,Month
2006-07-01,3600,Total number of dwelling units ;  Victoria ;  Total (Type of Building) ;  Total Sectors ;,A422272F,Building Approvals,Number,Month
2006-08-01,3347,Total number of dwelling units ;  Victoria ;  Total (Type of Building) ;  Total Sectors ;,A422272F,Building Approvals,Number,Month
2006-09-01,3003,Total number of dwelling units ;  Victoria ;  Total (Type of Building) ;  Total Sectors ;,A422272F,Building Approvals,Number,Month
2006-10-01,3118,Total number of dwelling units ;  Victoria ;  Total (Type of Building) ;  Total Sectors ;,A422272F,Building Approvals,Number,Month
2006-11-01,3140,Total number of dwelling units ;  Victoria ;  Total (Type of Building) ;  Total Sectors ;,A422272F,Building Approvals,Number,Month
2006-12-01,2981,Total number of dwelling units ;  Victoria ;  Total (Type of Building) ;  Total Sectors ;,A422272F,Building Approvals,Number,Month
2007-01-01,2673,Total number of dwelling units ;  Victoria ;  Total (Type of Building) ;  Total Sectors ;,A422272F,Building Approvals,Number,Month
2007-02-01,3520,Total number of dwelling units ;  Victoria ;  Total (Type of Building) ;  Total Sectors ;,A422272F,Building Approvals,Number,Month
2007-03-01,2994,Total number of dwelling units ;  Victoria ;  Total (Type of Building) ;  Total Sectors ;,A422272F,Building Approvals,Number,Month
2007-04-01,3251,Total number of dwelling units ;  Victoria ;  Total (Type of Building) ;  Total Sectors ;,A422272F,Building Approvals,Number,Month
2007-05-01,3289,Total number of dwelling units ;  Victoria ;  Total (Type of Building) ;  Total Sectors ;,A422272F,Building Approvals,Number,Month
2007-06-01,3189,Total number of dwelling units ;  Victoria ;  Total (Type of Building) ;  Total Sectors ;,A422272F,Building Approvals,Number,Month
2007-07-01,3480,Total number of dwelling units ;  Victoria ;  Total (Type of Building) ;  Total Sectors ;,A422272F,Building Approvals,Number,Month
2007-08-01,3514,Total number of dwelling units ;  Victoria ;  Total (Type of Building) ;  Total Sectors ;,A422272F,Building Approvals,Number,Month
2007-09-01,3894,Total number of dwelling units ;  Victoria ;  Total (Type of Building) ;  Total Sectors ;,A422272F,Building Approvals,Number,Month
2007-10-01,4076,Total number of dwelling units ;  Victoria ;  Total (Type of Building) ;  Total Sectors ;,A422272F,Building Approvals,Number,Month
2007-11-01,3420,Total number of dwelling units ;  Victoria ;  Total (Type of Building) ;  Total Sectors ;,A422272F,Building Approvals,Number,Month
2007-12-01,3516,Total number of dwelling units ;  Victoria ;  Total (Type of Building) ;  Total Sectors ;,A422272F,Building Approvals,Number,Month
2008-01-01,3415,Total number of dwelling units ;  Victoria ;  Total (Type of Building) ;  Total Sectors ;,A422272F,Building Approvals,Number,Month
2008-02-01,3734,Total number of dwelling units ;  Victoria ;  Total (Type of Building) ;  Total Sectors ;,A422272F,Building Approvals,Number,Month
2008-03-01,3576,Total number of dwelling units ;  Victoria ;  Total (Type of Building) ;  Total Sectors ;,A422272F,Building Approvals,Number,Month
2008-04-01,3210,Total number of dwelling units ;  Victoria ;  Total (Type of Building) ;  Total Sectors ;,A422272F,Building Approvals,Number,Month
2008-05-01,3494,Total number of dwelling units ;  Victoria ;  Total (Type of Building) ;  Total Sectors ;,A422272F,Building Approvals,Number,Month
2008-06-01,3765,Total number of dwelling units ;  Victoria ;  Total (Type of Building) ;  Total Sectors ;,A422272F,Building Approvals,Number,Month
2008-07-01,3654,Total number of dwelling units ;  Victoria ;  Total (Type of Building) ;  Total Sectors ;,A422272F,Building Approvals,Number,Month
2008-08-01,3542,Total number of dwelling units ;  Victoria ;  Total (Type of Building) ;  Total Sectors ;,A422272F,Building Approvals,Number,Month
2008-09-01,3551,Total number of dwelling units ;  Victoria ;  Total (Type of Building) ;  Total Sectors ;,A422272F,Building Approvals,Number,Month
2008-10-01,3426,Total number of dwelling units ;  Victoria ;  Total (Type of Building) ;  Total Sectors ;,A422272F,Building Approvals,Number,Month
2008-11-01,2993,Total number of dwelling units ;  Victoria ;  Total (Type of Building) ;  Total Sectors ;,A422272F,Building Approvals,Number,Month
2008-12-01,3024,Total number of dwelling units ;  Victoria ;  Total (Type of Building) ;  Total Sectors ;,A422272F,Building Approvals,Number,Month
2009-01-01,3130,Total number of dwelling units ;  Victoria ;  Total (Type of Building) ;  Total Sectors ;,A422272F,Building Approvals,Number,Month
2009-02-01,3728,Total number of dwelling units ;  Victoria ;  Total (Type of Building) ;  Total Sectors ;,A422272F,Building Approvals,Number,Month
2009-03-01,3965,Total number of dwelling units ;  Victoria ;  Total (Type of Building) ;  Total Sectors ;,A422272F,Building Approvals,Number,Month
2009-04-01,3325,Total number of dwelling units ;  Victoria ;  Total (Type of Building) ;  Total Sectors ;,A422272F,Building Approvals,Number,Month
2009-05-01,3215,Total number of dwelling units ;  Victoria ;  Total (Type of Building) ;  Total Sectors ;,A422272F,Building Approvals,Number,Month
2009-06-01,4213,Total number of dwelling units ;  Victoria ;  Total (Type of Building) ;  Total Sectors ;,A422272F,Building Approvals,Number,Month
2009-07-01,4463,Total number of dwelling units ;  Victoria ;  Total (Type of Building) ;  Total Sectors ;,A422272F,Building Approvals,Number,Month
2009-08-01,4064,Total number of dwelling units ;  Victoria ;  Total (Type of Building) ;  Total Sectors ;,A422272F,Building Approvals,Number,Month
2009-09-01,4536,Total number of dwelling units ;  Victoria ;  Total (Type of Building) ;  Total Sectors ;,A422272F,Building Approvals,Number,Month
2009-10-01,4568,Total number of dwelling units ;  Victoria ;  Total (Type of Building) ;  Total Sectors ;,A422272F,Building Approvals,Number,Month
2009-11-01,4768,Total number of dwelling units ;  Victoria ;  Total (Type of Building) ;  Total Sectors ;,A422272F,Building Approvals,Number,Month
2009-12-01,5008,Total number of dwelling units ;  Victoria ;  Total (Type of Building) ;  Total Sectors ;,A422272F,Building Approvals,Number,Month
2010-01-01,4652,Total number of dwelling units ;  Victoria ;  Total (Type of Building) ;  Total Sectors ;,A422272F,Building Approvals,Number,Month
2010-02-01,4864,Total number of dwelling units ;  Victoria ;  Total (Type of Building) ;  Total Sectors ;,A422272F,Building Approvals,Number,Month
2010-03-01,5581,Total number of dwelling units ;  Victoria ;  Total (Type of Building) ;  Total Sectors ;,A422272F,Building Approvals,Number,Month
2010-04-01,4949,Total number of dwelling units ;  Victoria ;  Total (Type of Building) ;  Total Sectors ;,A422272F,Building Approvals,Number,Month
2010-05-01,4864,Total number of dwelling units ;  Victoria ;  Total (Type of Building) ;  Total Sectors ;,A422272F,Building Approvals,Number,Month
2010-06-01,5011,Total number of dwelling units ;  Victoria ;  Total (Type of Building) ;  Total Sectors ;,A422272F,Building Approvals,Number,Month
2010-07-01,5855,Total number of dwelling units ;  Victoria ;  Total (Type of Building) ;  Total Sectors ;,A422272F,Building Approvals,Number,Month
2010-08-01,5923,Total number of dwelling units ;  Victoria ;  Total (Type of Building) ;  Total Sectors ;,A422272F,Building Approvals,Number,Month
2010-09-01,5140,Total number of dwelling units ;  Victoria ;  Total (Type of Building) ;  Total Sectors ;,A422272F,Building Approvals,Number,Month
2010-10-01,5436,Total number of dwelling units ;  Victoria ;  Total (Type of Building) ;  Total Sectors ;,A422272F,Building Approvals,Number,Month
2010-11-01,4955,Total number of dwelling units ;  Victoria ;  Total (Type of Building) ;  Total Sectors ;,A422272F,Building Approvals,Number,Month
2010-12-01,5449,Total number of dwelling units ;  Victoria ;  Total (Type of Building) ;  Total Sectors ;,A422272F,Building Approvals,Number,Month
2011-01-01,5030,Total number of dwelling units ;  Victoria ;  Total (Type of Building) ;  Total Sectors ;,A422272F,Building Approvals,Number,Month
2011-02-01,4123,Total number of dwelling units ;  Victoria ;  Total (Type of Building) ;  Total Sectors ;,A422272F,Building Approvals,Number,Month
2011-03-01,5130,Total number of dwelling units ;  Victoria ;  Total (Type of Building) ;  Total Sectors ;,A422272F,Building Approvals,Number,Month
2011-04-01,5041,Total number of dwelling units ;  Victoria ;  Total (Type of Building) ;  Total Sectors ;,A422272F,Building Approvals,Number,Month
2011-05-01,4090,Total number of dwelling units ;  Victoria ;  Total (Type of Building) ;  Total Sectors ;,A422272F,Building Approvals,Number,Month
2011-06-01,4568,Total number of dwelling units ;  Victoria ;  Total (Type of Building) ;  Total Sectors ;,A422272F,Building Approvals,Number,Month
2011-07-01,4631,Total number of dwelling units ;  Victoria ;  Total (Type of Building) ;  Total Sectors ;,A422272F,Building Approvals,Number,Month
2011-08-01,4432,Total number of dwelling units ;  Victoria ;  Total (Type of Building) ;  Total Sectors ;,A422272F,Building Approvals,Number,Month
2011-09-01,4182,Total number of dwelling units ;  Victoria ;  Total (Type of Building) ;  Total Sectors ;,A422272F,Building Approvals,Number,Month
2011-10-01,3459,Total number of dwelling units ;  Victoria ;  Total (Type of Building) ;  Total Sectors ;,A422272F,Building Approvals,Number,Month
2011-11-01,4149,Total number of dwelling units ;  Victoria ;  Total (Type of Building) ;  Total Sectors ;,A422272F,Building Approvals,Number,Month
2011-12-01,3720,Total number of dwelling units ;  Victoria ;  Total (Type of Building) ;  Total Sectors ;,A422272F,Building Approvals,Number,Month
2012-01-01,3426,Total number of dwelling units ;  Victoria ;  Total (Type of Building) ;  Total Sectors ;,A422272F,Building Approvals,Number,Month
2012-02-01,4127,Total number of dwelling units ;  Victoria ;  Total (Type of Building) ;  Total Sectors ;,A422272F,Building Approvals,Number,Month
2012-03-01,3555,Total number of dwelling units ;  Victoria ;  Total (Type of Building) ;  Total Sectors ;,A422272F,Building Approvals,Number,Month
2012-04-01,4057,Total number of dwelling units ;  Victoria ;  Total (Type of Building) ;  Total Sectors ;,A422272F,Building Approvals,Number,Month
2012-05-01,4735,Total number of dwelling units ;  Victoria ;  Total (Type of Building) ;  Total Sectors ;,A422272F,Building Approvals,Number,Month
2012-06-01,5889,Total number of dwelling units ;  Victoria ;  Total (Type of Building) ;  Total Sectors ;,A422272F,Building Approvals,Number,Month
2012-07-01,3613,Total number of dwelling units ;  Victoria ;  Total (Type of Building) ;  Total Sectors ;,A422272F,Building Approvals,Number,Month
2012-08-01,4547,Total number of dwelling units ;  Victoria ;  Total (Type of Building) ;  Total Sectors ;,A422272F,Building Approvals,Number,Month
2012-09-01,5540,Total number of dwelling units ;  Victoria ;  Total (Type of Building) ;  Total Sectors ;,A422272F,Building Approvals,Number,Month
2012-10-01,4105,Total number of dwelling units ;  Victoria ;  Total (Type of Building) ;  Total Sectors ;,A422272F,Building Approvals,Number,Month
2012-11-01,4492,Total number of dwelling units ;  Victoria ;  Total (Type of Building) ;  Total Sectors ;,A422272F,Building Approvals,Number,Month
2012-12-01,4238,Total number of dwelling units ;  Victoria ;  Total (Type of Building) ;  Total Sectors ;,A422272F,Building Approvals,Number,Month
2013-01-01,3291,Total number of dwelling units ;  Victoria ;  Total (Type of Building) ;  Total Sectors ;,A422272F,Building Approvals,Number,Month
2013-02-01,3897,Total number of dwelling units ;  Victoria ;  Total (Type of Building) ;  Total Sectors ;,A422272F,Building Approvals,Number,Month
2013-03-01,3767,Total number of dwelling units ;  Victoria ;  Total (Type of Building) ;  Total Sectors ;,A422272F,Building Approvals,Number,Month
2013-04-01,4363,Total number of dwelling units ;  Victoria ;  Total (Type of Building) ;  Total Sectors ;,A422272F,Building Approvals,Number,Month
2013-05-01,4046,Total number of dwelling units ;  Victoria ;  Total (Type of Building) ;  Total Sectors ;,A422272F,Building Approvals,Number,Month
2013-06-01,3293,Total number of dwelling units ;  Victoria ;  Total (Type of Building) ;  Total Sectors ;,A422272F,Building Approvals,Number,Month
2013-07-01,4251,Total number of dwelling units ;  Victoria ;  Total (Type of Building) ;  Total Sectors ;,A422272F,Building Approvals,Number,Month
2013-08-01,3839,Total number of dwelling units ;  Victoria ;  Total (Type of Building) ;  Total Sectors ;,A422272F,Building Approvals,Number,Month
2013-09-01,5168,Total number of dwelling units ;  Victoria ;  Total (Type of Building) ;  Total Sectors ;,A422272F,Building Approvals,Number,Month
2013-10-01,5138,Total number of dwelling units ;  Victoria ;  Total (Type of Building) ;  Total Sectors ;,A422272F,Building Approvals,Number,Month
2013-11-01,4629,Total number of dwelling units ;  Victoria ;  Total (Type of Building) ;  Total Sectors ;,A422272F,Building Approvals,Number,Month
2013-12-01,4328,Total number of dwelling units ;  Victoria ;  Total (Type of Building) ;  Total Sectors ;,A422272F,Building Approvals,Number,Month
2014-01-01,4337,Total number of dwelling units ;  Victoria ;  Total (Type of Building) ;  Total Sectors ;,A422272F,Building Approvals,Number,Month
2014-02-01,4986,Total number of dwelling units ;  Victoria ;  Total (Type of Building) ;  Total Sectors ;,A422272F,Building Approvals,Number,Month
2014-03-01,4116,Total number of dwelling units ;  Victoria ;  Total (Type of Building) ;  Total Sectors ;,A422272F,Building Approvals,Number,Month
2014-04-01,5571,Total number of dwelling units ;  Victoria ;  Total (Type of Building) ;  Total Sectors ;,A422272F,Building Approvals,Number,Month
2014-05-01,4278,Total number of dwelling units ;  Victoria ;  Total (Type of Building) ;  Total Sectors ;,A422272F,Building Approvals,Number,Month
2014-06-01,4766,Total number of dwelling units ;  Victoria ;  Total (Type of Building) ;  Total Sectors ;,A422272F,Building Approvals,Number,Month
2014-07-01,4644,Total number of dwelling units ;  Victoria ;  Total (Type of Building) ;  Total Sectors ;,A422272F,Building Approvals,Number,Month
2014-08-01,5411,Total number of dwelling units ;  Victoria ;  Total (Type of Building) ;  Total Sectors ;,A422272F,Building Approvals,Number,Month
2014-09-01,4794,Total number of dwelling units ;  Victoria ;  Total (Type of Building) ;  Total Sectors ;,A422272F,Building Approvals,Number,Month
2014-10-01,5425,Total number of dwelling units ;  Victoria ;  Total (Type of Building) ;  Total Sectors ;,A422272F,Building Approvals,Number,Month
2014-11-01,7114,Total number of dwelling units ;  Victoria ;  Total (Type of Building) ;  Total Sectors ;,A422272F,Building Approvals,Number,Month
2014-12-01,5595,Total number of dwelling units ;  Victoria ;  Total (Type of Building) ;  Total Sectors ;,A422272F,Building Approvals,Number,Month
2015-01-01,4691,Total number of dwelling units ;  Victoria ;  Total (Type of Building) ;  Total Sectors ;,A422272F,Building Approvals,Number,Month
2015-02-01,6804,Total number of dwelling units ;  Victoria ;  Total (Type of Building) ;  Total Sectors ;,A422272F,Building Approvals,Number,Month
2015-03-01,6199,Total number of dwelling units ;  Victoria ;  Total (Type of Building) ;  Total Sectors ;,A422272F,Building Approvals,Number,Month
2015-04-01,5698,Total number of dwelling units ;  Victoria ;  Total (Type of Building) ;  Total Sectors ;,A422272F,Building Approvals,Number,Month
2015-05-01,6473,Total number of dwelling units ;  Victoria ;  Total (Type of Building) ;  Total Sectors ;,A422272F,Building Approvals,Number,Month
2015-06-01,4717,Total number of dwelling units ;  Victoria ;  Total (Type of Building) ;  Total Sectors ;,A422272F,Building Approvals,Number,Month
2015-07-01,5476,Total number of dwelling units ;  Victoria ;  Total (Type of Building) ;  Total Sectors ;,A422272F,Building Approvals,Number,Month
2015-08-01,5417,Total number of dwelling units ;  Victoria ;  Total (Type of Building) ;  Total Sectors ;,A422272F,Building Approvals,Number,Month
2015-09-01,5813,Total number of dwelling units ;  Victoria ;  Total (Type of Building) ;  Total Sectors ;,A422272F,Building Approvals,Number,Month
2015-10-01,7102,Total number of dwelling units ;  Victoria ;  Total (Type of Building) ;  Total Sectors ;,A422272F,Building Approvals,Number,Month
2015-11-01,4590,Total number of dwelling units ;  Victoria ;  Total (Type of Building) ;  Total Sectors ;,A422272F,Building Approvals,Number,Month
2015-12-01,5692,Total number of dwelling units ;  Victoria ;  Total (Type of Building) ;  Total Sectors ;,A422272F,Building Approvals,Number,Month
2016-01-01,5161,Total number of dwelling units ;  Victoria ;  Total (Type of Building) ;  Total Sectors ;,A422272F,Building Approvals,Number,Month
2016-02-01,5775,Total number of dwelling units ;  Victoria ;  Total (Type of Building) ;  Total Sectors ;,A422272F,Building Approvals,Number,Month
2016-03-01,5441,Total number of dwelling units ;  Victoria ;  Total (Type of Building) ;  Total Sectors ;,A422272F,Building Approvals,Number,Month
2016-04-01,5998,Total number of dwelling units ;  Victoria ;  Total (Type of Building) ;  Total Sectors ;,A422272F,Building Approvals,Number,Month
2016-05-01,5870,Total number of dwelling units ;  Victoria ;  Total (Type of Building) ;  Total Sectors ;,A422272F,Building Approvals,Number,Month
2016-06-01,5687,Total number of dwelling units ;  Victoria ;  Total (Type of Building) ;  Total Sectors ;,A422272F,Building Approvals,Number,Month
2016-07-01,6763,Total number of dwelling units ;  Victoria ;  Total (Type of Building) ;  Total Sectors ;,A422272F,Building Approvals,Number,Month
2016-08-01,5995,Total number of dwelling units ;  Victoria ;  Total (Type of Building) ;  Total Sectors ;,A422272F,Building Approvals,Number,Month
2016-09-01,5381,Total number of dwelling units ;  Victoria ;  Total (Type of Building) ;  Total Sectors ;,A422272F,Building Approvals,Number,Month
2016-10-01,4518,Total number of dwelling units ;  Victoria ;  Total (Type of Building) ;  Total Sectors ;,A422272F,Building Approvals,Number,Month
2016-11-01,5456,Total number of dwelling units ;  Victoria ;  Total (Type of Building) ;  Total Sectors ;,A422272F,Building Approvals,Number,Month
2016-12-01,6804,Total number of dwelling units ;  Victoria ;  Total (Type of Building) ;  Total Sectors ;,A422272F,Building Approvals,Number,Month
2017-01-01,5165,Total number of dwelling units ;  Victoria ;  Total (Type of Building) ;  Total Sectors ;,A422272F,Building Approvals,Number,Month
2017-02-01,5965,Total number of dwelling units ;  Victoria ;  Total (Type of Building) ;  Total Sectors ;,A422272F,Building Approvals,Number,Month
2017-03-01,5066,Total number of dwelling units ;  Victoria ;  Total (Type of Building) ;  Total Sectors ;,A422272F,Building Approvals,Number,Month
2017-04-01,4855,Total number of dwelling units ;  Victoria ;  Total (Type of Building) ;  Total Sectors ;,A422272F,Building Approvals,Number,Month
2017-05-01,4971,Total number of dwelling units ;  Victoria ;  Total (Type of Building) ;  Total Sectors ;,A422272F,Building Approvals,Number,Month
2017-06-01,5310,Total number of dwelling units ;  Victoria ;  Total (Type of Building) ;  Total Sectors ;,A422272F,Building Approvals,Number,Month
2017-07-01,5639,Total number of dwelling units ;  Victoria ;  Total (Type of Building) ;  Total Sectors ;,A422272F,Building Approvals,Number,Month
2017-08-01,5367,Total number of dwelling units ;  Victoria ;  Total (Type of Building) ;  Total Sectors ;,A422272F,Building Approvals,Number,Month
2017-09-01,5515,Total number of dwelling units ;  Victoria ;  Total (Type of Building) ;  Total Sectors ;,A422272F,Building Approvals,Number,Month
2017-10-01,6869,Total number of dwelling units ;  Victoria ;  Total (Type of Building) ;  Total Sectors ;,A422272F,Building Approvals,Number,Month
2017-11-01,9817,Total number of dwelling units ;  Victoria ;  Total (Type of Building) ;  Total Sectors ;,A422272F,Building Approvals,Number,Month
2017-12-01,5998,Total number of dwelling units ;  Victoria ;  Total (Type of Building) ;  Total Sectors ;,A422272F,Building Approvals,Number,Month
2018-01-01,6363,Total number of dwelling units ;  Victoria ;  Total (Type of Building) ;  Total Sectors ;,A422272F,Building Approvals,Number,Month
2018-02-01,6345,Total number of dwelling units ;  Victoria ;  Total (Type of Building) ;  Total Sectors ;,A422272F,Building Approvals,Number,Month
2018-03-01,6727,Total number of dwelling units ;  Victoria ;  Total (Type of Building) ;  Total Sectors ;,A422272F,Building Approvals,Number,Month
2018-04-01,6116,Total number of dwelling units ;  Victoria ;  Total (Type of Building) ;  Total Sectors ;,A422272F,Building Approvals,Number,Month
2018-05-01,5881,Total number of dwelling units ;  Victoria ;  Total (Type of Building) ;  Total Sectors ;,A422272F,Building Approvals,Number,Month
2018-06-01,5432,Total number of dwelling units ;  Victoria ;  Total (Type of Building) ;  Total Sectors ;,A422272F,Building Approvals,Number,Month
2018-07-01,5267,Total number of dwelling units ;  Victoria ;  Total (Type of Building) ;  Total Sectors ;,A422272F,Building Approvals,Number,Month
2018-08-01,4654,Total number of dwelling units ;  Victoria ;  Total (Type of Building) ;  Total Sectors ;,A422272F,Building Approvals,Number,Month
2018-09-01,5918,Total number of dwelling units ;  Victoria ;  Total (Type of Building) ;  Total Sectors ;,A422272F,Building Approvals,Number,Month
2018-10-01,5808,Total number of dwelling units ;  Victoria ;  Total (Type of Building) ;  Total Sectors ;,A422272F,Building Approvals,Number,Month
2018-11-01,5175,Total number of dwelling units ;  Victoria ;  Total (Type of Building) ;  Total Sectors ;,A422272F,Building Approvals,Number,Month
2018-12-01,4624,Total number of dwelling units ;  Victoria ;  Total (Type of Building) ;  Total Sectors ;,A422272F,Building Approvals,Number,Month
2019-01-01,4139,Total number of dwelling units ;  Victoria ;  Total (Type of Building) ;  Total Sectors ;,A422272F,Building Approvals,Number,Month
2019-02-01,6048,Total number of dwelling units ;  Victoria ;  Total (Type of Building) ;  Total Sectors ;,A422272F,Building Approvals,Number,Month
2019-03-01,5073,Total number of dwelling units ;  Victoria ;  Total (Type of Building) ;  Total Sectors ;,A422272F,Building Approvals,Number,Month
2019-04-01,4085,Total number of dwelling units ;  Victoria ;  Total (Type of Building) ;  Total Sectors ;,A422272F,Building Approvals,Number,Month
2019-05-01,4700,Total number of dwelling units ;  Victoria ;  Total (Type of Building) ;  Total Sectors ;,A422272F,Building Approvals,Number,Month
2019-06-01,5196,Total number of dwelling units ;  Victoria ;  Total (Type of Building) ;  Total Sectors ;,A422272F,Building Approvals,Number,Month
2019-07-01,3901,Total number of dwelling units ;  Victoria ;  Total (Type of Building) ;  Total Sectors ;,A422272F,Building Approvals,Number,Month
2019-08-01,4399,Total number of dwelling units ;  Victoria ;  Total (Type of Building) ;  Total Sectors ;,A422272F,Building Approvals,Number,Month
2019-09-01,4701,Total number of dwelling units ;  Victoria ;  Total (Type of Building) ;  Total Sectors ;,A422272F,Building Approvals,Number,Month
2019-10-01,4689,Total number of dwelling units ;  Victoria ;  Total (Type of Building) ;  Total Sectors ;,A422272F,Building Approvals,Number,Month
2019-11-01,5000,Total number of dwelling units ;  Victoria ;  Total (Type of Building) ;  Total Sectors ;,A422272F,Building Approvals,Number,Month
2019-12-01,6684,Total number of dwelling units ;  Victoria ;  Total (Type of Building) ;  Total Sectors ;,A422272F,Building Approvals,Number,Month
2020-01-01,4184,Total number of dwelling units ;  Victoria ;  Total (Type of Building) ;  Total Sectors ;,A422272F,Building Approvals,Number,Month
2020-02-01,7188,Total number of dwelling units ;  Victoria ;  Total (Type of Building) ;  Total Sectors ;,A422272F,Building Approvals,Number,Month
2020-03-01,4979,Total number of dwelling units ;  Victoria ;  Total (Type of Building) ;  Total Sectors ;,A422272F,Building Approvals,Number,Month
2020-04-01,5236,Total number of dwelling units ;  Victoria ;  Total (Type of Building) ;  Total Sectors ;,A422272F,Building Approvals,Number,Month
2020-05-01,4868,Total number of dwelling units ;  Victoria ;  Total (Type of Building) ;  Total Sectors ;,A422272F,Building Approvals,Number,Month
2020-06-01,4641,Total number of dwelling units ;  Victoria ;  Total (Type of Building) ;  Total Sectors ;,A422272F,Building Approvals,Number,Month
2020-07-01,5659,Total number of dwelling units ;  Victoria ;  Total (Type of Building) ;  Total Sectors ;,A422272F,Building Approvals,Number,Month
2020-08-01,5440,Total number of dwelling units ;  Victoria ;  Total (Type of Building) ;  Total Sectors ;,A422272F,Building Approvals,Number,Month
2020-09-01,5737,Total number of dwelling units ;  Victoria ;  Total (Type of Building) ;  Total Sectors ;,A422272F,Building Approvals,Number,Month
2020-10-01,5193,Total number of dwelling units ;  Victoria ;  Total (Type of Building) ;  Total Sectors ;,A422272F,Building Approvals,Number,Month
2020-11-01,4866,Total number of dwelling units ;  Victoria ;  Total (Type of Building) ;  Total Sectors ;,A422272F,Building Approvals,Number,Month
2020-12-01,5127,Total number of dwelling units ;  Victoria ;  Total (Type of Building) ;  Total Sectors ;,A422272F,Building Approvals,Number,Month
2021-01-01,4657,Total number of dwelling units ;  Victoria ;  Total (Type of Building) ;  Total Sectors ;,A422272F,Building Approvals,Number,Month
2021-02-01,5907,Total number of dwelling units ;  Victoria ;  Total (Type of Building) ;  Total Sectors ;,A422272F,Building Approvals,Number,Month
2021-03-01,6944,Total number of dwelling units ;  Victoria ;  Total (Type of Building) ;  Total Sectors ;,A422272F,Building Approvals,Number,Month
2021-04-01,5614,Total number of dwelling units ;  Victoria ;  Total (Type of Building) ;  Total Sectors ;,A422272F,Building Approvals,Number,Month
2021-05-01,6165,Total number of dwelling units ;  Victoria ;  Total (Type of Building) ;  Total Sectors ;,A422272F,Building Approvals,Number,Month
2021-06-01,6462,Total number of dwelling units ;  Victoria ;  Total (Type of Building) ;  Total Sectors ;,A422272F,Building Approvals,Number,Month
2021-07-01,6002,Total number of dwelling units ;  Victoria ;  Total (Type of Building) ;  Total Sectors ;,A422272F,Building Approvals,Number,Month
2021-08-01,6667,Total number of dwelling units ;  Victoria ;  Total (Type of Building) ;  Total Sectors ;,A422272F,Building Approvals,Number,Month
2021-09-01,5555,Total number of dwelling units ;  Victoria ;  Total (Type of Building) ;  Total Sectors ;,A422272F,Building Approvals,Number,Month
2021-10-01,5417,Total number of dwelling units ;  Victoria ;  Total (Type of Building) ;  Total Sectors ;,A422272F,Building Approvals,Number,Month
2021-11-01,6049,Total number of dwelling units ;  Victoria ;  Total (Type of Building) ;  Total Sectors ;,A422272F,Building Approvals,Number,Month
2021-12-01,5488,Total number of dwelling units ;  Victoria ;  Total (Type of Building) ;  Total Sectors ;,A422272F,Building Approvals,Number,Month
2022-01-01,4223,Total number of dwelling units ;  Victoria ;  Total (Type of Building) ;  Total Sectors ;,A422272F,Building Approvals,Number,Month
2022-02-01,7024,Total number of dwelling units ;  Victoria ;  Total (Type of Building) ;  Total Sectors ;,A422272F,Building Approvals,Number,Month
2022-03-01,4561,Total number of dwelling units ;  Victoria ;  Total (Type of Building) ;  Total Sectors ;,A422272F,Building Approvals,Number,Month
2022-04-01,5748,Total number of dwelling units ;  Victoria ;  Total (Type of Building) ;  Total Sectors ;,A422272F,Building Approvals,Number,Month
2022-05-01,4835,Total number of dwelling units ;  Victoria ;  Total (Type of Building) ;  Total Sectors ;,A422272F,Building Approvals,Number,Month
2022-06-01,4996,Total number of dwelling units ;  Victoria ;  Total (Type of Building) ;  Total Sectors ;,A422272F,Building Approvals,Number,Month
2022-07-01,4334,Total number of dwelling units ;  Victoria ;  Total (Type of Building) ;  Total Sectors ;,A422272F,Building Approvals,Number,Month
2022-08-01,5033,Total number of dwelling units ;  Victoria ;  Total (Type of Building) ;  Total Sectors ;,A422272F,Building Approvals,Number,Month
2022-09-01,5432,Total number of dwelling units ;  Victoria ;  Total (Type of Building) ;  Total Sectors ;,A422272F,Building Approvals,Number,Month
2022-10-01,5664,Total number of dwelling units ;  Victoria ;  Total (Type of Building) ;  Total Sectors ;,A422272F,Building Approvals,Number,Month
2022-11-01,4786,Total number of dwelling units ;  Victoria ;  Total (Type of Building) ;  Total Sectors ;,A422272F,Building Approvals,Number,Month
2022-12-01,6052,Total number of dwelling units ;  Victoria ;  Total (Type of Building) ;  Total Sectors ;,A422272F,Building Approvals,Number,Month
2023-01-01,3917,Total number of dwelling units ;  Victoria ;  Total (Type of Building) ;  Total Sectors ;,A422272F,Building Approvals,Number,Month
2023-02-01,4262,Total number of dwelling units ;  Victoria ;  Total (Type of Building) ;  Total Sectors ;,A422272F,Building Approvals,Number,Month
2023-03-01,3922,Total number of dwelling units ;  Victoria ;  Total (Type of Building) ;  Total Sectors ;,A422272F,Building Approvals,Number,Month
2023-04-01,3677,Total number of dwelling units ;  Victoria ;  Total (Type of Building) ;  Total Sectors ;,A422272F,Building Approvals,Number,Month
2023-05-01,3996,Total number of dwelling units ;  Victoria ;  Total (Type of Building) ;  Total Sectors ;,A422272F,Building Approvals,Number,Month
2023-06-01,4630,Total number of dwelling units ;  Victoria ;  Total (Type of Building) ;  Total Sectors ;,A422272F,Building Approvals,Number,Month
2023-07-01,4081,Total number of dwelling units ;  Victoria ;  Total (Type of Building) ;  Total Sectors ;,A422272F,Building Approvals,Number,Month
2023-08-01,4778,Total number of dwelling units ;  Victoria ;  Total (Type of Building) ;  Total Sectors ;,A422272F,Building Approvals,Number,Month
2023-09-01,4946,Total number of dwelling units ;  Victoria ;  Total (Type of Building) ;  Total Sectors ;,A422272F,Building Approvals,Number,Month
2023-10-01,4690,Total number of dwelling units ;  Victoria ;  Total (Type of Building) ;  Total Sectors ;,A422272F,Building Approvals,Number,Month
2023-11-01,4842,Total number of dwelling units ;  Victoria ;  Total (Type of Building) ;  Total Sectors ;,A422272F,Building Approvals,Number,Month
2023-12-01,4221,Total number of dwelling units ;  Victoria ;  Total (Type of Building) ;  Total Sectors ;,A422272F,Building Approvals,Number,Month
2024-01-01,3997,Total number of dwelling units ;  Victoria ;  Total (Type of Building) ;  Total Sectors ;,A422272F,Building Approvals,Number,Month
2024-02-01,3866,Total number of dwelling units ;  Victoria ;  Total (Type of Building) ;  Total Sectors ;,A422272F,Building Approvals,Number,Month
2024-03-01,4255,Total number of dwelling units ;  Victoria ;  Total (Type of Building) ;  Total Sectors ;,A422272F,Building Approvals,Number,Month
2024-04-01,4178,Total number of dwelling units ;  Victoria ;  Total (Type of Building) ;  Total Sectors ;,A422272F,Building Approvals,Number,Month
2024-05-01,4415,Total number of dwelling units ;  Victoria ;  Total (Type of Building) ;  Total Sectors ;,A422272F,Building Approvals,Number,Month
2024-06-01,3907,Total number of dwelling units ;  Victoria ;  Total (Type of Building) ;  Total Sectors ;,A422272F,Building Approvals,Number,Month
2024-07-01,4635,Total number of dwelling units ;  Victoria ;  Total (Type of Building) ;  Total Sectors ;,A422272F,Building Approvals,Number,Month
2024-08-01,4713,Total number of dwelling units ;  Victoria ;  Total (Type of Building) ;  Total Sectors ;,A422272F,Building Approvals,Number,Month
2024-09-01,4834,Total number of dwelling units ;  Victoria ;  Total (Type of Building) ;  Total Sectors ;,A422272F,Building Approvals,Number,Month
2024-10-01,5676,Total number of dwelling units ;  Victoria ;  Total (Type of Building) ;  Total Sectors ;,A422272F,Building Approvals,Number,Month
2024-11-01,4829,Total number of dwelling units ;  Victoria ;  Total (Type of Building) ;  Total Sectors ;,A422272F,Building Approvals,Number,Month
2024-12-01,4393,Total number of dwelling units ;  Victoria ;  Total (Type of Building) ;  Total Sectors ;,A422272F,Building Approvals,Number,Month
2025-01-01,4554,Total number of dwelling units ;  Victoria ;  Total (Type of Building) ;  Total Sectors ;,A422272F,Building Approvals,Number,Month
2025-02-01,5961,Total number of dwelling units ;  Victoria ;  Total (Type of Building) ;  Total Sectors ;,A422272F,Building Approvals,Number,Month
2025-03-01,4301,Total number of dwelling units ;  Victoria ;  Total (Type of Building) ;  Total Sectors ;,A422272F,Building Approvals,Number,Month
2025-04-01,4037,Total number of dwelling units ;  Victoria ;  Total (Type of Building) ;  Total Sectors ;,A422272F,Building Approvals,Number,Month
2025-05-01,4608,Total number of dwelling units ;  Victoria ;  Total (Type of Building) ;  Total Sectors ;,A422272F,Building Approvals,Number,Month
2025-06-01,4332,Total number of dwelling units ;  Victoria ;  Total (Type of Building) ;  Total Sectors ;,A422272F,Building Approvals,Number,Month
2025-07-01,4416,Total number of dwelling units ;  Victoria ;  Total (Type of Building) ;  Total Sectors ;,A422272F,Building Approvals,Number,Month
2025-08-01,4194,Total number of dwelling units ;  Victoria ;  Total (Type of Building) ;  Total Sectors ;,A422272F,Building Approvals,Number,Month
2025-09-01,5584,Total number of dwelling units ;  Victoria ;  Total (Type of Building) ;  Total Sectors ;,A422272F,Building Approvals,Number,Month
2025-10-01,4224,Total number of dwelling units ;  Victoria ;  Total (Type of Building) ;  Total Sectors ;,A422272F,Building Approvals,Number,Month
2025-11-01,5131,Total number of dwelling units ;  Victoria ;  Total (Type of Building) ;  Total Sectors ;,A422272F,Building Approvals,Number,Month
2025-12-01,3627,Total number of dwelling units ;  Victoria ;  Total (Type of Building) ;  Total Sectors ;,A422272F,Building Approvals,Number,Month
2026-01-01,3314,Total number of dwelling units ;  Victoria ;  Total (Type of Building) ;  Total Sectors ;,A422272F,Building Approvals,Number,Month
2026-02-01,6163,Total number of dwelling units ;  Victoria ;  Total (Type of Building) ;  Total Sectors ;,A422272F,Building Approvals,Number,Month
2026-03-01,5164,Total number of dwelling units ;  Victoria ;  Total (Type of Building) ;  Total Sectors ;,A422272F,Building Approvals,Number,Month
2026-04-01,4959,Total number of dwelling units ;  Victoria ;  Total (Type of Building) ;  Total Sectors ;,A422272F,Building Approvals,Number,Month
2026-05-01,4844,Total number of dwelling units ;  Victoria ;  Total (Type of Building) ;  Total Sectors ;,A422272F,Building Approvals,Number,Month
2026-06-01,4172,Total number of dwelling units ;  Victoria ;  Total (Type of Building) ;  Total Sectors ;,A422272F,Building Approvals,Number,Month
1981-06-01,14923.3,Estimated Resident Population (ERP) ;  Australia ;,A2133251W,Population,000,Quarter
1981-09-01,14988.7,Estimated Resident Population (ERP) ;  Australia ;,A2133251W,Population,000,Quarter
1981-12-01,15054.1,Estimated Resident Population (ERP) ;  Australia ;,A2133251W,Population,000,Quarter
1982-03-01,15121.7,Estimated Resident Population (ERP) ;  Australia ;,A2133251W,Population,000,Quarter
1982-06-01,15184.2,Estimated Resident Population (ERP) ;  Australia ;,A2133251W,Population,000,Quarter
1982-09-01,15239.3,Estimated Resident Population (ERP) ;  Australia ;,A2133251W,Population,000,Quarter
1982-12-01,15288.9,Estimated Resident Population (ERP) ;  Australia ;,A2133251W,Population,000,Quarter
1983-03-01,15346.2,Estimated Resident Population (ERP) ;  Australia ;,A2133251W,Population,000,Quarter
1983-06-01,15393.5,Estimated Resident Population (ERP) ;  Australia ;,A2133251W,Population,000,Quarter
1983-09-01,15439,Estimated Resident Population (ERP) ;  Australia ;,A2133251W,Population,000,Quarter
1983-12-01,15483.5,Estimated Resident Population (ERP) ;  Australia ;,A2133251W,Population,000,Quarter
1984-03-01,15531.5,Estimated Resident Population (ERP) ;  Australia ;,A2133251W,Population,000,Quarter
1984-06-01,15579.4,Estimated Resident Population (ERP) ;  Australia ;,A2133251W,Population,000,Quarter
1984-09-01,15628.5,Estimated Resident Population (ERP) ;  Australia ;,A2133251W,Population,000,Quarter
1984-12-01,15677.3,Estimated Resident Population (ERP) ;  Australia ;,A2133251W,Population,000,Quarter
1985-03-01,15736.7,Estimated Resident Population (ERP) ;  Australia ;,A2133251W,Population,000,Quarter
1985-06-01,15788.3,Estimated Resident Population (ERP) ;  Australia ;,A2133251W,Population,000,Quarter
1985-09-01,15839.7,Estimated Resident Population (ERP) ;  Australia ;,A2133251W,Population,000,Quarter
1985-12-01,15900.6,Estimated Resident Population (ERP) ;  Australia ;,A2133251W,Population,000,Quarter
1986-03-01,15961.5,Estimated Resident Population (ERP) ;  Australia ;,A2133251W,Population,000,Quarter
1986-06-01,16018.4,Estimated Resident Population (ERP) ;  Australia ;,A2133251W,Population,000,Quarter
1986-09-01,16075,Estimated Resident Population (ERP) ;  Australia ;,A2133251W,Population,000,Quarter
1986-12-01,16138.8,Estimated Resident Population (ERP) ;  Australia ;,A2133251W,Population,000,Quarter
1987-03-01,16204,Estimated Resident Population (ERP) ;  Australia ;,A2133251W,Population,000,Quarter
1987-06-01,16263.9,Estimated Resident Population (ERP) ;  Australia ;,A2133251W,Population,000,Quarter
1987-09-01,16328.9,Estimated Resident Population (ERP) ;  Australia ;,A2133251W,Population,000,Quarter
1987-12-01,16394.6,Estimated Resident Population (ERP) ;  Australia ;,A2133251W,Population,000,Quarter
1988-03-01,16471.8,Estimated Resident Population (ERP) ;  Australia ;,A2133251W,Population,000,Quarter
1988-06-01,16532.2,Estimated Resident Population (ERP) ;  Australia ;,A2133251W,Population,000,Quarter
1988-09-01,16612.6,Estimated Resident Population (ERP) ;  Australia ;,A2133251W,Population,000,Quarter
1988-12-01,16687.1,Estimated Resident Population (ERP) ;  Australia ;,A2133251W,Population,000,Quarter
1989-03-01,16764,Estimated Resident Population (ERP) ;  Australia ;,A2133251W,Population,000,Quarter
1989-06-01,16814.4,Estimated Resident Population (ERP) ;  Australia ;,A2133251W,Population,000,Quarter
1989-09-01,16872,Estimated Resident Population (ERP) ;  Australia ;,A2133251W,Population,000,Quarter
1989-12-01,16936.7,Estimated Resident Population (ERP) ;  Australia ;,A2133251W,Population,000,Quarter
1990-03-01,17005.6,Estimated Resident Population (ERP) ;  Australia ;,A2133251W,Population,000,Quarter
1990-06-01,17065.1,Estimated Resident Population (ERP) ;  Australia ;,A2133251W,Population,000,Quarter
1990-09-01,17121.1,Estimated Resident Population (ERP) ;  Australia ;,A2133251W,Population,000,Quarter
1990-12-01,17169.8,Estimated Resident Population (ERP) ;  Australia ;,A2133251W,Population,000,Quarter
1991-03-01,17237.4,Estimated Resident Population (ERP) ;  Australia ;,A2133251W,Population,000,Quarter
1991-06-01,17284,Estimated Resident Population (ERP) ;  Australia ;,A2133251W,Population,000,Quarter
1991-09-01,17338.9,Estimated Resident Population (ERP) ;  Australia ;,A2133251W,Population,000,Quarter
1991-12-01,17379,Estimated Resident Population (ERP) ;  Australia ;,A2133251W,Population,000,Quarter
1992-03-01,17441.3,Estimated Resident Population (ERP) ;  Australia ;,A2133251W,Population,000,Quarter
1992-06-01,17478.6,Estimated Resident Population (ERP) ;  Australia ;,A2133251W,Population,000,Quarter
1992-09-01,17523.3,Estimated Resident Population (ERP) ;  Australia ;,A2133251W,Population,000,Quarter
1992-12-01,17557.1,Estimated Resident Population (ERP) ;  Australia ;,A2133251W,Population,000,Quarter
1993-03-01,17609.6,Estimated Resident Population (ERP) ;  Australia ;,A2133251W,Population,000,Quarter
1993-06-01,17634.8,Estimated Resident Population (ERP) ;  Australia ;,A2133251W,Population,000,Quarter
1993-09-01,17683.7,Estimated Resident Population (ERP) ;  Australia ;,A2133251W,Population,000,Quarter
1993-12-01,17719.1,Estimated Resident Population (ERP) ;  Australia ;,A2133251W,Population,000,Quarter
1994-03-01,17772.1,Estimated Resident Population (ERP) ;  Australia ;,A2133251W,Population,000,Quarter
1994-06-01,17805.5,Estimated Resident Population (ERP) ;  Australia ;,A2133251W,Population,000,Quarter
1994-09-01,17859.3,Estimated Resident Population (ERP) ;  Australia ;,A2133251W,Population,000,Quarter
1994-12-01,17893.4,Estimated Resident Population (ERP) ;  Australia ;,A2133251W,Population,000,Quarter
1995-03-01,17951.6,Estimated Resident Population (ERP) ;  Australia ;,A2133251W,Population,000,Quarter
1995-06-01,18004.9,Estimated Resident Population (ERP) ;  Australia ;,A2133251W,Population,000,Quarter
1995-09-01,18062.2,Estimated Resident Population (ERP) ;  Australia ;,A2133251W,Population,000,Quarter
1995-12-01,18119.6,Estimated Resident Population (ERP) ;  Australia ;,A2133251W,Population,000,Quarter
1996-03-01,18176,Estimated Resident Population (ERP) ;  Australia ;,A2133251W,Population,000,Quarter
1996-06-01,18224.8,Estimated Resident Population (ERP) ;  Australia ;,A2133251W,Population,000,Quarter
1996-09-01,18281.3,Estimated Resident Population (ERP) ;  Australia ;,A2133251W,Population,000,Quarter
1996-12-01,18330.1,Estimated Resident Population (ERP) ;  Australia ;,A2133251W,Population,000,Quarter
1997-03-01,18388.7,Estimated Resident Population (ERP) ;  Australia ;,A2133251W,Population,000,Quarter
1997-06-01,18423,Estimated Resident Population (ERP) ;  Australia ;,A2133251W,Population,000,Quarter
1997-09-01,18468.7,Estimated Resident Population (ERP) ;  Australia ;,A2133251W,Population,000,Quarter
1997-12-01,18510,Estimated Resident Population (ERP) ;  Australia ;,A2133251W,Population,000,Quarter
1998-03-01,18572.4,Estimated Resident Population (ERP) ;  Australia ;,A2133251W,Population,000,Quarter
1998-06-01,18607.6,Estimated Resident Population (ERP) ;  Australia ;,A2133251W,Population,000,Quarter
1998-09-01,18658.4,Estimated Resident Population (ERP) ;  Australia ;,A2133251W,Population,000,Quarter
1998-12-01,18705.6,Estimated Resident Population (ERP) ;  Australia ;,A2133251W,Population,000,Quarter
1999-03-01,18770.5,Estimated Resident Population (ERP) ;  Australia ;,A2133251W,Population,000,Quarter
1999-06-01,18812.3,Estimated Resident Population (ERP) ;  Australia ;,A2133251W,Population,000,Quarter
1999-09-01,18867.7,Estimated Resident Population (ERP) ;  Australia ;,A2133251W,Population,000,Quarter
1999-12-01,18919.2,Estimated Resident Population (ERP) ;  Australia ;,A2133251W,Population,000,Quarter
2000-03-01,18986.7,Estimated Resident Population (ERP) ;  Australia ;,A2133251W,Population,000,Quarter
2000-06-01,19028.8,Estimated Resident Population (ERP) ;  Australia ;,A2133251W,Population,000,Quarter
2000-09-01,19086,Estimated Resident Population (ERP) ;  Australia ;,A2133251W,Population,000,Quarter
2000-12-01,19141,Estimated Resident Population (ERP) ;  Australia ;,A2133251W,Population,000,Quarter
2001-03-01,19225.2,Estimated Resident Population (ERP) ;  Australia ;,A2133251W,Population,000,Quarter
2001-06-01,19274.7,Estimated Resident Population (ERP) ;  Australia ;,A2133251W,Population,000,Quarter
2001-09-01,19329.1,Estimated Resident Population (ERP) ;  Australia ;,A2133251W,Population,000,Quarter
2001-12-01,19386.5,Estimated Resident Population (ERP) ;  Australia ;,A2133251W,Population,000,Quarter
2002-03-01,19453.4,Estimated Resident Population (ERP) ;  Australia ;,A2133251W,Population,000,Quarter
2002-06-01,19495.2,Estimated Resident Population (ERP) ;  Australia ;,A2133251W,Population,000,Quarter
2002-09-01,19548.9,Estimated Resident Population (ERP) ;  Australia ;,A2133251W,Population,000,Quarter
2002-12-01,19605.4,Estimated Resident Population (ERP) ;  Australia ;,A2133251W,Population,000,Quarter
2003-03-01,19676.6,Estimated Resident Population (ERP) ;  Australia ;,A2133251W,Population,000,Quarter
2003-06-01,19720.7,Estimated Resident Population (ERP) ;  Australia ;,A2133251W,Population,000,Quarter
2003-09-01,19773.4,Estimated Resident Population (ERP) ;  Australia ;,A2133251W,Population,000,Quarter
2003-12-01,19827.2,Estimated Resident Population (ERP) ;  Australia ;,A2133251W,Population,000,Quarter
2004-03-01,19894.1,Estimated Resident Population (ERP) ;  Australia ;,A2133251W,Population,000,Quarter
2004-06-01,19932.7,Estimated Resident Population (ERP) ;  Australia ;,A2133251W,Population,000,Quarter
2004-09-01,19989.7,Estimated Resident Population (ERP) ;  Australia ;,A2133251W,Population,000,Quarter
2004-12-01,20046,Estimated Resident Population (ERP) ;  Australia ;,A2133251W,Population,000,Quarter
2005-03-01,20126.6,Estimated Resident Population (ERP) ;  Australia ;,A2133251W,Population,000,Quarter
2005-06-01,20176.8,Estimated Resident Population (ERP) ;  Australia ;,A2133251W,Population,000,Quarter
2005-09-01,20244.7,Estimated Resident Population (ERP) ;  Australia ;,A2133251W,Population,000,Quarter
2005-12-01,20311.5,Estimated Resident Population (ERP) ;  Australia ;,A2133251W,Population,000,Quarter
2006-03-01,20398.1,Estimated Resident Population (ERP) ;  Australia ;,A2133251W,Population,000,Quarter
2006-06-01,20451,Estimated Resident Population (ERP) ;  Australia ;,A2133251W,Population,000,Quarter
2006-09-01,20542.3,Estimated Resident Population (ERP) ;  Australia ;,A2133251W,Population,000,Quarter
2006-12-01,20627.5,Estimated Resident Population (ERP) ;  Australia ;,A2133251W,Population,000,Quarter
2007-03-01,20742.8,Estimated Resident Population (ERP) ;  Australia ;,A2133251W,Population,000,Quarter
2007-06-01,20827.6,Estimated Resident Population (ERP) ;  Australia ;,A2133251W,Population,000,Quarter
2007-09-01,20924.2,Estimated Resident Population (ERP) ;  Australia ;,A2133251W,Population,000,Quarter
2007-12-01,21016.1,Estimated Resident Population (ERP) ;  Australia ;,A2133251W,Population,000,Quarter
2008-03-01,21148.9,Estimated Resident Population (ERP) ;  Australia ;,A2133251W,Population,000,Quarter
2008-06-01,21249.2,Estimated Resident Population (ERP) ;  Australia ;,A2133251W,Population,000,Quarter
2008-09-01,21366,Estimated Resident Population (ERP) ;  Australia ;,A2133251W,Population,000,Quarter
2008-12-01,21475.6,Estimated Resident Population (ERP) ;  Australia ;,A2133251W,Population,000,Quarter
2009-03-01,21601.7,Estimated Resident Population (ERP) ;  Australia ;,A2133251W,Population,000,Quarter
2009-06-01,21691.7,Estimated Resident Population (ERP) ;  Australia ;,A2133251W,Population,000,Quarter
2009-09-01,21788.1,Estimated Resident Population (ERP) ;  Australia ;,A2133251W,Population,000,Quarter
2009-12-01,21865.6,Estimated Resident Population (ERP) ;  Australia ;,A2133251W,Population,000,Quarter
2010-03-01,21964.1,Estimated Resident Population (ERP) ;  Australia ;,A2133251W,Population,000,Quarter
2010-06-01,22031.8,Estimated Resident Population (ERP) ;  Australia ;,A2133251W,Population,000,Quarter
2010-09-01,22104.4,Estimated Resident Population (ERP) ;  Australia ;,A2133251W,Population,000,Quarter
2010-12-01,22172.5,Estimated Resident Population (ERP) ;  Australia ;,A2133251W,Population,000,Quarter
2011-03-01,22268.8,Estimated Resident Population (ERP) ;  Australia ;,A2133251W,Population,000,Quarter
2011-06-01,22340,Estimated Resident Population (ERP) ;  Australia ;,A2133251W,Population,000,Quarter
2011-09-01,22432.8,Estimated Resident Population (ERP) ;  Australia ;,A2133251W,Population,000,Quarter
2011-12-01,22522.2,Estimated Resident Population (ERP) ;  Australia ;,A2133251W,Population,000,Quarter
2012-03-01,22640.9,Estimated Resident Population (ERP) ;  Australia ;,A2133251W,Population,000,Quarter
2012-06-01,22733.5,Estimated Resident Population (ERP) ;  Australia ;,A2133251W,Population,000,Quarter
2012-09-01,22833.9,Estimated Resident Population (ERP) ;  Australia ;,A2133251W,Population,000,Quarter
2012-12-01,22928,Estimated Resident Population (ERP) ;  Australia ;,A2133251W,Population,000,Quarter
2013-03-01,23043,Estimated Resident Population (ERP) ;  Australia ;,A2133251W,Population,000,Quarter
2013-06-01,23128.1,Estimated Resident Population (ERP) ;  Australia ;,A2133251W,Population,000,Quarter
2013-09-01,23220.2,Estimated Resident Population (ERP) ;  Australia ;,A2133251W,Population,000,Quarter
2013-12-01,23297.8,Estimated Resident Population (ERP) ;  Australia ;,A2133251W,Population,000,Quarter
2014-03-01,23406.2,Estimated Resident Population (ERP) ;  Australia ;,A2133251W,Population,000,Quarter
2014-06-01,23475.7,Estimated Resident Population (ERP) ;  Australia ;,A2133251W,Population,000,Quarter
2014-09-01,23562.9,Estimated Resident Population (ERP) ;  Australia ;,A2133251W,Population,000,Quarter
2014-12-01,23640.3,Estimated Resident Population (ERP) ;  Australia ;,A2133251W,Population,000,Quarter
2015-03-01,23745.6,Estimated Resident Population (ERP) ;  Australia ;,A2133251W,Population,000,Quarter
2015-06-01,23816,Estimated Resident Population (ERP) ;  Australia ;,A2133251W,Population,000,Quarter
2015-09-01,23904.3,Estimated Resident Population (ERP) ;  Australia ;,A2133251W,Population,000,Quarter
2015-12-01,23984.6,Estimated Resident Population (ERP) ;  Australia ;,A2133251W,Population,000,Quarter
2016-03-01,24103.4,Estimated Resident Population (ERP) ;  Australia ;,A2133251W,Population,000,Quarter
2016-06-01,24190.9,Estimated Resident Population (ERP) ;  Australia ;,A2133251W,Population,000,Quarter
2016-09-01,24297.5,Estimated Resident Population (ERP) ;  Australia ;,A2133251W,Population,000,Quarter
2016-12-01,24385.1,Estimated Resident Population (ERP) ;  Australia ;,A2133251W,Population,000,Quarter
2017-03-01,24511.4,Estimated Resident Population (ERP) ;  Australia ;,A2133251W,Population,000,Quarter
2017-06-01,24592.6,Estimated Resident Population (ERP) ;  Australia ;,A2133251W,Population,000,Quarter
2017-09-01,24690.1,Estimated Resident Population (ERP) ;  Australia ;,A2133251W,Population,000,Quarter
2017-12-01,24759,Estimated Resident Population (ERP) ;  Australia ;,A2133251W,Population,000,Quarter
2018-03-01,24881.8,Estimated Resident Population (ERP) ;  Australia ;,A2133251W,Population,000,Quarter
2018-06-01,24963.3,Estimated Resident Population (ERP) ;  Australia ;,A2133251W,Population,000,Quarter
2018-09-01,25067.4,Estimated Resident Population (ERP) ;  Australia ;,A2133251W,Population,000,Quarter
2018-12-01,25146.1,Estimated Resident Population (ERP) ;  Australia ;,A2133251W,Population,000,Quarter
2019-03-01,25264.9,Estimated Resident Population (ERP) ;  Australia ;,A2133251W,Population,000,Quarter
2019-06-01,25334.8,Estimated Resident Population (ERP) ;  Australia ;,A2133251W,Population,000,Quarter
2019-09-01,25438.1,Estimated Resident Population (ERP) ;  Australia ;,A2133251W,Population,000,Quarter
2019-12-01,25520.5,Estimated Resident Population (ERP) ;  Australia ;,A2133251W,Population,000,Quarter
2020-03-01,25627.9,Estimated Resident Population (ERP) ;  Australia ;,A2133251W,Population,000,Quarter
2020-06-01,25649.2,Estimated Resident Population (ERP) ;  Australia ;,A2133251W,Population,000,Quarter
2020-09-01,25633.3,Estimated Resident Population (ERP) ;  Australia ;,A2133251W,Population,000,Quarter
2020-12-01,25630.7,Estimated Resident Population (ERP) ;  Australia ;,A2133251W,Population,000,Quarter
2021-03-01,25653,Estimated Resident Population (ERP) ;  Australia ;,A2133251W,Population,000,Quarter
2021-06-01,25685.4,Estimated Resident Population (ERP) ;  Australia ;,A2133251W,Population,000,Quarter
2021-09-01,25704.8,Estimated Resident Population (ERP) ;  Australia ;,A2133251W,Population,000,Quarter
2021-12-01,25773.8,Estimated Resident Population (ERP) ;  Australia ;,A2133251W,Population,000,Quarter
2022-03-01,25913,Estimated Resident Population (ERP) ;  Australia ;,A2133251W,Population,000,Quarter
2022-06-01,26018.7,Estimated Resident Population (ERP) ;  Australia ;,A2133251W,Population,000,Quarter
2022-09-01,26169.3,Estimated Resident Population (ERP) ;  Australia ;,A2133251W,Population,000,Quarter
2022-12-01,26320.3,Estimated Resident Population (ERP) ;  Australia ;,A2133251W,Population,000,Quarter
2023-03-01,26514.3,Estimated Resident Population (ERP) ;  Australia ;,A2133251W,Population,000,Quarter
2023-06-01,26659.9,Estimated Resident Population (ERP) ;  Australia ;,A2133251W,Population,000,Quarter
2023-09-01,26831.1,Estimated Resident Population (ERP) ;  Australia ;,A2133251W,Population,000,Quarter
2023-12-01,26956.7,Estimated Resident Population (ERP) ;  Australia ;,A2133251W,Population,000,Quarter
2024-03-01,27113.5,Estimated Resident Population (ERP) ;  Australia ;,A2133251W,Population,000,Quarter
2024-06-01,27194.3,Estimated Resident Population (ERP) ;  Australia ;,A2133251W,Population,000,Quarter
2024-09-01,27301.1,Estimated Resident Population (ERP) ;  Australia ;,A2133251W,Population,000,Quarter
2024-12-01,27388.5,Estimated Resident Population (ERP) ;  Australia ;,A2133251W,Population,000,Quarter
2025-03-01,27529.8,Estimated Resident Population (ERP) ;  Australia ;,A2133251W,Population,000,Quarter
2025-06-01,27611,Estimated Resident Population (ERP) ;  Australia ;,A2133251W,Population,000,Quarter
2025-09-01,27722.4,Estimated Resident Population (ERP) ;  Australia ;,A2133251W,Population,000,Quarter
2025-12-01,27801,Estimated Resident Population (ERP) ;  Australia ;,A2133251W,Population,000,Quarter
1981-06-01,33.6,Natural Increase ;  Australia ;,A2133252X,Population,000,Quarter
1981-09-01,29.6,Natural Increase ;  Australia ;,A2133252X,Population,000,Quarter
1981-12-01,29.3,Natural Increase ;  Australia ;,A2133252X,Population,000,Quarter
1982-03-01,34.5,Natural Increase ;  Australia ;,A2133252X,Population,000,Quarter
1982-06-01,32.7,Natural Increase ;  Australia ;,A2133252X,Population,000,Quarter
1982-09-01,26.4,Natural Increase ;  Australia ;,A2133252X,Population,000,Quarter
1982-12-01,31.5,Natural Increase ;  Australia ;,A2133252X,Population,000,Quarter
1983-03-01,36.4,Natural Increase ;  Australia ;,A2133252X,Population,000,Quarter
1983-06-01,34.6,Natural Increase ;  Australia ;,A2133252X,Population,000,Quarter
1983-09-01,30.1,Natural Increase ;  Australia ;,A2133252X,Population,000,Quarter
1983-12-01,31.4,Natural Increase ;  Australia ;,A2133252X,Population,000,Quarter
1984-03-01,35.2,Natural Increase ;  Australia ;,A2133252X,Population,000,Quarter
1984-06-01,32.9,Natural Increase ;  Australia ;,A2133252X,Population,000,Quarter
1984-09-01,28.8,Natural Increase ;  Australia ;,A2133252X,Population,000,Quarter
1984-12-01,29.7,Natural Increase ;  Australia ;,A2133252X,Population,000,Quarter
1985-03-01,35.6,Natural Increase ;  Australia ;,A2133252X,Population,000,Quarter
1985-06-01,33.5,Natural Increase ;  Australia ;,A2133252X,Population,000,Quarter
1985-09-01,25.8,Natural Increase ;  Australia ;,A2133252X,Population,000,Quarter
1985-12-01,31.1,Natural Increase ;  Australia ;,A2133252X,Population,000,Quarter
1986-03-01,33.1,Natural Increase ;  Australia ;,A2133252X,Population,000,Quarter
1986-06-01,33,Natural Increase ;  Australia ;,A2133252X,Population,000,Quarter
1986-09-01,28.8,Natural Increase ;  Australia ;,A2133252X,Population,000,Quarter
1986-12-01,33.5,Natural Increase ;  Australia ;,A2133252X,Population,000,Quarter
1987-03-01,31.9,Natural Increase ;  Australia ;,A2133252X,Population,000,Quarter
1987-06-01,32.4,Natural Increase ;  Australia ;,A2133252X,Population,000,Quarter
1987-09-01,29.3,Natural Increase ;  Australia ;,A2133252X,Population,000,Quarter
1987-12-01,33,Natural Increase ;  Australia ;,A2133252X,Population,000,Quarter
1988-03-01,31.6,Natural Increase ;  Australia ;,A2133252X,Population,000,Quarter
1988-06-01,31.9,Natural Increase ;  Australia ;,A2133252X,Population,000,Quarter
1988-09-01,28.5,Natural Increase ;  Australia ;,A2133252X,Population,000,Quarter
1988-12-01,34.3,Natural Increase ;  Australia ;,A2133252X,Population,000,Quarter
1989-03-01,35.6,Natural Increase ;  Australia ;,A2133252X,Population,000,Quarter
1989-06-01,32.9,Natural Increase ;  Australia ;,A2133252X,Population,000,Quarter
1989-09-01,25,Natural Increase ;  Australia ;,A2133252X,Population,000,Quarter
1989-12-01,33.1,Natural Increase ;  Australia ;,A2133252X,Population,000,Quarter
1990-03-01,35.8,Natural Increase ;  Australia ;,A2133252X,Population,000,Quarter
1990-06-01,38.5,Natural Increase ;  Australia ;,A2133252X,Population,000,Quarter
1990-09-01,32.9,Natural Increase ;  Australia ;,A2133252X,Population,000,Quarter
1990-12-01,35.4,Natural Increase ;  Australia ;,A2133252X,Population,000,Quarter
1991-03-01,36.3,Natural Increase ;  Australia ;,A2133252X,Population,000,Quarter
1991-06-01,37,Natural Increase ;  Australia ;,A2133252X,Population,000,Quarter
1991-09-01,32.2,Natural Increase ;  Australia ;,A2133252X,Population,000,Quarter
1991-12-01,34,Natural Increase ;  Australia ;,A2133252X,Population,000,Quarter
1992-03-01,38.4,Natural Increase ;  Australia ;,A2133252X,Population,000,Quarter
1992-06-01,34.1,Natural Increase ;  Australia ;,A2133252X,Population,000,Quarter
1992-09-01,32.8,Natural Increase ;  Australia ;,A2133252X,Population,000,Quarter
1992-12-01,34.3,Natural Increase ;  Australia ;,A2133252X,Population,000,Quarter
1993-03-01,37.2,Natural Increase ;  Australia ;,A2133252X,Population,000,Quarter
1993-06-01,34.9,Natural Increase ;  Australia ;,A2133252X,Population,000,Quarter
1993-09-01,32.5,Natural Increase ;  Australia ;,A2133252X,Population,000,Quarter
1993-12-01,33.8,Natural Increase ;  Australia ;,A2133252X,Population,000,Quarter
1994-03-01,36.7,Natural Increase ;  Australia ;,A2133252X,Population,000,Quarter
1994-06-01,32.3,Natural Increase ;  Australia ;,A2133252X,Population,000,Quarter
1994-09-01,29.3,Natural Increase ;  Australia ;,A2133252X,Population,000,Quarter
1994-12-01,33.6,Natural Increase ;  Australia ;,A2133252X,Population,000,Quarter
1995-03-01,36.7,Natural Increase ;  Australia ;,A2133252X,Population,000,Quarter
1995-06-01,32.8,Natural Increase ;  Australia ;,A2133252X,Population,000,Quarter
1995-09-01,30.3,Natural Increase ;  Australia ;,A2133252X,Population,000,Quarter
1995-12-01,30.4,Natural Increase ;  Australia ;,A2133252X,Population,000,Quarter
1996-03-01,33.4,Natural Increase ;  Australia ;,A2133252X,Population,000,Quarter
1996-06-01,30.3,Natural Increase ;  Australia ;,A2133252X,Population,000,Quarter
1996-09-01,28.2,Natural Increase ;  Australia ;,A2133252X,Population,000,Quarter
1996-12-01,33.3,Natural Increase ;  Australia ;,A2133252X,Population,000,Quarter
1997-03-01,33.2,Natural Increase ;  Australia ;,A2133252X,Population,000,Quarter
1997-06-01,32.2,Natural Increase ;  Australia ;,A2133252X,Population,000,Quarter
1997-09-01,26.5,Natural Increase ;  Australia ;,A2133252X,Population,000,Quarter
1997-12-01,31,Natural Increase ;  Australia ;,A2133252X,Population,000,Quarter
1998-03-01,32.5,Natural Increase ;  Australia ;,A2133252X,Population,000,Quarter
1998-06-01,30.5,Natural Increase ;  Australia ;,A2133252X,Population,000,Quarter
1998-09-01,27.8,Natural Increase ;  Australia ;,A2133252X,Population,000,Quarter
1998-12-01,30.7,Natural Increase ;  Australia ;,A2133252X,Population,000,Quarter
1999-03-01,33.4,Natural Increase ;  Australia ;,A2133252X,Population,000,Quarter
1999-06-01,30.5,Natural Increase ;  Australia ;,A2133252X,Population,000,Quarter
1999-09-01,28.9,Natural Increase ;  Australia ;,A2133252X,Population,000,Quarter
1999-12-01,30.1,Natural Increase ;  Australia ;,A2133252X,Population,000,Quarter
2000-03-01,33.3,Natural Increase ;  Australia ;,A2133252X,Population,000,Quarter
2000-06-01,29.8,Natural Increase ;  Australia ;,A2133252X,Population,000,Quarter
2000-09-01,27.9,Natural Increase ;  Australia ;,A2133252X,Population,000,Quarter
2000-12-01,30.9,Natural Increase ;  Australia ;,A2133252X,Population,000,Quarter
2001-03-01,31.9,Natural Increase ;  Australia ;,A2133252X,Population,000,Quarter
2001-06-01,29.7,Natural Increase ;  Australia ;,A2133252X,Population,000,Quarter
2001-09-01,29,Natural Increase ;  Australia ;,A2133252X,Population,000,Quarter
2001-12-01,28.5,Natural Increase ;  Australia ;,A2133252X,Population,000,Quarter
2002-03-01,32.8,Natural Increase ;  Australia ;,A2133252X,Population,000,Quarter
2002-06-01,28.9,Natural Increase ;  Australia ;,A2133252X,Population,000,Quarter
2002-09-01,25.7,Natural Increase ;  Australia ;,A2133252X,Population,000,Quarter
2002-12-01,29.6,Natural Increase ;  Australia ;,A2133252X,Population,000,Quarter
2003-03-01,31.6,Natural Increase ;  Australia ;,A2133252X,Population,000,Quarter
2003-06-01,30,Natural Increase ;  Australia ;,A2133252X,Population,000,Quarter
2003-09-01,27.2,Natural Increase ;  Australia ;,A2133252X,Population,000,Quarter
2003-12-01,30.2,Natural Increase ;  Australia ;,A2133252X,Population,000,Quarter
2004-03-01,33.2,Natural Increase ;  Australia ;,A2133252X,Population,000,Quarter
2004-06-01,28.2,Natural Increase ;  Australia ;,A2133252X,Population,000,Quarter
2004-09-01,28.2,Natural Increase ;  Australia ;,A2133252X,Population,000,Quarter
2004-12-01,29.5,Natural Increase ;  Australia ;,A2133252X,Population,000,Quarter
2005-03-01,35.1,Natural Increase ;  Australia ;,A2133252X,Population,000,Quarter
2005-06-01,34.1,Natural Increase ;  Australia ;,A2133252X,Population,000,Quarter
2005-09-01,31.6,Natural Increase ;  Australia ;,A2133252X,Population,000,Quarter
2005-12-01,33.3,Natural Increase ;  Australia ;,A2133252X,Population,000,Quarter
2006-03-01,34.5,Natural Increase ;  Australia ;,A2133252X,Population,000,Quarter
2006-06-01,32.6,Natural Increase ;  Australia ;,A2133252X,Population,000,Quarter
2006-09-01,36.2,Natural Increase ;  Australia ;,A2133252X,Population,000,Quarter
2006-12-01,36.5,Natural Increase ;  Australia ;,A2133252X,Population,000,Quarter
2007-03-01,41.1,Natural Increase ;  Australia ;,A2133252X,Population,000,Quarter
2007-06-01,37.5,Natural Increase ;  Australia ;,A2133252X,Population,000,Quarter
2007-09-01,36.3,Natural Increase ;  Australia ;,A2133252X,Population,000,Quarter
2007-12-01,38.5,Natural Increase ;  Australia ;,A2133252X,Population,000,Quarter
2008-03-01,41.9,Natural Increase ;  Australia ;,A2133252X,Population,000,Quarter
2008-06-01,37.7,Natural Increase ;  Australia ;,A2133252X,Population,000,Quarter
2008-09-01,36.2,Natural Increase ;  Australia ;,A2133252X,Population,000,Quarter
2008-12-01,40,Natural Increase ;  Australia ;,A2133252X,Population,000,Quarter
2009-03-01,40.8,Natural Increase ;  Australia ;,A2133252X,Population,000,Quarter
2009-06-01,39.4,Natural Increase ;  Australia ;,A2133252X,Population,000,Quarter
2009-09-01,38.5,Natural Increase ;  Australia ;,A2133252X,Population,000,Quarter
2009-12-01,40.5,Natural Increase ;  Australia ;,A2133252X,Population,000,Quarter
2010-03-01,43.2,Natural Increase ;  Australia ;,A2133252X,Population,000,Quarter
2010-06-01,40.3,Natural Increase ;  Australia ;,A2133252X,Population,000,Quarter
2010-09-01,37.8,Natural Increase ;  Australia ;,A2133252X,Population,000,Quarter
2010-12-01,36.6,Natural Increase ;  Australia ;,A2133252X,Population,000,Quarter
2011-03-01,42.3,Natural Increase ;  Australia ;,A2133252X,Population,000,Quarter
2011-06-01,39,Natural Increase ;  Australia ;,A2133252X,Population,000,Quarter
2011-09-01,36.6,Natural Increase ;  Australia ;,A2133252X,Population,000,Quarter
2011-12-01,38.2,Natural Increase ;  Australia ;,A2133252X,Population,000,Quarter
2012-03-01,44.1,Natural Increase ;  Australia ;,A2133252X,Population,000,Quarter
2012-06-01,40,Natural Increase ;  Australia ;,A2133252X,Population,000,Quarter
2012-09-01,36.5,Natural Increase ;  Australia ;,A2133252X,Population,000,Quarter
2012-12-01,42.5,Natural Increase ;  Australia ;,A2133252X,Population,000,Quarter
2013-03-01,43.2,Natural Increase ;  Australia ;,A2133252X,Population,000,Quarter
2013-06-01,39.8,Natural Increase ;  Australia ;,A2133252X,Population,000,Quarter
2013-09-01,37.2,Natural Increase ;  Australia ;,A2133252X,Population,000,Quarter
2013-12-01,38.7,Natural Increase ;  Australia ;,A2133252X,Population,000,Quarter
2014-03-01,42.7,Natural Increase ;  Australia ;,A2133252X,Population,000,Quarter
2014-06-01,38.4,Natural Increase ;  Australia ;,A2133252X,Population,000,Quarter
2014-09-01,35.9,Natural Increase ;  Australia ;,A2133252X,Population,000,Quarter
2014-12-01,39.5,Natural Increase ;  Australia ;,A2133252X,Population,000,Quarter
2015-03-01,40.4,Natural Increase ;  Australia ;,A2133252X,Population,000,Quarter
2015-06-01,35.9,Natural Increase ;  Australia ;,A2133252X,Population,000,Quarter
2015-09-01,34.8,Natural Increase ;  Australia ;,A2133252X,Population,000,Quarter
2015-12-01,37.9,Natural Increase ;  Australia ;,A2133252X,Population,000,Quarter
2016-03-01,42.7,Natural Increase ;  Australia ;,A2133252X,Population,000,Quarter
2016-06-01,39,Natural Increase ;  Australia ;,A2133252X,Population,000,Quarter
2016-09-01,35.3,Natural Increase ;  Australia ;,A2133252X,Population,000,Quarter
2016-12-01,36.2,Natural Increase ;  Australia ;,A2133252X,Population,000,Quarter
2017-03-01,39.9,Natural Increase ;  Australia ;,A2133252X,Population,000,Quarter
2017-06-01,36.2,Natural Increase ;  Australia ;,A2133252X,Population,000,Quarter
2017-09-01,30.3,Natural Increase ;  Australia ;,A2133252X,Population,000,Quarter
2017-12-01,35.6,Natural Increase ;  Australia ;,A2133252X,Population,000,Quarter
2018-03-01,40.2,Natural Increase ;  Australia ;,A2133252X,Population,000,Quarter
2018-06-01,36.5,Natural Increase ;  Australia ;,A2133252X,Population,000,Quarter
2018-09-01,33.2,Natural Increase ;  Australia ;,A2133252X,Population,000,Quarter
2018-12-01,35.9,Natural Increase ;  Australia ;,A2133252X,Population,000,Quarter
2019-03-01,38.1,Natural Increase ;  Australia ;,A2133252X,Population,000,Quarter
2019-06-01,34.6,Natural Increase ;  Australia ;,A2133252X,Population,000,Quarter
2019-09-01,32,Natural Increase ;  Australia ;,A2133252X,Population,000,Quarter
2019-12-01,34.3,Natural Increase ;  Australia ;,A2133252X,Population,000,Quarter
2020-03-01,35.6,Natural Increase ;  Australia ;,A2133252X,Population,000,Quarter
2020-06-01,32.9,Natural Increase ;  Australia ;,A2133252X,Population,000,Quarter
2020-09-01,31.2,Natural Increase ;  Australia ;,A2133252X,Population,000,Quarter
2020-12-01,31.2,Natural Increase ;  Australia ;,A2133252X,Population,000,Quarter
2021-03-01,41.1,Natural Increase ;  Australia ;,A2133252X,Population,000,Quarter
2021-06-01,35.9,Natural Increase ;  Australia ;,A2133252X,Population,000,Quarter
2021-09-01,32.4,Natural Increase ;  Australia ;,A2133252X,Population,000,Quarter
2021-12-01,33.6,Natural Increase ;  Australia ;,A2133252X,Population,000,Quarter
2022-03-01,31.7,Natural Increase ;  Australia ;,A2133252X,Population,000,Quarter
2022-06-01,27.8,Natural Increase ;  Australia ;,A2133252X,Population,000,Quarter
2022-09-01,22.9,Natural Increase ;  Australia ;,A2133252X,Population,000,Quarter
2022-12-01,26.3,Natural Increase ;  Australia ;,A2133252X,Population,000,Quarter
2023-03-01,28.5,Natural Increase ;  Australia ;,A2133252X,Population,000,Quarter
2023-06-01,25.1,Natural Increase ;  Australia ;,A2133252X,Population,000,Quarter
2023-09-01,26,Natural Increase ;  Australia ;,A2133252X,Population,000,Quarter
2023-12-01,26.1,Natural Increase ;  Australia ;,A2133252X,Population,000,Quarter
2024-03-01,28.2,Natural Increase ;  Australia ;,A2133252X,Population,000,Quarter
2024-06-01,24.9,Natural Increase ;  Australia ;,A2133252X,Population,000,Quarter
2024-09-01,25.2,Natural Increase ;  Australia ;,A2133252X,Population,000,Quarter
2024-12-01,23.1,Natural Increase ;  Australia ;,A2133252X,Population,000,Quarter
2025-03-01,34.2,Natural Increase ;  Australia ;,A2133252X,Population,000,Quarter
2025-06-01,32.1,Natural Increase ;  Australia ;,A2133252X,Population,000,Quarter
2025-09-01,23.3,Natural Increase ;  Australia ;,A2133252X,Population,000,Quarter
2025-12-01,22,Natural Increase ;  Australia ;,A2133252X,Population,000,Quarter
1981-06-01,25.6,Net Overseas Migration ;  Australia ;,A2133254C,Population,000,Quarter
1981-09-01,34.1,Net Overseas Migration ;  Australia ;,A2133254C,Population,000,Quarter
1981-12-01,34.5,Net Overseas Migration ;  Australia ;,A2133254C,Population,000,Quarter
1982-03-01,31.4,Net Overseas Migration ;  Australia ;,A2133254C,Population,000,Quarter
1982-06-01,28.1,Net Overseas Migration ;  Australia ;,A2133254C,Population,000,Quarter
1982-09-01,26.9,Net Overseas Migration ;  Australia ;,A2133254C,Population,000,Quarter
1982-12-01,16.3,Net Overseas Migration ;  Australia ;,A2133254C,Population,000,Quarter
1983-03-01,19.2,Net Overseas Migration ;  Australia ;,A2133254C,Population,000,Quarter
1983-06-01,10.9,Net Overseas Migration ;  Australia ;,A2133254C,Population,000,Quarter
1983-09-01,13.6,Net Overseas Migration ;  Australia ;,A2133254C,Population,000,Quarter
1983-12-01,11.3,Net Overseas Migration ;  Australia ;,A2133254C,Population,000,Quarter
1984-03-01,11,Net Overseas Migration ;  Australia ;,A2133254C,Population,000,Quarter
1984-06-01,13.2,Net Overseas Migration ;  Australia ;,A2133254C,Population,000,Quarter
1984-09-01,18.5,Net Overseas Migration ;  Australia ;,A2133254C,Population,000,Quarter
1984-12-01,17.2,Net Overseas Migration ;  Australia ;,A2133254C,Population,000,Quarter
1985-03-01,21.9,Net Overseas Migration ;  Australia ;,A2133254C,Population,000,Quarter
1985-06-01,16.2,Net Overseas Migration ;  Australia ;,A2133254C,Population,000,Quarter
1985-09-01,23.6,Net Overseas Migration ;  Australia ;,A2133254C,Population,000,Quarter
1985-12-01,27.7,Net Overseas Migration ;  Australia ;,A2133254C,Population,000,Quarter
1986-03-01,25.8,Net Overseas Migration ;  Australia ;,A2133254C,Population,000,Quarter
1986-06-01,23.4,Net Overseas Migration ;  Australia ;,A2133254C,Population,000,Quarter
1986-09-01,29.6,Net Overseas Migration ;  Australia ;,A2133254C,Population,000,Quarter
1986-12-01,32,Net Overseas Migration ;  Australia ;,A2133254C,Population,000,Quarter
1987-03-01,35.1,Net Overseas Migration ;  Australia ;,A2133254C,Population,000,Quarter
1987-06-01,29.1,Net Overseas Migration ;  Australia ;,A2133254C,Population,000,Quarter
1987-09-01,37.4,Net Overseas Migration ;  Australia ;,A2133254C,Population,000,Quarter
1987-12-01,34.5,Net Overseas Migration ;  Australia ;,A2133254C,Population,000,Quarter
1988-03-01,47.3,Net Overseas Migration ;  Australia ;,A2133254C,Population,000,Quarter
1988-06-01,30.2,Net Overseas Migration ;  Australia ;,A2133254C,Population,000,Quarter
1988-09-01,53.6,Net Overseas Migration ;  Australia ;,A2133254C,Population,000,Quarter
1988-12-01,41.8,Net Overseas Migration ;  Australia ;,A2133254C,Population,000,Quarter
1989-03-01,43,Net Overseas Migration ;  Australia ;,A2133254C,Population,000,Quarter
1989-06-01,19.1,Net Overseas Migration ;  Australia ;,A2133254C,Population,000,Quarter
1989-09-01,34.2,Net Overseas Migration ;  Australia ;,A2133254C,Population,000,Quarter
1989-12-01,33.2,Net Overseas Migration ;  Australia ;,A2133254C,Population,000,Quarter
1990-03-01,34.7,Net Overseas Migration ;  Australia ;,A2133254C,Population,000,Quarter
1990-06-01,22.6,Net Overseas Migration ;  Australia ;,A2133254C,Population,000,Quarter
1990-09-01,24.9,Net Overseas Migration ;  Australia ;,A2133254C,Population,000,Quarter
1990-12-01,15,Net Overseas Migration ;  Australia ;,A2133254C,Population,000,Quarter
1991-03-01,33.1,Net Overseas Migration ;  Australia ;,A2133254C,Population,000,Quarter
1991-06-01,13.5,Net Overseas Migration ;  Australia ;,A2133254C,Population,000,Quarter
1991-09-01,25.8,Net Overseas Migration ;  Australia ;,A2133254C,Population,000,Quarter
1991-12-01,9.3,Net Overseas Migration ;  Australia ;,A2133254C,Population,000,Quarter
1992-03-01,27.1,Net Overseas Migration ;  Australia ;,A2133254C,Population,000,Quarter
1992-06-01,6.4,Net Overseas Migration ;  Australia ;,A2133254C,Population,000,Quarter
1992-09-01,15.1,Net Overseas Migration ;  Australia ;,A2133254C,Population,000,Quarter
1992-12-01,2.8,Net Overseas Migration ;  Australia ;,A2133254C,Population,000,Quarter
1993-03-01,18.5,Net Overseas Migration ;  Australia ;,A2133254C,Population,000,Quarter
1993-06-01,-6.3,Net Overseas Migration ;  Australia ;,A2133254C,Population,000,Quarter
1993-09-01,17.8,Net Overseas Migration ;  Australia ;,A2133254C,Population,000,Quarter
1993-12-01,4.9,Net Overseas Migration ;  Australia ;,A2133254C,Population,000,Quarter
1994-03-01,19.5,Net Overseas Migration ;  Australia ;,A2133254C,Population,000,Quarter
1994-06-01,4.4,Net Overseas Migration ;  Australia ;,A2133254C,Population,000,Quarter
1994-09-01,27.8,Net Overseas Migration ;  Australia ;,A2133254C,Population,000,Quarter
1994-12-01,3.9,Net Overseas Migration ;  Australia ;,A2133254C,Population,000,Quarter
1995-03-01,24.7,Net Overseas Migration ;  Australia ;,A2133254C,Population,000,Quarter
1995-06-01,23.8,Net Overseas Migration ;  Australia ;,A2133254C,Population,000,Quarter
1995-09-01,29.1,Net Overseas Migration ;  Australia ;,A2133254C,Population,000,Quarter
1995-12-01,29.2,Net Overseas Migration ;  Australia ;,A2133254C,Population,000,Quarter
1996-03-01,25.1,Net Overseas Migration ;  Australia ;,A2133254C,Population,000,Quarter
1996-06-01,20.6,Net Overseas Migration ;  Australia ;,A2133254C,Population,000,Quarter
1996-09-01,32.3,Net Overseas Migration ;  Australia ;,A2133254C,Population,000,Quarter
1996-12-01,19.4,Net Overseas Migration ;  Australia ;,A2133254C,Population,000,Quarter
1997-03-01,29.4,Net Overseas Migration ;  Australia ;,A2133254C,Population,000,Quarter
1997-06-01,6.1,Net Overseas Migration ;  Australia ;,A2133254C,Population,000,Quarter
1997-09-01,22.9,Net Overseas Migration ;  Australia ;,A2133254C,Population,000,Quarter
1997-12-01,14,Net Overseas Migration ;  Australia ;,A2133254C,Population,000,Quarter
1998-03-01,33.7,Net Overseas Migration ;  Australia ;,A2133254C,Population,000,Quarter
1998-06-01,8.5,Net Overseas Migration ;  Australia ;,A2133254C,Population,000,Quarter
1998-09-01,26.5,Net Overseas Migration ;  Australia ;,A2133254C,Population,000,Quarter
1998-12-01,20.1,Net Overseas Migration ;  Australia ;,A2133254C,Population,000,Quarter
1999-03-01,35.1,Net Overseas Migration ;  Australia ;,A2133254C,Population,000,Quarter
1999-06-01,14.8,Net Overseas Migration ;  Australia ;,A2133254C,Population,000,Quarter
1999-09-01,29.7,Net Overseas Migration ;  Australia ;,A2133254C,Population,000,Quarter
1999-12-01,24.6,Net Overseas Migration ;  Australia ;,A2133254C,Population,000,Quarter
2000-03-01,37.4,Net Overseas Migration ;  Australia ;,A2133254C,Population,000,Quarter
2000-06-01,15.5,Net Overseas Migration ;  Australia ;,A2133254C,Population,000,Quarter
2000-09-01,31.9,Net Overseas Migration ;  Australia ;,A2133254C,Population,000,Quarter
2000-12-01,26.6,Net Overseas Migration ;  Australia ;,A2133254C,Population,000,Quarter
2001-03-01,54.8,Net Overseas Migration ;  Australia ;,A2133254C,Population,000,Quarter
2001-06-01,22.4,Net Overseas Migration ;  Australia ;,A2133254C,Population,000,Quarter
2001-09-01,27.7,Net Overseas Migration ;  Australia ;,A2133254C,Population,000,Quarter
2001-12-01,31.2,Net Overseas Migration ;  Australia ;,A2133254C,Population,000,Quarter
2002-03-01,36.4,Net Overseas Migration ;  Australia ;,A2133254C,Population,000,Quarter
2002-06-01,15.3,Net Overseas Migration ;  Australia ;,A2133254C,Population,000,Quarter
2002-09-01,29.9,Net Overseas Migration ;  Australia ;,A2133254C,Population,000,Quarter
2002-12-01,28.9,Net Overseas Migration ;  Australia ;,A2133254C,Population,000,Quarter
2003-03-01,41.6,Net Overseas Migration ;  Australia ;,A2133254C,Population,000,Quarter
2003-06-01,16.1,Net Overseas Migration ;  Australia ;,A2133254C,Population,000,Quarter
2003-09-01,27.2,Net Overseas Migration ;  Australia ;,A2133254C,Population,000,Quarter
2003-12-01,25.2,Net Overseas Migration ;  Australia ;,A2133254C,Population,000,Quarter
2004-03-01,35.5,Net Overseas Migration ;  Australia ;,A2133254C,Population,000,Quarter
2004-06-01,12.1,Net Overseas Migration ;  Australia ;,A2133254C,Population,000,Quarter
2004-09-01,30.4,Net Overseas Migration ;  Australia ;,A2133254C,Population,000,Quarter
2004-12-01,28.5,Net Overseas Migration ;  Australia ;,A2133254C,Population,000,Quarter
2005-03-01,47.1,Net Overseas Migration ;  Australia ;,A2133254C,Population,000,Quarter
2005-06-01,17.8,Net Overseas Migration ;  Australia ;,A2133254C,Population,000,Quarter
2005-09-01,37.4,Net Overseas Migration ;  Australia ;,A2133254C,Population,000,Quarter
2005-12-01,34.7,Net Overseas Migration ;  Australia ;,A2133254C,Population,000,Quarter
2006-03-01,53.2,Net Overseas Migration ;  Australia ;,A2133254C,Population,000,Quarter
2006-06-01,21.4,Net Overseas Migration ;  Australia ;,A2133254C,Population,000,Quarter
2006-09-01,56.9,Net Overseas Migration ;  Australia ;,A2133254C,Population,000,Quarter
2006-12-01,50.6,Net Overseas Migration ;  Australia ;,A2133254C,Population,000,Quarter
2007-03-01,76,Net Overseas Migration ;  Australia ;,A2133254C,Population,000,Quarter
2007-06-01,49.2,Net Overseas Migration ;  Australia ;,A2133254C,Population,000,Quarter
2007-09-01,62.8,Net Overseas Migration ;  Australia ;,A2133254C,Population,000,Quarter
2007-12-01,56,Net Overseas Migration ;  Australia ;,A2133254C,Population,000,Quarter
2008-03-01,93.5,Net Overseas Migration ;  Australia ;,A2133254C,Population,000,Quarter
2008-06-01,65.1,Net Overseas Migration ;  Australia ;,A2133254C,Population,000,Quarter
2008-09-01,84.1,Net Overseas Migration ;  Australia ;,A2133254C,Population,000,Quarter
2008-12-01,73,Net Overseas Migration ;  Australia ;,A2133254C,Population,000,Quarter
2009-03-01,88.7,Net Overseas Migration ;  Australia ;,A2133254C,Population,000,Quarter
2009-06-01,54,Net Overseas Migration ;  Australia ;,A2133254C,Population,000,Quarter
2009-09-01,62.5,Net Overseas Migration ;  Australia ;,A2133254C,Population,000,Quarter
2009-12-01,41.7,Net Overseas Migration ;  Australia ;,A2133254C,Population,000,Quarter
2010-03-01,59.9,Net Overseas Migration ;  Australia ;,A2133254C,Population,000,Quarter
2010-06-01,32,Net Overseas Migration ;  Australia ;,A2133254C,Population,000,Quarter
2010-09-01,41.8,Net Overseas Migration ;  Australia ;,A2133254C,Population,000,Quarter
2010-12-01,38.4,Net Overseas Migration ;  Australia ;,A2133254C,Population,000,Quarter
2011-03-01,61,Net Overseas Migration ;  Australia ;,A2133254C,Population,000,Quarter
2011-06-01,39.2,Net Overseas Migration ;  Australia ;,A2133254C,Population,000,Quarter
2011-09-01,55.4,Net Overseas Migration ;  Australia ;,A2133254C,Population,000,Quarter
2011-12-01,50.6,Net Overseas Migration ;  Australia ;,A2133254C,Population,000,Quarter
2012-03-01,74,Net Overseas Migration ;  Australia ;,A2133254C,Population,000,Quarter
2012-06-01,51.9,Net Overseas Migration ;  Australia ;,A2133254C,Population,000,Quarter
2012-09-01,63.3,Net Overseas Migration ;  Australia ;,A2133254C,Population,000,Quarter
2012-12-01,51,Net Overseas Migration ;  Australia ;,A2133254C,Population,000,Quarter
2013-03-01,71.2,Net Overseas Migration ;  Australia ;,A2133254C,Population,000,Quarter
2013-06-01,44.8,Net Overseas Migration ;  Australia ;,A2133254C,Population,000,Quarter
2013-09-01,54.2,Net Overseas Migration ;  Australia ;,A2133254C,Population,000,Quarter
2013-12-01,38.2,Net Overseas Migration ;  Australia ;,A2133254C,Population,000,Quarter
2014-03-01,65,Net Overseas Migration ;  Australia ;,A2133254C,Population,000,Quarter
2014-06-01,30.4,Net Overseas Migration ;  Australia ;,A2133254C,Population,000,Quarter
2014-09-01,50.2,Net Overseas Migration ;  Australia ;,A2133254C,Population,000,Quarter
2014-12-01,36.8,Net Overseas Migration ;  Australia ;,A2133254C,Population,000,Quarter
2015-03-01,63.8,Net Overseas Migration ;  Australia ;,A2133254C,Population,000,Quarter
2015-06-01,33.3,Net Overseas Migration ;  Australia ;,A2133254C,Population,000,Quarter
2015-09-01,50.4,Net Overseas Migration ;  Australia ;,A2133254C,Population,000,Quarter
2015-12-01,39.3,Net Overseas Migration ;  Australia ;,A2133254C,Population,000,Quarter
2016-03-01,73,Net Overseas Migration ;  Australia ;,A2133254C,Population,000,Quarter
2016-06-01,43.6,Net Overseas Migration ;  Australia ;,A2133254C,Population,000,Quarter
2016-09-01,73.7,Net Overseas Migration ;  Australia ;,A2133254C,Population,000,Quarter
2016-12-01,53.6,Net Overseas Migration ;  Australia ;,A2133254C,Population,000,Quarter
2017-03-01,88.8,Net Overseas Migration ;  Australia ;,A2133254C,Population,000,Quarter
2017-06-01,47.3,Net Overseas Migration ;  Australia ;,A2133254C,Population,000,Quarter
2017-09-01,69.7,Net Overseas Migration ;  Australia ;,A2133254C,Population,000,Quarter
2017-12-01,35.8,Net Overseas Migration ;  Australia ;,A2133254C,Population,000,Quarter
2018-03-01,85.1,Net Overseas Migration ;  Australia ;,A2133254C,Population,000,Quarter
2018-06-01,47.6,Net Overseas Migration ;  Australia ;,A2133254C,Population,000,Quarter
2018-09-01,73.8,Net Overseas Migration ;  Australia ;,A2133254C,Population,000,Quarter
2018-12-01,45.7,Net Overseas Migration ;  Australia ;,A2133254C,Population,000,Quarter
2019-03-01,83.6,Net Overseas Migration ;  Australia ;,A2133254C,Population,000,Quarter
2019-06-01,38.2,Net Overseas Migration ;  Australia ;,A2133254C,Population,000,Quarter
2019-09-01,74.5,Net Overseas Migration ;  Australia ;,A2133254C,Population,000,Quarter
2019-12-01,51.3,Net Overseas Migration ;  Australia ;,A2133254C,Population,000,Quarter
2020-03-01,75.2,Net Overseas Migration ;  Australia ;,A2133254C,Population,000,Quarter
2020-06-01,-8.3,Net Overseas Migration ;  Australia ;,A2133254C,Population,000,Quarter
2020-09-01,-42.6,Net Overseas Migration ;  Australia ;,A2133254C,Population,000,Quarter
2020-12-01,-29.3,Net Overseas Migration ;  Australia ;,A2133254C,Population,000,Quarter
2021-03-01,-14.2,Net Overseas Migration ;  Australia ;,A2133254C,Population,000,Quarter
2021-06-01,1.1,Net Overseas Migration ;  Australia ;,A2133254C,Population,000,Quarter
2021-09-01,-13,Net Overseas Migration ;  Australia ;,A2133254C,Population,000,Quarter
2021-12-01,35.4,Net Overseas Migration ;  Australia ;,A2133254C,Population,000,Quarter
2022-03-01,107.5,Net Overseas Migration ;  Australia ;,A2133254C,Population,000,Quarter
2022-06-01,78,Net Overseas Migration ;  Australia ;,A2133254C,Population,000,Quarter
2022-09-01,127.7,Net Overseas Migration ;  Australia ;,A2133254C,Population,000,Quarter
2022-12-01,124.6,Net Overseas Migration ;  Australia ;,A2133254C,Population,000,Quarter
2023-03-01,165.5,Net Overseas Migration ;  Australia ;,A2133254C,Population,000,Quarter
2023-06-01,120.5,Net Overseas Migration ;  Australia ;,A2133254C,Population,000,Quarter
2023-09-01,145.2,Net Overseas Migration ;  Australia ;,A2133254C,Population,000,Quarter
2023-12-01,99.5,Net Overseas Migration ;  Australia ;,A2133254C,Population,000,Quarter
2024-03-01,128.7,Net Overseas Migration ;  Australia ;,A2133254C,Population,000,Quarter
2024-06-01,55.8,Net Overseas Migration ;  Australia ;,A2133254C,Population,000,Quarter
2024-09-01,81.6,Net Overseas Migration ;  Australia ;,A2133254C,Population,000,Quarter
2024-12-01,64.3,Net Overseas Migration ;  Australia ;,A2133254C,Population,000,Quarter
2025-03-01,107.1,Net Overseas Migration ;  Australia ;,A2133254C,Population,000,Quarter
2025-06-01,49.2,Net Overseas Migration ;  Australia ;,A2133254C,Population,000,Quarter
2025-09-01,88.1,Net Overseas Migration ;  Australia ;,A2133254C,Population,000,Quarter
2025-12-01,56.6,Net Overseas Migration ;  Australia ;,A2133254C,Population,000,Quarter
