survey_year,value,metric,tenure,breakdown_var,breakdown_val,geography,stat_type
2019-20,48,median_weekly_cost,owner_outright,owner,Owner without a mortgage,Gr. Sydney,median
2019-20,56,median_weekly_cost,owner_outright,owner,Owner without a mortgage,Gr. Melbourne,median
2019-20,52,median_weekly_cost,owner_outright,owner,Owner without a mortgage,Gr. Brisbane,median
2019-20,48,median_weekly_cost,owner_outright,owner,Owner without a mortgage,Gr. Adelaide,median
2019-20,49,median_weekly_cost,owner_outright,owner,Owner without a mortgage,Gr. Perth,median
2019-20,52,median_weekly_cost,owner_outright,owner,Owner without a mortgage,Gr. Hobart,median
2019-20,54,median_weekly_cost,owner_outright,owner,Owner without a mortgage,Gr. Darwin,median
2019-20,69,median_weekly_cost,owner_outright,owner,Owner without a mortgage,ACT,median
2019-20,51,median_weekly_cost,owner_outright,owner,Owner without a mortgage,Total GCC,median
2019-20,49,median_weekly_cost,owner_outright,owner,Owner without a mortgage,Rest of NSW,median
2019-20,50,median_weekly_cost,owner_outright,owner,Owner without a mortgage,Rest of Vic.,median
2019-20,50,median_weekly_cost,owner_outright,owner,Owner without a mortgage,Rest of Qld,median
2019-20,47,median_weekly_cost,owner_outright,owner,Owner without a mortgage,Rest of SA,median
2019-20,43,median_weekly_cost,owner_outright,owner,Owner without a mortgage,Rest of WA,median
2019-20,40,median_weekly_cost,owner_outright,owner,Owner without a mortgage,Rest of Tas.,median
2019-20,49,median_weekly_cost,owner_outright,owner,Owner without a mortgage,Total rest of state,median
2019-20,549,median_weekly_cost,owner_mortgage,owner,Owner with a mortgage,Gr. Sydney,median
2019-20,460,median_weekly_cost,owner_mortgage,owner,Owner with a mortgage,Gr. Melbourne,median
2019-20,446,median_weekly_cost,owner_mortgage,owner,Owner with a mortgage,Gr. Brisbane,median
2019-20,378,median_weekly_cost,owner_mortgage,owner,Owner with a mortgage,Gr. Adelaide,median
2019-20,436,median_weekly_cost,owner_mortgage,owner,Owner with a mortgage,Gr. Perth,median
2019-20,360,median_weekly_cost,owner_mortgage,owner,Owner with a mortgage,Gr. Hobart,median
2019-20,540,median_weekly_cost,owner_mortgage,owner,Owner with a mortgage,Gr. Darwin,median
2019-20,526,median_weekly_cost,owner_mortgage,owner,Owner with a mortgage,ACT,median
2019-20,468,median_weekly_cost,owner_mortgage,owner,Owner with a mortgage,Total GCC,median
2019-20,361,median_weekly_cost,owner_mortgage,owner,Owner with a mortgage,Rest of NSW,median
2019-20,359,median_weekly_cost,owner_mortgage,owner,Owner with a mortgage,Rest of Vic.,median
2019-20,412,median_weekly_cost,owner_mortgage,owner,Owner with a mortgage,Rest of Qld,median
2019-20,311,median_weekly_cost,owner_mortgage,owner,Owner with a mortgage,Rest of SA,median
2019-20,393,median_weekly_cost,owner_mortgage,owner,Owner with a mortgage,Rest of WA,median
2019-20,285,median_weekly_cost,owner_mortgage,owner,Owner with a mortgage,Rest of Tas.,median
2019-20,369,median_weekly_cost,owner_mortgage,owner,Owner with a mortgage,Total rest of state,median
2019-20,193,median_weekly_cost,owner_total,owner,Total owners,Gr. Sydney,median
2019-20,115,median_weekly_cost,owner_total,owner,Total owners,Gr. Melbourne,median
2019-20,208,median_weekly_cost,owner_total,owner,Total owners,Gr. Brisbane,median
2019-20,122,median_weekly_cost,owner_total,owner,Total owners,Gr. Adelaide,median
2019-20,187,median_weekly_cost,owner_total,owner,Total owners,Gr. Perth,median
2019-20,108,median_weekly_cost,owner_total,owner,Total owners,Gr. Hobart,median
2019-20,391,median_weekly_cost,owner_total,owner,Total owners,Gr. Darwin,median
2019-20,267,median_weekly_cost,owner_total,owner,Total owners,ACT,median
2019-20,169,median_weekly_cost,owner_total,owner,Total owners,Total GCC,median
2019-20,67,median_weekly_cost,owner_total,owner,Total owners,Rest of NSW,median
2019-20,77,median_weekly_cost,owner_total,owner,Total owners,Rest of Vic.,median
2019-20,78,median_weekly_cost,owner_total,owner,Total owners,Rest of Qld,median
2019-20,77,median_weekly_cost,owner_total,owner,Total owners,Rest of SA,median
2019-20,90,median_weekly_cost,owner_total,owner,Total owners,Rest of WA,median
2019-20,50,median_weekly_cost,owner_total,owner,Total owners,Rest of Tas.,median
2019-20,71,median_weekly_cost,owner_total,owner,Total owners,Total rest of state,median
2019-20,114,median_weekly_cost,renter_social,renter,State or territory housing authority,Gr. Sydney,median
2019-20,139,median_weekly_cost,renter_social,renter,State or territory housing authority,Gr. Melbourne,median
2019-20,152,median_weekly_cost,renter_social,renter,State or territory housing authority,Gr. Brisbane,median
2019-20,116,median_weekly_cost,renter_social,renter,State or territory housing authority,Gr. Adelaide,median
2019-20,127,median_weekly_cost,renter_social,renter,State or territory housing authority,Gr. Perth,median
2019-20,110,median_weekly_cost,renter_social,renter,State or territory housing authority,Gr. Hobart,median
2019-20,158,median_weekly_cost,renter_social,renter,State or territory housing authority,Gr. Darwin,median
2019-20,110,median_weekly_cost,renter_social,renter,State or territory housing authority,ACT,median
2019-20,120,median_weekly_cost,renter_social,renter,State or territory housing authority,Total GCC,median
2019-20,128,median_weekly_cost,renter_social,renter,State or territory housing authority,Rest of NSW,median
2019-20,113,median_weekly_cost,renter_social,renter,State or territory housing authority,Rest of Vic.,median
2019-20,116,median_weekly_cost,renter_social,renter,State or territory housing authority,Rest of Qld,median
2019-20,112,median_weekly_cost,renter_social,renter,State or territory housing authority,Rest of SA,median
2019-20,130,median_weekly_cost,renter_social,renter,State or territory housing authority,Rest of WA,median
2019-20,166,median_weekly_cost,renter_social,renter,State or territory housing authority,Rest of Tas.,median
2019-20,120,median_weekly_cost,renter_social,renter,State or territory housing authority,Total rest of state,median
2019-20,500,median_weekly_cost,renter_private,renter,Private landlord,Gr. Sydney,median
2019-20,407,median_weekly_cost,renter_private,renter,Private landlord,Gr. Melbourne,median
2019-20,380,median_weekly_cost,renter_private,renter,Private landlord,Gr. Brisbane,median
2019-20,325,median_weekly_cost,renter_private,renter,Private landlord,Gr. Adelaide,median
2019-20,350,median_weekly_cost,renter_private,renter,Private landlord,Gr. Perth,median
2019-20,390,median_weekly_cost,renter_private,renter,Private landlord,Gr. Hobart,median
2019-20,400,median_weekly_cost,renter_private,renter,Private landlord,Gr. Darwin,median
2019-20,447,median_weekly_cost,renter_private,renter,Private landlord,ACT,median
2019-20,410,median_weekly_cost,renter_private,renter,Private landlord,Total GCC,median
2019-20,323,median_weekly_cost,renter_private,renter,Private landlord,Rest of NSW,median
2019-20,272,median_weekly_cost,renter_private,renter,Private landlord,Rest of Vic.,median
2019-20,350,median_weekly_cost,renter_private,renter,Private landlord,Rest of Qld,median
2019-20,243,median_weekly_cost,renter_private,renter,Private landlord,Rest of SA,median
2019-20,308,median_weekly_cost,renter_private,renter,Private landlord,Rest of WA,median
2019-20,252,median_weekly_cost,renter_private,renter,Private landlord,Rest of Tas.,median
2019-20,320,median_weekly_cost,renter_private,renter,Private landlord,Total rest of state,median
2019-20,475,median_weekly_cost,renter_total,renter,Total renters,Gr. Sydney,median
2019-20,399,median_weekly_cost,renter_total,renter,Total renters,Gr. Melbourne,median
2019-20,365,median_weekly_cost,renter_total,renter,Total renters,Gr. Brisbane,median
2019-20,305,median_weekly_cost,renter_total,renter,Total renters,Gr. Adelaide,median
2019-20,312,median_weekly_cost,renter_total,renter,Total renters,Gr. Perth,median
2019-20,348,median_weekly_cost,renter_total,renter,Total renters,Gr. Hobart,median
2019-20,374,median_weekly_cost,renter_total,renter,Total renters,Gr. Darwin,median
2019-20,400,median_weekly_cost,renter_total,renter,Total renters,ACT,median
2019-20,397,median_weekly_cost,renter_total,renter,Total renters,Total GCC,median
2019-20,300,median_weekly_cost,renter_total,renter,Total renters,Rest of NSW,median
2019-20,257,median_weekly_cost,renter_total,renter,Total renters,Rest of Vic.,median
2019-20,328,median_weekly_cost,renter_total,renter,Total renters,Rest of Qld,median
2019-20,197,median_weekly_cost,renter_total,renter,Total renters,Rest of SA,median
2019-20,265,median_weekly_cost,renter_total,renter,Total renters,Rest of WA,median
2019-20,229,median_weekly_cost,renter_total,renter,Total renters,Rest of Tas.,median
2019-20,291,median_weekly_cost,renter_total,renter,Total renters,Total rest of state,median
2019-20,408,median_weekly_cost,all,renter,Total,Gr. Sydney,median
2019-20,330,median_weekly_cost,all,renter,Total,Gr. Melbourne,median
2019-20,327,median_weekly_cost,all,renter,Total,Gr. Brisbane,median
2019-20,245,median_weekly_cost,all,renter,Total,Gr. Adelaide,median
2019-20,287,median_weekly_cost,all,renter,Total,Gr. Perth,median
2019-20,250,median_weekly_cost,all,renter,Total,Gr. Hobart,median
2019-20,379,median_weekly_cost,all,renter,Total,Gr. Darwin,median
2019-20,339,median_weekly_cost,all,renter,Total,ACT,median
2019-20,327,median_weekly_cost,all,renter,Total,Total GCC,median
2019-20,151,median_weekly_cost,all,renter,Total,Rest of NSW,median
2019-20,142,median_weekly_cost,all,renter,Total,Rest of Vic.,median
2019-20,241,median_weekly_cost,all,renter,Total,Rest of Qld,median
2019-20,123,median_weekly_cost,all,renter,Total,Rest of SA,median
2019-20,183,median_weekly_cost,all,renter,Total,Rest of WA,median
2019-20,150,median_weekly_cost,all,renter,Total,Rest of Tas.,median
2019-20,173,median_weekly_cost,all,renter,Total,Total rest of state,median
2019-20,530,median_weekly_cost,all,family_type,Couple family with dependent children,Gr. Sydney,median
2019-20,410,median_weekly_cost,all,family_type,Couple family with dependent children,Gr. Melbourne,median
2019-20,420,median_weekly_cost,all,family_type,Couple family with dependent children,Gr. Brisbane,median
2019-20,373,median_weekly_cost,all,family_type,Couple family with dependent children,Gr. Adelaide,median
2019-20,404,median_weekly_cost,all,family_type,Couple family with dependent children,Gr. Perth,median
2019-20,355,median_weekly_cost,all,family_type,Couple family with dependent children,Gr. Hobart,median
2019-20,490,median_weekly_cost,all,family_type,Couple family with dependent children,Gr. Darwin,median
2019-20,508,median_weekly_cost,all,family_type,Couple family with dependent children,ACT,median
2019-20,446,median_weekly_cost,all,family_type,Couple family with dependent children,Total GCC,median
2019-20,360,median_weekly_cost,all,family_type,Couple family with dependent children,Rest of NSW,median
2019-20,343,median_weekly_cost,all,family_type,Couple family with dependent children,Rest of Vic.,median
2019-20,410,median_weekly_cost,all,family_type,Couple family with dependent children,Rest of Qld,median
2019-20,278,median_weekly_cost,all,family_type,Couple family with dependent children,Rest of SA,median
2019-20,350,median_weekly_cost,all,family_type,Couple family with dependent children,Rest of WA,median
2019-20,271,median_weekly_cost,all,family_type,Couple family with dependent children,Rest of Tas.,median
2019-20,361,median_weekly_cost,all,family_type,Couple family with dependent children,Total rest of state,median
2019-20,442,median_weekly_cost,all,family_type,One parent family with dependent children,Gr. Sydney,median
2019-20,316,median_weekly_cost,all,family_type,One parent family with dependent children,Gr. Melbourne,median
2019-20,363,median_weekly_cost,all,family_type,One parent family with dependent children,Gr. Brisbane,median
2019-20,333,median_weekly_cost,all,family_type,One parent family with dependent children,Gr. Adelaide,median
2019-20,310,median_weekly_cost,all,family_type,One parent family with dependent children,Gr. Perth,median
2019-20,310,median_weekly_cost,all,family_type,One parent family with dependent children,Gr. Hobart,median
2019-20,340,median_weekly_cost,all,family_type,One parent family with dependent children,Gr. Darwin,median
2019-20,221,median_weekly_cost,all,family_type,One parent family with dependent children,ACT,median
2019-20,357,median_weekly_cost,all,family_type,One parent family with dependent children,Total GCC,median
2019-20,312,median_weekly_cost,all,family_type,One parent family with dependent children,Rest of NSW,median
2019-20,317,median_weekly_cost,all,family_type,One parent family with dependent children,Rest of Vic.,median
2019-20,301,median_weekly_cost,all,family_type,One parent family with dependent children,Rest of Qld,median
2019-20,222,median_weekly_cost,all,family_type,One parent family with dependent children,Rest of SA,median
2019-20,274,median_weekly_cost,all,family_type,One parent family with dependent children,Rest of WA,median
2019-20,220,median_weekly_cost,all,family_type,One parent family with dependent children,Rest of Tas.,median
2019-20,295,median_weekly_cost,all,family_type,One parent family with dependent children,Total rest of state,median
2019-20,303,median_weekly_cost,all,family_type,Couple only,Gr. Sydney,median
2019-20,287,median_weekly_cost,all,family_type,Couple only,Gr. Melbourne,median
2019-20,282,median_weekly_cost,all,family_type,Couple only,Gr. Brisbane,median
2019-20,99,median_weekly_cost,all,family_type,Couple only,Gr. Adelaide,median
2019-20,183,median_weekly_cost,all,family_type,Couple only,Gr. Perth,median
2019-20,106,median_weekly_cost,all,family_type,Couple only,Gr. Hobart,median
2019-20,300,median_weekly_cost,all,family_type,Couple only,Gr. Darwin,median
2019-20,188,median_weekly_cost,all,family_type,Couple only,ACT,median
2019-20,227,median_weekly_cost,all,family_type,Couple only,Total GCC,median
2019-20,68,median_weekly_cost,all,family_type,Couple only,Rest of NSW,median
2019-20,67,median_weekly_cost,all,family_type,Couple only,Rest of Vic.,median
2019-20,76,median_weekly_cost,all,family_type,Couple only,Rest of Qld,median
2019-20,73,median_weekly_cost,all,family_type,Couple only,Rest of SA,median
2019-20,72,median_weekly_cost,all,family_type,Couple only,Rest of WA,median
2019-20,49,median_weekly_cost,all,family_type,Couple only,Rest of Tas.,median
2019-20,69,median_weekly_cost,all,family_type,Couple only,Total rest of state,median
2019-20,345,median_weekly_cost,all,family_type,Other one family households,Gr. Sydney,median
2019-20,241,median_weekly_cost,all,family_type,Other one family households,Gr. Melbourne,median
2019-20,267,median_weekly_cost,all,family_type,Other one family households,Gr. Brisbane,median
2019-20,246,median_weekly_cost,all,family_type,Other one family households,Gr. Adelaide,median
2019-20,112,median_weekly_cost,all,family_type,Other one family households,Gr. Perth,median
2019-20,322,median_weekly_cost,all,family_type,Other one family households,Gr. Hobart,median
2019-20,388,median_weekly_cost,all,family_type,Other one family households,Gr. Darwin,median
2019-20,155,median_weekly_cost,all,family_type,Other one family households,ACT,median
2019-20,262,median_weekly_cost,all,family_type,Other one family households,Total GCC,median
2019-20,84,median_weekly_cost,all,family_type,Other one family households,Rest of NSW,median
2019-20,93,median_weekly_cost,all,family_type,Other one family households,Rest of Vic.,median
2019-20,107,median_weekly_cost,all,family_type,Other one family households,Rest of Qld,median
2019-20,186,median_weekly_cost,all,family_type,Other one family households,Rest of SA,median
2019-20,230,median_weekly_cost,all,family_type,Other one family households,Rest of WA,median
2019-20,200,median_weekly_cost,all,family_type,Other one family households,Rest of Tas.,median
2019-20,109,median_weekly_cost,all,family_type,Other one family households,Total rest of state,median
2019-20,592,median_weekly_cost,all,family_type,Multiple family households,Gr. Sydney,median
2019-20,400,median_weekly_cost,all,family_type,Multiple family households,Gr. Melbourne,median
2019-20,417,median_weekly_cost,all,family_type,Multiple family households,Gr. Brisbane,median
2019-20,222,median_weekly_cost,all,family_type,Multiple family households,Gr. Adelaide,median
2019-20,57,median_weekly_cost,all,family_type,Multiple family households,Gr. Perth,median
2019-20,40,median_weekly_cost,all,family_type,Multiple family households,Gr. Hobart,median
2019-20,415,median_weekly_cost,all,family_type,Multiple family households,Gr. Darwin,median
2019-20,406,median_weekly_cost,all,family_type,Multiple family households,ACT,median
2019-20,420,median_weekly_cost,all,family_type,Multiple family households,Total GCC,median
2019-20,208,median_weekly_cost,all,family_type,Multiple family households,Rest of NSW,median
2019-20,288,median_weekly_cost,all,family_type,Multiple family households,Rest of Vic.,median
2019-20,559,median_weekly_cost,all,family_type,Multiple family households,Rest of Qld,median
2019-20,0,median_weekly_cost,all,family_type,Multiple family households,Rest of SA,median
2019-20,282,median_weekly_cost,all,family_type,Multiple family households,Rest of WA,median
2019-20,0,median_weekly_cost,all,family_type,Multiple family households,Rest of Tas.,median
2019-20,288,median_weekly_cost,all,family_type,Multiple family households,Total rest of state,median
2019-20,150,median_weekly_cost,all,family_type,Lone person households,Gr. Sydney,median
2019-20,119,median_weekly_cost,all,family_type,Lone person households,Gr. Melbourne,median
2019-20,141,median_weekly_cost,all,family_type,Lone person households,Gr. Brisbane,median
2019-20,111,median_weekly_cost,all,family_type,Lone person households,Gr. Adelaide,median
2019-20,151,median_weekly_cost,all,family_type,Lone person households,Gr. Perth,median
2019-20,90,median_weekly_cost,all,family_type,Lone person households,Gr. Hobart,median
2019-20,150,median_weekly_cost,all,family_type,Lone person households,Gr. Darwin,median
2019-20,200,median_weekly_cost,all,family_type,Lone person households,ACT,median
2019-20,133,median_weekly_cost,all,family_type,Lone person households,Total GCC,median
2019-20,77,median_weekly_cost,all,family_type,Lone person households,Rest of NSW,median
2019-20,102,median_weekly_cost,all,family_type,Lone person households,Rest of Vic.,median
2019-20,173,median_weekly_cost,all,family_type,Lone person households,Rest of Qld,median
2019-20,84,median_weekly_cost,all,family_type,Lone person households,Rest of SA,median
2019-20,116,median_weekly_cost,all,family_type,Lone person households,Rest of WA,median
2019-20,81,median_weekly_cost,all,family_type,Lone person households,Rest of Tas.,median
2019-20,105,median_weekly_cost,all,family_type,Lone person households,Total rest of state,median
2019-20,562,median_weekly_cost,all,family_type,Group households,Gr. Sydney,median
2019-20,455,median_weekly_cost,all,family_type,Group households,Gr. Melbourne,median
2019-20,469,median_weekly_cost,all,family_type,Group households,Gr. Brisbane,median
2019-20,369,median_weekly_cost,all,family_type,Group households,Gr. Adelaide,median
2019-20,448,median_weekly_cost,all,family_type,Group households,Gr. Perth,median
2019-20,484,median_weekly_cost,all,family_type,Group households,Gr. Hobart,median
2019-20,362,median_weekly_cost,all,family_type,Group households,Gr. Darwin,median
2019-20,458,median_weekly_cost,all,family_type,Group households,ACT,median
2019-20,469,median_weekly_cost,all,family_type,Group households,Total GCC,median
2019-20,152,median_weekly_cost,all,family_type,Group households,Rest of NSW,median
2019-20,203,median_weekly_cost,all,family_type,Group households,Rest of Vic.,median
2019-20,462,median_weekly_cost,all,family_type,Group households,Rest of Qld,median
2019-20,304,median_weekly_cost,all,family_type,Group households,Rest of SA,median
2019-20,288,median_weekly_cost,all,family_type,Group households,Rest of WA,median
2019-20,160,median_weekly_cost,all,family_type,Group households,Rest of Tas.,median
2019-20,309,median_weekly_cost,all,family_type,Group households,Total rest of state,median
2019-20,408,median_weekly_cost,all,family_type,Total,Gr. Sydney,median
2019-20,330,median_weekly_cost,all,family_type,Total,Gr. Melbourne,median
2019-20,327,median_weekly_cost,all,family_type,Total,Gr. Brisbane,median
2019-20,245,median_weekly_cost,all,family_type,Total,Gr. Adelaide,median
2019-20,287,median_weekly_cost,all,family_type,Total,Gr. Perth,median
2019-20,250,median_weekly_cost,all,family_type,Total,Gr. Hobart,median
2019-20,379,median_weekly_cost,all,family_type,Total,Gr. Darwin,median
2019-20,339,median_weekly_cost,all,family_type,Total,ACT,median
2019-20,327,median_weekly_cost,all,family_type,Total,Total GCC,median
2019-20,151,median_weekly_cost,all,family_type,Total,Rest of NSW,median
2019-20,142,median_weekly_cost,all,family_type,Total,Rest of Vic.,median
2019-20,241,median_weekly_cost,all,family_type,Total,Rest of Qld,median
2019-20,123,median_weekly_cost,all,family_type,Total,Rest of SA,median
2019-20,183,median_weekly_cost,all,family_type,Total,Rest of WA,median
2019-20,150,median_weekly_cost,all,family_type,Total,Rest of Tas.,median
2019-20,173,median_weekly_cost,all,family_type,Total,Total rest of state,median
2019-20,326,median_weekly_cost,all,dwelling_structure,Separate house,Gr. Sydney,median
2019-20,262,median_weekly_cost,all,dwelling_structure,Separate house,Gr. Melbourne,median
2019-20,322,median_weekly_cost,all,dwelling_structure,Separate house,Gr. Brisbane,median
2019-20,247,median_weekly_cost,all,dwelling_structure,Separate house,Gr. Adelaide,median
2019-20,294,median_weekly_cost,all,dwelling_structure,Separate house,Gr. Perth,median
2019-20,222,median_weekly_cost,all,dwelling_structure,Separate house,Gr. Hobart,median
2019-20,401,median_weekly_cost,all,dwelling_structure,Separate house,Gr. Darwin,median
2019-20,340,median_weekly_cost,all,dwelling_structure,Separate house,ACT,median
2019-20,302,median_weekly_cost,all,dwelling_structure,Separate house,Total GCC,median
2019-20,116,median_weekly_cost,all,dwelling_structure,Separate house,Rest of NSW,median
2019-20,134,median_weekly_cost,all,dwelling_structure,Separate house,Rest of Vic.,median
2019-20,192,median_weekly_cost,all,dwelling_structure,Separate house,Rest of Qld,median
2019-20,120,median_weekly_cost,all,dwelling_structure,Separate house,Rest of SA,median
2019-20,188,median_weekly_cost,all,dwelling_structure,Separate house,Rest of WA,median
2019-20,150,median_weekly_cost,all,dwelling_structure,Separate house,Rest of Tas.,median
2019-20,150,median_weekly_cost,all,dwelling_structure,Separate house,Total rest of state,median
2019-20,412,median_weekly_cost,all,dwelling_structure,"Semi-detached, row or terrace house, townhouse",Gr. Sydney,median
2019-20,365,median_weekly_cost,all,dwelling_structure,"Semi-detached, row or terrace house, townhouse",Gr. Melbourne,median
2019-20,309,median_weekly_cost,all,dwelling_structure,"Semi-detached, row or terrace house, townhouse",Gr. Brisbane,median
2019-20,200,median_weekly_cost,all,dwelling_structure,"Semi-detached, row or terrace house, townhouse",Gr. Adelaide,median
2019-20,205,median_weekly_cost,all,dwelling_structure,"Semi-detached, row or terrace house, townhouse",Gr. Perth,median
2019-20,297,median_weekly_cost,all,dwelling_structure,"Semi-detached, row or terrace house, townhouse",Gr. Hobart,median
2019-20,423,median_weekly_cost,all,dwelling_structure,"Semi-detached, row or terrace house, townhouse",Gr. Darwin,median
2019-20,233,median_weekly_cost,all,dwelling_structure,"Semi-detached, row or terrace house, townhouse",ACT,median
2019-20,333,median_weekly_cost,all,dwelling_structure,"Semi-detached, row or terrace house, townhouse",Total GCC,median
2019-20,122,median_weekly_cost,all,dwelling_structure,"Semi-detached, row or terrace house, townhouse",Rest of NSW,median
2019-20,143,median_weekly_cost,all,dwelling_structure,"Semi-detached, row or terrace house, townhouse",Rest of Vic.,median
2019-20,278,median_weekly_cost,all,dwelling_structure,"Semi-detached, row or terrace house, townhouse",Rest of Qld,median
2019-20,127,median_weekly_cost,all,dwelling_structure,"Semi-detached, row or terrace house, townhouse",Rest of SA,median
2019-20,166,median_weekly_cost,all,dwelling_structure,"Semi-detached, row or terrace house, townhouse",Rest of WA,median
2019-20,142,median_weekly_cost,all,dwelling_structure,"Semi-detached, row or terrace house, townhouse",Rest of Tas.,median
2019-20,188,median_weekly_cost,all,dwelling_structure,"Semi-detached, row or terrace house, townhouse",Total rest of state,median
2019-20,450,median_weekly_cost,all,dwelling_structure,Flat or apartment,Gr. Sydney,median
2019-20,356,median_weekly_cost,all,dwelling_structure,Flat or apartment,Gr. Melbourne,median
2019-20,348,median_weekly_cost,all,dwelling_structure,Flat or apartment,Gr. Brisbane,median
2019-20,250,median_weekly_cost,all,dwelling_structure,Flat or apartment,Gr. Adelaide,median
2019-20,300,median_weekly_cost,all,dwelling_structure,Flat or apartment,Gr. Perth,median
2019-20,244,median_weekly_cost,all,dwelling_structure,Flat or apartment,Gr. Hobart,median
2019-20,308,median_weekly_cost,all,dwelling_structure,Flat or apartment,Gr. Darwin,median
2019-20,360,median_weekly_cost,all,dwelling_structure,Flat or apartment,ACT,median
2019-20,372,median_weekly_cost,all,dwelling_structure,Flat or apartment,Total GCC,median
2019-20,230,median_weekly_cost,all,dwelling_structure,Flat or apartment,Rest of NSW,median
2019-20,172,median_weekly_cost,all,dwelling_structure,Flat or apartment,Rest of Vic.,median
2019-20,260,median_weekly_cost,all,dwelling_structure,Flat or apartment,Rest of Qld,median
2019-20,166,median_weekly_cost,all,dwelling_structure,Flat or apartment,Rest of SA,median
2019-20,183,median_weekly_cost,all,dwelling_structure,Flat or apartment,Rest of WA,median
2019-20,199,median_weekly_cost,all,dwelling_structure,Flat or apartment,Rest of Tas.,median
2019-20,234,median_weekly_cost,all,dwelling_structure,Flat or apartment,Total rest of state,median
2019-20,408,median_weekly_cost,all,dwelling_structure,Total,Gr. Sydney,median
2019-20,330,median_weekly_cost,all,dwelling_structure,Total,Gr. Melbourne,median
2019-20,327,median_weekly_cost,all,dwelling_structure,Total,Gr. Brisbane,median
2019-20,245,median_weekly_cost,all,dwelling_structure,Total,Gr. Adelaide,median
2019-20,287,median_weekly_cost,all,dwelling_structure,Total,Gr. Perth,median
2019-20,250,median_weekly_cost,all,dwelling_structure,Total,Gr. Hobart,median
2019-20,379,median_weekly_cost,all,dwelling_structure,Total,Gr. Darwin,median
2019-20,339,median_weekly_cost,all,dwelling_structure,Total,ACT,median
2019-20,327,median_weekly_cost,all,dwelling_structure,Total,Total GCC,median
2019-20,151,median_weekly_cost,all,dwelling_structure,Total,Rest of NSW,median
2019-20,142,median_weekly_cost,all,dwelling_structure,Total,Rest of Vic.,median
2019-20,241,median_weekly_cost,all,dwelling_structure,Total,Rest of Qld,median
2019-20,123,median_weekly_cost,all,dwelling_structure,Total,Rest of SA,median
2019-20,183,median_weekly_cost,all,dwelling_structure,Total,Rest of WA,median
2019-20,150,median_weekly_cost,all,dwelling_structure,Total,Rest of Tas.,median
2019-20,173,median_weekly_cost,all,dwelling_structure,Total,Total rest of state,median
2019-20,130,median_weekly_cost,all,equiv_income_quintile,Lowest quintile,Gr. Sydney,median
2019-20,70,median_weekly_cost,all,equiv_income_quintile,Lowest quintile,Gr. Melbourne,median
2019-20,124,median_weekly_cost,all,equiv_income_quintile,Lowest quintile,Gr. Brisbane,median
2019-20,100,median_weekly_cost,all,equiv_income_quintile,Lowest quintile,Gr. Adelaide,median
2019-20,112,median_weekly_cost,all,equiv_income_quintile,Lowest quintile,Gr. Perth,median
2019-20,103,median_weekly_cost,all,equiv_income_quintile,Lowest quintile,Gr. Hobart,median
2019-20,198,median_weekly_cost,all,equiv_income_quintile,Lowest quintile,Gr. Darwin,median
2019-20,106,median_weekly_cost,all,equiv_income_quintile,Lowest quintile,ACT,median
2019-20,103,median_weekly_cost,all,equiv_income_quintile,Lowest quintile,Total GCC,median
2019-20,68,median_weekly_cost,all,equiv_income_quintile,Lowest quintile,Rest of NSW,median
2019-20,60,median_weekly_cost,all,equiv_income_quintile,Lowest quintile,Rest of Vic.,median
2019-20,105,median_weekly_cost,all,equiv_income_quintile,Lowest quintile,Rest of Qld,median
2019-20,85,median_weekly_cost,all,equiv_income_quintile,Lowest quintile,Rest of SA,median
2019-20,76,median_weekly_cost,all,equiv_income_quintile,Lowest quintile,Rest of WA,median
2019-20,59,median_weekly_cost,all,equiv_income_quintile,Lowest quintile,Rest of Tas.,median
2019-20,73,median_weekly_cost,all,equiv_income_quintile,Lowest quintile,Total rest of state,median
2019-20,274,median_weekly_cost,all,equiv_income_quintile,Second quintile,Gr. Sydney,median
2019-20,275,median_weekly_cost,all,equiv_income_quintile,Second quintile,Gr. Melbourne,median
2019-20,300,median_weekly_cost,all,equiv_income_quintile,Second quintile,Gr. Brisbane,median
2019-20,167,median_weekly_cost,all,equiv_income_quintile,Second quintile,Gr. Adelaide,median
2019-20,235,median_weekly_cost,all,equiv_income_quintile,Second quintile,Gr. Perth,median
2019-20,202,median_weekly_cost,all,equiv_income_quintile,Second quintile,Gr. Hobart,median
2019-20,327,median_weekly_cost,all,equiv_income_quintile,Second quintile,Gr. Darwin,median
2019-20,200,median_weekly_cost,all,equiv_income_quintile,Second quintile,ACT,median
2019-20,265,median_weekly_cost,all,equiv_income_quintile,Second quintile,Total GCC,median
2019-20,160,median_weekly_cost,all,equiv_income_quintile,Second quintile,Rest of NSW,median
2019-20,79,median_weekly_cost,all,equiv_income_quintile,Second quintile,Rest of Vic.,median
2019-20,107,median_weekly_cost,all,equiv_income_quintile,Second quintile,Rest of Qld,median
2019-20,123,median_weekly_cost,all,equiv_income_quintile,Second quintile,Rest of SA,median
2019-20,162,median_weekly_cost,all,equiv_income_quintile,Second quintile,Rest of WA,median
2019-20,174,median_weekly_cost,all,equiv_income_quintile,Second quintile,Rest of Tas.,median
2019-20,115,median_weekly_cost,all,equiv_income_quintile,Second quintile,Total rest of state,median
2019-20,430,median_weekly_cost,all,equiv_income_quintile,Third quintile,Gr. Sydney,median
2019-20,330,median_weekly_cost,all,equiv_income_quintile,Third quintile,Gr. Melbourne,median
2019-20,351,median_weekly_cost,all,equiv_income_quintile,Third quintile,Gr. Brisbane,median
2019-20,300,median_weekly_cost,all,equiv_income_quintile,Third quintile,Gr. Adelaide,median
2019-20,319,median_weekly_cost,all,equiv_income_quintile,Third quintile,Gr. Perth,median
2019-20,282,median_weekly_cost,all,equiv_income_quintile,Third quintile,Gr. Hobart,median
2019-20,369,median_weekly_cost,all,equiv_income_quintile,Third quintile,Gr. Darwin,median
2019-20,283,median_weekly_cost,all,equiv_income_quintile,Third quintile,ACT,median
2019-20,350,median_weekly_cost,all,equiv_income_quintile,Third quintile,Total GCC,median
2019-20,220,median_weekly_cost,all,equiv_income_quintile,Third quintile,Rest of NSW,median
2019-20,250,median_weekly_cost,all,equiv_income_quintile,Third quintile,Rest of Vic.,median
2019-20,305,median_weekly_cost,all,equiv_income_quintile,Third quintile,Rest of Qld,median
2019-20,206,median_weekly_cost,all,equiv_income_quintile,Third quintile,Rest of SA,median
2019-20,299,median_weekly_cost,all,equiv_income_quintile,Third quintile,Rest of WA,median
2019-20,200,median_weekly_cost,all,equiv_income_quintile,Third quintile,Rest of Tas.,median
2019-20,238,median_weekly_cost,all,equiv_income_quintile,Third quintile,Total rest of state,median
2019-20,480,median_weekly_cost,all,equiv_income_quintile,Fourth quintile,Gr. Sydney,median
2019-20,387,median_weekly_cost,all,equiv_income_quintile,Fourth quintile,Gr. Melbourne,median
2019-20,386,median_weekly_cost,all,equiv_income_quintile,Fourth quintile,Gr. Brisbane,median
2019-20,349,median_weekly_cost,all,equiv_income_quintile,Fourth quintile,Gr. Adelaide,median
2019-20,325,median_weekly_cost,all,equiv_income_quintile,Fourth quintile,Gr. Perth,median
2019-20,406,median_weekly_cost,all,equiv_income_quintile,Fourth quintile,Gr. Hobart,median
2019-20,368,median_weekly_cost,all,equiv_income_quintile,Fourth quintile,Gr. Darwin,median
2019-20,397,median_weekly_cost,all,equiv_income_quintile,Fourth quintile,ACT,median
2019-20,402,median_weekly_cost,all,equiv_income_quintile,Fourth quintile,Total GCC,median
2019-20,330,median_weekly_cost,all,equiv_income_quintile,Fourth quintile,Rest of NSW,median
2019-20,261,median_weekly_cost,all,equiv_income_quintile,Fourth quintile,Rest of Vic.,median
2019-20,402,median_weekly_cost,all,equiv_income_quintile,Fourth quintile,Rest of Qld,median
2019-20,214,median_weekly_cost,all,equiv_income_quintile,Fourth quintile,Rest of SA,median
2019-20,281,median_weekly_cost,all,equiv_income_quintile,Fourth quintile,Rest of WA,median
2019-20,267,median_weekly_cost,all,equiv_income_quintile,Fourth quintile,Rest of Tas.,median
2019-20,323,median_weekly_cost,all,equiv_income_quintile,Fourth quintile,Total rest of state,median
2019-20,530,median_weekly_cost,all,equiv_income_quintile,Highest quintile,Gr. Sydney,median
2019-20,460,median_weekly_cost,all,equiv_income_quintile,Highest quintile,Gr. Melbourne,median
2019-20,410,median_weekly_cost,all,equiv_income_quintile,Highest quintile,Gr. Brisbane,median
2019-20,371,median_weekly_cost,all,equiv_income_quintile,Highest quintile,Gr. Adelaide,median
2019-20,397,median_weekly_cost,all,equiv_income_quintile,Highest quintile,Gr. Perth,median
2019-20,280,median_weekly_cost,all,equiv_income_quintile,Highest quintile,Gr. Hobart,median
2019-20,470,median_weekly_cost,all,equiv_income_quintile,Highest quintile,Gr. Darwin,median
2019-20,447,median_weekly_cost,all,equiv_income_quintile,Highest quintile,ACT,median
2019-20,455,median_weekly_cost,all,equiv_income_quintile,Highest quintile,Total GCC,median
2019-20,280,median_weekly_cost,all,equiv_income_quintile,Highest quintile,Rest of NSW,median
2019-20,327,median_weekly_cost,all,equiv_income_quintile,Highest quintile,Rest of Vic.,median
2019-20,359,median_weekly_cost,all,equiv_income_quintile,Highest quintile,Rest of Qld,median
2019-20,194,median_weekly_cost,all,equiv_income_quintile,Highest quintile,Rest of SA,median
2019-20,200,median_weekly_cost,all,equiv_income_quintile,Highest quintile,Rest of WA,median
2019-20,246,median_weekly_cost,all,equiv_income_quintile,Highest quintile,Rest of Tas.,median
2019-20,305,median_weekly_cost,all,equiv_income_quintile,Highest quintile,Total rest of state,median
2019-20,408,median_weekly_cost,all,equiv_income_quintile,Total,Gr. Sydney,median
2019-20,330,median_weekly_cost,all,equiv_income_quintile,Total,Gr. Melbourne,median
2019-20,327,median_weekly_cost,all,equiv_income_quintile,Total,Gr. Brisbane,median
2019-20,245,median_weekly_cost,all,equiv_income_quintile,Total,Gr. Adelaide,median
2019-20,287,median_weekly_cost,all,equiv_income_quintile,Total,Gr. Perth,median
2019-20,250,median_weekly_cost,all,equiv_income_quintile,Total,Gr. Hobart,median
2019-20,379,median_weekly_cost,all,equiv_income_quintile,Total,Gr. Darwin,median
2019-20,339,median_weekly_cost,all,equiv_income_quintile,Total,ACT,median
2019-20,327,median_weekly_cost,all,equiv_income_quintile,Total,Total GCC,median
2019-20,151,median_weekly_cost,all,equiv_income_quintile,Total,Rest of NSW,median
2019-20,142,median_weekly_cost,all,equiv_income_quintile,Total,Rest of Vic.,median
2019-20,241,median_weekly_cost,all,equiv_income_quintile,Total,Rest of Qld,median
2019-20,123,median_weekly_cost,all,equiv_income_quintile,Total,Rest of SA,median
2019-20,183,median_weekly_cost,all,equiv_income_quintile,Total,Rest of WA,median
2019-20,150,median_weekly_cost,all,equiv_income_quintile,Total,Rest of Tas.,median
2019-20,173,median_weekly_cost,all,equiv_income_quintile,Total,Total rest of state,median
2019-20,177,median_weekly_cost,all,equiv_income_quintile,Lower Income households,Gr. Sydney,median
2019-20,112,median_weekly_cost,all,equiv_income_quintile,Lower Income households,Gr. Melbourne,median
2019-20,202,median_weekly_cost,all,equiv_income_quintile,Lower Income households,Gr. Brisbane,median
2019-20,110,median_weekly_cost,all,equiv_income_quintile,Lower Income households,Gr. Adelaide,median
2019-20,133,median_weekly_cost,all,equiv_income_quintile,Lower Income households,Gr. Perth,median
2019-20,135,median_weekly_cost,all,equiv_income_quintile,Lower Income households,Gr. Hobart,median
2019-20,270,median_weekly_cost,all,equiv_income_quintile,Lower Income households,Gr. Darwin,median
2019-20,113,median_weekly_cost,all,equiv_income_quintile,Lower Income households,ACT,median
2019-20,149,median_weekly_cost,all,equiv_income_quintile,Lower Income households,Total GCC,median
2019-20,71,median_weekly_cost,all,equiv_income_quintile,Lower Income households,Rest of NSW,median
2019-20,67,median_weekly_cost,all,equiv_income_quintile,Lower Income households,Rest of Vic.,median
2019-20,108,median_weekly_cost,all,equiv_income_quintile,Lower Income households,Rest of Qld,median
2019-20,101,median_weekly_cost,all,equiv_income_quintile,Lower Income households,Rest of SA,median
2019-20,115,median_weekly_cost,all,equiv_income_quintile,Lower Income households,Rest of WA,median
2019-20,106,median_weekly_cost,all,equiv_income_quintile,Lower Income households,Rest of Tas.,median
2019-20,79,median_weekly_cost,all,equiv_income_quintile,Lower Income households,Total rest of state,median
2019-20,475,median_weekly_cost,all,income_source,Employee Income,Gr. Sydney,median
2019-20,396,median_weekly_cost,all,income_source,Employee Income,Gr. Melbourne,median
2019-20,390,median_weekly_cost,all,income_source,Employee Income,Gr. Brisbane,median
2019-20,345,median_weekly_cost,all,income_source,Employee Income,Gr. Adelaide,median
2019-20,356,median_weekly_cost,all,income_source,Employee Income,Gr. Perth,median
2019-20,349,median_weekly_cost,all,income_source,Employee Income,Gr. Hobart,median
2019-20,415,median_weekly_cost,all,income_source,Employee Income,Gr. Darwin,median
2019-20,425,median_weekly_cost,all,income_source,Employee Income,ACT,median
2019-20,405,median_weekly_cost,all,income_source,Employee Income,Total GCC,median
2019-20,318,median_weekly_cost,all,income_source,Employee Income,Rest of NSW,median
2019-20,296,median_weekly_cost,all,income_source,Employee Income,Rest of Vic.,median
2019-20,350,median_weekly_cost,all,income_source,Employee Income,Rest of Qld,median
2019-20,235,median_weekly_cost,all,income_source,Employee Income,Rest of SA,median
2019-20,308,median_weekly_cost,all,income_source,Employee Income,Rest of WA,median
2019-20,241,median_weekly_cost,all,income_source,Employee Income,Rest of Tas.,median
2019-20,314,median_weekly_cost,all,income_source,Employee Income,Total rest of state,median
2019-20,484,median_weekly_cost,all,income_source,Own unincorporated business income,Gr. Sydney,median
2019-20,394,median_weekly_cost,all,income_source,Own unincorporated business income,Gr. Melbourne,median
2019-20,285,median_weekly_cost,all,income_source,Own unincorporated business income,Gr. Brisbane,median
2019-20,409,median_weekly_cost,all,income_source,Own unincorporated business income,Gr. Adelaide,median
2019-20,300,median_weekly_cost,all,income_source,Own unincorporated business income,Gr. Perth,median
2019-20,319,median_weekly_cost,all,income_source,Own unincorporated business income,Gr. Hobart,median
2019-20,53,median_weekly_cost,all,income_source,Own unincorporated business income,Gr. Darwin,median
2019-20,652,median_weekly_cost,all,income_source,Own unincorporated business income,ACT,median
2019-20,418,median_weekly_cost,all,income_source,Own unincorporated business income,Total GCC,median
2019-20,255,median_weekly_cost,all,income_source,Own unincorporated business income,Rest of NSW,median
2019-20,106,median_weekly_cost,all,income_source,Own unincorporated business income,Rest of Vic.,median
2019-20,78,median_weekly_cost,all,income_source,Own unincorporated business income,Rest of Qld,median
2019-20,163,median_weekly_cost,all,income_source,Own unincorporated business income,Rest of SA,median
2019-20,271,median_weekly_cost,all,income_source,Own unincorporated business income,Rest of WA,median
2019-20,57,median_weekly_cost,all,income_source,Own unincorporated business income,Rest of Tas.,median
2019-20,147,median_weekly_cost,all,income_source,Own unincorporated business income,Total rest of state,median
2019-20,93,median_weekly_cost,all,income_source,Government pensions and allowances,Gr. Sydney,median
2019-20,58,median_weekly_cost,all,income_source,Government pensions and allowances,Gr. Melbourne,median
2019-20,109,median_weekly_cost,all,income_source,Government pensions and allowances,Gr. Brisbane,median
2019-20,76,median_weekly_cost,all,income_source,Government pensions and allowances,Gr. Adelaide,median
2019-20,77,median_weekly_cost,all,income_source,Government pensions and allowances,Gr. Perth,median
2019-20,66,median_weekly_cost,all,income_source,Government pensions and allowances,Gr. Hobart,median
2019-20,124,median_weekly_cost,all,income_source,Government pensions and allowances,Gr. Darwin,median
2019-20,108,median_weekly_cost,all,income_source,Government pensions and allowances,ACT,median
2019-20,69,median_weekly_cost,all,income_source,Government pensions and allowances,Total GCC,median
2019-20,57,median_weekly_cost,all,income_source,Government pensions and allowances,Rest of NSW,median
2019-20,64,median_weekly_cost,all,income_source,Government pensions and allowances,Rest of Vic.,median
2019-20,60,median_weekly_cost,all,income_source,Government pensions and allowances,Rest of Qld,median
2019-20,75,median_weekly_cost,all,income_source,Government pensions and allowances,Rest of SA,median
2019-20,78,median_weekly_cost,all,income_source,Government pensions and allowances,Rest of WA,median
2019-20,64,median_weekly_cost,all,income_source,Government pensions and allowances,Rest of Tas.,median
2019-20,62,median_weekly_cost,all,income_source,Government pensions and allowances,Total rest of state,median
2019-20,60,median_weekly_cost,all,income_source,Other income,Gr. Sydney,median
2019-20,71,median_weekly_cost,all,income_source,Other income,Gr. Melbourne,median
2019-20,58,median_weekly_cost,all,income_source,Other income,Gr. Brisbane,median
2019-20,67,median_weekly_cost,all,income_source,Other income,Gr. Adelaide,median
2019-20,67,median_weekly_cost,all,income_source,Other income,Gr. Perth,median
2019-20,65,median_weekly_cost,all,income_source,Other income,Gr. Hobart,median
2019-20,69,median_weekly_cost,all,income_source,Other income,Gr. Darwin,median
2019-20,81,median_weekly_cost,all,income_source,Other income,ACT,median
2019-20,65,median_weekly_cost,all,income_source,Other income,Total GCC,median
2019-20,56,median_weekly_cost,all,income_source,Other income,Rest of NSW,median
2019-20,60,median_weekly_cost,all,income_source,Other income,Rest of Vic.,median
2019-20,70,median_weekly_cost,all,income_source,Other income,Rest of Qld,median
2019-20,53,median_weekly_cost,all,income_source,Other income,Rest of SA,median
2019-20,52,median_weekly_cost,all,income_source,Other income,Rest of WA,median
2019-20,46,median_weekly_cost,all,income_source,Other income,Rest of Tas.,median
2019-20,58,median_weekly_cost,all,income_source,Other income,Total rest of state,median
2019-20,408,median_weekly_cost,all,income_source,Total,Gr. Sydney,median
2019-20,330,median_weekly_cost,all,income_source,Total,Gr. Melbourne,median
2019-20,327,median_weekly_cost,all,income_source,Total,Gr. Brisbane,median
2019-20,245,median_weekly_cost,all,income_source,Total,Gr. Adelaide,median
2019-20,287,median_weekly_cost,all,income_source,Total,Gr. Perth,median
2019-20,250,median_weekly_cost,all,income_source,Total,Gr. Hobart,median
2019-20,379,median_weekly_cost,all,income_source,Total,Gr. Darwin,median
2019-20,339,median_weekly_cost,all,income_source,Total,ACT,median
2019-20,327,median_weekly_cost,all,income_source,Total,Total GCC,median
2019-20,151,median_weekly_cost,all,income_source,Total,Rest of NSW,median
2019-20,142,median_weekly_cost,all,income_source,Total,Rest of Vic.,median
2019-20,241,median_weekly_cost,all,income_source,Total,Rest of Qld,median
2019-20,123,median_weekly_cost,all,income_source,Total,Rest of SA,median
2019-20,183,median_weekly_cost,all,income_source,Total,Rest of WA,median
2019-20,150,median_weekly_cost,all,income_source,Total,Rest of Tas.,median
2019-20,173,median_weekly_cost,all,income_source,Total,Total rest of state,median
2019-20,56,median_weekly_cost,all,number_of_employed_persons_in_household,None,Gr. Sydney,median
2019-20,58,median_weekly_cost,all,number_of_employed_persons_in_household,None,Gr. Melbourne,median
2019-20,63,median_weekly_cost,all,number_of_employed_persons_in_household,None,Gr. Brisbane,median
2019-20,59,median_weekly_cost,all,number_of_employed_persons_in_household,None,Gr. Adelaide,median
2019-20,60,median_weekly_cost,all,number_of_employed_persons_in_household,None,Gr. Perth,median
2019-20,56,median_weekly_cost,all,number_of_employed_persons_in_household,None,Gr. Hobart,median
2019-20,70,median_weekly_cost,all,number_of_employed_persons_in_household,None,Gr. Darwin,median
2019-20,83,median_weekly_cost,all,number_of_employed_persons_in_household,None,ACT,median
2019-20,59,median_weekly_cost,all,number_of_employed_persons_in_household,None,Total GCC,median
2019-20,56,median_weekly_cost,all,number_of_employed_persons_in_household,None,Rest of NSW,median
2019-20,58,median_weekly_cost,all,number_of_employed_persons_in_household,None,Rest of Vic.,median
2019-20,58,median_weekly_cost,all,number_of_employed_persons_in_household,None,Rest of Qld,median
2019-20,61,median_weekly_cost,all,number_of_employed_persons_in_household,None,Rest of SA,median
2019-20,56,median_weekly_cost,all,number_of_employed_persons_in_household,None,Rest of WA,median
2019-20,47,median_weekly_cost,all,number_of_employed_persons_in_household,None,Rest of Tas.,median
2019-20,57,median_weekly_cost,all,number_of_employed_persons_in_household,None,Total rest of state,median
2019-20,400,median_weekly_cost,all,number_of_employed_persons_in_household,One,Gr. Sydney,median
2019-20,340,median_weekly_cost,all,number_of_employed_persons_in_household,One,Gr. Melbourne,median
2019-20,348,median_weekly_cost,all,number_of_employed_persons_in_household,One,Gr. Brisbane,median
2019-20,280,median_weekly_cost,all,number_of_employed_persons_in_household,One,Gr. Adelaide,median
2019-20,336,median_weekly_cost,all,number_of_employed_persons_in_household,One,Gr. Perth,median
2019-20,280,median_weekly_cost,all,number_of_employed_persons_in_household,One,Gr. Hobart,median
2019-20,333,median_weekly_cost,all,number_of_employed_persons_in_household,One,Gr. Darwin,median
2019-20,355,median_weekly_cost,all,number_of_employed_persons_in_household,One,ACT,median
2019-20,349,median_weekly_cost,all,number_of_employed_persons_in_household,One,Total GCC,median
2019-20,263,median_weekly_cost,all,number_of_employed_persons_in_household,One,Rest of NSW,median
2019-20,246,median_weekly_cost,all,number_of_employed_persons_in_household,One,Rest of Vic.,median
2019-20,293,median_weekly_cost,all,number_of_employed_persons_in_household,One,Rest of Qld,median
2019-20,171,median_weekly_cost,all,number_of_employed_persons_in_household,One,Rest of SA,median
2019-20,237,median_weekly_cost,all,number_of_employed_persons_in_household,One,Rest of WA,median
2019-20,220,median_weekly_cost,all,number_of_employed_persons_in_household,One,Rest of Tas.,median
2019-20,256,median_weekly_cost,all,number_of_employed_persons_in_household,One,Total rest of state,median
2019-20,530,median_weekly_cost,all,number_of_employed_persons_in_household,Two,Gr. Sydney,median
2019-20,439,median_weekly_cost,all,number_of_employed_persons_in_household,Two,Gr. Melbourne,median
2019-20,418,median_weekly_cost,all,number_of_employed_persons_in_household,Two,Gr. Brisbane,median
2019-20,374,median_weekly_cost,all,number_of_employed_persons_in_household,Two,Gr. Adelaide,median
2019-20,369,median_weekly_cost,all,number_of_employed_persons_in_household,Two,Gr. Perth,median
2019-20,399,median_weekly_cost,all,number_of_employed_persons_in_household,Two,Gr. Hobart,median
2019-20,450,median_weekly_cost,all,number_of_employed_persons_in_household,Two,Gr. Darwin,median
2019-20,486,median_weekly_cost,all,number_of_employed_persons_in_household,Two,ACT,median
2019-20,443,median_weekly_cost,all,number_of_employed_persons_in_household,Two,Total GCC,median
2019-20,333,median_weekly_cost,all,number_of_employed_persons_in_household,Two,Rest of NSW,median
2019-20,282,median_weekly_cost,all,number_of_employed_persons_in_household,Two,Rest of Vic.,median
2019-20,399,median_weekly_cost,all,number_of_employed_persons_in_household,Two,Rest of Qld,median
2019-20,280,median_weekly_cost,all,number_of_employed_persons_in_household,Two,Rest of SA,median
2019-20,298,median_weekly_cost,all,number_of_employed_persons_in_household,Two,Rest of WA,median
2019-20,240,median_weekly_cost,all,number_of_employed_persons_in_household,Two,Rest of Tas.,median
2019-20,330,median_weekly_cost,all,number_of_employed_persons_in_household,Two,Total rest of state,median
2019-20,531,median_weekly_cost,all,number_of_employed_persons_in_household,Three or more,Gr. Sydney,median
2019-20,384,median_weekly_cost,all,number_of_employed_persons_in_household,Three or more,Gr. Melbourne,median
2019-20,428,median_weekly_cost,all,number_of_employed_persons_in_household,Three or more,Gr. Brisbane,median
2019-20,348,median_weekly_cost,all,number_of_employed_persons_in_household,Three or more,Gr. Adelaide,median
2019-20,323,median_weekly_cost,all,number_of_employed_persons_in_household,Three or more,Gr. Perth,median
2019-20,319,median_weekly_cost,all,number_of_employed_persons_in_household,Three or more,Gr. Hobart,median
2019-20,518,median_weekly_cost,all,number_of_employed_persons_in_household,Three or more,Gr. Darwin,median
2019-20,420,median_weekly_cost,all,number_of_employed_persons_in_household,Three or more,ACT,median
2019-20,420,median_weekly_cost,all,number_of_employed_persons_in_household,Three or more,Total GCC,median
2019-20,317,median_weekly_cost,all,number_of_employed_persons_in_household,Three or more,Rest of NSW,median
2019-20,286,median_weekly_cost,all,number_of_employed_persons_in_household,Three or more,Rest of Vic.,median
2019-20,379,median_weekly_cost,all,number_of_employed_persons_in_household,Three or more,Rest of Qld,median
2019-20,328,median_weekly_cost,all,number_of_employed_persons_in_household,Three or more,Rest of SA,median
2019-20,386,median_weekly_cost,all,number_of_employed_persons_in_household,Three or more,Rest of WA,median
2019-20,200,median_weekly_cost,all,number_of_employed_persons_in_household,Three or more,Rest of Tas.,median
2019-20,333,median_weekly_cost,all,number_of_employed_persons_in_household,Three or more,Total rest of state,median
2019-20,408,median_weekly_cost,all,number_of_employed_persons_in_household,Total,Gr. Sydney,median
2019-20,330,median_weekly_cost,all,number_of_employed_persons_in_household,Total,Gr. Melbourne,median
2019-20,327,median_weekly_cost,all,number_of_employed_persons_in_household,Total,Gr. Brisbane,median
2019-20,245,median_weekly_cost,all,number_of_employed_persons_in_household,Total,Gr. Adelaide,median
2019-20,287,median_weekly_cost,all,number_of_employed_persons_in_household,Total,Gr. Perth,median
2019-20,250,median_weekly_cost,all,number_of_employed_persons_in_household,Total,Gr. Hobart,median
2019-20,379,median_weekly_cost,all,number_of_employed_persons_in_household,Total,Gr. Darwin,median
2019-20,339,median_weekly_cost,all,number_of_employed_persons_in_household,Total,ACT,median
2019-20,327,median_weekly_cost,all,number_of_employed_persons_in_household,Total,Total GCC,median
2019-20,151,median_weekly_cost,all,number_of_employed_persons_in_household,Total,Rest of NSW,median
2019-20,142,median_weekly_cost,all,number_of_employed_persons_in_household,Total,Rest of Vic.,median
2019-20,241,median_weekly_cost,all,number_of_employed_persons_in_household,Total,Rest of Qld,median
2019-20,123,median_weekly_cost,all,number_of_employed_persons_in_household,Total,Rest of SA,median
2019-20,183,median_weekly_cost,all,number_of_employed_persons_in_household,Total,Rest of WA,median
2019-20,150,median_weekly_cost,all,number_of_employed_persons_in_household,Total,Rest of Tas.,median
2019-20,173,median_weekly_cost,all,number_of_employed_persons_in_household,Total,Total rest of state,median
2019-20,2.9,median_cost_income_ratio,owner_outright,owner,Owner without a mortgage,Gr. Sydney,median
2019-20,4,median_cost_income_ratio,owner_outright,owner,Owner without a mortgage,Gr. Melbourne,median
2019-20,3.6,median_cost_income_ratio,owner_outright,owner,Owner without a mortgage,Gr. Brisbane,median
2019-20,4.5,median_cost_income_ratio,owner_outright,owner,Owner without a mortgage,Gr. Adelaide,median
2019-20,4,median_cost_income_ratio,owner_outright,owner,Owner without a mortgage,Gr. Perth,median
2019-20,4,median_cost_income_ratio,owner_outright,owner,Owner without a mortgage,Gr. Hobart,median
2019-20,3.3,median_cost_income_ratio,owner_outright,owner,Owner without a mortgage,Gr. Darwin,median
2019-20,3.3,median_cost_income_ratio,owner_outright,owner,Owner without a mortgage,ACT,median
2019-20,3.6,median_cost_income_ratio,owner_outright,owner,Owner without a mortgage,Total GCC,median
2019-20,4.6,median_cost_income_ratio,owner_outright,owner,Owner without a mortgage,Rest of NSW,median
2019-20,5,median_cost_income_ratio,owner_outright,owner,Owner without a mortgage,Rest of Vic.,median
2019-20,4.3,median_cost_income_ratio,owner_outright,owner,Owner without a mortgage,Rest of Qld,median
2019-20,4.8,median_cost_income_ratio,owner_outright,owner,Owner without a mortgage,Rest of SA,median
2019-20,3.8,median_cost_income_ratio,owner_outright,owner,Owner without a mortgage,Rest of WA,median
2019-20,4.1,median_cost_income_ratio,owner_outright,owner,Owner without a mortgage,Rest of Tas.,median
2019-20,4.5,median_cost_income_ratio,owner_outright,owner,Owner without a mortgage,Total rest of state,median
2019-20,18.9,median_cost_income_ratio,owner_mortgage,owner,Owner with a mortgage,Gr. Sydney,median
2019-20,17.2,median_cost_income_ratio,owner_mortgage,owner,Owner with a mortgage,Gr. Melbourne,median
2019-20,15.8,median_cost_income_ratio,owner_mortgage,owner,Owner with a mortgage,Gr. Brisbane,median
2019-20,14.8,median_cost_income_ratio,owner_mortgage,owner,Owner with a mortgage,Gr. Adelaide,median
2019-20,16.5,median_cost_income_ratio,owner_mortgage,owner,Owner with a mortgage,Gr. Perth,median
2019-20,15.8,median_cost_income_ratio,owner_mortgage,owner,Owner with a mortgage,Gr. Hobart,median
2019-20,16.5,median_cost_income_ratio,owner_mortgage,owner,Owner with a mortgage,Gr. Darwin,median
2019-20,16.3,median_cost_income_ratio,owner_mortgage,owner,Owner with a mortgage,ACT,median
2019-20,16.9,median_cost_income_ratio,owner_mortgage,owner,Owner with a mortgage,Total GCC,median
2019-20,14.7,median_cost_income_ratio,owner_mortgage,owner,Owner with a mortgage,Rest of NSW,median
2019-20,13.2,median_cost_income_ratio,owner_mortgage,owner,Owner with a mortgage,Rest of Vic.,median
2019-20,15.4,median_cost_income_ratio,owner_mortgage,owner,Owner with a mortgage,Rest of Qld,median
2019-20,16.1,median_cost_income_ratio,owner_mortgage,owner,Owner with a mortgage,Rest of SA,median
2019-20,16.3,median_cost_income_ratio,owner_mortgage,owner,Owner with a mortgage,Rest of WA,median
2019-20,14.4,median_cost_income_ratio,owner_mortgage,owner,Owner with a mortgage,Rest of Tas.,median
2019-20,15.1,median_cost_income_ratio,owner_mortgage,owner,Owner with a mortgage,Total rest of state,median
2019-20,9.4,median_cost_income_ratio,owner_total,owner,Total owners,Gr. Sydney,median
2019-20,9.2,median_cost_income_ratio,owner_total,owner,Total owners,Gr. Melbourne,median
2019-20,9.6,median_cost_income_ratio,owner_total,owner,Total owners,Gr. Brisbane,median
2019-20,8.5,median_cost_income_ratio,owner_total,owner,Total owners,Gr. Adelaide,median
2019-20,8.8,median_cost_income_ratio,owner_total,owner,Total owners,Gr. Perth,median
2019-20,9.4,median_cost_income_ratio,owner_total,owner,Total owners,Gr. Hobart,median
2019-20,11.4,median_cost_income_ratio,owner_total,owner,Total owners,Gr. Darwin,median
2019-20,9.6,median_cost_income_ratio,owner_total,owner,Total owners,ACT,median
2019-20,9.3,median_cost_income_ratio,owner_total,owner,Total owners,Total GCC,median
2019-20,7,median_cost_income_ratio,owner_total,owner,Total owners,Rest of NSW,median
2019-20,7.7,median_cost_income_ratio,owner_total,owner,Total owners,Rest of Vic.,median
2019-20,7.6,median_cost_income_ratio,owner_total,owner,Total owners,Rest of Qld,median
2019-20,8.1,median_cost_income_ratio,owner_total,owner,Total owners,Rest of SA,median
2019-20,7.4,median_cost_income_ratio,owner_total,owner,Total owners,Rest of WA,median
2019-20,6,median_cost_income_ratio,owner_total,owner,Total owners,Rest of Tas.,median
2019-20,7.2,median_cost_income_ratio,owner_total,owner,Total owners,Total rest of state,median
2019-20,22.6,median_cost_income_ratio,renter_social,renter,State or territory housing authority,Gr. Sydney,median
2019-20,22.8,median_cost_income_ratio,renter_social,renter,State or territory housing authority,Gr. Melbourne,median
2019-20,20.1,median_cost_income_ratio,renter_social,renter,State or territory housing authority,Gr. Brisbane,median
2019-20,22.6,median_cost_income_ratio,renter_social,renter,State or territory housing authority,Gr. Adelaide,median
2019-20,24.6,median_cost_income_ratio,renter_social,renter,State or territory housing authority,Gr. Perth,median
2019-20,21.4,median_cost_income_ratio,renter_social,renter,State or territory housing authority,Gr. Hobart,median
2019-20,18.9,median_cost_income_ratio,renter_social,renter,State or territory housing authority,Gr. Darwin,median
2019-20,21,median_cost_income_ratio,renter_social,renter,State or territory housing authority,ACT,median
2019-20,22.4,median_cost_income_ratio,renter_social,renter,State or territory housing authority,Total GCC,median
2019-20,25,median_cost_income_ratio,renter_social,renter,State or territory housing authority,Rest of NSW,median
2019-20,22.7,median_cost_income_ratio,renter_social,renter,State or territory housing authority,Rest of Vic.,median
2019-20,22,median_cost_income_ratio,renter_social,renter,State or territory housing authority,Rest of Qld,median
2019-20,21.7,median_cost_income_ratio,renter_social,renter,State or territory housing authority,Rest of SA,median
2019-20,24.2,median_cost_income_ratio,renter_social,renter,State or territory housing authority,Rest of WA,median
2019-20,22.2,median_cost_income_ratio,renter_social,renter,State or territory housing authority,Rest of Tas.,median
2019-20,22.6,median_cost_income_ratio,renter_social,renter,State or territory housing authority,Total rest of state,median
2019-20,24.4,median_cost_income_ratio,renter_private,renter,Private landlord,Gr. Sydney,median
2019-20,20.4,median_cost_income_ratio,renter_private,renter,Private landlord,Gr. Melbourne,median
2019-20,22.5,median_cost_income_ratio,renter_private,renter,Private landlord,Gr. Brisbane,median
2019-20,21.4,median_cost_income_ratio,renter_private,renter,Private landlord,Gr. Adelaide,median
2019-20,20.5,median_cost_income_ratio,renter_private,renter,Private landlord,Gr. Perth,median
2019-20,24.7,median_cost_income_ratio,renter_private,renter,Private landlord,Gr. Hobart,median
2019-20,20.3,median_cost_income_ratio,renter_private,renter,Private landlord,Gr. Darwin,median
2019-20,20.2,median_cost_income_ratio,renter_private,renter,Private landlord,ACT,median
2019-20,21.8,median_cost_income_ratio,renter_private,renter,Private landlord,Total GCC,median
2019-20,24.5,median_cost_income_ratio,renter_private,renter,Private landlord,Rest of NSW,median
2019-20,20.2,median_cost_income_ratio,renter_private,renter,Private landlord,Rest of Vic.,median
2019-20,25.9,median_cost_income_ratio,renter_private,renter,Private landlord,Rest of Qld,median
2019-20,22.4,median_cost_income_ratio,renter_private,renter,Private landlord,Rest of SA,median
2019-20,18.7,median_cost_income_ratio,renter_private,renter,Private landlord,Rest of WA,median
2019-20,21.7,median_cost_income_ratio,renter_private,renter,Private landlord,Rest of Tas.,median
2019-20,23.4,median_cost_income_ratio,renter_private,renter,Private landlord,Total rest of state,median
2019-20,23.9,median_cost_income_ratio,renter_total,renter,Total renters,Gr. Sydney,median
2019-20,20.9,median_cost_income_ratio,renter_total,renter,Total renters,Gr. Melbourne,median
2019-20,21.9,median_cost_income_ratio,renter_total,renter,Total renters,Gr. Brisbane,median
2019-20,22.8,median_cost_income_ratio,renter_total,renter,Total renters,Gr. Adelaide,median
2019-20,20.5,median_cost_income_ratio,renter_total,renter,Total renters,Gr. Perth,median
2019-20,23.3,median_cost_income_ratio,renter_total,renter,Total renters,Gr. Hobart,median
2019-20,18.7,median_cost_income_ratio,renter_total,renter,Total renters,Gr. Darwin,median
2019-20,20,median_cost_income_ratio,renter_total,renter,Total renters,ACT,median
2019-20,22.1,median_cost_income_ratio,renter_total,renter,Total renters,Total GCC,median
2019-20,23.1,median_cost_income_ratio,renter_total,renter,Total renters,Rest of NSW,median
2019-20,21.1,median_cost_income_ratio,renter_total,renter,Total renters,Rest of Vic.,median
2019-20,24.7,median_cost_income_ratio,renter_total,renter,Total renters,Rest of Qld,median
2019-20,21.4,median_cost_income_ratio,renter_total,renter,Total renters,Rest of SA,median
2019-20,19.8,median_cost_income_ratio,renter_total,renter,Total renters,Rest of WA,median
2019-20,22,median_cost_income_ratio,renter_total,renter,Total renters,Rest of Tas.,median
2019-20,22.8,median_cost_income_ratio,renter_total,renter,Total renters,Total rest of state,median
2019-20,16.8,median_cost_income_ratio,all,renter,Total,Gr. Sydney,median
2019-20,13.6,median_cost_income_ratio,all,renter,Total,Gr. Melbourne,median
2019-20,15.5,median_cost_income_ratio,all,renter,Total,Gr. Brisbane,median
2019-20,13.3,median_cost_income_ratio,all,renter,Total,Gr. Adelaide,median
2019-20,13.8,median_cost_income_ratio,all,renter,Total,Gr. Perth,median
2019-20,13.6,median_cost_income_ratio,all,renter,Total,Gr. Hobart,median
2019-20,15.4,median_cost_income_ratio,all,renter,Total,Gr. Darwin,median
2019-20,13.6,median_cost_income_ratio,all,renter,Total,ACT,median
2019-20,14.8,median_cost_income_ratio,all,renter,Total,Total GCC,median
2019-20,10.8,median_cost_income_ratio,all,renter,Total,Rest of NSW,median
2019-20,9.5,median_cost_income_ratio,all,renter,Total,Rest of Vic.,median
2019-20,13.4,median_cost_income_ratio,all,renter,Total,Rest of Qld,median
2019-20,10.8,median_cost_income_ratio,all,renter,Total,Rest of SA,median
2019-20,10.7,median_cost_income_ratio,all,renter,Total,Rest of WA,median
2019-20,10.3,median_cost_income_ratio,all,renter,Total,Rest of Tas.,median
2019-20,11.3,median_cost_income_ratio,all,renter,Total,Total rest of state,median
2019-20,18.8,median_cost_income_ratio,all,family_type,Couple family with dependent children,Gr. Sydney,median
2019-20,15.1,median_cost_income_ratio,all,family_type,Couple family with dependent children,Gr. Melbourne,median
2019-20,15.8,median_cost_income_ratio,all,family_type,Couple family with dependent children,Gr. Brisbane,median
2019-20,14.9,median_cost_income_ratio,all,family_type,Couple family with dependent children,Gr. Adelaide,median
2019-20,15.4,median_cost_income_ratio,all,family_type,Couple family with dependent children,Gr. Perth,median
2019-20,14.7,median_cost_income_ratio,all,family_type,Couple family with dependent children,Gr. Hobart,median
2019-20,15.7,median_cost_income_ratio,all,family_type,Couple family with dependent children,Gr. Darwin,median
2019-20,13.8,median_cost_income_ratio,all,family_type,Couple family with dependent children,ACT,median
2019-20,16,median_cost_income_ratio,all,family_type,Couple family with dependent children,Total GCC,median
2019-20,14.1,median_cost_income_ratio,all,family_type,Couple family with dependent children,Rest of NSW,median
2019-20,13.1,median_cost_income_ratio,all,family_type,Couple family with dependent children,Rest of Vic.,median
2019-20,14.9,median_cost_income_ratio,all,family_type,Couple family with dependent children,Rest of Qld,median
2019-20,11.2,median_cost_income_ratio,all,family_type,Couple family with dependent children,Rest of SA,median
2019-20,13.4,median_cost_income_ratio,all,family_type,Couple family with dependent children,Rest of WA,median
2019-20,12.4,median_cost_income_ratio,all,family_type,Couple family with dependent children,Rest of Tas.,median
2019-20,13.8,median_cost_income_ratio,all,family_type,Couple family with dependent children,Total rest of state,median
2019-20,25.1,median_cost_income_ratio,all,family_type,One parent family with dependent children,Gr. Sydney,median
2019-20,20.5,median_cost_income_ratio,all,family_type,One parent family with dependent children,Gr. Melbourne,median
2019-20,26.4,median_cost_income_ratio,all,family_type,One parent family with dependent children,Gr. Brisbane,median
2019-20,24.6,median_cost_income_ratio,all,family_type,One parent family with dependent children,Gr. Adelaide,median
2019-20,26.8,median_cost_income_ratio,all,family_type,One parent family with dependent children,Gr. Perth,median
2019-20,22.4,median_cost_income_ratio,all,family_type,One parent family with dependent children,Gr. Hobart,median
2019-20,20.2,median_cost_income_ratio,all,family_type,One parent family with dependent children,Gr. Darwin,median
2019-20,17.3,median_cost_income_ratio,all,family_type,One parent family with dependent children,ACT,median
2019-20,24.2,median_cost_income_ratio,all,family_type,One parent family with dependent children,Total GCC,median
2019-20,23.1,median_cost_income_ratio,all,family_type,One parent family with dependent children,Rest of NSW,median
2019-20,18.9,median_cost_income_ratio,all,family_type,One parent family with dependent children,Rest of Vic.,median
2019-20,22.6,median_cost_income_ratio,all,family_type,One parent family with dependent children,Rest of Qld,median
2019-20,21.6,median_cost_income_ratio,all,family_type,One parent family with dependent children,Rest of SA,median
2019-20,22.2,median_cost_income_ratio,all,family_type,One parent family with dependent children,Rest of WA,median
2019-20,22.6,median_cost_income_ratio,all,family_type,One parent family with dependent children,Rest of Tas.,median
2019-20,22,median_cost_income_ratio,all,family_type,One parent family with dependent children,Total rest of state,median
2019-20,12.1,median_cost_income_ratio,all,family_type,Couple only,Gr. Sydney,median
2019-20,10,median_cost_income_ratio,all,family_type,Couple only,Gr. Melbourne,median
2019-20,11.9,median_cost_income_ratio,all,family_type,Couple only,Gr. Brisbane,median
2019-20,7.6,median_cost_income_ratio,all,family_type,Couple only,Gr. Adelaide,median
2019-20,8.9,median_cost_income_ratio,all,family_type,Couple only,Gr. Perth,median
2019-20,7.8,median_cost_income_ratio,all,family_type,Couple only,Gr. Hobart,median
2019-20,12.8,median_cost_income_ratio,all,family_type,Couple only,Gr. Darwin,median
2019-20,8.6,median_cost_income_ratio,all,family_type,Couple only,ACT,median
2019-20,10.6,median_cost_income_ratio,all,family_type,Couple only,Total GCC,median
2019-20,6.3,median_cost_income_ratio,all,family_type,Couple only,Rest of NSW,median
2019-20,5.9,median_cost_income_ratio,all,family_type,Couple only,Rest of Vic.,median
2019-20,7,median_cost_income_ratio,all,family_type,Couple only,Rest of Qld,median
2019-20,6.7,median_cost_income_ratio,all,family_type,Couple only,Rest of SA,median
2019-20,5.8,median_cost_income_ratio,all,family_type,Couple only,Rest of WA,median
2019-20,5.3,median_cost_income_ratio,all,family_type,Couple only,Rest of Tas.,median
2019-20,6.4,median_cost_income_ratio,all,family_type,Couple only,Total rest of state,median
2019-20,12.2,median_cost_income_ratio,all,family_type,Other one family households,Gr. Sydney,median
2019-20,10.8,median_cost_income_ratio,all,family_type,Other one family households,Gr. Melbourne,median
2019-20,10.8,median_cost_income_ratio,all,family_type,Other one family households,Gr. Brisbane,median
2019-20,11.4,median_cost_income_ratio,all,family_type,Other one family households,Gr. Adelaide,median
2019-20,6.1,median_cost_income_ratio,all,family_type,Other one family households,Gr. Perth,median
2019-20,11.6,median_cost_income_ratio,all,family_type,Other one family households,Gr. Hobart,median
2019-20,12.6,median_cost_income_ratio,all,family_type,Other one family households,Gr. Darwin,median
2019-20,6,median_cost_income_ratio,all,family_type,Other one family households,ACT,median
2019-20,10.2,median_cost_income_ratio,all,family_type,Other one family households,Total GCC,median
2019-20,5.1,median_cost_income_ratio,all,family_type,Other one family households,Rest of NSW,median
2019-20,5.7,median_cost_income_ratio,all,family_type,Other one family households,Rest of Vic.,median
2019-20,5.9,median_cost_income_ratio,all,family_type,Other one family households,Rest of Qld,median
2019-20,9.4,median_cost_income_ratio,all,family_type,Other one family households,Rest of SA,median
2019-20,9,median_cost_income_ratio,all,family_type,Other one family households,Rest of WA,median
2019-20,10,median_cost_income_ratio,all,family_type,Other one family households,Rest of Tas.,median
2019-20,5.9,median_cost_income_ratio,all,family_type,Other one family households,Total rest of state,median
2019-20,15.1,median_cost_income_ratio,all,family_type,Multiple family households,Gr. Sydney,median
2019-20,12.9,median_cost_income_ratio,all,family_type,Multiple family households,Gr. Melbourne,median
2019-20,11.1,median_cost_income_ratio,all,family_type,Multiple family households,Gr. Brisbane,median
2019-20,7,median_cost_income_ratio,all,family_type,Multiple family households,Gr. Adelaide,median
2019-20,1,median_cost_income_ratio,all,family_type,Multiple family households,Gr. Perth,median
2019-20,0.7,median_cost_income_ratio,all,family_type,Multiple family households,Gr. Hobart,median
2019-20,12.5,median_cost_income_ratio,all,family_type,Multiple family households,Gr. Darwin,median
2019-20,9.2,median_cost_income_ratio,all,family_type,Multiple family households,ACT,median
2019-20,12.9,median_cost_income_ratio,all,family_type,Multiple family households,Total GCC,median
2019-20,5.7,median_cost_income_ratio,all,family_type,Multiple family households,Rest of NSW,median
2019-20,8.4,median_cost_income_ratio,all,family_type,Multiple family households,Rest of Vic.,median
2019-20,14.2,median_cost_income_ratio,all,family_type,Multiple family households,Rest of Qld,median
2019-20,0,median_cost_income_ratio,all,family_type,Multiple family households,Rest of SA,median
2019-20,5.2,median_cost_income_ratio,all,family_type,Multiple family households,Rest of WA,median
2019-20,0,median_cost_income_ratio,all,family_type,Multiple family households,Rest of Tas.,median
2019-20,8.3,median_cost_income_ratio,all,family_type,Multiple family households,Total rest of state,median
2019-20,18.6,median_cost_income_ratio,all,family_type,Lone person households,Gr. Sydney,median
2019-20,16.2,median_cost_income_ratio,all,family_type,Lone person households,Gr. Melbourne,median
2019-20,16.1,median_cost_income_ratio,all,family_type,Lone person households,Gr. Brisbane,median
2019-20,16.9,median_cost_income_ratio,all,family_type,Lone person households,Gr. Adelaide,median
2019-20,17.6,median_cost_income_ratio,all,family_type,Lone person households,Gr. Perth,median
2019-20,14.5,median_cost_income_ratio,all,family_type,Lone person households,Gr. Hobart,median
2019-20,18.5,median_cost_income_ratio,all,family_type,Lone person households,Gr. Darwin,median
2019-20,19,median_cost_income_ratio,all,family_type,Lone person households,ACT,median
2019-20,17.2,median_cost_income_ratio,all,family_type,Lone person households,Total GCC,median
2019-20,12.5,median_cost_income_ratio,all,family_type,Lone person households,Rest of NSW,median
2019-20,14.6,median_cost_income_ratio,all,family_type,Lone person households,Rest of Vic.,median
2019-20,21.4,median_cost_income_ratio,all,family_type,Lone person households,Rest of Qld,median
2019-20,13,median_cost_income_ratio,all,family_type,Lone person households,Rest of SA,median
2019-20,12.5,median_cost_income_ratio,all,family_type,Lone person households,Rest of WA,median
2019-20,14.6,median_cost_income_ratio,all,family_type,Lone person households,Rest of Tas.,median
2019-20,14.7,median_cost_income_ratio,all,family_type,Lone person households,Total rest of state,median
2019-20,23.1,median_cost_income_ratio,all,family_type,Group households,Gr. Sydney,median
2019-20,20.1,median_cost_income_ratio,all,family_type,Group households,Gr. Melbourne,median
2019-20,17.9,median_cost_income_ratio,all,family_type,Group households,Gr. Brisbane,median
2019-20,20.5,median_cost_income_ratio,all,family_type,Group households,Gr. Adelaide,median
2019-20,25.8,median_cost_income_ratio,all,family_type,Group households,Gr. Perth,median
2019-20,29.3,median_cost_income_ratio,all,family_type,Group households,Gr. Hobart,median
2019-20,17.4,median_cost_income_ratio,all,family_type,Group households,Gr. Darwin,median
2019-20,13.3,median_cost_income_ratio,all,family_type,Group households,ACT,median
2019-20,19.2,median_cost_income_ratio,all,family_type,Group households,Total GCC,median
2019-20,10.2,median_cost_income_ratio,all,family_type,Group households,Rest of NSW,median
2019-20,8.3,median_cost_income_ratio,all,family_type,Group households,Rest of Vic.,median
2019-20,30.1,median_cost_income_ratio,all,family_type,Group households,Rest of Qld,median
2019-20,26.7,median_cost_income_ratio,all,family_type,Group households,Rest of SA,median
2019-20,6.7,median_cost_income_ratio,all,family_type,Group households,Rest of WA,median
2019-20,6,median_cost_income_ratio,all,family_type,Group households,Rest of Tas.,median
2019-20,14,median_cost_income_ratio,all,family_type,Group households,Total rest of state,median
2019-20,16.8,median_cost_income_ratio,all,family_type,Total,Gr. Sydney,median
2019-20,13.6,median_cost_income_ratio,all,family_type,Total,Gr. Melbourne,median
2019-20,15.5,median_cost_income_ratio,all,family_type,Total,Gr. Brisbane,median
2019-20,13.3,median_cost_income_ratio,all,family_type,Total,Gr. Adelaide,median
2019-20,13.8,median_cost_income_ratio,all,family_type,Total,Gr. Perth,median
2019-20,13.6,median_cost_income_ratio,all,family_type,Total,Gr. Hobart,median
2019-20,15.4,median_cost_income_ratio,all,family_type,Total,Gr. Darwin,median
2019-20,13.6,median_cost_income_ratio,all,family_type,Total,ACT,median
2019-20,14.8,median_cost_income_ratio,all,family_type,Total,Total GCC,median
2019-20,10.8,median_cost_income_ratio,all,family_type,Total,Rest of NSW,median
2019-20,9.5,median_cost_income_ratio,all,family_type,Total,Rest of Vic.,median
2019-20,13.4,median_cost_income_ratio,all,family_type,Total,Rest of Qld,median
2019-20,10.8,median_cost_income_ratio,all,family_type,Total,Rest of SA,median
2019-20,10.7,median_cost_income_ratio,all,family_type,Total,Rest of WA,median
2019-20,10.3,median_cost_income_ratio,all,family_type,Total,Rest of Tas.,median
2019-20,11.3,median_cost_income_ratio,all,family_type,Total,Total rest of state,median
2019-20,13,median_cost_income_ratio,all,dwelling_structure,Separate house,Gr. Sydney,median
2019-20,11.2,median_cost_income_ratio,all,dwelling_structure,Separate house,Gr. Melbourne,median
2019-20,14.5,median_cost_income_ratio,all,dwelling_structure,Separate house,Gr. Brisbane,median
2019-20,11.1,median_cost_income_ratio,all,dwelling_structure,Separate house,Gr. Adelaide,median
2019-20,12.9,median_cost_income_ratio,all,dwelling_structure,Separate house,Gr. Perth,median
2019-20,12.6,median_cost_income_ratio,all,dwelling_structure,Separate house,Gr. Hobart,median
2019-20,14.6,median_cost_income_ratio,all,dwelling_structure,Separate house,Gr. Darwin,median
2019-20,11.8,median_cost_income_ratio,all,dwelling_structure,Separate house,ACT,median
2019-20,12.6,median_cost_income_ratio,all,dwelling_structure,Separate house,Total GCC,median
2019-20,9.5,median_cost_income_ratio,all,dwelling_structure,Separate house,Rest of NSW,median
2019-20,9.2,median_cost_income_ratio,all,dwelling_structure,Separate house,Rest of Vic.,median
2019-20,10.4,median_cost_income_ratio,all,dwelling_structure,Separate house,Rest of Qld,median
2019-20,9.7,median_cost_income_ratio,all,dwelling_structure,Separate house,Rest of SA,median
2019-20,9.9,median_cost_income_ratio,all,dwelling_structure,Separate house,Rest of WA,median
2019-20,10.1,median_cost_income_ratio,all,dwelling_structure,Separate house,Rest of Tas.,median
2019-20,9.7,median_cost_income_ratio,all,dwelling_structure,Separate house,Total rest of state,median
2019-20,17.4,median_cost_income_ratio,all,dwelling_structure,"Semi-detached, row or terrace house, townhouse",Gr. Sydney,median
2019-20,14.4,median_cost_income_ratio,all,dwelling_structure,"Semi-detached, row or terrace house, townhouse",Gr. Melbourne,median
2019-20,17.7,median_cost_income_ratio,all,dwelling_structure,"Semi-detached, row or terrace house, townhouse",Gr. Brisbane,median
2019-20,16.4,median_cost_income_ratio,all,dwelling_structure,"Semi-detached, row or terrace house, townhouse",Gr. Adelaide,median
2019-20,14.7,median_cost_income_ratio,all,dwelling_structure,"Semi-detached, row or terrace house, townhouse",Gr. Perth,median
2019-20,16,median_cost_income_ratio,all,dwelling_structure,"Semi-detached, row or terrace house, townhouse",Gr. Hobart,median
2019-20,17.8,median_cost_income_ratio,all,dwelling_structure,"Semi-detached, row or terrace house, townhouse",Gr. Darwin,median
2019-20,16.1,median_cost_income_ratio,all,dwelling_structure,"Semi-detached, row or terrace house, townhouse",ACT,median
2019-20,16.1,median_cost_income_ratio,all,dwelling_structure,"Semi-detached, row or terrace house, townhouse",Total GCC,median
2019-20,10.2,median_cost_income_ratio,all,dwelling_structure,"Semi-detached, row or terrace house, townhouse",Rest of NSW,median
2019-20,12.3,median_cost_income_ratio,all,dwelling_structure,"Semi-detached, row or terrace house, townhouse",Rest of Vic.,median
2019-20,19.8,median_cost_income_ratio,all,dwelling_structure,"Semi-detached, row or terrace house, townhouse",Rest of Qld,median
2019-20,16.3,median_cost_income_ratio,all,dwelling_structure,"Semi-detached, row or terrace house, townhouse",Rest of SA,median
2019-20,17.8,median_cost_income_ratio,all,dwelling_structure,"Semi-detached, row or terrace house, townhouse",Rest of WA,median
2019-20,13,median_cost_income_ratio,all,dwelling_structure,"Semi-detached, row or terrace house, townhouse",Rest of Tas.,median
2019-20,13.9,median_cost_income_ratio,all,dwelling_structure,"Semi-detached, row or terrace house, townhouse",Total rest of state,median
2019-20,20.3,median_cost_income_ratio,all,dwelling_structure,Flat or apartment,Gr. Sydney,median
2019-20,19.5,median_cost_income_ratio,all,dwelling_structure,Flat or apartment,Gr. Melbourne,median
2019-20,22.3,median_cost_income_ratio,all,dwelling_structure,Flat or apartment,Gr. Brisbane,median
2019-20,19.2,median_cost_income_ratio,all,dwelling_structure,Flat or apartment,Gr. Adelaide,median
2019-20,21.3,median_cost_income_ratio,all,dwelling_structure,Flat or apartment,Gr. Perth,median
2019-20,21,median_cost_income_ratio,all,dwelling_structure,Flat or apartment,Gr. Hobart,median
2019-20,14.6,median_cost_income_ratio,all,dwelling_structure,Flat or apartment,Gr. Darwin,median
2019-20,16.9,median_cost_income_ratio,all,dwelling_structure,Flat or apartment,ACT,median
2019-20,19.9,median_cost_income_ratio,all,dwelling_structure,Flat or apartment,Total GCC,median
2019-20,23.8,median_cost_income_ratio,all,dwelling_structure,Flat or apartment,Rest of NSW,median
2019-20,23.6,median_cost_income_ratio,all,dwelling_structure,Flat or apartment,Rest of Vic.,median
2019-20,24,median_cost_income_ratio,all,dwelling_structure,Flat or apartment,Rest of Qld,median
2019-20,22.1,median_cost_income_ratio,all,dwelling_structure,Flat or apartment,Rest of SA,median
2019-20,28.4,median_cost_income_ratio,all,dwelling_structure,Flat or apartment,Rest of WA,median
2019-20,23.1,median_cost_income_ratio,all,dwelling_structure,Flat or apartment,Rest of Tas.,median
2019-20,24.1,median_cost_income_ratio,all,dwelling_structure,Flat or apartment,Total rest of state,median
2019-20,16.8,median_cost_income_ratio,all,dwelling_structure,Total,Gr. Sydney,median
2019-20,13.6,median_cost_income_ratio,all,dwelling_structure,Total,Gr. Melbourne,median
2019-20,15.5,median_cost_income_ratio,all,dwelling_structure,Total,Gr. Brisbane,median
2019-20,13.3,median_cost_income_ratio,all,dwelling_structure,Total,Gr. Adelaide,median
2019-20,13.8,median_cost_income_ratio,all,dwelling_structure,Total,Gr. Perth,median
2019-20,13.6,median_cost_income_ratio,all,dwelling_structure,Total,Gr. Hobart,median
2019-20,15.4,median_cost_income_ratio,all,dwelling_structure,Total,Gr. Darwin,median
2019-20,13.6,median_cost_income_ratio,all,dwelling_structure,Total,ACT,median
2019-20,14.8,median_cost_income_ratio,all,dwelling_structure,Total,Total GCC,median
2019-20,10.8,median_cost_income_ratio,all,dwelling_structure,Total,Rest of NSW,median
2019-20,9.5,median_cost_income_ratio,all,dwelling_structure,Total,Rest of Vic.,median
2019-20,13.4,median_cost_income_ratio,all,dwelling_structure,Total,Rest of Qld,median
2019-20,10.8,median_cost_income_ratio,all,dwelling_structure,Total,Rest of SA,median
2019-20,10.7,median_cost_income_ratio,all,dwelling_structure,Total,Rest of WA,median
2019-20,10.3,median_cost_income_ratio,all,dwelling_structure,Total,Rest of Tas.,median
2019-20,11.3,median_cost_income_ratio,all,dwelling_structure,Total,Total rest of state,median
2019-20,23.2,median_cost_income_ratio,all,equiv_income_quintile,Lowest quintile,Gr. Sydney,median
2019-20,17.8,median_cost_income_ratio,all,equiv_income_quintile,Lowest quintile,Gr. Melbourne,median
2019-20,17.7,median_cost_income_ratio,all,equiv_income_quintile,Lowest quintile,Gr. Brisbane,median
2019-20,19.4,median_cost_income_ratio,all,equiv_income_quintile,Lowest quintile,Gr. Adelaide,median
2019-20,20.5,median_cost_income_ratio,all,equiv_income_quintile,Lowest quintile,Gr. Perth,median
2019-20,20.5,median_cost_income_ratio,all,equiv_income_quintile,Lowest quintile,Gr. Hobart,median
2019-20,22.5,median_cost_income_ratio,all,equiv_income_quintile,Lowest quintile,Gr. Darwin,median
2019-20,20.1,median_cost_income_ratio,all,equiv_income_quintile,Lowest quintile,ACT,median
2019-20,20,median_cost_income_ratio,all,equiv_income_quintile,Lowest quintile,Total GCC,median
2019-20,13.5,median_cost_income_ratio,all,equiv_income_quintile,Lowest quintile,Rest of NSW,median
2019-20,11.7,median_cost_income_ratio,all,equiv_income_quintile,Lowest quintile,Rest of Vic.,median
2019-20,20.2,median_cost_income_ratio,all,equiv_income_quintile,Lowest quintile,Rest of Qld,median
2019-20,17,median_cost_income_ratio,all,equiv_income_quintile,Lowest quintile,Rest of SA,median
2019-20,15.3,median_cost_income_ratio,all,equiv_income_quintile,Lowest quintile,Rest of WA,median
2019-20,13.2,median_cost_income_ratio,all,equiv_income_quintile,Lowest quintile,Rest of Tas.,median
2019-20,14.5,median_cost_income_ratio,all,equiv_income_quintile,Lowest quintile,Total rest of state,median
2019-20,18.4,median_cost_income_ratio,all,equiv_income_quintile,Second quintile,Gr. Sydney,median
2019-20,16.9,median_cost_income_ratio,all,equiv_income_quintile,Second quintile,Gr. Melbourne,median
2019-20,21,median_cost_income_ratio,all,equiv_income_quintile,Second quintile,Gr. Brisbane,median
2019-20,15.8,median_cost_income_ratio,all,equiv_income_quintile,Second quintile,Gr. Adelaide,median
2019-20,17.1,median_cost_income_ratio,all,equiv_income_quintile,Second quintile,Gr. Perth,median
2019-20,15.8,median_cost_income_ratio,all,equiv_income_quintile,Second quintile,Gr. Hobart,median
2019-20,20,median_cost_income_ratio,all,equiv_income_quintile,Second quintile,Gr. Darwin,median
2019-20,17.3,median_cost_income_ratio,all,equiv_income_quintile,Second quintile,ACT,median
2019-20,18.1,median_cost_income_ratio,all,equiv_income_quintile,Second quintile,Total GCC,median
2019-20,12.3,median_cost_income_ratio,all,equiv_income_quintile,Second quintile,Rest of NSW,median
2019-20,7.1,median_cost_income_ratio,all,equiv_income_quintile,Second quintile,Rest of Vic.,median
2019-20,9.8,median_cost_income_ratio,all,equiv_income_quintile,Second quintile,Rest of Qld,median
2019-20,10.9,median_cost_income_ratio,all,equiv_income_quintile,Second quintile,Rest of SA,median
2019-20,12.1,median_cost_income_ratio,all,equiv_income_quintile,Second quintile,Rest of WA,median
2019-20,11.1,median_cost_income_ratio,all,equiv_income_quintile,Second quintile,Rest of Tas.,median
2019-20,10.4,median_cost_income_ratio,all,equiv_income_quintile,Second quintile,Total rest of state,median
2019-20,20.2,median_cost_income_ratio,all,equiv_income_quintile,Third quintile,Gr. Sydney,median
2019-20,14.6,median_cost_income_ratio,all,equiv_income_quintile,Third quintile,Gr. Melbourne,median
2019-20,17.2,median_cost_income_ratio,all,equiv_income_quintile,Third quintile,Gr. Brisbane,median
2019-20,15.5,median_cost_income_ratio,all,equiv_income_quintile,Third quintile,Gr. Adelaide,median
2019-20,16.5,median_cost_income_ratio,all,equiv_income_quintile,Third quintile,Gr. Perth,median
2019-20,14.8,median_cost_income_ratio,all,equiv_income_quintile,Third quintile,Gr. Hobart,median
2019-20,17.7,median_cost_income_ratio,all,equiv_income_quintile,Third quintile,Gr. Darwin,median
2019-20,14.7,median_cost_income_ratio,all,equiv_income_quintile,Third quintile,ACT,median
2019-20,17.5,median_cost_income_ratio,all,equiv_income_quintile,Third quintile,Total GCC,median
2019-20,12.7,median_cost_income_ratio,all,equiv_income_quintile,Third quintile,Rest of NSW,median
2019-20,11.6,median_cost_income_ratio,all,equiv_income_quintile,Third quintile,Rest of Vic.,median
2019-20,15.2,median_cost_income_ratio,all,equiv_income_quintile,Third quintile,Rest of Qld,median
2019-20,12.2,median_cost_income_ratio,all,equiv_income_quintile,Third quintile,Rest of SA,median
2019-20,14.9,median_cost_income_ratio,all,equiv_income_quintile,Third quintile,Rest of WA,median
2019-20,11.9,median_cost_income_ratio,all,equiv_income_quintile,Third quintile,Rest of Tas.,median
2019-20,12.6,median_cost_income_ratio,all,equiv_income_quintile,Third quintile,Total rest of state,median
2019-20,18,median_cost_income_ratio,all,equiv_income_quintile,Fourth quintile,Gr. Sydney,median
2019-20,14.7,median_cost_income_ratio,all,equiv_income_quintile,Fourth quintile,Gr. Melbourne,median
2019-20,16.2,median_cost_income_ratio,all,equiv_income_quintile,Fourth quintile,Gr. Brisbane,median
2019-20,11.6,median_cost_income_ratio,all,equiv_income_quintile,Fourth quintile,Gr. Adelaide,median
2019-20,12.9,median_cost_income_ratio,all,equiv_income_quintile,Fourth quintile,Gr. Perth,median
2019-20,15.4,median_cost_income_ratio,all,equiv_income_quintile,Fourth quintile,Gr. Hobart,median
2019-20,14.2,median_cost_income_ratio,all,equiv_income_quintile,Fourth quintile,Gr. Darwin,median
2019-20,14.9,median_cost_income_ratio,all,equiv_income_quintile,Fourth quintile,ACT,median
2019-20,15.5,median_cost_income_ratio,all,equiv_income_quintile,Fourth quintile,Total GCC,median
2019-20,12.5,median_cost_income_ratio,all,equiv_income_quintile,Fourth quintile,Rest of NSW,median
2019-20,9.2,median_cost_income_ratio,all,equiv_income_quintile,Fourth quintile,Rest of Vic.,median
2019-20,15.1,median_cost_income_ratio,all,equiv_income_quintile,Fourth quintile,Rest of Qld,median
2019-20,9.3,median_cost_income_ratio,all,equiv_income_quintile,Fourth quintile,Rest of SA,median
2019-20,10.7,median_cost_income_ratio,all,equiv_income_quintile,Fourth quintile,Rest of WA,median
2019-20,9.6,median_cost_income_ratio,all,equiv_income_quintile,Fourth quintile,Rest of Tas.,median
2019-20,12.2,median_cost_income_ratio,all,equiv_income_quintile,Fourth quintile,Total rest of state,median
2019-20,12,median_cost_income_ratio,all,equiv_income_quintile,Highest quintile,Gr. Sydney,median
2019-20,10.6,median_cost_income_ratio,all,equiv_income_quintile,Highest quintile,Gr. Melbourne,median
2019-20,9,median_cost_income_ratio,all,equiv_income_quintile,Highest quintile,Gr. Brisbane,median
2019-20,9.6,median_cost_income_ratio,all,equiv_income_quintile,Highest quintile,Gr. Adelaide,median
2019-20,8.7,median_cost_income_ratio,all,equiv_income_quintile,Highest quintile,Gr. Perth,median
2019-20,6.2,median_cost_income_ratio,all,equiv_income_quintile,Highest quintile,Gr. Hobart,median
2019-20,11.3,median_cost_income_ratio,all,equiv_income_quintile,Highest quintile,Gr. Darwin,median
2019-20,10.5,median_cost_income_ratio,all,equiv_income_quintile,Highest quintile,ACT,median
2019-20,10.4,median_cost_income_ratio,all,equiv_income_quintile,Highest quintile,Total GCC,median
2019-20,8.5,median_cost_income_ratio,all,equiv_income_quintile,Highest quintile,Rest of NSW,median
2019-20,8.4,median_cost_income_ratio,all,equiv_income_quintile,Highest quintile,Rest of Vic.,median
2019-20,9.3,median_cost_income_ratio,all,equiv_income_quintile,Highest quintile,Rest of Qld,median
2019-20,4.7,median_cost_income_ratio,all,equiv_income_quintile,Highest quintile,Rest of SA,median
2019-20,5.3,median_cost_income_ratio,all,equiv_income_quintile,Highest quintile,Rest of WA,median
2019-20,7.8,median_cost_income_ratio,all,equiv_income_quintile,Highest quintile,Rest of Tas.,median
2019-20,8.4,median_cost_income_ratio,all,equiv_income_quintile,Highest quintile,Total rest of state,median
2019-20,16.8,median_cost_income_ratio,all,equiv_income_quintile,Total,Gr. Sydney,median
2019-20,13.6,median_cost_income_ratio,all,equiv_income_quintile,Total,Gr. Melbourne,median
2019-20,15.5,median_cost_income_ratio,all,equiv_income_quintile,Total,Gr. Brisbane,median
2019-20,13.3,median_cost_income_ratio,all,equiv_income_quintile,Total,Gr. Adelaide,median
2019-20,13.8,median_cost_income_ratio,all,equiv_income_quintile,Total,Gr. Perth,median
2019-20,13.6,median_cost_income_ratio,all,equiv_income_quintile,Total,Gr. Hobart,median
2019-20,15.4,median_cost_income_ratio,all,equiv_income_quintile,Total,Gr. Darwin,median
2019-20,13.6,median_cost_income_ratio,all,equiv_income_quintile,Total,ACT,median
2019-20,14.8,median_cost_income_ratio,all,equiv_income_quintile,Total,Total GCC,median
2019-20,10.8,median_cost_income_ratio,all,equiv_income_quintile,Total,Rest of NSW,median
2019-20,9.5,median_cost_income_ratio,all,equiv_income_quintile,Total,Rest of Vic.,median
2019-20,13.4,median_cost_income_ratio,all,equiv_income_quintile,Total,Rest of Qld,median
2019-20,10.8,median_cost_income_ratio,all,equiv_income_quintile,Total,Rest of SA,median
2019-20,10.7,median_cost_income_ratio,all,equiv_income_quintile,Total,Rest of WA,median
2019-20,10.3,median_cost_income_ratio,all,equiv_income_quintile,Total,Rest of Tas.,median
2019-20,11.3,median_cost_income_ratio,all,equiv_income_quintile,Total,Total rest of state,median
2019-20,19.9,median_cost_income_ratio,all,equiv_income_quintile,Lower Income households,Gr. Sydney,median
2019-20,15.1,median_cost_income_ratio,all,equiv_income_quintile,Lower Income households,Gr. Melbourne,median
2019-20,19.2,median_cost_income_ratio,all,equiv_income_quintile,Lower Income households,Gr. Brisbane,median
2019-20,17.6,median_cost_income_ratio,all,equiv_income_quintile,Lower Income households,Gr. Adelaide,median
2019-20,17.6,median_cost_income_ratio,all,equiv_income_quintile,Lower Income households,Gr. Perth,median
2019-20,16.4,median_cost_income_ratio,all,equiv_income_quintile,Lower Income households,Gr. Hobart,median
2019-20,21.2,median_cost_income_ratio,all,equiv_income_quintile,Lower Income households,Gr. Darwin,median
2019-20,19.5,median_cost_income_ratio,all,equiv_income_quintile,Lower Income households,ACT,median
2019-20,18.1,median_cost_income_ratio,all,equiv_income_quintile,Lower Income households,Total GCC,median
2019-20,11.6,median_cost_income_ratio,all,equiv_income_quintile,Lower Income households,Rest of NSW,median
2019-20,10.3,median_cost_income_ratio,all,equiv_income_quintile,Lower Income households,Rest of Vic.,median
2019-20,15.8,median_cost_income_ratio,all,equiv_income_quintile,Lower Income households,Rest of Qld,median
2019-20,14.1,median_cost_income_ratio,all,equiv_income_quintile,Lower Income households,Rest of SA,median
2019-20,13.5,median_cost_income_ratio,all,equiv_income_quintile,Lower Income households,Rest of WA,median
2019-20,11.2,median_cost_income_ratio,all,equiv_income_quintile,Lower Income households,Rest of Tas.,median
2019-20,12.2,median_cost_income_ratio,all,equiv_income_quintile,Lower Income households,Total rest of state,median
2019-20,17.9,median_cost_income_ratio,all,income_source,Employee Income,Gr. Sydney,median
2019-20,15,median_cost_income_ratio,all,income_source,Employee Income,Gr. Melbourne,median
2019-20,16.4,median_cost_income_ratio,all,income_source,Employee Income,Gr. Brisbane,median
2019-20,15.1,median_cost_income_ratio,all,income_source,Employee Income,Gr. Adelaide,median
2019-20,14.9,median_cost_income_ratio,all,income_source,Employee Income,Gr. Perth,median
2019-20,15.5,median_cost_income_ratio,all,income_source,Employee Income,Gr. Hobart,median
2019-20,15.9,median_cost_income_ratio,all,income_source,Employee Income,Gr. Darwin,median
2019-20,14.7,median_cost_income_ratio,all,income_source,Employee Income,ACT,median
2019-20,16,median_cost_income_ratio,all,income_source,Employee Income,Total GCC,median
2019-20,14.3,median_cost_income_ratio,all,income_source,Employee Income,Rest of NSW,median
2019-20,12.3,median_cost_income_ratio,all,income_source,Employee Income,Rest of Vic.,median
2019-20,15.1,median_cost_income_ratio,all,income_source,Employee Income,Rest of Qld,median
2019-20,13,median_cost_income_ratio,all,income_source,Employee Income,Rest of SA,median
2019-20,12.6,median_cost_income_ratio,all,income_source,Employee Income,Rest of WA,median
2019-20,13.2,median_cost_income_ratio,all,income_source,Employee Income,Rest of Tas.,median
2019-20,14.1,median_cost_income_ratio,all,income_source,Employee Income,Total rest of state,median
2019-20,22.9,median_cost_income_ratio,all,income_source,Own unincorporated business income,Gr. Sydney,median
2019-20,22.1,median_cost_income_ratio,all,income_source,Own unincorporated business income,Gr. Melbourne,median
2019-20,14.2,median_cost_income_ratio,all,income_source,Own unincorporated business income,Gr. Brisbane,median
2019-20,23.3,median_cost_income_ratio,all,income_source,Own unincorporated business income,Gr. Adelaide,median
2019-20,17.9,median_cost_income_ratio,all,income_source,Own unincorporated business income,Gr. Perth,median
2019-20,12.7,median_cost_income_ratio,all,income_source,Own unincorporated business income,Gr. Hobart,median
2019-20,0.7,median_cost_income_ratio,all,income_source,Own unincorporated business income,Gr. Darwin,median
2019-20,22.5,median_cost_income_ratio,all,income_source,Own unincorporated business income,ACT,median
2019-20,22.7,median_cost_income_ratio,all,income_source,Own unincorporated business income,Total GCC,median
2019-20,14.1,median_cost_income_ratio,all,income_source,Own unincorporated business income,Rest of NSW,median
2019-20,7.9,median_cost_income_ratio,all,income_source,Own unincorporated business income,Rest of Vic.,median
2019-20,6.4,median_cost_income_ratio,all,income_source,Own unincorporated business income,Rest of Qld,median
2019-20,9.9,median_cost_income_ratio,all,income_source,Own unincorporated business income,Rest of SA,median
2019-20,12.3,median_cost_income_ratio,all,income_source,Own unincorporated business income,Rest of WA,median
2019-20,2.7,median_cost_income_ratio,all,income_source,Own unincorporated business income,Rest of Tas.,median
2019-20,9.3,median_cost_income_ratio,all,income_source,Own unincorporated business income,Total rest of state,median
2019-20,18,median_cost_income_ratio,all,income_source,Government pensions and allowances,Gr. Sydney,median
2019-20,9.9,median_cost_income_ratio,all,income_source,Government pensions and allowances,Gr. Melbourne,median
2019-20,16.1,median_cost_income_ratio,all,income_source,Government pensions and allowances,Gr. Brisbane,median
2019-20,12,median_cost_income_ratio,all,income_source,Government pensions and allowances,Gr. Adelaide,median
2019-20,12.8,median_cost_income_ratio,all,income_source,Government pensions and allowances,Gr. Perth,median
2019-20,11.4,median_cost_income_ratio,all,income_source,Government pensions and allowances,Gr. Hobart,median
2019-20,17.1,median_cost_income_ratio,all,income_source,Government pensions and allowances,Gr. Darwin,median
2019-20,20.1,median_cost_income_ratio,all,income_source,Government pensions and allowances,ACT,median
2019-20,12.2,median_cost_income_ratio,all,income_source,Government pensions and allowances,Total GCC,median
2019-20,9.6,median_cost_income_ratio,all,income_source,Government pensions and allowances,Rest of NSW,median
2019-20,9.5,median_cost_income_ratio,all,income_source,Government pensions and allowances,Rest of Vic.,median
2019-20,10,median_cost_income_ratio,all,income_source,Government pensions and allowances,Rest of Qld,median
2019-20,11.1,median_cost_income_ratio,all,income_source,Government pensions and allowances,Rest of SA,median
2019-20,12,median_cost_income_ratio,all,income_source,Government pensions and allowances,Rest of WA,median
2019-20,9.9,median_cost_income_ratio,all,income_source,Government pensions and allowances,Rest of Tas.,median
2019-20,10,median_cost_income_ratio,all,income_source,Government pensions and allowances,Total rest of state,median
2019-20,4.7,median_cost_income_ratio,all,income_source,Other income,Gr. Sydney,median
2019-20,5.6,median_cost_income_ratio,all,income_source,Other income,Gr. Melbourne,median
2019-20,4.7,median_cost_income_ratio,all,income_source,Other income,Gr. Brisbane,median
2019-20,4.4,median_cost_income_ratio,all,income_source,Other income,Gr. Adelaide,median
2019-20,5,median_cost_income_ratio,all,income_source,Other income,Gr. Perth,median
2019-20,4.6,median_cost_income_ratio,all,income_source,Other income,Gr. Hobart,median
2019-20,5.8,median_cost_income_ratio,all,income_source,Other income,Gr. Darwin,median
2019-20,4.7,median_cost_income_ratio,all,income_source,Other income,ACT,median
2019-20,5,median_cost_income_ratio,all,income_source,Other income,Total GCC,median
2019-20,4.8,median_cost_income_ratio,all,income_source,Other income,Rest of NSW,median
2019-20,6,median_cost_income_ratio,all,income_source,Other income,Rest of Vic.,median
2019-20,7.3,median_cost_income_ratio,all,income_source,Other income,Rest of Qld,median
2019-20,4.6,median_cost_income_ratio,all,income_source,Other income,Rest of SA,median
2019-20,4.3,median_cost_income_ratio,all,income_source,Other income,Rest of WA,median
2019-20,3.9,median_cost_income_ratio,all,income_source,Other income,Rest of Tas.,median
2019-20,5.1,median_cost_income_ratio,all,income_source,Other income,Total rest of state,median
2019-20,16.8,median_cost_income_ratio,all,income_source,Total,Gr. Sydney,median
2019-20,13.6,median_cost_income_ratio,all,income_source,Total,Gr. Melbourne,median
2019-20,15.5,median_cost_income_ratio,all,income_source,Total,Gr. Brisbane,median
2019-20,13.3,median_cost_income_ratio,all,income_source,Total,Gr. Adelaide,median
2019-20,13.8,median_cost_income_ratio,all,income_source,Total,Gr. Perth,median
2019-20,13.6,median_cost_income_ratio,all,income_source,Total,Gr. Hobart,median
2019-20,15.4,median_cost_income_ratio,all,income_source,Total,Gr. Darwin,median
2019-20,13.6,median_cost_income_ratio,all,income_source,Total,ACT,median
2019-20,14.8,median_cost_income_ratio,all,income_source,Total,Total GCC,median
2019-20,10.8,median_cost_income_ratio,all,income_source,Total,Rest of NSW,median
2019-20,9.5,median_cost_income_ratio,all,income_source,Total,Rest of Vic.,median
2019-20,13.4,median_cost_income_ratio,all,income_source,Total,Rest of Qld,median
2019-20,10.8,median_cost_income_ratio,all,income_source,Total,Rest of SA,median
2019-20,10.7,median_cost_income_ratio,all,income_source,Total,Rest of WA,median
2019-20,10.3,median_cost_income_ratio,all,income_source,Total,Rest of Tas.,median
2019-20,11.3,median_cost_income_ratio,all,income_source,Total,Total rest of state,median
2019-20,6.8,median_cost_income_ratio,all,number_of_employed_persons_in_household,None,Gr. Sydney,median
2019-20,7.8,median_cost_income_ratio,all,number_of_employed_persons_in_household,None,Gr. Melbourne,median
2019-20,10.3,median_cost_income_ratio,all,number_of_employed_persons_in_household,None,Gr. Brisbane,median
2019-20,8.4,median_cost_income_ratio,all,number_of_employed_persons_in_household,None,Gr. Adelaide,median
2019-20,7.3,median_cost_income_ratio,all,number_of_employed_persons_in_household,None,Gr. Perth,median
2019-20,7.8,median_cost_income_ratio,all,number_of_employed_persons_in_household,None,Gr. Hobart,median
2019-20,8.4,median_cost_income_ratio,all,number_of_employed_persons_in_household,None,Gr. Darwin,median
2019-20,8.2,median_cost_income_ratio,all,number_of_employed_persons_in_household,None,ACT,median
2019-20,7.8,median_cost_income_ratio,all,number_of_employed_persons_in_household,None,Total GCC,median
2019-20,7.9,median_cost_income_ratio,all,number_of_employed_persons_in_household,None,Rest of NSW,median
2019-20,8.1,median_cost_income_ratio,all,number_of_employed_persons_in_household,None,Rest of Vic.,median
2019-20,8.7,median_cost_income_ratio,all,number_of_employed_persons_in_household,None,Rest of Qld,median
2019-20,8.9,median_cost_income_ratio,all,number_of_employed_persons_in_household,None,Rest of SA,median
2019-20,6.8,median_cost_income_ratio,all,number_of_employed_persons_in_household,None,Rest of WA,median
2019-20,7.1,median_cost_income_ratio,all,number_of_employed_persons_in_household,None,Rest of Tas.,median
2019-20,8,median_cost_income_ratio,all,number_of_employed_persons_in_household,None,Total rest of state,median
2019-20,22.4,median_cost_income_ratio,all,number_of_employed_persons_in_household,One,Gr. Sydney,median
2019-20,19.8,median_cost_income_ratio,all,number_of_employed_persons_in_household,One,Gr. Melbourne,median
2019-20,21,median_cost_income_ratio,all,number_of_employed_persons_in_household,One,Gr. Brisbane,median
2019-20,19.2,median_cost_income_ratio,all,number_of_employed_persons_in_household,One,Gr. Adelaide,median
2019-20,18.8,median_cost_income_ratio,all,number_of_employed_persons_in_household,One,Gr. Perth,median
2019-20,17.8,median_cost_income_ratio,all,number_of_employed_persons_in_household,One,Gr. Hobart,median
2019-20,19.5,median_cost_income_ratio,all,number_of_employed_persons_in_household,One,Gr. Darwin,median
2019-20,17.8,median_cost_income_ratio,all,number_of_employed_persons_in_household,One,ACT,median
2019-20,20.3,median_cost_income_ratio,all,number_of_employed_persons_in_household,One,Total GCC,median
2019-20,17.2,median_cost_income_ratio,all,number_of_employed_persons_in_household,One,Rest of NSW,median
2019-20,16,median_cost_income_ratio,all,number_of_employed_persons_in_household,One,Rest of Vic.,median
2019-20,18.8,median_cost_income_ratio,all,number_of_employed_persons_in_household,One,Rest of Qld,median
2019-20,12.1,median_cost_income_ratio,all,number_of_employed_persons_in_household,One,Rest of SA,median
2019-20,14.2,median_cost_income_ratio,all,number_of_employed_persons_in_household,One,Rest of WA,median
2019-20,18,median_cost_income_ratio,all,number_of_employed_persons_in_household,One,Rest of Tas.,median
2019-20,17,median_cost_income_ratio,all,number_of_employed_persons_in_household,One,Total rest of state,median
2019-20,17.1,median_cost_income_ratio,all,number_of_employed_persons_in_household,Two,Gr. Sydney,median
2019-20,14.6,median_cost_income_ratio,all,number_of_employed_persons_in_household,Two,Gr. Melbourne,median
2019-20,15.8,median_cost_income_ratio,all,number_of_employed_persons_in_household,Two,Gr. Brisbane,median
2019-20,14.3,median_cost_income_ratio,all,number_of_employed_persons_in_household,Two,Gr. Adelaide,median
2019-20,13,median_cost_income_ratio,all,number_of_employed_persons_in_household,Two,Gr. Perth,median
2019-20,15.2,median_cost_income_ratio,all,number_of_employed_persons_in_household,Two,Gr. Hobart,median
2019-20,14.5,median_cost_income_ratio,all,number_of_employed_persons_in_household,Two,Gr. Darwin,median
2019-20,13.8,median_cost_income_ratio,all,number_of_employed_persons_in_household,Two,ACT,median
2019-20,15.4,median_cost_income_ratio,all,number_of_employed_persons_in_household,Two,Total GCC,median
2019-20,12.6,median_cost_income_ratio,all,number_of_employed_persons_in_household,Two,Rest of NSW,median
2019-20,10,median_cost_income_ratio,all,number_of_employed_persons_in_household,Two,Rest of Vic.,median
2019-20,14,median_cost_income_ratio,all,number_of_employed_persons_in_household,Two,Rest of Qld,median
2019-20,12.4,median_cost_income_ratio,all,number_of_employed_persons_in_household,Two,Rest of SA,median
2019-20,10.7,median_cost_income_ratio,all,number_of_employed_persons_in_household,Two,Rest of WA,median
2019-20,10.3,median_cost_income_ratio,all,number_of_employed_persons_in_household,Two,Rest of Tas.,median
2019-20,12.1,median_cost_income_ratio,all,number_of_employed_persons_in_household,Two,Total rest of state,median
2019-20,14.7,median_cost_income_ratio,all,number_of_employed_persons_in_household,Three or more,Gr. Sydney,median
2019-20,10.1,median_cost_income_ratio,all,number_of_employed_persons_in_household,Three or more,Gr. Melbourne,median
2019-20,11.4,median_cost_income_ratio,all,number_of_employed_persons_in_household,Three or more,Gr. Brisbane,median
2019-20,8.7,median_cost_income_ratio,all,number_of_employed_persons_in_household,Three or more,Gr. Adelaide,median
2019-20,9.3,median_cost_income_ratio,all,number_of_employed_persons_in_household,Three or more,Gr. Perth,median
2019-20,8.1,median_cost_income_ratio,all,number_of_employed_persons_in_household,Three or more,Gr. Hobart,median
2019-20,15.9,median_cost_income_ratio,all,number_of_employed_persons_in_household,Three or more,Gr. Darwin,median
2019-20,10.1,median_cost_income_ratio,all,number_of_employed_persons_in_household,Three or more,ACT,median
2019-20,10.6,median_cost_income_ratio,all,number_of_employed_persons_in_household,Three or more,Total GCC,median
2019-20,9.9,median_cost_income_ratio,all,number_of_employed_persons_in_household,Three or more,Rest of NSW,median
2019-20,6.6,median_cost_income_ratio,all,number_of_employed_persons_in_household,Three or more,Rest of Vic.,median
2019-20,9.6,median_cost_income_ratio,all,number_of_employed_persons_in_household,Three or more,Rest of Qld,median
2019-20,10.2,median_cost_income_ratio,all,number_of_employed_persons_in_household,Three or more,Rest of SA,median
2019-20,9.6,median_cost_income_ratio,all,number_of_employed_persons_in_household,Three or more,Rest of WA,median
2019-20,6,median_cost_income_ratio,all,number_of_employed_persons_in_household,Three or more,Rest of Tas.,median
2019-20,8.6,median_cost_income_ratio,all,number_of_employed_persons_in_household,Three or more,Total rest of state,median
2019-20,16.8,median_cost_income_ratio,all,number_of_employed_persons_in_household,Total,Gr. Sydney,median
2019-20,13.6,median_cost_income_ratio,all,number_of_employed_persons_in_household,Total,Gr. Melbourne,median
2019-20,15.5,median_cost_income_ratio,all,number_of_employed_persons_in_household,Total,Gr. Brisbane,median
2019-20,13.3,median_cost_income_ratio,all,number_of_employed_persons_in_household,Total,Gr. Adelaide,median
2019-20,13.8,median_cost_income_ratio,all,number_of_employed_persons_in_household,Total,Gr. Perth,median
2019-20,13.6,median_cost_income_ratio,all,number_of_employed_persons_in_household,Total,Gr. Hobart,median
2019-20,15.4,median_cost_income_ratio,all,number_of_employed_persons_in_household,Total,Gr. Darwin,median
2019-20,13.6,median_cost_income_ratio,all,number_of_employed_persons_in_household,Total,ACT,median
2019-20,14.8,median_cost_income_ratio,all,number_of_employed_persons_in_household,Total,Total GCC,median
2019-20,10.8,median_cost_income_ratio,all,number_of_employed_persons_in_household,Total,Rest of NSW,median
2019-20,9.5,median_cost_income_ratio,all,number_of_employed_persons_in_household,Total,Rest of Vic.,median
2019-20,13.4,median_cost_income_ratio,all,number_of_employed_persons_in_household,Total,Rest of Qld,median
2019-20,10.8,median_cost_income_ratio,all,number_of_employed_persons_in_household,Total,Rest of SA,median
2019-20,10.7,median_cost_income_ratio,all,number_of_employed_persons_in_household,Total,Rest of WA,median
2019-20,10.3,median_cost_income_ratio,all,number_of_employed_persons_in_household,Total,Rest of Tas.,median
2019-20,11.3,median_cost_income_ratio,all,number_of_employed_persons_in_household,Total,Total rest of state,median
2019-20,25.4,pct_households_tenure,owner_outright,owner,Owner without a mortgage,Gr. Sydney,mean
2019-20,28.6,pct_households_tenure,owner_outright,owner,Owner without a mortgage,Gr. Melbourne,mean
2019-20,23.8,pct_households_tenure,owner_outright,owner,Owner without a mortgage,Gr. Brisbane,mean
2019-20,28,pct_households_tenure,owner_outright,owner,Owner without a mortgage,Gr. Adelaide,mean
2019-20,25.4,pct_households_tenure,owner_outright,owner,Owner without a mortgage,Gr. Perth,mean
2019-20,32.1,pct_households_tenure,owner_outright,owner,Owner without a mortgage,Gr. Hobart,mean
2019-20,14.7,pct_households_tenure,owner_outright,owner,Owner without a mortgage,Gr. Darwin,mean
2019-20,27,pct_households_tenure,owner_outright,owner,Owner without a mortgage,ACT,mean
2019-20,26.4,pct_households_tenure,owner_outright,owner,Owner without a mortgage,Total GCC,mean
2019-20,38.2,pct_households_tenure,owner_outright,owner,Owner without a mortgage,Rest of NSW,mean
2019-20,36.5,pct_households_tenure,owner_outright,owner,Owner without a mortgage,Rest of Vic.,mean
2019-20,31.9,pct_households_tenure,owner_outright,owner,Owner without a mortgage,Rest of Qld,mean
2019-20,37.6,pct_households_tenure,owner_outright,owner,Owner without a mortgage,Rest of SA,mean
2019-20,31.3,pct_households_tenure,owner_outright,owner,Owner without a mortgage,Rest of WA,mean
2019-20,35.2,pct_households_tenure,owner_outright,owner,Owner without a mortgage,Rest of Tas.,mean
2019-20,35.6,pct_households_tenure,owner_outright,owner,Owner without a mortgage,Total rest of state,mean
2019-20,37.4,pct_households_tenure,owner_mortgage,owner,Owner with a mortgage,Gr. Sydney,mean
2019-20,38.6,pct_households_tenure,owner_mortgage,owner,Owner with a mortgage,Gr. Melbourne,mean
2019-20,38.4,pct_households_tenure,owner_mortgage,owner,Owner with a mortgage,Gr. Brisbane,mean
2019-20,40,pct_households_tenure,owner_mortgage,owner,Owner with a mortgage,Gr. Adelaide,mean
2019-20,44,pct_households_tenure,owner_mortgage,owner,Owner with a mortgage,Gr. Perth,mean
2019-20,39.9,pct_households_tenure,owner_mortgage,owner,Owner with a mortgage,Gr. Hobart,mean
2019-20,43.3,pct_households_tenure,owner_mortgage,owner,Owner with a mortgage,Gr. Darwin,mean
2019-20,42.2,pct_households_tenure,owner_mortgage,owner,Owner with a mortgage,ACT,mean
2019-20,39,pct_households_tenure,owner_mortgage,owner,Owner with a mortgage,Total GCC,mean
2019-20,28.4,pct_households_tenure,owner_mortgage,owner,Owner with a mortgage,Rest of NSW,mean
2019-20,34.7,pct_households_tenure,owner_mortgage,owner,Owner with a mortgage,Rest of Vic.,mean
2019-20,32.5,pct_households_tenure,owner_mortgage,owner,Owner with a mortgage,Rest of Qld,mean
2019-20,36.1,pct_households_tenure,owner_mortgage,owner,Owner with a mortgage,Rest of SA,mean
2019-20,37.3,pct_households_tenure,owner_mortgage,owner,Owner with a mortgage,Rest of WA,mean
2019-20,30.2,pct_households_tenure,owner_mortgage,owner,Owner with a mortgage,Rest of Tas.,mean
2019-20,32,pct_households_tenure,owner_mortgage,owner,Owner with a mortgage,Total rest of state,mean
2019-20,62.7,pct_households_tenure,owner_total,owner,Total owners,Gr. Sydney,mean
2019-20,67.2,pct_households_tenure,owner_total,owner,Total owners,Gr. Melbourne,mean
2019-20,62.8,pct_households_tenure,owner_total,owner,Total owners,Gr. Brisbane,mean
2019-20,68.2,pct_households_tenure,owner_total,owner,Total owners,Gr. Adelaide,mean
2019-20,69.4,pct_households_tenure,owner_total,owner,Total owners,Gr. Perth,mean
2019-20,72.1,pct_households_tenure,owner_total,owner,Total owners,Gr. Hobart,mean
2019-20,59,pct_households_tenure,owner_total,owner,Total owners,Gr. Darwin,mean
2019-20,69.3,pct_households_tenure,owner_total,owner,Total owners,ACT,mean
2019-20,65.6,pct_households_tenure,owner_total,owner,Total owners,Total GCC,mean
2019-20,66.9,pct_households_tenure,owner_total,owner,Total owners,Rest of NSW,mean
2019-20,71.8,pct_households_tenure,owner_total,owner,Total owners,Rest of Vic.,mean
2019-20,64.8,pct_households_tenure,owner_total,owner,Total owners,Rest of Qld,mean
2019-20,74,pct_households_tenure,owner_total,owner,Total owners,Rest of SA,mean
2019-20,68.6,pct_households_tenure,owner_total,owner,Total owners,Rest of WA,mean
2019-20,64.8,pct_households_tenure,owner_total,owner,Total owners,Rest of Tas.,mean
2019-20,67.5,pct_households_tenure,owner_total,owner,Total owners,Total rest of state,mean
2019-20,2.6,pct_households_tenure,renter_social,renter,State or territory housing authority,Gr. Sydney,mean
2019-20,1.6,pct_households_tenure,renter_social,renter,State or territory housing authority,Gr. Melbourne,mean
2019-20,3.1,pct_households_tenure,renter_social,renter,State or territory housing authority,Gr. Brisbane,mean
2019-20,4.7,pct_households_tenure,renter_social,renter,State or territory housing authority,Gr. Adelaide,mean
2019-20,2.8,pct_households_tenure,renter_social,renter,State or territory housing authority,Gr. Perth,mean
2019-20,3,pct_households_tenure,renter_social,renter,State or territory housing authority,Gr. Hobart,mean
2019-20,4.3,pct_households_tenure,renter_social,renter,State or territory housing authority,Gr. Darwin,mean
2019-20,5.5,pct_households_tenure,renter_social,renter,State or territory housing authority,ACT,mean
2019-20,2.7,pct_households_tenure,renter_social,renter,State or territory housing authority,Total GCC,mean
2019-20,2.6,pct_households_tenure,renter_social,renter,State or territory housing authority,Rest of NSW,mean
2019-20,2.8,pct_households_tenure,renter_social,renter,State or territory housing authority,Rest of Vic.,mean
2019-20,3,pct_households_tenure,renter_social,renter,State or territory housing authority,Rest of Qld,mean
2019-20,7.2,pct_households_tenure,renter_social,renter,State or territory housing authority,Rest of SA,mean
2019-20,3.6,pct_households_tenure,renter_social,renter,State or territory housing authority,Rest of WA,mean
2019-20,5.8,pct_households_tenure,renter_social,renter,State or territory housing authority,Rest of Tas.,mean
2019-20,3.2,pct_households_tenure,renter_social,renter,State or territory housing authority,Total rest of state,mean
2019-20,30.4,pct_households_tenure,renter_private,renter,Private landlord,Gr. Sydney,mean
2019-20,27.4,pct_households_tenure,renter_private,renter,Private landlord,Gr. Melbourne,mean
2019-20,30.6,pct_households_tenure,renter_private,renter,Private landlord,Gr. Brisbane,mean
2019-20,22.8,pct_households_tenure,renter_private,renter,Private landlord,Gr. Adelaide,mean
2019-20,23.8,pct_households_tenure,renter_private,renter,Private landlord,Gr. Perth,mean
2019-20,21.2,pct_households_tenure,renter_private,renter,Private landlord,Gr. Hobart,mean
2019-20,32.1,pct_households_tenure,renter_private,renter,Private landlord,Gr. Darwin,mean
2019-20,19.7,pct_households_tenure,renter_private,renter,Private landlord,ACT,mean
2019-20,27.5,pct_households_tenure,renter_private,renter,Private landlord,Total GCC,mean
2019-20,23.7,pct_households_tenure,renter_private,renter,Private landlord,Rest of NSW,mean
2019-20,21.6,pct_households_tenure,renter_private,renter,Private landlord,Rest of Vic.,mean
2019-20,28.1,pct_households_tenure,renter_private,renter,Private landlord,Rest of Qld,mean
2019-20,14.3,pct_households_tenure,renter_private,renter,Private landlord,Rest of SA,mean
2019-20,17.6,pct_households_tenure,renter_private,renter,Private landlord,Rest of WA,mean
2019-20,23,pct_households_tenure,renter_private,renter,Private landlord,Rest of Tas.,mean
2019-20,23.6,pct_households_tenure,renter_private,renter,Private landlord,Total rest of state,mean
2019-20,34.8,pct_households_tenure,renter_total,renter,Total renters,Gr. Sydney,mean
2019-20,30.5,pct_households_tenure,renter_total,renter,Total renters,Gr. Melbourne,mean
2019-20,36.1,pct_households_tenure,renter_total,renter,Total renters,Gr. Brisbane,mean
2019-20,29.6,pct_households_tenure,renter_total,renter,Total renters,Gr. Adelaide,mean
2019-20,28.6,pct_households_tenure,renter_total,renter,Total renters,Gr. Perth,mean
2019-20,26.1,pct_households_tenure,renter_total,renter,Total renters,Gr. Hobart,mean
2019-20,39.1,pct_households_tenure,renter_total,renter,Total renters,Gr. Darwin,mean
2019-20,28.1,pct_households_tenure,renter_total,renter,Total renters,ACT,mean
2019-20,32.1,pct_households_tenure,renter_total,renter,Total renters,Total GCC,mean
2019-20,30.6,pct_households_tenure,renter_total,renter,Total renters,Rest of NSW,mean
2019-20,25.4,pct_households_tenure,renter_total,renter,Total renters,Rest of Vic.,mean
2019-20,33.9,pct_households_tenure,renter_total,renter,Total renters,Rest of Qld,mean
2019-20,23.9,pct_households_tenure,renter_total,renter,Total renters,Rest of SA,mean
2019-20,27.4,pct_households_tenure,renter_total,renter,Total renters,Rest of WA,mean
2019-20,31.7,pct_households_tenure,renter_total,renter,Total renters,Rest of Tas.,mean
2019-20,30,pct_households_tenure,renter_total,renter,Total renters,Total rest of state,mean
2019-20,100,pct_households_tenure,all,renter,Total,Gr. Sydney,mean
2019-20,100,pct_households_tenure,all,renter,Total,Gr. Melbourne,mean
2019-20,100,pct_households_tenure,all,renter,Total,Gr. Brisbane,mean
2019-20,100,pct_households_tenure,all,renter,Total,Gr. Adelaide,mean
2019-20,100,pct_households_tenure,all,renter,Total,Gr. Perth,mean
2019-20,100,pct_households_tenure,all,renter,Total,Gr. Hobart,mean
2019-20,100,pct_households_tenure,all,renter,Total,Gr. Darwin,mean
2019-20,100,pct_households_tenure,all,renter,Total,ACT,mean
2019-20,100,pct_households_tenure,all,renter,Total,Total GCC,mean
2019-20,100,pct_households_tenure,all,renter,Total,Rest of NSW,mean
2019-20,100,pct_households_tenure,all,renter,Total,Rest of Vic.,mean
2019-20,100,pct_households_tenure,all,renter,Total,Rest of Qld,mean
2019-20,100,pct_households_tenure,all,renter,Total,Rest of SA,mean
2019-20,100,pct_households_tenure,all,renter,Total,Rest of WA,mean
2019-20,100,pct_households_tenure,all,renter,Total,Rest of Tas.,mean
2019-20,100,pct_households_tenure,all,renter,Total,Total rest of state,mean
2019-20,31.4,pct_households_tenure,all,family_type,Couple family with dependent children,Gr. Sydney,mean
2019-20,28.5,pct_households_tenure,all,family_type,Couple family with dependent children,Gr. Melbourne,mean
2019-20,27.9,pct_households_tenure,all,family_type,Couple family with dependent children,Gr. Brisbane,mean
2019-20,24.2,pct_households_tenure,all,family_type,Couple family with dependent children,Gr. Adelaide,mean
2019-20,30.2,pct_households_tenure,all,family_type,Couple family with dependent children,Gr. Perth,mean
2019-20,22.5,pct_households_tenure,all,family_type,Couple family with dependent children,Gr. Hobart,mean
2019-20,30.7,pct_households_tenure,all,family_type,Couple family with dependent children,Gr. Darwin,mean
2019-20,27.6,pct_households_tenure,all,family_type,Couple family with dependent children,ACT,mean
2019-20,29,pct_households_tenure,all,family_type,Couple family with dependent children,Total GCC,mean
2019-20,20.2,pct_households_tenure,all,family_type,Couple family with dependent children,Rest of NSW,mean
2019-20,22.9,pct_households_tenure,all,family_type,Couple family with dependent children,Rest of Vic.,mean
2019-20,21.8,pct_households_tenure,all,family_type,Couple family with dependent children,Rest of Qld,mean
2019-20,21.2,pct_households_tenure,all,family_type,Couple family with dependent children,Rest of SA,mean
2019-20,24.1,pct_households_tenure,all,family_type,Couple family with dependent children,Rest of WA,mean
2019-20,18.4,pct_households_tenure,all,family_type,Couple family with dependent children,Rest of Tas.,mean
2019-20,21.3,pct_households_tenure,all,family_type,Couple family with dependent children,Total rest of state,mean
2019-20,5.1,pct_households_tenure,all,family_type,One parent family with dependent children,Gr. Sydney,mean
2019-20,5.2,pct_households_tenure,all,family_type,One parent family with dependent children,Gr. Melbourne,mean
2019-20,6,pct_households_tenure,all,family_type,One parent family with dependent children,Gr. Brisbane,mean
2019-20,5.7,pct_households_tenure,all,family_type,One parent family with dependent children,Gr. Adelaide,mean
2019-20,5.9,pct_households_tenure,all,family_type,One parent family with dependent children,Gr. Perth,mean
2019-20,8.5,pct_households_tenure,all,family_type,One parent family with dependent children,Gr. Hobart,mean
2019-20,4.3,pct_households_tenure,all,family_type,One parent family with dependent children,Gr. Darwin,mean
2019-20,5.6,pct_households_tenure,all,family_type,One parent family with dependent children,ACT,mean
2019-20,5.6,pct_households_tenure,all,family_type,One parent family with dependent children,Total GCC,mean
2019-20,6.9,pct_households_tenure,all,family_type,One parent family with dependent children,Rest of NSW,mean
2019-20,5.7,pct_households_tenure,all,family_type,One parent family with dependent children,Rest of Vic.,mean
2019-20,7.6,pct_households_tenure,all,family_type,One parent family with dependent children,Rest of Qld,mean
2019-20,6.3,pct_households_tenure,all,family_type,One parent family with dependent children,Rest of SA,mean
2019-20,7.3,pct_households_tenure,all,family_type,One parent family with dependent children,Rest of WA,mean
2019-20,7.3,pct_households_tenure,all,family_type,One parent family with dependent children,Rest of Tas.,mean
2019-20,7.1,pct_households_tenure,all,family_type,One parent family with dependent children,Total rest of state,mean
2019-20,22.8,pct_households_tenure,all,family_type,Couple only,Gr. Sydney,mean
2019-20,24.4,pct_households_tenure,all,family_type,Couple only,Gr. Melbourne,mean
2019-20,26.4,pct_households_tenure,all,family_type,Couple only,Gr. Brisbane,mean
2019-20,26.3,pct_households_tenure,all,family_type,Couple only,Gr. Adelaide,mean
2019-20,26.5,pct_households_tenure,all,family_type,Couple only,Gr. Perth,mean
2019-20,29,pct_households_tenure,all,family_type,Couple only,Gr. Hobart,mean
2019-20,35.3,pct_households_tenure,all,family_type,Couple only,Gr. Darwin,mean
2019-20,26.2,pct_households_tenure,all,family_type,Couple only,ACT,mean
2019-20,24.8,pct_households_tenure,all,family_type,Couple only,Total GCC,mean
2019-20,29.4,pct_households_tenure,all,family_type,Couple only,Rest of NSW,mean
2019-20,29.3,pct_households_tenure,all,family_type,Couple only,Rest of Vic.,mean
2019-20,28.2,pct_households_tenure,all,family_type,Couple only,Rest of Qld,mean
2019-20,32.5,pct_households_tenure,all,family_type,Couple only,Rest of SA,mean
2019-20,33.1,pct_households_tenure,all,family_type,Couple only,Rest of WA,mean
2019-20,28.7,pct_households_tenure,all,family_type,Couple only,Rest of Tas.,mean
2019-20,29.3,pct_households_tenure,all,family_type,Couple only,Total rest of state,mean
2019-20,13,pct_households_tenure,all,family_type,Other one family households,Gr. Sydney,mean
2019-20,12.2,pct_households_tenure,all,family_type,Other one family households,Gr. Melbourne,mean
2019-20,10.2,pct_households_tenure,all,family_type,Other one family households,Gr. Brisbane,mean
2019-20,11.3,pct_households_tenure,all,family_type,Other one family households,Gr. Adelaide,mean
2019-20,9.5,pct_households_tenure,all,family_type,Other one family households,Gr. Perth,mean
2019-20,7.2,pct_households_tenure,all,family_type,Other one family households,Gr. Hobart,mean
2019-20,14.8,pct_households_tenure,all,family_type,Other one family households,Gr. Darwin,mean
2019-20,7.9,pct_households_tenure,all,family_type,Other one family households,ACT,mean
2019-20,11.5,pct_households_tenure,all,family_type,Other one family households,Total GCC,mean
2019-20,9.4,pct_households_tenure,all,family_type,Other one family households,Rest of NSW,mean
2019-20,7.8,pct_households_tenure,all,family_type,Other one family households,Rest of Vic.,mean
2019-20,10.3,pct_households_tenure,all,family_type,Other one family households,Rest of Qld,mean
2019-20,8.2,pct_households_tenure,all,family_type,Other one family households,Rest of SA,mean
2019-20,9.5,pct_households_tenure,all,family_type,Other one family households,Rest of WA,mean
2019-20,7.9,pct_households_tenure,all,family_type,Other one family households,Rest of Tas.,mean
2019-20,9.2,pct_households_tenure,all,family_type,Other one family households,Total rest of state,mean
2019-20,3.3,pct_households_tenure,all,family_type,Multiple family households,Gr. Sydney,mean
2019-20,2.1,pct_households_tenure,all,family_type,Multiple family households,Gr. Melbourne,mean
2019-20,3.7,pct_households_tenure,all,family_type,Multiple family households,Gr. Brisbane,mean
2019-20,1.8,pct_households_tenure,all,family_type,Multiple family households,Gr. Adelaide,mean
2019-20,1.3,pct_households_tenure,all,family_type,Multiple family households,Gr. Perth,mean
2019-20,2.4,pct_households_tenure,all,family_type,Multiple family households,Gr. Hobart,mean
2019-20,2.4,pct_households_tenure,all,family_type,Multiple family households,Gr. Darwin,mean
2019-20,1.1,pct_households_tenure,all,family_type,Multiple family households,ACT,mean
2019-20,2.5,pct_households_tenure,all,family_type,Multiple family households,Total GCC,mean
2019-20,1.5,pct_households_tenure,all,family_type,Multiple family households,Rest of NSW,mean
2019-20,1.4,pct_households_tenure,all,family_type,Multiple family households,Rest of Vic.,mean
2019-20,3,pct_households_tenure,all,family_type,Multiple family households,Rest of Qld,mean
2019-20,0.8,pct_households_tenure,all,family_type,Multiple family households,Rest of SA,mean
2019-20,0.4,pct_households_tenure,all,family_type,Multiple family households,Rest of WA,mean
2019-20,0.5,pct_households_tenure,all,family_type,Multiple family households,Rest of Tas.,mean
2019-20,1.7,pct_households_tenure,all,family_type,Multiple family households,Total rest of state,mean
2019-20,21.2,pct_households_tenure,all,family_type,Lone person households,Gr. Sydney,mean
2019-20,23.7,pct_households_tenure,all,family_type,Lone person households,Gr. Melbourne,mean
2019-20,22.1,pct_households_tenure,all,family_type,Lone person households,Gr. Brisbane,mean
2019-20,28.7,pct_households_tenure,all,family_type,Lone person households,Gr. Adelaide,mean
2019-20,25,pct_households_tenure,all,family_type,Lone person households,Gr. Perth,mean
2019-20,27.4,pct_households_tenure,all,family_type,Lone person households,Gr. Hobart,mean
2019-20,10.2,pct_households_tenure,all,family_type,Lone person households,Gr. Darwin,mean
2019-20,27.8,pct_households_tenure,all,family_type,Lone person households,ACT,mean
2019-20,23.3,pct_households_tenure,all,family_type,Lone person households,Total GCC,mean
2019-20,31,pct_households_tenure,all,family_type,Lone person households,Rest of NSW,mean
2019-20,29.5,pct_households_tenure,all,family_type,Lone person households,Rest of Vic.,mean
2019-20,26,pct_households_tenure,all,family_type,Lone person households,Rest of Qld,mean
2019-20,31.3,pct_households_tenure,all,family_type,Lone person households,Rest of SA,mean
2019-20,23.6,pct_households_tenure,all,family_type,Lone person households,Rest of WA,mean
2019-20,35,pct_households_tenure,all,family_type,Lone person households,Rest of Tas.,mean
2019-20,29,pct_households_tenure,all,family_type,Lone person households,Total rest of state,mean
2019-20,2.7,pct_households_tenure,all,family_type,Group households,Gr. Sydney,mean
2019-20,3.2,pct_households_tenure,all,family_type,Group households,Gr. Melbourne,mean
2019-20,4.3,pct_households_tenure,all,family_type,Group households,Gr. Brisbane,mean
2019-20,1.8,pct_households_tenure,all,family_type,Group households,Gr. Adelaide,mean
2019-20,2.4,pct_households_tenure,all,family_type,Group households,Gr. Perth,mean
2019-20,3.7,pct_households_tenure,all,family_type,Group households,Gr. Hobart,mean
2019-20,2.3,pct_households_tenure,all,family_type,Group households,Gr. Darwin,mean
2019-20,3.2,pct_households_tenure,all,family_type,Group households,ACT,mean
2019-20,3,pct_households_tenure,all,family_type,Group households,Total GCC,mean
2019-20,2.3,pct_households_tenure,all,family_type,Group households,Rest of NSW,mean
2019-20,1.7,pct_households_tenure,all,family_type,Group households,Rest of Vic.,mean
2019-20,3.4,pct_households_tenure,all,family_type,Group households,Rest of Qld,mean
2019-20,0.6,pct_households_tenure,all,family_type,Group households,Rest of SA,mean
2019-20,1.6,pct_households_tenure,all,family_type,Group households,Rest of WA,mean
2019-20,3,pct_households_tenure,all,family_type,Group households,Rest of Tas.,mean
2019-20,2.6,pct_households_tenure,all,family_type,Group households,Total rest of state,mean
2019-20,100,pct_households_tenure,all,family_type,Total,Gr. Sydney,mean
2019-20,100,pct_households_tenure,all,family_type,Total,Gr. Melbourne,mean
2019-20,100,pct_households_tenure,all,family_type,Total,Gr. Brisbane,mean
2019-20,100,pct_households_tenure,all,family_type,Total,Gr. Adelaide,mean
2019-20,100,pct_households_tenure,all,family_type,Total,Gr. Perth,mean
2019-20,100,pct_households_tenure,all,family_type,Total,Gr. Hobart,mean
2019-20,100,pct_households_tenure,all,family_type,Total,Gr. Darwin,mean
2019-20,100,pct_households_tenure,all,family_type,Total,ACT,mean
2019-20,100,pct_households_tenure,all,family_type,Total,Total GCC,mean
2019-20,100,pct_households_tenure,all,family_type,Total,Rest of NSW,mean
2019-20,100,pct_households_tenure,all,family_type,Total,Rest of Vic.,mean
2019-20,100,pct_households_tenure,all,family_type,Total,Rest of Qld,mean
2019-20,100,pct_households_tenure,all,family_type,Total,Rest of SA,mean
2019-20,100,pct_households_tenure,all,family_type,Total,Rest of WA,mean
2019-20,100,pct_households_tenure,all,family_type,Total,Rest of Tas.,mean
2019-20,100,pct_households_tenure,all,family_type,Total,Total rest of state,mean
2019-20,52.1,pct_households_tenure,all,dwelling_structure,Separate house,Gr. Sydney,mean
2019-20,64.2,pct_households_tenure,all,dwelling_structure,Separate house,Gr. Melbourne,mean
2019-20,73.8,pct_households_tenure,all,dwelling_structure,Separate house,Gr. Brisbane,mean
2019-20,72.1,pct_households_tenure,all,dwelling_structure,Separate house,Gr. Adelaide,mean
2019-20,73.8,pct_households_tenure,all,dwelling_structure,Separate house,Gr. Perth,mean
2019-20,84.7,pct_households_tenure,all,dwelling_structure,Separate house,Gr. Hobart,mean
2019-20,64.3,pct_households_tenure,all,dwelling_structure,Separate house,Gr. Darwin,mean
2019-20,68.9,pct_households_tenure,all,dwelling_structure,Separate house,ACT,mean
2019-20,64.3,pct_households_tenure,all,dwelling_structure,Separate house,Total GCC,mean
2019-20,78,pct_households_tenure,all,dwelling_structure,Separate house,Rest of NSW,mean
2019-20,85.6,pct_households_tenure,all,dwelling_structure,Separate house,Rest of Vic.,mean
2019-20,70.9,pct_households_tenure,all,dwelling_structure,Separate house,Rest of Qld,mean
2019-20,84.8,pct_households_tenure,all,dwelling_structure,Separate house,Rest of SA,mean
2019-20,88.5,pct_households_tenure,all,dwelling_structure,Separate house,Rest of WA,mean
2019-20,85.6,pct_households_tenure,all,dwelling_structure,Separate house,Rest of Tas.,mean
2019-20,78.7,pct_households_tenure,all,dwelling_structure,Separate house,Total rest of state,mean
2019-20,15.9,pct_households_tenure,all,dwelling_structure,"Semi-detached, row or terrace house, townhouse",Gr. Sydney,mean
2019-20,18.1,pct_households_tenure,all,dwelling_structure,"Semi-detached, row or terrace house, townhouse",Gr. Melbourne,mean
2019-20,10.5,pct_households_tenure,all,dwelling_structure,"Semi-detached, row or terrace house, townhouse",Gr. Brisbane,mean
2019-20,16.8,pct_households_tenure,all,dwelling_structure,"Semi-detached, row or terrace house, townhouse",Gr. Adelaide,mean
2019-20,15.5,pct_households_tenure,all,dwelling_structure,"Semi-detached, row or terrace house, townhouse",Gr. Perth,mean
2019-20,8.3,pct_households_tenure,all,dwelling_structure,"Semi-detached, row or terrace house, townhouse",Gr. Hobart,mean
2019-20,9.1,pct_households_tenure,all,dwelling_structure,"Semi-detached, row or terrace house, townhouse",Gr. Darwin,mean
2019-20,15.3,pct_households_tenure,all,dwelling_structure,"Semi-detached, row or terrace house, townhouse",ACT,mean
2019-20,15.6,pct_households_tenure,all,dwelling_structure,"Semi-detached, row or terrace house, townhouse",Total GCC,mean
2019-20,10.5,pct_households_tenure,all,dwelling_structure,"Semi-detached, row or terrace house, townhouse",Rest of NSW,mean
2019-20,7.7,pct_households_tenure,all,dwelling_structure,"Semi-detached, row or terrace house, townhouse",Rest of Vic.,mean
2019-20,13.2,pct_households_tenure,all,dwelling_structure,"Semi-detached, row or terrace house, townhouse",Rest of Qld,mean
2019-20,11.5,pct_households_tenure,all,dwelling_structure,"Semi-detached, row or terrace house, townhouse",Rest of SA,mean
2019-20,7.7,pct_households_tenure,all,dwelling_structure,"Semi-detached, row or terrace house, townhouse",Rest of WA,mean
2019-20,7.5,pct_households_tenure,all,dwelling_structure,"Semi-detached, row or terrace house, townhouse",Rest of Tas.,mean
2019-20,10.4,pct_households_tenure,all,dwelling_structure,"Semi-detached, row or terrace house, townhouse",Total rest of state,mean
2019-20,31.6,pct_households_tenure,all,dwelling_structure,Flat or apartment,Gr. Sydney,mean
2019-20,17.3,pct_households_tenure,all,dwelling_structure,Flat or apartment,Gr. Melbourne,mean
2019-20,15.4,pct_households_tenure,all,dwelling_structure,Flat or apartment,Gr. Brisbane,mean
2019-20,11.6,pct_households_tenure,all,dwelling_structure,Flat or apartment,Gr. Adelaide,mean
2019-20,11.1,pct_households_tenure,all,dwelling_structure,Flat or apartment,Gr. Perth,mean
2019-20,7,pct_households_tenure,all,dwelling_structure,Flat or apartment,Gr. Hobart,mean
2019-20,24.7,pct_households_tenure,all,dwelling_structure,Flat or apartment,Gr. Darwin,mean
2019-20,15.8,pct_households_tenure,all,dwelling_structure,Flat or apartment,ACT,mean
2019-20,19.8,pct_households_tenure,all,dwelling_structure,Flat or apartment,Total GCC,mean
2019-20,10.3,pct_households_tenure,all,dwelling_structure,Flat or apartment,Rest of NSW,mean
2019-20,6.1,pct_households_tenure,all,dwelling_structure,Flat or apartment,Rest of Vic.,mean
2019-20,15.5,pct_households_tenure,all,dwelling_structure,Flat or apartment,Rest of Qld,mean
2019-20,3.6,pct_households_tenure,all,dwelling_structure,Flat or apartment,Rest of SA,mean
2019-20,3.5,pct_households_tenure,all,dwelling_structure,Flat or apartment,Rest of WA,mean
2019-20,6.9,pct_households_tenure,all,dwelling_structure,Flat or apartment,Rest of Tas.,mean
2019-20,10.2,pct_households_tenure,all,dwelling_structure,Flat or apartment,Total rest of state,mean
2019-20,100,pct_households_tenure,all,dwelling_structure,Total,Gr. Sydney,mean
2019-20,100,pct_households_tenure,all,dwelling_structure,Total,Gr. Melbourne,mean
2019-20,100,pct_households_tenure,all,dwelling_structure,Total,Gr. Brisbane,mean
2019-20,100,pct_households_tenure,all,dwelling_structure,Total,Gr. Adelaide,mean
2019-20,100,pct_households_tenure,all,dwelling_structure,Total,Gr. Perth,mean
2019-20,100,pct_households_tenure,all,dwelling_structure,Total,Gr. Hobart,mean
2019-20,100,pct_households_tenure,all,dwelling_structure,Total,Gr. Darwin,mean
2019-20,100,pct_households_tenure,all,dwelling_structure,Total,ACT,mean
2019-20,100,pct_households_tenure,all,dwelling_structure,Total,Total GCC,mean
2019-20,100,pct_households_tenure,all,dwelling_structure,Total,Rest of NSW,mean
2019-20,100,pct_households_tenure,all,dwelling_structure,Total,Rest of Vic.,mean
2019-20,100,pct_households_tenure,all,dwelling_structure,Total,Rest of Qld,mean
2019-20,100,pct_households_tenure,all,dwelling_structure,Total,Rest of SA,mean
2019-20,100,pct_households_tenure,all,dwelling_structure,Total,Rest of WA,mean
2019-20,100,pct_households_tenure,all,dwelling_structure,Total,Rest of Tas.,mean
2019-20,100,pct_households_tenure,all,dwelling_structure,Total,Total rest of state,mean
2019-20,70.4,pct_households_tenure,all,housing_type,25% or less,Gr. Sydney,mean
2019-20,77.2,pct_households_tenure,all,housing_type,25% or less,Gr. Melbourne,mean
2019-20,77.4,pct_households_tenure,all,housing_type,25% or less,Gr. Brisbane,mean
2019-20,78.9,pct_households_tenure,all,housing_type,25% or less,Gr. Adelaide,mean
2019-20,77.5,pct_households_tenure,all,housing_type,25% or less,Gr. Perth,mean
2019-20,78.7,pct_households_tenure,all,housing_type,25% or less,Gr. Hobart,mean
2019-20,78.6,pct_households_tenure,all,housing_type,25% or less,Gr. Darwin,mean
2019-20,83.8,pct_households_tenure,all,housing_type,25% or less,ACT,mean
2019-20,75.5,pct_households_tenure,all,housing_type,25% or less,Total GCC,mean
2019-20,78,pct_households_tenure,all,housing_type,25% or less,Rest of NSW,mean
2019-20,82.2,pct_households_tenure,all,housing_type,25% or less,Rest of Vic.,mean
2019-20,75.3,pct_households_tenure,all,housing_type,25% or less,Rest of Qld,mean
2019-20,82.9,pct_households_tenure,all,housing_type,25% or less,Rest of SA,mean
2019-20,80.2,pct_households_tenure,all,housing_type,25% or less,Rest of WA,mean
2019-20,81.8,pct_households_tenure,all,housing_type,25% or less,Rest of Tas.,mean
2019-20,78.6,pct_households_tenure,all,housing_type,25% or less,Total rest of state,mean
2019-20,9.1,pct_households_tenure,all,housing_type,More than 25% to 30%,Gr. Sydney,mean
2019-20,6.8,pct_households_tenure,all,housing_type,More than 25% to 30%,Gr. Melbourne,mean
2019-20,6.5,pct_households_tenure,all,housing_type,More than 25% to 30%,Gr. Brisbane,mean
2019-20,7.2,pct_households_tenure,all,housing_type,More than 25% to 30%,Gr. Adelaide,mean
2019-20,7,pct_households_tenure,all,housing_type,More than 25% to 30%,Gr. Perth,mean
2019-20,6.6,pct_households_tenure,all,housing_type,More than 25% to 30%,Gr. Hobart,mean
2019-20,8.1,pct_households_tenure,all,housing_type,More than 25% to 30%,Gr. Darwin,mean
2019-20,6.3,pct_households_tenure,all,housing_type,More than 25% to 30%,ACT,mean
2019-20,7.5,pct_households_tenure,all,housing_type,More than 25% to 30%,Total GCC,mean
2019-20,6.7,pct_households_tenure,all,housing_type,More than 25% to 30%,Rest of NSW,mean
2019-20,5.2,pct_households_tenure,all,housing_type,More than 25% to 30%,Rest of Vic.,mean
2019-20,7.3,pct_households_tenure,all,housing_type,More than 25% to 30%,Rest of Qld,mean
2019-20,6.4,pct_households_tenure,all,housing_type,More than 25% to 30%,Rest of SA,mean
2019-20,7.1,pct_households_tenure,all,housing_type,More than 25% to 30%,Rest of WA,mean
2019-20,5.4,pct_households_tenure,all,housing_type,More than 25% to 30%,Rest of Tas.,mean
2019-20,6.7,pct_households_tenure,all,housing_type,More than 25% to 30%,Total rest of state,mean
2019-20,13,pct_households_tenure,all,housing_type,More than 30% to 50%,Gr. Sydney,mean
2019-20,9.4,pct_households_tenure,all,housing_type,More than 30% to 50%,Gr. Melbourne,mean
2019-20,10.4,pct_households_tenure,all,housing_type,More than 30% to 50%,Gr. Brisbane,mean
2019-20,9.8,pct_households_tenure,all,housing_type,More than 30% to 50%,Gr. Adelaide,mean
2019-20,10,pct_households_tenure,all,housing_type,More than 30% to 50%,Gr. Perth,mean
2019-20,9.2,pct_households_tenure,all,housing_type,More than 30% to 50%,Gr. Hobart,mean
2019-20,8.3,pct_households_tenure,all,housing_type,More than 30% to 50%,Gr. Darwin,mean
2019-20,7.7,pct_households_tenure,all,housing_type,More than 30% to 50%,ACT,mean
2019-20,10.7,pct_households_tenure,all,housing_type,More than 30% to 50%,Total GCC,mean
2019-20,10.2,pct_households_tenure,all,housing_type,More than 30% to 50%,Rest of NSW,mean
2019-20,6.9,pct_households_tenure,all,housing_type,More than 30% to 50%,Rest of Vic.,mean
2019-20,12.2,pct_households_tenure,all,housing_type,More than 30% to 50%,Rest of Qld,mean
2019-20,7.5,pct_households_tenure,all,housing_type,More than 30% to 50%,Rest of SA,mean
2019-20,8.9,pct_households_tenure,all,housing_type,More than 30% to 50%,Rest of WA,mean
2019-20,9,pct_households_tenure,all,housing_type,More than 30% to 50%,Rest of Tas.,mean
2019-20,10,pct_households_tenure,all,housing_type,More than 30% to 50%,Total rest of state,mean
2019-20,7.9,pct_households_tenure,all,housing_type,More than 50%,Gr. Sydney,mean
2019-20,6.8,pct_households_tenure,all,housing_type,More than 50%,Gr. Melbourne,mean
2019-20,5.9,pct_households_tenure,all,housing_type,More than 50%,Gr. Brisbane,mean
2019-20,4.3,pct_households_tenure,all,housing_type,More than 50%,Gr. Adelaide,mean
2019-20,5.6,pct_households_tenure,all,housing_type,More than 50%,Gr. Perth,mean
2019-20,5.3,pct_households_tenure,all,housing_type,More than 50%,Gr. Hobart,mean
2019-20,4,pct_households_tenure,all,housing_type,More than 50%,Gr. Darwin,mean
2019-20,2.5,pct_households_tenure,all,housing_type,More than 50%,ACT,mean
2019-20,6.3,pct_households_tenure,all,housing_type,More than 50%,Total GCC,mean
2019-20,4.9,pct_households_tenure,all,housing_type,More than 50%,Rest of NSW,mean
2019-20,5.1,pct_households_tenure,all,housing_type,More than 50%,Rest of Vic.,mean
2019-20,4.9,pct_households_tenure,all,housing_type,More than 50%,Rest of Qld,mean
2019-20,3.7,pct_households_tenure,all,housing_type,More than 50%,Rest of SA,mean
2019-20,4,pct_households_tenure,all,housing_type,More than 50%,Rest of WA,mean
2019-20,4,pct_households_tenure,all,housing_type,More than 50%,Rest of Tas.,mean
2019-20,4.6,pct_households_tenure,all,housing_type,More than 50%,Total rest of state,mean
2019-20,100,pct_households_tenure,all,housing_type,Total,Gr. Sydney,mean
2019-20,100,pct_households_tenure,all,housing_type,Total,Gr. Melbourne,mean
2019-20,100,pct_households_tenure,all,housing_type,Total,Gr. Brisbane,mean
2019-20,100,pct_households_tenure,all,housing_type,Total,Gr. Adelaide,mean
2019-20,100,pct_households_tenure,all,housing_type,Total,Gr. Perth,mean
2019-20,100,pct_households_tenure,all,housing_type,Total,Gr. Hobart,mean
2019-20,100,pct_households_tenure,all,housing_type,Total,Gr. Darwin,mean
2019-20,100,pct_households_tenure,all,housing_type,Total,ACT,mean
2019-20,100,pct_households_tenure,all,housing_type,Total,Total GCC,mean
2019-20,100,pct_households_tenure,all,housing_type,Total,Rest of NSW,mean
2019-20,100,pct_households_tenure,all,housing_type,Total,Rest of Vic.,mean
2019-20,100,pct_households_tenure,all,housing_type,Total,Rest of Qld,mean
2019-20,100,pct_households_tenure,all,housing_type,Total,Rest of SA,mean
2019-20,100,pct_households_tenure,all,housing_type,Total,Rest of WA,mean
2019-20,100,pct_households_tenure,all,housing_type,Total,Rest of Tas.,mean
2019-20,100,pct_households_tenure,all,housing_type,Total,Total rest of state,mean
2019-20,20.5,pct_households_tenure,all,equiv_income_quintile,Lowest quintile,Gr. Sydney,mean
2019-20,21.6,pct_households_tenure,all,equiv_income_quintile,Lowest quintile,Gr. Melbourne,mean
2019-20,22.8,pct_households_tenure,all,equiv_income_quintile,Lowest quintile,Gr. Brisbane,mean
2019-20,26.6,pct_households_tenure,all,equiv_income_quintile,Lowest quintile,Gr. Adelaide,mean
2019-20,22.5,pct_households_tenure,all,equiv_income_quintile,Lowest quintile,Gr. Perth,mean
2019-20,24.2,pct_households_tenure,all,equiv_income_quintile,Lowest quintile,Gr. Hobart,mean
2019-20,14,pct_households_tenure,all,equiv_income_quintile,Lowest quintile,Gr. Darwin,mean
2019-20,11,pct_households_tenure,all,equiv_income_quintile,Lowest quintile,ACT,mean
2019-20,21.6,pct_households_tenure,all,equiv_income_quintile,Lowest quintile,Total GCC,mean
2019-20,30.4,pct_households_tenure,all,equiv_income_quintile,Lowest quintile,Rest of NSW,mean
2019-20,28.6,pct_households_tenure,all,equiv_income_quintile,Lowest quintile,Rest of Vic.,mean
2019-20,26,pct_households_tenure,all,equiv_income_quintile,Lowest quintile,Rest of Qld,mean
2019-20,33.1,pct_households_tenure,all,equiv_income_quintile,Lowest quintile,Rest of SA,mean
2019-20,23,pct_households_tenure,all,equiv_income_quintile,Lowest quintile,Rest of WA,mean
2019-20,34.8,pct_households_tenure,all,equiv_income_quintile,Lowest quintile,Rest of Tas.,mean
2019-20,28.6,pct_households_tenure,all,equiv_income_quintile,Lowest quintile,Total rest of state,mean
2019-20,15.1,pct_households_tenure,all,equiv_income_quintile,Second quintile,Gr. Sydney,mean
2019-20,17.8,pct_households_tenure,all,equiv_income_quintile,Second quintile,Gr. Melbourne,mean
2019-20,18.9,pct_households_tenure,all,equiv_income_quintile,Second quintile,Gr. Brisbane,mean
2019-20,19,pct_households_tenure,all,equiv_income_quintile,Second quintile,Gr. Adelaide,mean
2019-20,19.9,pct_households_tenure,all,equiv_income_quintile,Second quintile,Gr. Perth,mean
2019-20,20.6,pct_households_tenure,all,equiv_income_quintile,Second quintile,Gr. Hobart,mean
2019-20,15.1,pct_households_tenure,all,equiv_income_quintile,Second quintile,Gr. Darwin,mean
2019-20,11.8,pct_households_tenure,all,equiv_income_quintile,Second quintile,ACT,mean
2019-20,17.4,pct_households_tenure,all,equiv_income_quintile,Second quintile,Total GCC,mean
2019-20,19.8,pct_households_tenure,all,equiv_income_quintile,Second quintile,Rest of NSW,mean
2019-20,19.5,pct_households_tenure,all,equiv_income_quintile,Second quintile,Rest of Vic.,mean
2019-20,23.9,pct_households_tenure,all,equiv_income_quintile,Second quintile,Rest of Qld,mean
2019-20,24.5,pct_households_tenure,all,equiv_income_quintile,Second quintile,Rest of SA,mean
2019-20,23.4,pct_households_tenure,all,equiv_income_quintile,Second quintile,Rest of WA,mean
2019-20,25.5,pct_households_tenure,all,equiv_income_quintile,Second quintile,Rest of Tas.,mean
2019-20,21.8,pct_households_tenure,all,equiv_income_quintile,Second quintile,Total rest of state,mean
2019-20,18.7,pct_households_tenure,all,equiv_income_quintile,Third quintile,Gr. Sydney,mean
2019-20,16.3,pct_households_tenure,all,equiv_income_quintile,Third quintile,Gr. Melbourne,mean
2019-20,18.6,pct_households_tenure,all,equiv_income_quintile,Third quintile,Gr. Brisbane,mean
2019-20,19.9,pct_households_tenure,all,equiv_income_quintile,Third quintile,Gr. Adelaide,mean
2019-20,18.9,pct_households_tenure,all,equiv_income_quintile,Third quintile,Gr. Perth,mean
2019-20,18.9,pct_households_tenure,all,equiv_income_quintile,Third quintile,Gr. Hobart,mean
2019-20,18.2,pct_households_tenure,all,equiv_income_quintile,Third quintile,Gr. Darwin,mean
2019-20,17.9,pct_households_tenure,all,equiv_income_quintile,Third quintile,ACT,mean
2019-20,18.1,pct_households_tenure,all,equiv_income_quintile,Third quintile,Total GCC,mean
2019-20,19.6,pct_households_tenure,all,equiv_income_quintile,Third quintile,Rest of NSW,mean
2019-20,24.1,pct_households_tenure,all,equiv_income_quintile,Third quintile,Rest of Vic.,mean
2019-20,16,pct_households_tenure,all,equiv_income_quintile,Third quintile,Rest of Qld,mean
2019-20,16.6,pct_households_tenure,all,equiv_income_quintile,Third quintile,Rest of SA,mean
2019-20,17.7,pct_households_tenure,all,equiv_income_quintile,Third quintile,Rest of WA,mean
2019-20,19.8,pct_households_tenure,all,equiv_income_quintile,Third quintile,Rest of Tas.,mean
2019-20,19.4,pct_households_tenure,all,equiv_income_quintile,Third quintile,Total rest of state,mean
2019-20,21.1,pct_households_tenure,all,equiv_income_quintile,Fourth quintile,Gr. Sydney,mean
2019-20,21.6,pct_households_tenure,all,equiv_income_quintile,Fourth quintile,Gr. Melbourne,mean
2019-20,18.9,pct_households_tenure,all,equiv_income_quintile,Fourth quintile,Gr. Brisbane,mean
2019-20,17.6,pct_households_tenure,all,equiv_income_quintile,Fourth quintile,Gr. Adelaide,mean
2019-20,16.8,pct_households_tenure,all,equiv_income_quintile,Fourth quintile,Gr. Perth,mean
2019-20,17.7,pct_households_tenure,all,equiv_income_quintile,Fourth quintile,Gr. Hobart,mean
2019-20,22.7,pct_households_tenure,all,equiv_income_quintile,Fourth quintile,Gr. Darwin,mean
2019-20,21.4,pct_households_tenure,all,equiv_income_quintile,Fourth quintile,ACT,mean
2019-20,20,pct_households_tenure,all,equiv_income_quintile,Fourth quintile,Total GCC,mean
2019-20,15.2,pct_households_tenure,all,equiv_income_quintile,Fourth quintile,Rest of NSW,mean
2019-20,14.1,pct_households_tenure,all,equiv_income_quintile,Fourth quintile,Rest of Vic.,mean
2019-20,18.2,pct_households_tenure,all,equiv_income_quintile,Fourth quintile,Rest of Qld,mean
2019-20,14.1,pct_households_tenure,all,equiv_income_quintile,Fourth quintile,Rest of SA,mean
2019-20,16.7,pct_households_tenure,all,equiv_income_quintile,Fourth quintile,Rest of WA,mean
2019-20,13.1,pct_households_tenure,all,equiv_income_quintile,Fourth quintile,Rest of Tas.,mean
2019-20,15.8,pct_households_tenure,all,equiv_income_quintile,Fourth quintile,Total rest of state,mean
2019-20,24.9,pct_households_tenure,all,equiv_income_quintile,Highest quintile,Gr. Sydney,mean
2019-20,23.1,pct_households_tenure,all,equiv_income_quintile,Highest quintile,Gr. Melbourne,mean
2019-20,20.7,pct_households_tenure,all,equiv_income_quintile,Highest quintile,Gr. Brisbane,mean
2019-20,16.7,pct_households_tenure,all,equiv_income_quintile,Highest quintile,Gr. Adelaide,mean
2019-20,22.1,pct_households_tenure,all,equiv_income_quintile,Highest quintile,Gr. Perth,mean
2019-20,18.4,pct_households_tenure,all,equiv_income_quintile,Highest quintile,Gr. Hobart,mean
2019-20,29.6,pct_households_tenure,all,equiv_income_quintile,Highest quintile,Gr. Darwin,mean
2019-20,38.6,pct_households_tenure,all,equiv_income_quintile,Highest quintile,ACT,mean
2019-20,22.9,pct_households_tenure,all,equiv_income_quintile,Highest quintile,Total GCC,mean
2019-20,14.5,pct_households_tenure,all,equiv_income_quintile,Highest quintile,Rest of NSW,mean
2019-20,13.6,pct_households_tenure,all,equiv_income_quintile,Highest quintile,Rest of Vic.,mean
2019-20,15,pct_households_tenure,all,equiv_income_quintile,Highest quintile,Rest of Qld,mean
2019-20,11.4,pct_households_tenure,all,equiv_income_quintile,Highest quintile,Rest of SA,mean
2019-20,19,pct_households_tenure,all,equiv_income_quintile,Highest quintile,Rest of WA,mean
2019-20,7.8,pct_households_tenure,all,equiv_income_quintile,Highest quintile,Rest of Tas.,mean
2019-20,14.5,pct_households_tenure,all,equiv_income_quintile,Highest quintile,Total rest of state,mean
2019-20,100,pct_households_tenure,all,equiv_income_quintile,Total,Gr. Sydney,mean
2019-20,100,pct_households_tenure,all,equiv_income_quintile,Total,Gr. Melbourne,mean
2019-20,100,pct_households_tenure,all,equiv_income_quintile,Total,Gr. Brisbane,mean
2019-20,100,pct_households_tenure,all,equiv_income_quintile,Total,Gr. Adelaide,mean
2019-20,100,pct_households_tenure,all,equiv_income_quintile,Total,Gr. Perth,mean
2019-20,100,pct_households_tenure,all,equiv_income_quintile,Total,Gr. Hobart,mean
2019-20,100,pct_households_tenure,all,equiv_income_quintile,Total,Gr. Darwin,mean
2019-20,100,pct_households_tenure,all,equiv_income_quintile,Total,ACT,mean
2019-20,100,pct_households_tenure,all,equiv_income_quintile,Total,Total GCC,mean
2019-20,100,pct_households_tenure,all,equiv_income_quintile,Total,Rest of NSW,mean
2019-20,100,pct_households_tenure,all,equiv_income_quintile,Total,Rest of Vic.,mean
2019-20,100,pct_households_tenure,all,equiv_income_quintile,Total,Rest of Qld,mean
2019-20,100,pct_households_tenure,all,equiv_income_quintile,Total,Rest of SA,mean
2019-20,100,pct_households_tenure,all,equiv_income_quintile,Total,Rest of WA,mean
2019-20,100,pct_households_tenure,all,equiv_income_quintile,Total,Rest of Tas.,mean
2019-20,100,pct_households_tenure,all,equiv_income_quintile,Total,Total rest of state,mean
2019-20,32.3,pct_households_tenure,all,equiv_income_quintile,Lower Income households,Gr. Sydney,mean
2019-20,36.9,pct_households_tenure,all,equiv_income_quintile,Lower Income households,Gr. Melbourne,mean
2019-20,38.8,pct_households_tenure,all,equiv_income_quintile,Lower Income households,Gr. Brisbane,mean
2019-20,43.2,pct_households_tenure,all,equiv_income_quintile,Lower Income households,Gr. Adelaide,mean
2019-20,40.8,pct_households_tenure,all,equiv_income_quintile,Lower Income households,Gr. Perth,mean
2019-20,40.9,pct_households_tenure,all,equiv_income_quintile,Lower Income households,Gr. Hobart,mean
2019-20,26.6,pct_households_tenure,all,equiv_income_quintile,Lower Income households,Gr. Darwin,mean
2019-20,21,pct_households_tenure,all,equiv_income_quintile,Lower Income households,ACT,mean
2019-20,36.3,pct_households_tenure,all,equiv_income_quintile,Lower Income households,Total GCC,mean
2019-20,47.7,pct_households_tenure,all,equiv_income_quintile,Lower Income households,Rest of NSW,mean
2019-20,44.3,pct_households_tenure,all,equiv_income_quintile,Lower Income households,Rest of Vic.,mean
2019-20,48.9,pct_households_tenure,all,equiv_income_quintile,Lower Income households,Rest of Qld,mean
2019-20,55.3,pct_households_tenure,all,equiv_income_quintile,Lower Income households,Rest of SA,mean
2019-20,44,pct_households_tenure,all,equiv_income_quintile,Lower Income households,Rest of WA,mean
2019-20,58,pct_households_tenure,all,equiv_income_quintile,Lower Income households,Rest of Tas.,mean
2019-20,47.7,pct_households_tenure,all,equiv_income_quintile,Lower Income households,Total rest of state,mean
2019-20,69,pct_households_tenure,all,income_source,Employee Income,Gr. Sydney,mean
2019-20,65.3,pct_households_tenure,all,income_source,Employee Income,Gr. Melbourne,mean
2019-20,65.6,pct_households_tenure,all,income_source,Employee Income,Gr. Brisbane,mean
2019-20,57.4,pct_households_tenure,all,income_source,Employee Income,Gr. Adelaide,mean
2019-20,67.9,pct_households_tenure,all,income_source,Employee Income,Gr. Perth,mean
2019-20,59.9,pct_households_tenure,all,income_source,Employee Income,Gr. Hobart,mean
2019-20,81.4,pct_households_tenure,all,income_source,Employee Income,Gr. Darwin,mean
2019-20,70.2,pct_households_tenure,all,income_source,Employee Income,ACT,mean
2019-20,66.2,pct_households_tenure,all,income_source,Employee Income,Total GCC,mean
2019-20,51,pct_households_tenure,all,income_source,Employee Income,Rest of NSW,mean
2019-20,52.4,pct_households_tenure,all,income_source,Employee Income,Rest of Vic.,mean
2019-20,57.6,pct_households_tenure,all,income_source,Employee Income,Rest of Qld,mean
2019-20,44.7,pct_households_tenure,all,income_source,Employee Income,Rest of SA,mean
2019-20,58.1,pct_households_tenure,all,income_source,Employee Income,Rest of WA,mean
2019-20,45.6,pct_households_tenure,all,income_source,Employee Income,Rest of Tas.,mean
2019-20,53.1,pct_households_tenure,all,income_source,Employee Income,Total rest of state,mean
2019-20,2.5,pct_households_tenure,all,income_source,Own unincorporated business income,Gr. Sydney,mean
2019-20,3.1,pct_households_tenure,all,income_source,Own unincorporated business income,Gr. Melbourne,mean
2019-20,2.8,pct_households_tenure,all,income_source,Own unincorporated business income,Gr. Brisbane,mean
2019-20,3.2,pct_households_tenure,all,income_source,Own unincorporated business income,Gr. Adelaide,mean
2019-20,2.5,pct_households_tenure,all,income_source,Own unincorporated business income,Gr. Perth,mean
2019-20,3.7,pct_households_tenure,all,income_source,Own unincorporated business income,Gr. Hobart,mean
2019-20,0.7,pct_households_tenure,all,income_source,Own unincorporated business income,Gr. Darwin,mean
2019-20,1.2,pct_households_tenure,all,income_source,Own unincorporated business income,ACT,mean
2019-20,2.8,pct_households_tenure,all,income_source,Own unincorporated business income,Total GCC,mean
2019-20,2.4,pct_households_tenure,all,income_source,Own unincorporated business income,Rest of NSW,mean
2019-20,4.9,pct_households_tenure,all,income_source,Own unincorporated business income,Rest of Vic.,mean
2019-20,3.7,pct_households_tenure,all,income_source,Own unincorporated business income,Rest of Qld,mean
2019-20,6.2,pct_households_tenure,all,income_source,Own unincorporated business income,Rest of SA,mean
2019-20,6.3,pct_households_tenure,all,income_source,Own unincorporated business income,Rest of WA,mean
2019-20,3,pct_households_tenure,all,income_source,Own unincorporated business income,Rest of Tas.,mean
2019-20,3.8,pct_households_tenure,all,income_source,Own unincorporated business income,Total rest of state,mean
2019-20,15.7,pct_households_tenure,all,income_source,Government pensions and allowances,Gr. Sydney,mean
2019-20,18,pct_households_tenure,all,income_source,Government pensions and allowances,Gr. Melbourne,mean
2019-20,21.2,pct_households_tenure,all,income_source,Government pensions and allowances,Gr. Brisbane,mean
2019-20,26.2,pct_households_tenure,all,income_source,Government pensions and allowances,Gr. Adelaide,mean
2019-20,19.4,pct_households_tenure,all,income_source,Government pensions and allowances,Gr. Perth,mean
2019-20,22.7,pct_households_tenure,all,income_source,Government pensions and allowances,Gr. Hobart,mean
2019-20,11.1,pct_households_tenure,all,income_source,Government pensions and allowances,Gr. Darwin,mean
2019-20,10.2,pct_households_tenure,all,income_source,Government pensions and allowances,ACT,mean
2019-20,18.6,pct_households_tenure,all,income_source,Government pensions and allowances,Total GCC,mean
2019-20,30.8,pct_households_tenure,all,income_source,Government pensions and allowances,Rest of NSW,mean
2019-20,27,pct_households_tenure,all,income_source,Government pensions and allowances,Rest of Vic.,mean
2019-20,28.2,pct_households_tenure,all,income_source,Government pensions and allowances,Rest of Qld,mean
2019-20,37.3,pct_households_tenure,all,income_source,Government pensions and allowances,Rest of SA,mean
2019-20,23.6,pct_households_tenure,all,income_source,Government pensions and allowances,Rest of WA,mean
2019-20,39.1,pct_households_tenure,all,income_source,Government pensions and allowances,Rest of Tas.,mean
2019-20,29.6,pct_households_tenure,all,income_source,Government pensions and allowances,Total rest of state,mean
2019-20,12.3,pct_households_tenure,all,income_source,Other income,Gr. Sydney,mean
2019-20,12.9,pct_households_tenure,all,income_source,Other income,Gr. Melbourne,mean
2019-20,9.9,pct_households_tenure,all,income_source,Other income,Gr. Brisbane,mean
2019-20,11.9,pct_households_tenure,all,income_source,Other income,Gr. Adelaide,mean
2019-20,9.6,pct_households_tenure,all,income_source,Other income,Gr. Perth,mean
2019-20,11.9,pct_households_tenure,all,income_source,Other income,Gr. Hobart,mean
2019-20,7.5,pct_households_tenure,all,income_source,Other income,Gr. Darwin,mean
2019-20,17.2,pct_households_tenure,all,income_source,Other income,ACT,mean
2019-20,11.8,pct_households_tenure,all,income_source,Other income,Total GCC,mean
2019-20,15,pct_households_tenure,all,income_source,Other income,Rest of NSW,mean
2019-20,13.9,pct_households_tenure,all,income_source,Other income,Rest of Vic.,mean
2019-20,10.1,pct_households_tenure,all,income_source,Other income,Rest of Qld,mean
2019-20,11.9,pct_households_tenure,all,income_source,Other income,Rest of SA,mean
2019-20,10.8,pct_households_tenure,all,income_source,Other income,Rest of WA,mean
2019-20,11.3,pct_households_tenure,all,income_source,Other income,Rest of Tas.,mean
2019-20,12.7,pct_households_tenure,all,income_source,Other income,Total rest of state,mean
2019-20,100,pct_households_tenure,all,income_source,Total,Gr. Sydney,mean
2019-20,100,pct_households_tenure,all,income_source,Total,Gr. Melbourne,mean
2019-20,100,pct_households_tenure,all,income_source,Total,Gr. Brisbane,mean
2019-20,100,pct_households_tenure,all,income_source,Total,Gr. Adelaide,mean
2019-20,100,pct_households_tenure,all,income_source,Total,Gr. Perth,mean
2019-20,100,pct_households_tenure,all,income_source,Total,Gr. Hobart,mean
2019-20,100,pct_households_tenure,all,income_source,Total,Gr. Darwin,mean
2019-20,100,pct_households_tenure,all,income_source,Total,ACT,mean
2019-20,100,pct_households_tenure,all,income_source,Total,Total GCC,mean
2019-20,100,pct_households_tenure,all,income_source,Total,Rest of NSW,mean
2019-20,100,pct_households_tenure,all,income_source,Total,Rest of Vic.,mean
2019-20,100,pct_households_tenure,all,income_source,Total,Rest of Qld,mean
2019-20,100,pct_households_tenure,all,income_source,Total,Rest of SA,mean
2019-20,100,pct_households_tenure,all,income_source,Total,Rest of WA,mean
2019-20,100,pct_households_tenure,all,income_source,Total,Rest of Tas.,mean
2019-20,100,pct_households_tenure,all,income_source,Total,Total rest of state,mean
2019-20,21.7,pct_households_tenure,all,number_of_employed_persons_in_household,None,Gr. Sydney,mean
2019-20,25,pct_households_tenure,all,number_of_employed_persons_in_household,None,Gr. Melbourne,mean
2019-20,25.8,pct_households_tenure,all,number_of_employed_persons_in_household,None,Gr. Brisbane,mean
2019-20,33,pct_households_tenure,all,number_of_employed_persons_in_household,None,Gr. Adelaide,mean
2019-20,25.3,pct_households_tenure,all,number_of_employed_persons_in_household,None,Gr. Perth,mean
2019-20,28.2,pct_households_tenure,all,number_of_employed_persons_in_household,None,Gr. Hobart,mean
2019-20,13.2,pct_households_tenure,all,number_of_employed_persons_in_household,None,Gr. Darwin,mean
2019-20,22.8,pct_households_tenure,all,number_of_employed_persons_in_household,None,ACT,mean
2019-20,24.8,pct_households_tenure,all,number_of_employed_persons_in_household,None,Total GCC,mean
2019-20,37.9,pct_households_tenure,all,number_of_employed_persons_in_household,None,Rest of NSW,mean
2019-20,34,pct_households_tenure,all,number_of_employed_persons_in_household,None,Rest of Vic.,mean
2019-20,32.5,pct_households_tenure,all,number_of_employed_persons_in_household,None,Rest of Qld,mean
2019-20,42.7,pct_households_tenure,all,number_of_employed_persons_in_household,None,Rest of SA,mean
2019-20,26.9,pct_households_tenure,all,number_of_employed_persons_in_household,None,Rest of WA,mean
2019-20,43.1,pct_households_tenure,all,number_of_employed_persons_in_household,None,Rest of Tas.,mean
2019-20,35.3,pct_households_tenure,all,number_of_employed_persons_in_household,None,Total rest of state,mean
2019-20,29.6,pct_households_tenure,all,number_of_employed_persons_in_household,One,Gr. Sydney,mean
2019-20,28.1,pct_households_tenure,all,number_of_employed_persons_in_household,One,Gr. Melbourne,mean
2019-20,28.6,pct_households_tenure,all,number_of_employed_persons_in_household,One,Gr. Brisbane,mean
2019-20,28,pct_households_tenure,all,number_of_employed_persons_in_household,One,Gr. Adelaide,mean
2019-20,31.6,pct_households_tenure,all,number_of_employed_persons_in_household,One,Gr. Perth,mean
2019-20,29.4,pct_households_tenure,all,number_of_employed_persons_in_household,One,Gr. Hobart,mean
2019-20,27.5,pct_households_tenure,all,number_of_employed_persons_in_household,One,Gr. Darwin,mean
2019-20,31.2,pct_households_tenure,all,number_of_employed_persons_in_household,One,ACT,mean
2019-20,29.1,pct_households_tenure,all,number_of_employed_persons_in_household,One,Total GCC,mean
2019-20,27.7,pct_households_tenure,all,number_of_employed_persons_in_household,One,Rest of NSW,mean
2019-20,25.5,pct_households_tenure,all,number_of_employed_persons_in_household,One,Rest of Vic.,mean
2019-20,29.1,pct_households_tenure,all,number_of_employed_persons_in_household,One,Rest of Qld,mean
2019-20,26.9,pct_households_tenure,all,number_of_employed_persons_in_household,One,Rest of SA,mean
2019-20,31.1,pct_households_tenure,all,number_of_employed_persons_in_household,One,Rest of WA,mean
2019-20,29.9,pct_households_tenure,all,number_of_employed_persons_in_household,One,Rest of Tas.,mean
2019-20,27.8,pct_households_tenure,all,number_of_employed_persons_in_household,One,Total rest of state,mean
2019-20,35.2,pct_households_tenure,all,number_of_employed_persons_in_household,Two,Gr. Sydney,mean
2019-20,35.2,pct_households_tenure,all,number_of_employed_persons_in_household,Two,Gr. Melbourne,mean
2019-20,35.7,pct_households_tenure,all,number_of_employed_persons_in_household,Two,Gr. Brisbane,mean
2019-20,29.3,pct_households_tenure,all,number_of_employed_persons_in_household,Two,Gr. Adelaide,mean
2019-20,33.6,pct_households_tenure,all,number_of_employed_persons_in_household,Two,Gr. Perth,mean
2019-20,31.5,pct_households_tenure,all,number_of_employed_persons_in_household,Two,Gr. Hobart,mean
2019-20,45.4,pct_households_tenure,all,number_of_employed_persons_in_household,Two,Gr. Darwin,mean
2019-20,37.3,pct_households_tenure,all,number_of_employed_persons_in_household,Two,ACT,mean
2019-20,34.6,pct_households_tenure,all,number_of_employed_persons_in_household,Two,Total GCC,mean
2019-20,27.1,pct_households_tenure,all,number_of_employed_persons_in_household,Two,Rest of NSW,mean
2019-20,33,pct_households_tenure,all,number_of_employed_persons_in_household,Two,Rest of Vic.,mean
2019-20,29.2,pct_households_tenure,all,number_of_employed_persons_in_household,Two,Rest of Qld,mean
2019-20,24.2,pct_households_tenure,all,number_of_employed_persons_in_household,Two,Rest of SA,mean
2019-20,35.4,pct_households_tenure,all,number_of_employed_persons_in_household,Two,Rest of WA,mean
2019-20,21.8,pct_households_tenure,all,number_of_employed_persons_in_household,Two,Rest of Tas.,mean
2019-20,29.1,pct_households_tenure,all,number_of_employed_persons_in_household,Two,Total rest of state,mean
2019-20,13.5,pct_households_tenure,all,number_of_employed_persons_in_household,Three or more,Gr. Sydney,mean
2019-20,12,pct_households_tenure,all,number_of_employed_persons_in_household,Three or more,Gr. Melbourne,mean
2019-20,9.3,pct_households_tenure,all,number_of_employed_persons_in_household,Three or more,Gr. Brisbane,mean
2019-20,9.4,pct_households_tenure,all,number_of_employed_persons_in_household,Three or more,Gr. Adelaide,mean
2019-20,10.3,pct_households_tenure,all,number_of_employed_persons_in_household,Three or more,Gr. Perth,mean
2019-20,9.9,pct_households_tenure,all,number_of_employed_persons_in_household,Three or more,Gr. Hobart,mean
2019-20,14.9,pct_households_tenure,all,number_of_employed_persons_in_household,Three or more,Gr. Darwin,mean
2019-20,9.1,pct_households_tenure,all,number_of_employed_persons_in_household,Three or more,ACT,mean
2019-20,11.5,pct_households_tenure,all,number_of_employed_persons_in_household,Three or more,Total GCC,mean
2019-20,7.1,pct_households_tenure,all,number_of_employed_persons_in_household,Three or more,Rest of NSW,mean
2019-20,7.6,pct_households_tenure,all,number_of_employed_persons_in_household,Three or more,Rest of Vic.,mean
2019-20,9.6,pct_households_tenure,all,number_of_employed_persons_in_household,Three or more,Rest of Qld,mean
2019-20,6.9,pct_households_tenure,all,number_of_employed_persons_in_household,Three or more,Rest of SA,mean
2019-20,6.8,pct_households_tenure,all,number_of_employed_persons_in_household,Three or more,Rest of WA,mean
2019-20,4.8,pct_households_tenure,all,number_of_employed_persons_in_household,Three or more,Rest of Tas.,mean
2019-20,7.7,pct_households_tenure,all,number_of_employed_persons_in_household,Three or more,Total rest of state,mean
2019-20,100,pct_households_tenure,all,number_of_employed_persons_in_household,Total,Gr. Sydney,mean
2019-20,100,pct_households_tenure,all,number_of_employed_persons_in_household,Total,Gr. Melbourne,mean
2019-20,100,pct_households_tenure,all,number_of_employed_persons_in_household,Total,Gr. Brisbane,mean
2019-20,100,pct_households_tenure,all,number_of_employed_persons_in_household,Total,Gr. Adelaide,mean
2019-20,100,pct_households_tenure,all,number_of_employed_persons_in_household,Total,Gr. Perth,mean
2019-20,100,pct_households_tenure,all,number_of_employed_persons_in_household,Total,Gr. Hobart,mean
2019-20,100,pct_households_tenure,all,number_of_employed_persons_in_household,Total,Gr. Darwin,mean
2019-20,100,pct_households_tenure,all,number_of_employed_persons_in_household,Total,ACT,mean
2019-20,100,pct_households_tenure,all,number_of_employed_persons_in_household,Total,Total GCC,mean
2019-20,100,pct_households_tenure,all,number_of_employed_persons_in_household,Total,Rest of NSW,mean
2019-20,100,pct_households_tenure,all,number_of_employed_persons_in_household,Total,Rest of Vic.,mean
2019-20,100,pct_households_tenure,all,number_of_employed_persons_in_household,Total,Rest of Qld,mean
2019-20,100,pct_households_tenure,all,number_of_employed_persons_in_household,Total,Rest of SA,mean
2019-20,100,pct_households_tenure,all,number_of_employed_persons_in_household,Total,Rest of WA,mean
2019-20,100,pct_households_tenure,all,number_of_employed_persons_in_household,Total,Rest of Tas.,mean
2019-20,100,pct_households_tenure,all,number_of_employed_persons_in_household,Total,Total rest of state,mean
2019-20,9.2,pct_households_tenure,all,whether_have_solar_panels_to_generate_electricity,Has solar panels to generate electricity for home,Gr. Sydney,mean
2019-20,13.1,pct_households_tenure,all,whether_have_solar_panels_to_generate_electricity,Has solar panels to generate electricity for home,Gr. Melbourne,mean
2019-20,26.2,pct_households_tenure,all,whether_have_solar_panels_to_generate_electricity,Has solar panels to generate electricity for home,Gr. Brisbane,mean
2019-20,27.6,pct_households_tenure,all,whether_have_solar_panels_to_generate_electricity,Has solar panels to generate electricity for home,Gr. Adelaide,mean
2019-20,25.4,pct_households_tenure,all,whether_have_solar_panels_to_generate_electricity,Has solar panels to generate electricity for home,Gr. Perth,mean
2019-20,11,pct_households_tenure,all,whether_have_solar_panels_to_generate_electricity,Has solar panels to generate electricity for home,Gr. Hobart,mean
2019-20,16.6,pct_households_tenure,all,whether_have_solar_panels_to_generate_electricity,Has solar panels to generate electricity for home,Gr. Darwin,mean
2019-20,13.2,pct_households_tenure,all,whether_have_solar_panels_to_generate_electricity,Has solar panels to generate electricity for home,ACT,mean
2019-20,16.8,pct_households_tenure,all,whether_have_solar_panels_to_generate_electricity,Has solar panels to generate electricity for home,Total GCC,mean
2019-20,19.3,pct_households_tenure,all,whether_have_solar_panels_to_generate_electricity,Has solar panels to generate electricity for home,Rest of NSW,mean
2019-20,20.9,pct_households_tenure,all,whether_have_solar_panels_to_generate_electricity,Has solar panels to generate electricity for home,Rest of Vic.,mean
2019-20,26.3,pct_households_tenure,all,whether_have_solar_panels_to_generate_electricity,Has solar panels to generate electricity for home,Rest of Qld,mean
2019-20,36.2,pct_households_tenure,all,whether_have_solar_panels_to_generate_electricity,Has solar panels to generate electricity for home,Rest of SA,mean
2019-20,21.5,pct_households_tenure,all,whether_have_solar_panels_to_generate_electricity,Has solar panels to generate electricity for home,Rest of WA,mean
2019-20,13.6,pct_households_tenure,all,whether_have_solar_panels_to_generate_electricity,Has solar panels to generate electricity for home,Rest of Tas.,mean
2019-20,22.4,pct_households_tenure,all,whether_have_solar_panels_to_generate_electricity,Has solar panels to generate electricity for home,Total rest of state,mean
2019-20,90.9,pct_households_tenure,all,whether_have_solar_panels_to_generate_electricity,Does not have solar panels to generate electricity for home,Gr. Sydney,mean
2019-20,87,pct_households_tenure,all,whether_have_solar_panels_to_generate_electricity,Does not have solar panels to generate electricity for home,Gr. Melbourne,mean
2019-20,73.7,pct_households_tenure,all,whether_have_solar_panels_to_generate_electricity,Does not have solar panels to generate electricity for home,Gr. Brisbane,mean
2019-20,72,pct_households_tenure,all,whether_have_solar_panels_to_generate_electricity,Does not have solar panels to generate electricity for home,Gr. Adelaide,mean
2019-20,75,pct_households_tenure,all,whether_have_solar_panels_to_generate_electricity,Does not have solar panels to generate electricity for home,Gr. Perth,mean
2019-20,88.5,pct_households_tenure,all,whether_have_solar_panels_to_generate_electricity,Does not have solar panels to generate electricity for home,Gr. Hobart,mean
2019-20,84,pct_households_tenure,all,whether_have_solar_panels_to_generate_electricity,Does not have solar panels to generate electricity for home,Gr. Darwin,mean
2019-20,87.1,pct_households_tenure,all,whether_have_solar_panels_to_generate_electricity,Does not have solar panels to generate electricity for home,ACT,mean
2019-20,83.2,pct_households_tenure,all,whether_have_solar_panels_to_generate_electricity,Does not have solar panels to generate electricity for home,Total GCC,mean
2019-20,80.7,pct_households_tenure,all,whether_have_solar_panels_to_generate_electricity,Does not have solar panels to generate electricity for home,Rest of NSW,mean
2019-20,78.5,pct_households_tenure,all,whether_have_solar_panels_to_generate_electricity,Does not have solar panels to generate electricity for home,Rest of Vic.,mean
2019-20,73.5,pct_households_tenure,all,whether_have_solar_panels_to_generate_electricity,Does not have solar panels to generate electricity for home,Rest of Qld,mean
2019-20,64.2,pct_households_tenure,all,whether_have_solar_panels_to_generate_electricity,Does not have solar panels to generate electricity for home,Rest of SA,mean
2019-20,78.8,pct_households_tenure,all,whether_have_solar_panels_to_generate_electricity,Does not have solar panels to generate electricity for home,Rest of WA,mean
2019-20,86.5,pct_households_tenure,all,whether_have_solar_panels_to_generate_electricity,Does not have solar panels to generate electricity for home,Rest of Tas.,mean
2019-20,77.6,pct_households_tenure,all,whether_have_solar_panels_to_generate_electricity,Does not have solar panels to generate electricity for home,Total rest of state,mean
2019-20,100,pct_households_tenure,all,whether_have_solar_panels_to_generate_electricity,Total,Gr. Sydney,mean
2019-20,100,pct_households_tenure,all,whether_have_solar_panels_to_generate_electricity,Total,Gr. Melbourne,mean
2019-20,100,pct_households_tenure,all,whether_have_solar_panels_to_generate_electricity,Total,Gr. Brisbane,mean
2019-20,100,pct_households_tenure,all,whether_have_solar_panels_to_generate_electricity,Total,Gr. Adelaide,mean
2019-20,100,pct_households_tenure,all,whether_have_solar_panels_to_generate_electricity,Total,Gr. Perth,mean
2019-20,100,pct_households_tenure,all,whether_have_solar_panels_to_generate_electricity,Total,Gr. Hobart,mean
2019-20,100,pct_households_tenure,all,whether_have_solar_panels_to_generate_electricity,Total,Gr. Darwin,mean
2019-20,100,pct_households_tenure,all,whether_have_solar_panels_to_generate_electricity,Total,ACT,mean
2019-20,100,pct_households_tenure,all,whether_have_solar_panels_to_generate_electricity,Total,Total GCC,mean
2019-20,100,pct_households_tenure,all,whether_have_solar_panels_to_generate_electricity,Total,Rest of NSW,mean
2019-20,100,pct_households_tenure,all,whether_have_solar_panels_to_generate_electricity,Total,Rest of Vic.,mean
2019-20,100,pct_households_tenure,all,whether_have_solar_panels_to_generate_electricity,Total,Rest of Qld,mean
2019-20,100,pct_households_tenure,all,whether_have_solar_panels_to_generate_electricity,Total,Rest of SA,mean
2019-20,100,pct_households_tenure,all,whether_have_solar_panels_to_generate_electricity,Total,Rest of WA,mean
2019-20,100,pct_households_tenure,all,whether_have_solar_panels_to_generate_electricity,Total,Rest of Tas.,mean
2019-20,100,pct_households_tenure,all,whether_have_solar_panels_to_generate_electricity,Total,Total rest of state,mean
2019-20,5292.7,pct_households_tenure,all,whether_have_solar_panels_to_generate_electricity,Estimated number of persons,Gr. Sydney,mean
2019-20,5034,pct_households_tenure,all,whether_have_solar_panels_to_generate_electricity,Estimated number of persons,Gr. Melbourne,mean
2019-20,2643.4,pct_households_tenure,all,whether_have_solar_panels_to_generate_electricity,Estimated number of persons,Gr. Brisbane,mean
2019-20,1374.9,pct_households_tenure,all,whether_have_solar_panels_to_generate_electricity,Estimated number of persons,Gr. Adelaide,mean
2019-20,2065.2,pct_households_tenure,all,whether_have_solar_panels_to_generate_electricity,Estimated number of persons,Gr. Perth,mean
2019-20,239.2,pct_households_tenure,all,whether_have_solar_panels_to_generate_electricity,Estimated number of persons,Gr. Hobart,mean
2019-20,144.3,pct_households_tenure,all,whether_have_solar_panels_to_generate_electricity,Estimated number of persons,Gr. Darwin,mean
2019-20,417.2,pct_households_tenure,all,whether_have_solar_panels_to_generate_electricity,Estimated number of persons,ACT,mean
2019-20,17205.4,pct_households_tenure,all,whether_have_solar_panels_to_generate_electricity,Estimated number of persons,Total GCC,mean
2019-20,2692,pct_households_tenure,all,whether_have_solar_panels_to_generate_electricity,Estimated number of persons,Rest of NSW,mean
2019-20,1530.5,pct_households_tenure,all,whether_have_solar_panels_to_generate_electricity,Estimated number of persons,Rest of Vic.,mean
2019-20,2348.2,pct_households_tenure,all,whether_have_solar_panels_to_generate_electricity,Estimated number of persons,Rest of Qld,mean
2019-20,341.9,pct_households_tenure,all,whether_have_solar_panels_to_generate_electricity,Estimated number of persons,Rest of SA,mean
2019-20,475.4,pct_households_tenure,all,whether_have_solar_panels_to_generate_electricity,Estimated number of persons,Rest of WA,mean
2019-20,287,pct_households_tenure,all,whether_have_solar_panels_to_generate_electricity,Estimated number of persons,Rest of Tas.,mean
2019-20,7703.2,pct_households_tenure,all,whether_have_solar_panels_to_generate_electricity,Estimated number of persons,Total rest of state,mean
2019-20,1899.1,pct_households_tenure,all,whether_have_solar_panels_to_generate_electricity,Estimated number of households,Gr. Sydney,mean
2019-20,1908.3,pct_households_tenure,all,whether_have_solar_panels_to_generate_electricity,Estimated number of households,Gr. Melbourne,mean
2019-20,997.4,pct_households_tenure,all,whether_have_solar_panels_to_generate_electricity,Estimated number of households,Gr. Brisbane,mean
2019-20,570.4,pct_households_tenure,all,whether_have_solar_panels_to_generate_electricity,Estimated number of households,Gr. Adelaide,mean
2019-20,804.5,pct_households_tenure,all,whether_have_solar_panels_to_generate_electricity,Estimated number of households,Gr. Perth,mean
2019-20,100.7,pct_households_tenure,all,whether_have_solar_panels_to_generate_electricity,Estimated number of households,Gr. Hobart,mean
2019-20,50.7,pct_households_tenure,all,whether_have_solar_panels_to_generate_electricity,Estimated number of households,Gr. Darwin,mean
2019-20,169.8,pct_households_tenure,all,whether_have_solar_panels_to_generate_electricity,Estimated number of households,ACT,mean
2019-20,6511.2,pct_households_tenure,all,whether_have_solar_panels_to_generate_electricity,Estimated number of households,Total GCC,mean
2019-20,1156,pct_households_tenure,all,whether_have_solar_panels_to_generate_electricity,Estimated number of households,Rest of NSW,mean
2019-20,632.1,pct_households_tenure,all,whether_have_solar_panels_to_generate_electricity,Estimated number of households,Rest of Vic.,mean
2019-20,946.4,pct_households_tenure,all,whether_have_solar_panels_to_generate_electricity,Estimated number of households,Rest of Qld,mean
2019-20,150.9,pct_households_tenure,all,whether_have_solar_panels_to_generate_electricity,Estimated number of households,Rest of SA,mean
2019-20,192.4,pct_households_tenure,all,whether_have_solar_panels_to_generate_electricity,Estimated number of households,Rest of WA,mean
2019-20,130.6,pct_households_tenure,all,whether_have_solar_panels_to_generate_electricity,Estimated number of households,Rest of Tas.,mean
2019-20,3223.4,pct_households_tenure,all,whether_have_solar_panels_to_generate_electricity,Estimated number of households,Total rest of state,mean
2019-20,2134,pct_households_tenure,all,whether_have_solar_panels_to_generate_electricity,Number of households in sample,Gr. Sydney,mean
2019-20,1787,pct_households_tenure,all,whether_have_solar_panels_to_generate_electricity,Number of households in sample,Gr. Melbourne,mean
2019-20,990,pct_households_tenure,all,whether_have_solar_panels_to_generate_electricity,Number of households in sample,Gr. Brisbane,mean
2019-20,1272,pct_households_tenure,all,whether_have_solar_panels_to_generate_electricity,Number of households in sample,Gr. Adelaide,mean
2019-20,989,pct_households_tenure,all,whether_have_solar_panels_to_generate_electricity,Number of households in sample,Gr. Perth,mean
2019-20,658,pct_households_tenure,all,whether_have_solar_panels_to_generate_electricity,Number of households in sample,Gr. Hobart,mean
2019-20,506,pct_households_tenure,all,whether_have_solar_panels_to_generate_electricity,Number of households in sample,Gr. Darwin,mean
2019-20,951,pct_households_tenure,all,whether_have_solar_panels_to_generate_electricity,Number of households in sample,ACT,mean
2019-20,9287,pct_households_tenure,all,whether_have_solar_panels_to_generate_electricity,Number of households in sample,Total GCC,mean
2019-20,973,pct_households_tenure,all,whether_have_solar_panels_to_generate_electricity,Number of households in sample,Rest of NSW,mean
2019-20,790,pct_households_tenure,all,whether_have_solar_panels_to_generate_electricity,Number of households in sample,Rest of Vic.,mean
2019-20,961,pct_households_tenure,all,whether_have_solar_panels_to_generate_electricity,Number of households in sample,Rest of Qld,mean
2019-20,1077,pct_households_tenure,all,whether_have_solar_panels_to_generate_electricity,Number of households in sample,Rest of SA,mean
2019-20,1144,pct_households_tenure,all,whether_have_solar_panels_to_generate_electricity,Number of households in sample,Rest of WA,mean
2019-20,640,pct_households_tenure,all,whether_have_solar_panels_to_generate_electricity,Number of households in sample,Rest of Tas.,mean
2019-20,5724,pct_households_tenure,all,whether_have_solar_panels_to_generate_electricity,Number of households in sample,Total rest of state,mean
2019-20,48,median_weekly_cost,owner_outright,owner,Owner without a mortgage,New South Wales,median
2019-20,54,median_weekly_cost,owner_outright,owner,Owner without a mortgage,Victoria,median
2019-20,50,median_weekly_cost,owner_outright,owner,Owner without a mortgage,Queensland,median
2019-20,48,median_weekly_cost,owner_outright,owner,Owner without a mortgage,South Australia,median
2019-20,47,median_weekly_cost,owner_outright,owner,Owner without a mortgage,Western Australia,median
2019-20,43,median_weekly_cost,owner_outright,owner,Owner without a mortgage,Tasmania,median
2019-20,51,median_weekly_cost,owner_outright,owner,Owner without a mortgage,Northern Territory,median
2019-20,69,median_weekly_cost,owner_outright,owner,Owner without a mortgage,Australian Capital Territory,median
2019-20,50,median_weekly_cost,owner_outright,owner,Owner without a mortgage,Australia,median
2019-20,506,median_weekly_cost,owner_mortgage,owner,Owner with a mortgage,New South Wales,median
2019-20,436,median_weekly_cost,owner_mortgage,owner,Owner with a mortgage,Victoria,median
2019-20,432,median_weekly_cost,owner_mortgage,owner,Owner with a mortgage,Queensland,median
2019-20,360,median_weekly_cost,owner_mortgage,owner,Owner with a mortgage,South Australia,median
2019-20,421,median_weekly_cost,owner_mortgage,owner,Owner with a mortgage,Western Australia,median
2019-20,316,median_weekly_cost,owner_mortgage,owner,Owner with a mortgage,Tasmania,median
2019-20,526,median_weekly_cost,owner_mortgage,owner,Owner with a mortgage,Northern Territory,median
2019-20,526,median_weekly_cost,owner_mortgage,owner,Owner with a mortgage,Australian Capital Territory,median
2019-20,443,median_weekly_cost,owner_mortgage,owner,Owner with a mortgage,Australia,median
2019-20,83,median_weekly_cost,owner_total,owner,Total owners,New South Wales,median
2019-20,98,median_weekly_cost,owner_total,owner,Total owners,Victoria,median
2019-20,112,median_weekly_cost,owner_total,owner,Total owners,Queensland,median
2019-20,112,median_weekly_cost,owner_total,owner,Total owners,South Australia,median
2019-20,165,median_weekly_cost,owner_total,owner,Total owners,Western Australia,median
2019-20,65,median_weekly_cost,owner_total,owner,Total owners,Tasmania,median
2019-20,343,median_weekly_cost,owner_total,owner,Total owners,Northern Territory,median
2019-20,267,median_weekly_cost,owner_total,owner,Total owners,Australian Capital Territory,median
2019-20,101,median_weekly_cost,owner_total,owner,Total owners,Australia,median
2019-20,123,median_weekly_cost,renter_social,renter,State or territory housing authority,New South Wales,median
2019-20,120,median_weekly_cost,renter_social,renter,State or territory housing authority,Victoria,median
2019-20,120,median_weekly_cost,renter_social,renter,State or territory housing authority,Queensland,median
2019-20,116,median_weekly_cost,renter_social,renter,State or territory housing authority,South Australia,median
2019-20,124,median_weekly_cost,renter_social,renter,State or territory housing authority,Western Australia,median
2019-20,144,median_weekly_cost,renter_social,renter,State or territory housing authority,Tasmania,median
2019-20,143,median_weekly_cost,renter_social,renter,State or territory housing authority,Northern Territory,median
2019-20,110,median_weekly_cost,renter_social,renter,State or territory housing authority,Australian Capital Territory,median
2019-20,120,median_weekly_cost,renter_social,renter,State or territory housing authority,Australia,median
2019-20,444,median_weekly_cost,renter_private,renter,Private landlord,New South Wales,median
2019-20,383,median_weekly_cost,renter_private,renter,Private landlord,Victoria,median
2019-20,370,median_weekly_cost,renter_private,renter,Private landlord,Queensland,median
2019-20,319,median_weekly_cost,renter_private,renter,Private landlord,South Australia,median
2019-20,340,median_weekly_cost,renter_private,renter,Private landlord,Western Australia,median
2019-20,291,median_weekly_cost,renter_private,renter,Private landlord,Tasmania,median
2019-20,400,median_weekly_cost,renter_private,renter,Private landlord,Northern Territory,median
2019-20,447,median_weekly_cost,renter_private,renter,Private landlord,Australian Capital Territory,median
2019-20,390,median_weekly_cost,renter_private,renter,Private landlord,Australia,median
2019-20,410,median_weekly_cost,renter_total,renter,Total renters,New South Wales,median
2019-20,372,median_weekly_cost,renter_total,renter,Total renters,Victoria,median
2019-20,350,median_weekly_cost,renter_total,renter,Total renters,Queensland,median
2019-20,283,median_weekly_cost,renter_total,renter,Total renters,South Australia,median
2019-20,310,median_weekly_cost,renter_total,renter,Total renters,Western Australia,median
2019-20,264,median_weekly_cost,renter_total,renter,Total renters,Tasmania,median
2019-20,362,median_weekly_cost,renter_total,renter,Total renters,Northern Territory,median
2019-20,400,median_weekly_cost,renter_total,renter,Total renters,Australian Capital Territory,median
2019-20,363,median_weekly_cost,renter_total,renter,Total renters,Australia,median
2019-20,289,median_weekly_cost,all,renter,Total,New South Wales,median
2019-20,272,median_weekly_cost,all,renter,Total,Victoria,median
2019-20,291,median_weekly_cost,all,renter,Total,Queensland,median
2019-20,205,median_weekly_cost,all,renter,Total,South Australia,median
2019-20,262,median_weekly_cost,all,renter,Total,Western Australia,median
2019-20,179,median_weekly_cost,all,renter,Total,Tasmania,median
2019-20,360,median_weekly_cost,all,renter,Total,Northern Territory,median
2019-20,339,median_weekly_cost,all,renter,Total,Australian Capital Territory,median
2019-20,273,median_weekly_cost,all,renter,Total,Australia,median
2019-20,482,median_weekly_cost,all,family_type,Couple family with dependent children,New South Wales,median
2019-20,394,median_weekly_cost,all,family_type,Couple family with dependent children,Victoria,median
2019-20,413,median_weekly_cost,all,family_type,Couple family with dependent children,Queensland,median
2019-20,360,median_weekly_cost,all,family_type,Couple family with dependent children,South Australia,median
2019-20,401,median_weekly_cost,all,family_type,Couple family with dependent children,Western Australia,median
2019-20,286,median_weekly_cost,all,family_type,Couple family with dependent children,Tasmania,median
2019-20,450,median_weekly_cost,all,family_type,Couple family with dependent children,Northern Territory,median
2019-20,508,median_weekly_cost,all,family_type,Couple family with dependent children,Australian Capital Territory,median
2019-20,421,median_weekly_cost,all,family_type,Couple family with dependent children,Australia,median
2019-20,383,median_weekly_cost,all,family_type,One parent family with dependent children,New South Wales,median
2019-20,313,median_weekly_cost,all,family_type,One parent family with dependent children,Victoria,median
2019-20,357,median_weekly_cost,all,family_type,One parent family with dependent children,Queensland,median
2019-20,309,median_weekly_cost,all,family_type,One parent family with dependent children,South Australia,median
2019-20,311,median_weekly_cost,all,family_type,One parent family with dependent children,Western Australia,median
2019-20,269,median_weekly_cost,all,family_type,One parent family with dependent children,Tasmania,median
2019-20,340,median_weekly_cost,all,family_type,One parent family with dependent children,Northern Territory,median
2019-20,221,median_weekly_cost,all,family_type,One parent family with dependent children,Australian Capital Territory,median
2019-20,336,median_weekly_cost,all,family_type,One parent family with dependent children,Australia,median
2019-20,98,median_weekly_cost,all,family_type,Couple only,New South Wales,median
2019-20,105,median_weekly_cost,all,family_type,Couple only,Victoria,median
2019-20,150,median_weekly_cost,all,family_type,Couple only,Queensland,median
2019-20,91,median_weekly_cost,all,family_type,Couple only,South Australia,median
2019-20,109,median_weekly_cost,all,family_type,Couple only,Western Australia,median
2019-20,64,median_weekly_cost,all,family_type,Couple only,Tasmania,median
2019-20,300,median_weekly_cost,all,family_type,Couple only,Northern Territory,median
2019-20,188,median_weekly_cost,all,family_type,Couple only,Australian Capital Territory,median
2019-20,111,median_weekly_cost,all,family_type,Couple only,Australia,median
2019-20,235,median_weekly_cost,all,family_type,Other one family households,New South Wales,median
2019-20,177,median_weekly_cost,all,family_type,Other one family households,Victoria,median
2019-20,240,median_weekly_cost,all,family_type,Other one family households,Queensland,median
2019-20,234,median_weekly_cost,all,family_type,Other one family households,South Australia,median
2019-20,170,median_weekly_cost,all,family_type,Other one family households,Western Australia,median
2019-20,200,median_weekly_cost,all,family_type,Other one family households,Tasmania,median
2019-20,346,median_weekly_cost,all,family_type,Other one family households,Northern Territory,median
2019-20,155,median_weekly_cost,all,family_type,Other one family households,Australian Capital Territory,median
2019-20,218,median_weekly_cost,all,family_type,Other one family households,Australia,median
2019-20,498,median_weekly_cost,all,family_type,Multiple family households,New South Wales,median
2019-20,328,median_weekly_cost,all,family_type,Multiple family households,Victoria,median
2019-20,306,median_weekly_cost,all,family_type,Multiple family households,Queensland,median
2019-20,253,median_weekly_cost,all,family_type,Multiple family households,South Australia,median
2019-20,507,median_weekly_cost,all,family_type,Multiple family households,Western Australia,median
2019-20,374,median_weekly_cost,all,family_type,Multiple family households,Tasmania,median
2019-20,460,median_weekly_cost,all,family_type,Multiple family households,Northern Territory,median
2019-20,406,median_weekly_cost,all,family_type,Multiple family households,Australian Capital Territory,median
2019-20,381,median_weekly_cost,all,family_type,Multiple family households,Australia,median
2019-20,111,median_weekly_cost,all,family_type,Lone person households,New South Wales,median
2019-20,112,median_weekly_cost,all,family_type,Lone person households,Victoria,median
2019-20,148,median_weekly_cost,all,family_type,Lone person households,Queensland,median
2019-20,108,median_weekly_cost,all,family_type,Lone person households,South Australia,median
2019-20,141,median_weekly_cost,all,family_type,Lone person households,Western Australia,median
2019-20,81,median_weekly_cost,all,family_type,Lone person households,Tasmania,median
2019-20,140,median_weekly_cost,all,family_type,Lone person households,Northern Territory,median
2019-20,200,median_weekly_cost,all,family_type,Lone person households,Australian Capital Territory,median
2019-20,114,median_weekly_cost,all,family_type,Lone person households,Australia,median
2019-20,477,median_weekly_cost,all,family_type,Group households,New South Wales,median
2019-20,386,median_weekly_cost,all,family_type,Group households,Victoria,median
2019-20,458,median_weekly_cost,all,family_type,Group households,Queensland,median
2019-20,307,median_weekly_cost,all,family_type,Group households,South Australia,median
2019-20,370,median_weekly_cost,all,family_type,Group households,Western Australia,median
2019-20,330,median_weekly_cost,all,family_type,Group households,Tasmania,median
2019-20,354,median_weekly_cost,all,family_type,Group households,Northern Territory,median
2019-20,458,median_weekly_cost,all,family_type,Group households,Australian Capital Territory,median
2019-20,450,median_weekly_cost,all,family_type,Group households,Australia,median
2019-20,289,median_weekly_cost,all,family_type,Total,New South Wales,median
2019-20,272,median_weekly_cost,all,family_type,Total,Victoria,median
2019-20,291,median_weekly_cost,all,family_type,Total,Queensland,median
2019-20,205,median_weekly_cost,all,family_type,Total,South Australia,median
2019-20,262,median_weekly_cost,all,family_type,Total,Western Australia,median
2019-20,179,median_weekly_cost,all,family_type,Total,Tasmania,median
2019-20,360,median_weekly_cost,all,family_type,Total,Northern Territory,median
2019-20,339,median_weekly_cost,all,family_type,Total,Australian Capital Territory,median
2019-20,273,median_weekly_cost,all,family_type,Total,Australia,median
2019-20,218,median_weekly_cost,all,dwelling_structure,Separate house,New South Wales,median
2019-20,204,median_weekly_cost,all,dwelling_structure,Separate house,Victoria,median
2019-20,285,median_weekly_cost,all,dwelling_structure,Separate house,Queensland,median
2019-20,205,median_weekly_cost,all,dwelling_structure,Separate house,South Australia,median
2019-20,271,median_weekly_cost,all,dwelling_structure,Separate house,Western Australia,median
2019-20,165,median_weekly_cost,all,dwelling_structure,Separate house,Tasmania,median
2019-20,395,median_weekly_cost,all,dwelling_structure,Separate house,Northern Territory,median
2019-20,340,median_weekly_cost,all,dwelling_structure,Separate house,Australian Capital Territory,median
2019-20,236,median_weekly_cost,all,dwelling_structure,Separate house,Australia,median
2019-20,291,median_weekly_cost,all,dwelling_structure,"Semi-detached, row or terrace house, townhouse",New South Wales,median
2019-20,353,median_weekly_cost,all,dwelling_structure,"Semi-detached, row or terrace house, townhouse",Victoria,median
2019-20,295,median_weekly_cost,all,dwelling_structure,"Semi-detached, row or terrace house, townhouse",Queensland,median
2019-20,192,median_weekly_cost,all,dwelling_structure,"Semi-detached, row or terrace house, townhouse",South Australia,median
2019-20,222,median_weekly_cost,all,dwelling_structure,"Semi-detached, row or terrace house, townhouse",Western Australia,median
2019-20,187,median_weekly_cost,all,dwelling_structure,"Semi-detached, row or terrace house, townhouse",Tasmania,median
2019-20,399,median_weekly_cost,all,dwelling_structure,"Semi-detached, row or terrace house, townhouse",Northern Territory,median
2019-20,233,median_weekly_cost,all,dwelling_structure,"Semi-detached, row or terrace house, townhouse",Australian Capital Territory,median
2019-20,295,median_weekly_cost,all,dwelling_structure,"Semi-detached, row or terrace house, townhouse",Australia,median
2019-20,410,median_weekly_cost,all,dwelling_structure,Flat or apartment,New South Wales,median
2019-20,342,median_weekly_cost,all,dwelling_structure,Flat or apartment,Victoria,median
2019-20,300,median_weekly_cost,all,dwelling_structure,Flat or apartment,Queensland,median
2019-20,245,median_weekly_cost,all,dwelling_structure,Flat or apartment,South Australia,median
2019-20,295,median_weekly_cost,all,dwelling_structure,Flat or apartment,Western Australia,median
2019-20,209,median_weekly_cost,all,dwelling_structure,Flat or apartment,Tasmania,median
2019-20,304,median_weekly_cost,all,dwelling_structure,Flat or apartment,Northern Territory,median
2019-20,360,median_weekly_cost,all,dwelling_structure,Flat or apartment,Australian Capital Territory,median
2019-20,343,median_weekly_cost,all,dwelling_structure,Flat or apartment,Australia,median
2019-20,289,median_weekly_cost,all,dwelling_structure,Total,New South Wales,median
2019-20,272,median_weekly_cost,all,dwelling_structure,Total,Victoria,median
2019-20,291,median_weekly_cost,all,dwelling_structure,Total,Queensland,median
2019-20,205,median_weekly_cost,all,dwelling_structure,Total,South Australia,median
2019-20,262,median_weekly_cost,all,dwelling_structure,Total,Western Australia,median
2019-20,179,median_weekly_cost,all,dwelling_structure,Total,Tasmania,median
2019-20,360,median_weekly_cost,all,dwelling_structure,Total,Northern Territory,median
2019-20,339,median_weekly_cost,all,dwelling_structure,Total,Australian Capital Territory,median
2019-20,273,median_weekly_cost,all,dwelling_structure,Total,Australia,median
2019-20,96,median_weekly_cost,all,equiv_income_quintile,Lowest quintile,New South Wales,median
2019-20,67,median_weekly_cost,all,equiv_income_quintile,Lowest quintile,Victoria,median
2019-20,110,median_weekly_cost,all,equiv_income_quintile,Lowest quintile,Queensland,median
2019-20,99,median_weekly_cost,all,equiv_income_quintile,Lowest quintile,South Australia,median
2019-20,107,median_weekly_cost,all,equiv_income_quintile,Lowest quintile,Western Australia,median
2019-20,83,median_weekly_cost,all,equiv_income_quintile,Lowest quintile,Tasmania,median
2019-20,176,median_weekly_cost,all,equiv_income_quintile,Lowest quintile,Northern Territory,median
2019-20,106,median_weekly_cost,all,equiv_income_quintile,Lowest quintile,Australian Capital Territory,median
2019-20,88,median_weekly_cost,all,equiv_income_quintile,Lowest quintile,Australia,median
2019-20,218,median_weekly_cost,all,equiv_income_quintile,Second quintile,New South Wales,median
2019-20,218,median_weekly_cost,all,equiv_income_quintile,Second quintile,Victoria,median
2019-20,250,median_weekly_cost,all,equiv_income_quintile,Second quintile,Queensland,median
2019-20,168,median_weekly_cost,all,equiv_income_quintile,Second quintile,South Australia,median
2019-20,212,median_weekly_cost,all,equiv_income_quintile,Second quintile,Western Australia,median
2019-20,180,median_weekly_cost,all,equiv_income_quintile,Second quintile,Tasmania,median
2019-20,360,median_weekly_cost,all,equiv_income_quintile,Second quintile,Northern Territory,median
2019-20,200,median_weekly_cost,all,equiv_income_quintile,Second quintile,Australian Capital Territory,median
2019-20,220,median_weekly_cost,all,equiv_income_quintile,Second quintile,Australia,median
2019-20,338,median_weekly_cost,all,equiv_income_quintile,Third quintile,New South Wales,median
2019-20,286,median_weekly_cost,all,equiv_income_quintile,Third quintile,Victoria,median
2019-20,329,median_weekly_cost,all,equiv_income_quintile,Third quintile,Queensland,median
2019-20,285,median_weekly_cost,all,equiv_income_quintile,Third quintile,South Australia,median
2019-20,319,median_weekly_cost,all,equiv_income_quintile,Third quintile,Western Australia,median
2019-20,229,median_weekly_cost,all,equiv_income_quintile,Third quintile,Tasmania,median
2019-20,368,median_weekly_cost,all,equiv_income_quintile,Third quintile,Northern Territory,median
2019-20,283,median_weekly_cost,all,equiv_income_quintile,Third quintile,Australian Capital Territory,median
2019-20,314,median_weekly_cost,all,equiv_income_quintile,Third quintile,Australia,median
2019-20,428,median_weekly_cost,all,equiv_income_quintile,Fourth quintile,New South Wales,median
2019-20,361,median_weekly_cost,all,equiv_income_quintile,Fourth quintile,Victoria,median
2019-20,391,median_weekly_cost,all,equiv_income_quintile,Fourth quintile,Queensland,median
2019-20,322,median_weekly_cost,all,equiv_income_quintile,Fourth quintile,South Australia,median
2019-20,327,median_weekly_cost,all,equiv_income_quintile,Fourth quintile,Western Australia,median
2019-20,334,median_weekly_cost,all,equiv_income_quintile,Fourth quintile,Tasmania,median
2019-20,360,median_weekly_cost,all,equiv_income_quintile,Fourth quintile,Northern Territory,median
2019-20,397,median_weekly_cost,all,equiv_income_quintile,Fourth quintile,Australian Capital Territory,median
2019-20,380,median_weekly_cost,all,equiv_income_quintile,Fourth quintile,Australia,median
2019-20,460,median_weekly_cost,all,equiv_income_quintile,Highest quintile,New South Wales,median
2019-20,436,median_weekly_cost,all,equiv_income_quintile,Highest quintile,Victoria,median
2019-20,400,median_weekly_cost,all,equiv_income_quintile,Highest quintile,Queensland,median
2019-20,356,median_weekly_cost,all,equiv_income_quintile,Highest quintile,South Australia,median
2019-20,396,median_weekly_cost,all,equiv_income_quintile,Highest quintile,Western Australia,median
2019-20,289,median_weekly_cost,all,equiv_income_quintile,Highest quintile,Tasmania,median
2019-20,450,median_weekly_cost,all,equiv_income_quintile,Highest quintile,Northern Territory,median
2019-20,447,median_weekly_cost,all,equiv_income_quintile,Highest quintile,Australian Capital Territory,median
2019-20,425,median_weekly_cost,all,equiv_income_quintile,Highest quintile,Australia,median
2019-20,289,median_weekly_cost,all,equiv_income_quintile,Total,New South Wales,median
2019-20,272,median_weekly_cost,all,equiv_income_quintile,Total,Victoria,median
2019-20,291,median_weekly_cost,all,equiv_income_quintile,Total,Queensland,median
2019-20,205,median_weekly_cost,all,equiv_income_quintile,Total,South Australia,median
2019-20,262,median_weekly_cost,all,equiv_income_quintile,Total,Western Australia,median
2019-20,179,median_weekly_cost,all,equiv_income_quintile,Total,Tasmania,median
2019-20,360,median_weekly_cost,all,equiv_income_quintile,Total,Northern Territory,median
2019-20,339,median_weekly_cost,all,equiv_income_quintile,Total,Australian Capital Territory,median
2019-20,273,median_weekly_cost,all,equiv_income_quintile,Total,Australia,median
2019-20,108,median_weekly_cost,all,equiv_income_quintile,Lower Income households,New South Wales,median
2019-20,88,median_weekly_cost,all,equiv_income_quintile,Lower Income households,Victoria,median
2019-20,150,median_weekly_cost,all,equiv_income_quintile,Lower Income households,Queensland,median
2019-20,108,median_weekly_cost,all,equiv_income_quintile,Lower Income households,South Australia,median
2019-20,127,median_weekly_cost,all,equiv_income_quintile,Lower Income households,Western Australia,median
2019-20,110,median_weekly_cost,all,equiv_income_quintile,Lower Income households,Tasmania,median
2019-20,274,median_weekly_cost,all,equiv_income_quintile,Lower Income households,Northern Territory,median
2019-20,113,median_weekly_cost,all,equiv_income_quintile,Lower Income households,Australian Capital Territory,median
2019-20,111,median_weekly_cost,all,equiv_income_quintile,Lower Income households,Australia,median
2019-20,427,median_weekly_cost,all,income_source,Employee Income,New South Wales,median
2019-20,371,median_weekly_cost,all,income_source,Employee Income,Victoria,median
2019-20,375,median_weekly_cost,all,income_source,Employee Income,Queensland,median
2019-20,326,median_weekly_cost,all,income_source,Employee Income,South Australia,median
2019-20,349,median_weekly_cost,all,income_source,Employee Income,Western Australia,median
2019-20,285,median_weekly_cost,all,income_source,Employee Income,Tasmania,median
2019-20,400,median_weekly_cost,all,income_source,Employee Income,Northern Territory,median
2019-20,425,median_weekly_cost,all,income_source,Employee Income,Australian Capital Territory,median
2019-20,378,median_weekly_cost,all,income_source,Employee Income,Australia,median
2019-20,380,median_weekly_cost,all,income_source,Own unincorporated business income,New South Wales,median
2019-20,384,median_weekly_cost,all,income_source,Own unincorporated business income,Victoria,median
2019-20,173,median_weekly_cost,all,income_source,Own unincorporated business income,Queensland,median
2019-20,306,median_weekly_cost,all,income_source,Own unincorporated business income,South Australia,median
2019-20,267,median_weekly_cost,all,income_source,Own unincorporated business income,Western Australia,median
2019-20,355,median_weekly_cost,all,income_source,Own unincorporated business income,Tasmania,median
2019-20,449,median_weekly_cost,all,income_source,Own unincorporated business income,Northern Territory,median
2019-20,652,median_weekly_cost,all,income_source,Own unincorporated business income,Australian Capital Territory,median
2019-20,352,median_weekly_cost,all,income_source,Own unincorporated business income,Australia,median
2019-20,63,median_weekly_cost,all,income_source,Government pensions and allowances,New South Wales,median
2019-20,58,median_weekly_cost,all,income_source,Government pensions and allowances,Victoria,median
2019-20,72,median_weekly_cost,all,income_source,Government pensions and allowances,Queensland,median
2019-20,73,median_weekly_cost,all,income_source,Government pensions and allowances,South Australia,median
2019-20,74,median_weekly_cost,all,income_source,Government pensions and allowances,Western Australia,median
2019-20,63,median_weekly_cost,all,income_source,Government pensions and allowances,Tasmania,median
2019-20,125,median_weekly_cost,all,income_source,Government pensions and allowances,Northern Territory,median
2019-20,108,median_weekly_cost,all,income_source,Government pensions and allowances,Australian Capital Territory,median
2019-20,65,median_weekly_cost,all,income_source,Government pensions and allowances,Australia,median
2019-20,57,median_weekly_cost,all,income_source,Other income,New South Wales,median
2019-20,66,median_weekly_cost,all,income_source,Other income,Victoria,median
2019-20,64,median_weekly_cost,all,income_source,Other income,Queensland,median
2019-20,62,median_weekly_cost,all,income_source,Other income,South Australia,median
2019-20,60,median_weekly_cost,all,income_source,Other income,Western Australia,median
2019-20,52,median_weekly_cost,all,income_source,Other income,Tasmania,median
2019-20,73,median_weekly_cost,all,income_source,Other income,Northern Territory,median
2019-20,81,median_weekly_cost,all,income_source,Other income,Australian Capital Territory,median
2019-20,61,median_weekly_cost,all,income_source,Other income,Australia,median
2019-20,289,median_weekly_cost,all,income_source,Total,New South Wales,median
2019-20,272,median_weekly_cost,all,income_source,Total,Victoria,median
2019-20,291,median_weekly_cost,all,income_source,Total,Queensland,median
2019-20,205,median_weekly_cost,all,income_source,Total,South Australia,median
2019-20,262,median_weekly_cost,all,income_source,Total,Western Australia,median
2019-20,179,median_weekly_cost,all,income_source,Total,Tasmania,median
2019-20,360,median_weekly_cost,all,income_source,Total,Northern Territory,median
2019-20,339,median_weekly_cost,all,income_source,Total,Australian Capital Territory,median
2019-20,273,median_weekly_cost,all,income_source,Total,Australia,median
2019-20,56,median_weekly_cost,all,number_of_employed_persons_in_household,None,New South Wales,median
2019-20,58,median_weekly_cost,all,number_of_employed_persons_in_household,None,Victoria,median
2019-20,60,median_weekly_cost,all,number_of_employed_persons_in_household,None,Queensland,median
2019-20,59,median_weekly_cost,all,number_of_employed_persons_in_household,None,South Australia,median
2019-20,60,median_weekly_cost,all,number_of_employed_persons_in_household,None,Western Australia,median
2019-20,50,median_weekly_cost,all,number_of_employed_persons_in_household,None,Tasmania,median
2019-20,77,median_weekly_cost,all,number_of_employed_persons_in_household,None,Northern Territory,median
2019-20,83,median_weekly_cost,all,number_of_employed_persons_in_household,None,Australian Capital Territory,median
2019-20,58,median_weekly_cost,all,number_of_employed_persons_in_household,None,Australia,median
2019-20,340,median_weekly_cost,all,number_of_employed_persons_in_household,One,New South Wales,median
2019-20,324,median_weekly_cost,all,number_of_employed_persons_in_household,One,Victoria,median
2019-20,319,median_weekly_cost,all,number_of_employed_persons_in_household,One,Queensland,median
2019-20,264,median_weekly_cost,all,number_of_employed_persons_in_household,One,South Australia,median
2019-20,311,median_weekly_cost,all,number_of_employed_persons_in_household,One,Western Australia,median
2019-20,242,median_weekly_cost,all,number_of_employed_persons_in_household,One,Tasmania,median
2019-20,343,median_weekly_cost,all,number_of_employed_persons_in_household,One,Northern Territory,median
2019-20,355,median_weekly_cost,all,number_of_employed_persons_in_household,One,Australian Capital Territory,median
2019-20,316,median_weekly_cost,all,number_of_employed_persons_in_household,One,Australia,median
2019-20,465,median_weekly_cost,all,number_of_employed_persons_in_household,Two,New South Wales,median
2019-20,400,median_weekly_cost,all,number_of_employed_persons_in_household,Two,Victoria,median
2019-20,408,median_weekly_cost,all,number_of_employed_persons_in_household,Two,Queensland,median
2019-20,359,median_weekly_cost,all,number_of_employed_persons_in_household,Two,South Australia,median
2019-20,360,median_weekly_cost,all,number_of_employed_persons_in_household,Two,Western Australia,median
2019-20,320,median_weekly_cost,all,number_of_employed_persons_in_household,Two,Tasmania,median
2019-20,427,median_weekly_cost,all,number_of_employed_persons_in_household,Two,Northern Territory,median
2019-20,486,median_weekly_cost,all,number_of_employed_persons_in_household,Two,Australian Capital Territory,median
2019-20,410,median_weekly_cost,all,number_of_employed_persons_in_household,Two,Australia,median
2019-20,490,median_weekly_cost,all,number_of_employed_persons_in_household,Three or more,New South Wales,median
2019-20,356,median_weekly_cost,all,number_of_employed_persons_in_household,Three or more,Victoria,median
2019-20,395,median_weekly_cost,all,number_of_employed_persons_in_household,Three or more,Queensland,median
2019-20,353,median_weekly_cost,all,number_of_employed_persons_in_household,Three or more,South Australia,median
2019-20,280,median_weekly_cost,all,number_of_employed_persons_in_household,Three or more,Western Australia,median
2019-20,276,median_weekly_cost,all,number_of_employed_persons_in_household,Three or more,Tasmania,median
2019-20,450,median_weekly_cost,all,number_of_employed_persons_in_household,Three or more,Northern Territory,median
2019-20,420,median_weekly_cost,all,number_of_employed_persons_in_household,Three or more,Australian Capital Territory,median
2019-20,403,median_weekly_cost,all,number_of_employed_persons_in_household,Three or more,Australia,median
2019-20,289,median_weekly_cost,all,number_of_employed_persons_in_household,Total,New South Wales,median
2019-20,272,median_weekly_cost,all,number_of_employed_persons_in_household,Total,Victoria,median
2019-20,291,median_weekly_cost,all,number_of_employed_persons_in_household,Total,Queensland,median
2019-20,205,median_weekly_cost,all,number_of_employed_persons_in_household,Total,South Australia,median
2019-20,262,median_weekly_cost,all,number_of_employed_persons_in_household,Total,Western Australia,median
2019-20,179,median_weekly_cost,all,number_of_employed_persons_in_household,Total,Tasmania,median
2019-20,360,median_weekly_cost,all,number_of_employed_persons_in_household,Total,Northern Territory,median
2019-20,339,median_weekly_cost,all,number_of_employed_persons_in_household,Total,Australian Capital Territory,median
2019-20,273,median_weekly_cost,all,number_of_employed_persons_in_household,Total,Australia,median
2019-20,3.5,median_cost_income_ratio,owner_outright,owner,Owner without a mortgage,New South Wales,median
2019-20,4.2,median_cost_income_ratio,owner_outright,owner,Owner without a mortgage,Victoria,median
2019-20,4,median_cost_income_ratio,owner_outright,owner,Owner without a mortgage,Queensland,median
2019-20,4.5,median_cost_income_ratio,owner_outright,owner,Owner without a mortgage,South Australia,median
2019-20,3.9,median_cost_income_ratio,owner_outright,owner,Owner without a mortgage,Western Australia,median
2019-20,4,median_cost_income_ratio,owner_outright,owner,Owner without a mortgage,Tasmania,median
2019-20,2.5,median_cost_income_ratio,owner_outright,owner,Owner without a mortgage,Northern Territory,median
2019-20,3.3,median_cost_income_ratio,owner_outright,owner,Owner without a mortgage,Australian Capital Territory,median
2019-20,4,median_cost_income_ratio,owner_outright,owner,Owner without a mortgage,Australia,median
2019-20,17.9,median_cost_income_ratio,owner_mortgage,owner,Owner with a mortgage,New South Wales,median
2019-20,16.2,median_cost_income_ratio,owner_mortgage,owner,Owner with a mortgage,Victoria,median
2019-20,15.5,median_cost_income_ratio,owner_mortgage,owner,Owner with a mortgage,Queensland,median
2019-20,15,median_cost_income_ratio,owner_mortgage,owner,Owner with a mortgage,South Australia,median
2019-20,16.3,median_cost_income_ratio,owner_mortgage,owner,Owner with a mortgage,Western Australia,median
2019-20,14.9,median_cost_income_ratio,owner_mortgage,owner,Owner with a mortgage,Tasmania,median
2019-20,16.3,median_cost_income_ratio,owner_mortgage,owner,Owner with a mortgage,Northern Territory,median
2019-20,16.3,median_cost_income_ratio,owner_mortgage,owner,Owner with a mortgage,Australian Capital Territory,median
2019-20,16.4,median_cost_income_ratio,owner_mortgage,owner,Owner with a mortgage,Australia,median
2019-20,7.9,median_cost_income_ratio,owner_total,owner,Total owners,New South Wales,median
2019-20,8.4,median_cost_income_ratio,owner_total,owner,Total owners,Victoria,median
2019-20,8.9,median_cost_income_ratio,owner_total,owner,Total owners,Queensland,median
2019-20,8.6,median_cost_income_ratio,owner_total,owner,Total owners,South Australia,median
2019-20,8.6,median_cost_income_ratio,owner_total,owner,Total owners,Western Australia,median
2019-20,7.3,median_cost_income_ratio,owner_total,owner,Total owners,Tasmania,median
2019-20,10.7,median_cost_income_ratio,owner_total,owner,Total owners,Northern Territory,median
2019-20,9.6,median_cost_income_ratio,owner_total,owner,Total owners,Australian Capital Territory,median
2019-20,8.4,median_cost_income_ratio,owner_total,owner,Total owners,Australia,median
2019-20,23.4,median_cost_income_ratio,renter_social,renter,State or territory housing authority,New South Wales,median
2019-20,22.7,median_cost_income_ratio,renter_social,renter,State or territory housing authority,Victoria,median
2019-20,20.4,median_cost_income_ratio,renter_social,renter,State or territory housing authority,Queensland,median
2019-20,22.4,median_cost_income_ratio,renter_social,renter,State or territory housing authority,South Australia,median
2019-20,24.2,median_cost_income_ratio,renter_social,renter,State or territory housing authority,Western Australia,median
2019-20,21.6,median_cost_income_ratio,renter_social,renter,State or territory housing authority,Tasmania,median
2019-20,18.9,median_cost_income_ratio,renter_social,renter,State or territory housing authority,Northern Territory,median
2019-20,21,median_cost_income_ratio,renter_social,renter,State or territory housing authority,Australian Capital Territory,median
2019-20,22.4,median_cost_income_ratio,renter_social,renter,State or territory housing authority,Australia,median
2019-20,24.1,median_cost_income_ratio,renter_private,renter,Private landlord,New South Wales,median
2019-20,20.4,median_cost_income_ratio,renter_private,renter,Private landlord,Victoria,median
2019-20,23.2,median_cost_income_ratio,renter_private,renter,Private landlord,Queensland,median
2019-20,21.7,median_cost_income_ratio,renter_private,renter,Private landlord,South Australia,median
2019-20,20.4,median_cost_income_ratio,renter_private,renter,Private landlord,Western Australia,median
2019-20,22,median_cost_income_ratio,renter_private,renter,Private landlord,Tasmania,median
2019-20,17.9,median_cost_income_ratio,renter_private,renter,Private landlord,Northern Territory,median
2019-20,20.2,median_cost_income_ratio,renter_private,renter,Private landlord,Australian Capital Territory,median
2019-20,22.3,median_cost_income_ratio,renter_private,renter,Private landlord,Australia,median
2019-20,23.4,median_cost_income_ratio,renter_total,renter,Total renters,New South Wales,median
2019-20,21,median_cost_income_ratio,renter_total,renter,Total renters,Victoria,median
2019-20,23.1,median_cost_income_ratio,renter_total,renter,Total renters,Queensland,median
2019-20,22.5,median_cost_income_ratio,renter_total,renter,Total renters,South Australia,median
2019-20,21,median_cost_income_ratio,renter_total,renter,Total renters,Western Australia,median
2019-20,22.2,median_cost_income_ratio,renter_total,renter,Total renters,Tasmania,median
2019-20,18.1,median_cost_income_ratio,renter_total,renter,Total renters,Northern Territory,median
2019-20,20,median_cost_income_ratio,renter_total,renter,Total renters,Australian Capital Territory,median
2019-20,22.3,median_cost_income_ratio,renter_total,renter,Total renters,Australia,median
2019-20,14.4,median_cost_income_ratio,all,renter,Total,New South Wales,median
2019-20,12.6,median_cost_income_ratio,all,renter,Total,Victoria,median
2019-20,14.6,median_cost_income_ratio,all,renter,Total,Queensland,median
2019-20,12.8,median_cost_income_ratio,all,renter,Total,South Australia,median
2019-20,13.3,median_cost_income_ratio,all,renter,Total,Western Australia,median
2019-20,12.4,median_cost_income_ratio,all,renter,Total,Tasmania,median
2019-20,15.3,median_cost_income_ratio,all,renter,Total,Northern Territory,median
2019-20,13.6,median_cost_income_ratio,all,renter,Total,Australian Capital Territory,median
2019-20,13.7,median_cost_income_ratio,all,renter,Total,Australia,median
2019-20,17.8,median_cost_income_ratio,all,family_type,Couple family with dependent children,New South Wales,median
2019-20,14.4,median_cost_income_ratio,all,family_type,Couple family with dependent children,Victoria,median
2019-20,15.4,median_cost_income_ratio,all,family_type,Couple family with dependent children,Queensland,median
2019-20,14.1,median_cost_income_ratio,all,family_type,Couple family with dependent children,South Australia,median
2019-20,15.1,median_cost_income_ratio,all,family_type,Couple family with dependent children,Western Australia,median
2019-20,13,median_cost_income_ratio,all,family_type,Couple family with dependent children,Tasmania,median
2019-20,15.4,median_cost_income_ratio,all,family_type,Couple family with dependent children,Northern Territory,median
2019-20,13.8,median_cost_income_ratio,all,family_type,Couple family with dependent children,Australian Capital Territory,median
2019-20,15.5,median_cost_income_ratio,all,family_type,Couple family with dependent children,Australia,median
2019-20,22.7,median_cost_income_ratio,all,family_type,One parent family with dependent children,New South Wales,median
2019-20,20.4,median_cost_income_ratio,all,family_type,One parent family with dependent children,Victoria,median
2019-20,25.4,median_cost_income_ratio,all,family_type,One parent family with dependent children,Queensland,median
2019-20,24.9,median_cost_income_ratio,all,family_type,One parent family with dependent children,South Australia,median
2019-20,26.8,median_cost_income_ratio,all,family_type,One parent family with dependent children,Western Australia,median
2019-20,20.8,median_cost_income_ratio,all,family_type,One parent family with dependent children,Tasmania,median
2019-20,20.9,median_cost_income_ratio,all,family_type,One parent family with dependent children,Northern Territory,median
2019-20,17.3,median_cost_income_ratio,all,family_type,One parent family with dependent children,Australian Capital Territory,median
2019-20,22.8,median_cost_income_ratio,all,family_type,One parent family with dependent children,Australia,median
2019-20,8.8,median_cost_income_ratio,all,family_type,Couple only,New South Wales,median
2019-20,8.2,median_cost_income_ratio,all,family_type,Couple only,Victoria,median
2019-20,9.9,median_cost_income_ratio,all,family_type,Couple only,Queensland,median
2019-20,7.5,median_cost_income_ratio,all,family_type,Couple only,South Australia,median
2019-20,7.8,median_cost_income_ratio,all,family_type,Couple only,Western Australia,median
2019-20,5.8,median_cost_income_ratio,all,family_type,Couple only,Tasmania,median
2019-20,12.5,median_cost_income_ratio,all,family_type,Couple only,Northern Territory,median
2019-20,8.6,median_cost_income_ratio,all,family_type,Couple only,Australian Capital Territory,median
2019-20,8.5,median_cost_income_ratio,all,family_type,Couple only,Australia,median
2019-20,9.7,median_cost_income_ratio,all,family_type,Other one family households,New South Wales,median
2019-20,9.2,median_cost_income_ratio,all,family_type,Other one family households,Victoria,median
2019-20,10.7,median_cost_income_ratio,all,family_type,Other one family households,Queensland,median
2019-20,11.1,median_cost_income_ratio,all,family_type,Other one family households,South Australia,median
2019-20,7.2,median_cost_income_ratio,all,family_type,Other one family households,Western Australia,median
2019-20,10,median_cost_income_ratio,all,family_type,Other one family households,Tasmania,median
2019-20,13.5,median_cost_income_ratio,all,family_type,Other one family households,Northern Territory,median
2019-20,6,median_cost_income_ratio,all,family_type,Other one family households,Australian Capital Territory,median
2019-20,9.3,median_cost_income_ratio,all,family_type,Other one family households,Australia,median
2019-20,13.7,median_cost_income_ratio,all,family_type,Multiple family households,New South Wales,median
2019-20,8.2,median_cost_income_ratio,all,family_type,Multiple family households,Victoria,median
2019-20,9.1,median_cost_income_ratio,all,family_type,Multiple family households,Queensland,median
2019-20,7.8,median_cost_income_ratio,all,family_type,Multiple family households,South Australia,median
2019-20,19.6,median_cost_income_ratio,all,family_type,Multiple family households,Western Australia,median
2019-20,8.5,median_cost_income_ratio,all,family_type,Multiple family households,Tasmania,median
2019-20,13.8,median_cost_income_ratio,all,family_type,Multiple family households,Northern Territory,median
2019-20,9.2,median_cost_income_ratio,all,family_type,Multiple family households,Australian Capital Territory,median
2019-20,10.4,median_cost_income_ratio,all,family_type,Multiple family households,Australia,median
2019-20,16.8,median_cost_income_ratio,all,family_type,Lone person households,New South Wales,median
2019-20,15.8,median_cost_income_ratio,all,family_type,Lone person households,Victoria,median
2019-20,17.1,median_cost_income_ratio,all,family_type,Lone person households,Queensland,median
2019-20,15.6,median_cost_income_ratio,all,family_type,Lone person households,South Australia,median
2019-20,16.6,median_cost_income_ratio,all,family_type,Lone person households,Western Australia,median
2019-20,14.4,median_cost_income_ratio,all,family_type,Lone person households,Tasmania,median
2019-20,17.7,median_cost_income_ratio,all,family_type,Lone person households,Northern Territory,median
2019-20,19,median_cost_income_ratio,all,family_type,Lone person households,Australian Capital Territory,median
2019-20,16.4,median_cost_income_ratio,all,family_type,Lone person households,Australia,median
2019-20,18.2,median_cost_income_ratio,all,family_type,Group households,New South Wales,median
2019-20,18.4,median_cost_income_ratio,all,family_type,Group households,Victoria,median
2019-20,21,median_cost_income_ratio,all,family_type,Group households,Queensland,median
2019-20,16.6,median_cost_income_ratio,all,family_type,Group households,South Australia,median
2019-20,15.8,median_cost_income_ratio,all,family_type,Group households,Western Australia,median
2019-20,20.4,median_cost_income_ratio,all,family_type,Group households,Tasmania,median
2019-20,15.8,median_cost_income_ratio,all,family_type,Group households,Northern Territory,median
2019-20,13.3,median_cost_income_ratio,all,family_type,Group households,Australian Capital Territory,median
2019-20,19.2,median_cost_income_ratio,all,family_type,Group households,Australia,median
2019-20,14.4,median_cost_income_ratio,all,family_type,Total,New South Wales,median
2019-20,12.6,median_cost_income_ratio,all,family_type,Total,Victoria,median
2019-20,14.6,median_cost_income_ratio,all,family_type,Total,Queensland,median
2019-20,12.8,median_cost_income_ratio,all,family_type,Total,South Australia,median
2019-20,13.3,median_cost_income_ratio,all,family_type,Total,Western Australia,median
2019-20,12.4,median_cost_income_ratio,all,family_type,Total,Tasmania,median
2019-20,15.3,median_cost_income_ratio,all,family_type,Total,Northern Territory,median
2019-20,13.6,median_cost_income_ratio,all,family_type,Total,Australian Capital Territory,median
2019-20,13.7,median_cost_income_ratio,all,family_type,Total,Australia,median
2019-20,11,median_cost_income_ratio,all,dwelling_structure,Separate house,New South Wales,median
2019-20,10.4,median_cost_income_ratio,all,dwelling_structure,Separate house,Victoria,median
2019-20,12.7,median_cost_income_ratio,all,dwelling_structure,Separate house,Queensland,median
2019-20,10.8,median_cost_income_ratio,all,dwelling_structure,Separate house,South Australia,median
2019-20,12,median_cost_income_ratio,all,dwelling_structure,Separate house,Western Australia,median
2019-20,11,median_cost_income_ratio,all,dwelling_structure,Separate house,Tasmania,median
2019-20,14.9,median_cost_income_ratio,all,dwelling_structure,Separate house,Northern Territory,median
2019-20,11.8,median_cost_income_ratio,all,dwelling_structure,Separate house,Australian Capital Territory,median
2019-20,11.4,median_cost_income_ratio,all,dwelling_structure,Separate house,Australia,median
2019-20,14.5,median_cost_income_ratio,all,dwelling_structure,"Semi-detached, row or terrace house, townhouse",New South Wales,median
2019-20,14.5,median_cost_income_ratio,all,dwelling_structure,"Semi-detached, row or terrace house, townhouse",Victoria,median
2019-20,19,median_cost_income_ratio,all,dwelling_structure,"Semi-detached, row or terrace house, townhouse",Queensland,median
2019-20,17.3,median_cost_income_ratio,all,dwelling_structure,"Semi-detached, row or terrace house, townhouse",South Australia,median
2019-20,16.3,median_cost_income_ratio,all,dwelling_structure,"Semi-detached, row or terrace house, townhouse",Western Australia,median
2019-20,14.3,median_cost_income_ratio,all,dwelling_structure,"Semi-detached, row or terrace house, townhouse",Tasmania,median
2019-20,17.2,median_cost_income_ratio,all,dwelling_structure,"Semi-detached, row or terrace house, townhouse",Northern Territory,median
2019-20,16.1,median_cost_income_ratio,all,dwelling_structure,"Semi-detached, row or terrace house, townhouse",Australian Capital Territory,median
2019-20,15.7,median_cost_income_ratio,all,dwelling_structure,"Semi-detached, row or terrace house, townhouse",Australia,median
2019-20,20.7,median_cost_income_ratio,all,dwelling_structure,Flat or apartment,New South Wales,median
2019-20,20.3,median_cost_income_ratio,all,dwelling_structure,Flat or apartment,Victoria,median
2019-20,22.3,median_cost_income_ratio,all,dwelling_structure,Flat or apartment,Queensland,median
2019-20,19.7,median_cost_income_ratio,all,dwelling_structure,Flat or apartment,South Australia,median
2019-20,21.3,median_cost_income_ratio,all,dwelling_structure,Flat or apartment,Western Australia,median
2019-20,21.9,median_cost_income_ratio,all,dwelling_structure,Flat or apartment,Tasmania,median
2019-20,14.7,median_cost_income_ratio,all,dwelling_structure,Flat or apartment,Northern Territory,median
2019-20,16.9,median_cost_income_ratio,all,dwelling_structure,Flat or apartment,Australian Capital Territory,median
2019-20,20.5,median_cost_income_ratio,all,dwelling_structure,Flat or apartment,Australia,median
2019-20,14.4,median_cost_income_ratio,all,dwelling_structure,Total,New South Wales,median
2019-20,12.6,median_cost_income_ratio,all,dwelling_structure,Total,Victoria,median
2019-20,14.6,median_cost_income_ratio,all,dwelling_structure,Total,Queensland,median
2019-20,12.8,median_cost_income_ratio,all,dwelling_structure,Total,South Australia,median
2019-20,13.3,median_cost_income_ratio,all,dwelling_structure,Total,Western Australia,median
2019-20,12.4,median_cost_income_ratio,all,dwelling_structure,Total,Tasmania,median
2019-20,15.3,median_cost_income_ratio,all,dwelling_structure,Total,Northern Territory,median
2019-20,13.6,median_cost_income_ratio,all,dwelling_structure,Total,Australian Capital Territory,median
2019-20,13.7,median_cost_income_ratio,all,dwelling_structure,Total,Australia,median
2019-20,19.5,median_cost_income_ratio,all,equiv_income_quintile,Lowest quintile,New South Wales,median
2019-20,14.6,median_cost_income_ratio,all,equiv_income_quintile,Lowest quintile,Victoria,median
2019-20,19.2,median_cost_income_ratio,all,equiv_income_quintile,Lowest quintile,Queensland,median
2019-20,19.8,median_cost_income_ratio,all,equiv_income_quintile,Lowest quintile,South Australia,median
2019-20,20.9,median_cost_income_ratio,all,equiv_income_quintile,Lowest quintile,Western Australia,median
2019-20,18,median_cost_income_ratio,all,equiv_income_quintile,Lowest quintile,Tasmania,median
2019-20,21.3,median_cost_income_ratio,all,equiv_income_quintile,Lowest quintile,Northern Territory,median
2019-20,20.1,median_cost_income_ratio,all,equiv_income_quintile,Lowest quintile,Australian Capital Territory,median
2019-20,18.5,median_cost_income_ratio,all,equiv_income_quintile,Lowest quintile,Australia,median
2019-20,15.9,median_cost_income_ratio,all,equiv_income_quintile,Second quintile,New South Wales,median
2019-20,15,median_cost_income_ratio,all,equiv_income_quintile,Second quintile,Victoria,median
2019-20,16.4,median_cost_income_ratio,all,equiv_income_quintile,Second quintile,Queensland,median
2019-20,15.3,median_cost_income_ratio,all,equiv_income_quintile,Second quintile,South Australia,median
2019-20,15,median_cost_income_ratio,all,equiv_income_quintile,Second quintile,Western Australia,median
2019-20,12.6,median_cost_income_ratio,all,equiv_income_quintile,Second quintile,Tasmania,median
2019-20,21.1,median_cost_income_ratio,all,equiv_income_quintile,Second quintile,Northern Territory,median
2019-20,17.3,median_cost_income_ratio,all,equiv_income_quintile,Second quintile,Australian Capital Territory,median
2019-20,15.6,median_cost_income_ratio,all,equiv_income_quintile,Second quintile,Australia,median
2019-20,17.9,median_cost_income_ratio,all,equiv_income_quintile,Third quintile,New South Wales,median
2019-20,13,median_cost_income_ratio,all,equiv_income_quintile,Third quintile,Victoria,median
2019-20,16.8,median_cost_income_ratio,all,equiv_income_quintile,Third quintile,Queensland,median
2019-20,14.8,median_cost_income_ratio,all,equiv_income_quintile,Third quintile,South Australia,median
2019-20,16.6,median_cost_income_ratio,all,equiv_income_quintile,Third quintile,Western Australia,median
2019-20,13.5,median_cost_income_ratio,all,equiv_income_quintile,Third quintile,Tasmania,median
2019-20,17.1,median_cost_income_ratio,all,equiv_income_quintile,Third quintile,Northern Territory,median
2019-20,14.7,median_cost_income_ratio,all,equiv_income_quintile,Third quintile,Australian Capital Territory,median
2019-20,16.1,median_cost_income_ratio,all,equiv_income_quintile,Third quintile,Australia,median
2019-20,15.5,median_cost_income_ratio,all,equiv_income_quintile,Fourth quintile,New South Wales,median
2019-20,13.6,median_cost_income_ratio,all,equiv_income_quintile,Fourth quintile,Victoria,median
2019-20,15.5,median_cost_income_ratio,all,equiv_income_quintile,Fourth quintile,Queensland,median
2019-20,10.7,median_cost_income_ratio,all,equiv_income_quintile,Fourth quintile,South Australia,median
2019-20,12.8,median_cost_income_ratio,all,equiv_income_quintile,Fourth quintile,Western Australia,median
2019-20,12.8,median_cost_income_ratio,all,equiv_income_quintile,Fourth quintile,Tasmania,median
2019-20,14.5,median_cost_income_ratio,all,equiv_income_quintile,Fourth quintile,Northern Territory,median
2019-20,14.9,median_cost_income_ratio,all,equiv_income_quintile,Fourth quintile,Australian Capital Territory,median
2019-20,14.4,median_cost_income_ratio,all,equiv_income_quintile,Fourth quintile,Australia,median
2019-20,10.2,median_cost_income_ratio,all,equiv_income_quintile,Highest quintile,New South Wales,median
2019-20,10,median_cost_income_ratio,all,equiv_income_quintile,Highest quintile,Victoria,median
2019-20,9.2,median_cost_income_ratio,all,equiv_income_quintile,Highest quintile,Queensland,median
2019-20,9.2,median_cost_income_ratio,all,equiv_income_quintile,Highest quintile,South Australia,median
2019-20,8.7,median_cost_income_ratio,all,equiv_income_quintile,Highest quintile,Western Australia,median
2019-20,7.6,median_cost_income_ratio,all,equiv_income_quintile,Highest quintile,Tasmania,median
2019-20,10.8,median_cost_income_ratio,all,equiv_income_quintile,Highest quintile,Northern Territory,median
2019-20,10.5,median_cost_income_ratio,all,equiv_income_quintile,Highest quintile,Australian Capital Territory,median
2019-20,9.8,median_cost_income_ratio,all,equiv_income_quintile,Highest quintile,Australia,median
2019-20,14.4,median_cost_income_ratio,all,equiv_income_quintile,Total,New South Wales,median
2019-20,12.6,median_cost_income_ratio,all,equiv_income_quintile,Total,Victoria,median
2019-20,14.6,median_cost_income_ratio,all,equiv_income_quintile,Total,Queensland,median
2019-20,12.8,median_cost_income_ratio,all,equiv_income_quintile,Total,South Australia,median
2019-20,13.3,median_cost_income_ratio,all,equiv_income_quintile,Total,Western Australia,median
2019-20,12.4,median_cost_income_ratio,all,equiv_income_quintile,Total,Tasmania,median
2019-20,15.3,median_cost_income_ratio,all,equiv_income_quintile,Total,Northern Territory,median
2019-20,13.6,median_cost_income_ratio,all,equiv_income_quintile,Total,Australian Capital Territory,median
2019-20,13.7,median_cost_income_ratio,all,equiv_income_quintile,Total,Australia,median
2019-20,15.7,median_cost_income_ratio,all,equiv_income_quintile,Lower Income households,New South Wales,median
2019-20,13.2,median_cost_income_ratio,all,equiv_income_quintile,Lower Income households,Victoria,median
2019-20,17.6,median_cost_income_ratio,all,equiv_income_quintile,Lower Income households,Queensland,median
2019-20,16,median_cost_income_ratio,all,equiv_income_quintile,Lower Income households,South Australia,median
2019-20,16.7,median_cost_income_ratio,all,equiv_income_quintile,Lower Income households,Western Australia,median
2019-20,13.3,median_cost_income_ratio,all,equiv_income_quintile,Lower Income households,Tasmania,median
2019-20,21.3,median_cost_income_ratio,all,equiv_income_quintile,Lower Income households,Northern Territory,median
2019-20,19.5,median_cost_income_ratio,all,equiv_income_quintile,Lower Income households,Australian Capital Territory,median
2019-20,15.7,median_cost_income_ratio,all,equiv_income_quintile,Lower Income households,Australia,median
2019-20,16.7,median_cost_income_ratio,all,income_source,Employee Income,New South Wales,median
2019-20,14.6,median_cost_income_ratio,all,income_source,Employee Income,Victoria,median
2019-20,15.8,median_cost_income_ratio,all,income_source,Employee Income,Queensland,median
2019-20,14.3,median_cost_income_ratio,all,income_source,Employee Income,South Australia,median
2019-20,14.4,median_cost_income_ratio,all,income_source,Employee Income,Western Australia,median
2019-20,14.1,median_cost_income_ratio,all,income_source,Employee Income,Tasmania,median
2019-20,15,median_cost_income_ratio,all,income_source,Employee Income,Northern Territory,median
2019-20,14.7,median_cost_income_ratio,all,income_source,Employee Income,Australian Capital Territory,median
2019-20,15.5,median_cost_income_ratio,all,income_source,Employee Income,Australia,median
2019-20,18,median_cost_income_ratio,all,income_source,Own unincorporated business income,New South Wales,median
2019-20,20.7,median_cost_income_ratio,all,income_source,Own unincorporated business income,Victoria,median
2019-20,10.2,median_cost_income_ratio,all,income_source,Own unincorporated business income,Queensland,median
2019-20,14.9,median_cost_income_ratio,all,income_source,Own unincorporated business income,South Australia,median
2019-20,13.8,median_cost_income_ratio,all,income_source,Own unincorporated business income,Western Australia,median
2019-20,21.2,median_cost_income_ratio,all,income_source,Own unincorporated business income,Tasmania,median
2019-20,14.1,median_cost_income_ratio,all,income_source,Own unincorporated business income,Northern Territory,median
2019-20,22.5,median_cost_income_ratio,all,income_source,Own unincorporated business income,Australian Capital Territory,median
2019-20,17.8,median_cost_income_ratio,all,income_source,Own unincorporated business income,Australia,median
2019-20,11.2,median_cost_income_ratio,all,income_source,Government pensions and allowances,New South Wales,median
2019-20,9.5,median_cost_income_ratio,all,income_source,Government pensions and allowances,Victoria,median
2019-20,12.6,median_cost_income_ratio,all,income_source,Government pensions and allowances,Queensland,median
2019-20,11.6,median_cost_income_ratio,all,income_source,Government pensions and allowances,South Australia,median
2019-20,11.9,median_cost_income_ratio,all,income_source,Government pensions and allowances,Western Australia,median
2019-20,10.4,median_cost_income_ratio,all,income_source,Government pensions and allowances,Tasmania,median
2019-20,17.8,median_cost_income_ratio,all,income_source,Government pensions and allowances,Northern Territory,median
2019-20,20.1,median_cost_income_ratio,all,income_source,Government pensions and allowances,Australian Capital Territory,median
2019-20,11.1,median_cost_income_ratio,all,income_source,Government pensions and allowances,Australia,median
2019-20,4.8,median_cost_income_ratio,all,income_source,Other income,New South Wales,median
2019-20,5.5,median_cost_income_ratio,all,income_source,Other income,Victoria,median
2019-20,5.7,median_cost_income_ratio,all,income_source,Other income,Queensland,median
2019-20,4.4,median_cost_income_ratio,all,income_source,Other income,South Australia,median
2019-20,4.7,median_cost_income_ratio,all,income_source,Other income,Western Australia,median
2019-20,4,median_cost_income_ratio,all,income_source,Other income,Tasmania,median
2019-20,7.7,median_cost_income_ratio,all,income_source,Other income,Northern Territory,median
2019-20,4.7,median_cost_income_ratio,all,income_source,Other income,Australian Capital Territory,median
2019-20,5.1,median_cost_income_ratio,all,income_source,Other income,Australia,median
2019-20,14.4,median_cost_income_ratio,all,income_source,Total,New South Wales,median
2019-20,12.6,median_cost_income_ratio,all,income_source,Total,Victoria,median
2019-20,14.6,median_cost_income_ratio,all,income_source,Total,Queensland,median
2019-20,12.8,median_cost_income_ratio,all,income_source,Total,South Australia,median
2019-20,13.3,median_cost_income_ratio,all,income_source,Total,Western Australia,median
2019-20,12.4,median_cost_income_ratio,all,income_source,Total,Tasmania,median
2019-20,15.3,median_cost_income_ratio,all,income_source,Total,Northern Territory,median
2019-20,13.6,median_cost_income_ratio,all,income_source,Total,Australian Capital Territory,median
2019-20,13.7,median_cost_income_ratio,all,income_source,Total,Australia,median
2019-20,7.4,median_cost_income_ratio,all,number_of_employed_persons_in_household,None,New South Wales,median
2019-20,7.9,median_cost_income_ratio,all,number_of_employed_persons_in_household,None,Victoria,median
2019-20,9.2,median_cost_income_ratio,all,number_of_employed_persons_in_household,None,Queensland,median
2019-20,8.6,median_cost_income_ratio,all,number_of_employed_persons_in_household,None,South Australia,median
2019-20,7.3,median_cost_income_ratio,all,number_of_employed_persons_in_household,None,Western Australia,median
2019-20,7.5,median_cost_income_ratio,all,number_of_employed_persons_in_household,None,Tasmania,median
2019-20,14.5,median_cost_income_ratio,all,number_of_employed_persons_in_household,None,Northern Territory,median
2019-20,8.2,median_cost_income_ratio,all,number_of_employed_persons_in_household,None,Australian Capital Territory,median
2019-20,7.9,median_cost_income_ratio,all,number_of_employed_persons_in_household,None,Australia,median
2019-20,20,median_cost_income_ratio,all,number_of_employed_persons_in_household,One,New South Wales,median
2019-20,19.3,median_cost_income_ratio,all,number_of_employed_persons_in_household,One,Victoria,median
2019-20,19.5,median_cost_income_ratio,all,number_of_employed_persons_in_household,One,Queensland,median
2019-20,17.3,median_cost_income_ratio,all,number_of_employed_persons_in_household,One,South Australia,median
2019-20,17.9,median_cost_income_ratio,all,number_of_employed_persons_in_household,One,Western Australia,median
2019-20,17.8,median_cost_income_ratio,all,number_of_employed_persons_in_household,One,Tasmania,median
2019-20,19.6,median_cost_income_ratio,all,number_of_employed_persons_in_household,One,Northern Territory,median
2019-20,17.8,median_cost_income_ratio,all,number_of_employed_persons_in_household,One,Australian Capital Territory,median
2019-20,19.2,median_cost_income_ratio,all,number_of_employed_persons_in_household,One,Australia,median
2019-20,15.5,median_cost_income_ratio,all,number_of_employed_persons_in_household,Two,New South Wales,median
2019-20,13.7,median_cost_income_ratio,all,number_of_employed_persons_in_household,Two,Victoria,median
2019-20,15.2,median_cost_income_ratio,all,number_of_employed_persons_in_household,Two,Queensland,median
2019-20,14,median_cost_income_ratio,all,number_of_employed_persons_in_household,Two,South Australia,median
2019-20,12.8,median_cost_income_ratio,all,number_of_employed_persons_in_household,Two,Western Australia,median
2019-20,13.5,median_cost_income_ratio,all,number_of_employed_persons_in_household,Two,Tasmania,median
2019-20,14.2,median_cost_income_ratio,all,number_of_employed_persons_in_household,Two,Northern Territory,median
2019-20,13.8,median_cost_income_ratio,all,number_of_employed_persons_in_household,Two,Australian Capital Territory,median
2019-20,14.4,median_cost_income_ratio,all,number_of_employed_persons_in_household,Two,Australia,median
2019-20,13.5,median_cost_income_ratio,all,number_of_employed_persons_in_household,Three or more,New South Wales,median
2019-20,9.1,median_cost_income_ratio,all,number_of_employed_persons_in_household,Three or more,Victoria,median
2019-20,10,median_cost_income_ratio,all,number_of_employed_persons_in_household,Three or more,Queensland,median
2019-20,9.2,median_cost_income_ratio,all,number_of_employed_persons_in_household,Three or more,South Australia,median
2019-20,7.9,median_cost_income_ratio,all,number_of_employed_persons_in_household,Three or more,Western Australia,median
2019-20,7.8,median_cost_income_ratio,all,number_of_employed_persons_in_household,Three or more,Tasmania,median
2019-20,12.4,median_cost_income_ratio,all,number_of_employed_persons_in_household,Three or more,Northern Territory,median
2019-20,10.1,median_cost_income_ratio,all,number_of_employed_persons_in_household,Three or more,Australian Capital Territory,median
2019-20,10.3,median_cost_income_ratio,all,number_of_employed_persons_in_household,Three or more,Australia,median
2019-20,14.4,median_cost_income_ratio,all,number_of_employed_persons_in_household,Total,New South Wales,median
2019-20,12.6,median_cost_income_ratio,all,number_of_employed_persons_in_household,Total,Victoria,median
2019-20,14.6,median_cost_income_ratio,all,number_of_employed_persons_in_household,Total,Queensland,median
2019-20,12.8,median_cost_income_ratio,all,number_of_employed_persons_in_household,Total,South Australia,median
2019-20,13.3,median_cost_income_ratio,all,number_of_employed_persons_in_household,Total,Western Australia,median
2019-20,12.4,median_cost_income_ratio,all,number_of_employed_persons_in_household,Total,Tasmania,median
2019-20,15.3,median_cost_income_ratio,all,number_of_employed_persons_in_household,Total,Northern Territory,median
2019-20,13.6,median_cost_income_ratio,all,number_of_employed_persons_in_household,Total,Australian Capital Territory,median
2019-20,13.7,median_cost_income_ratio,all,number_of_employed_persons_in_household,Total,Australia,median
2019-20,30.3,pct_households_tenure,owner_outright,owner,Owner without a mortgage,New South Wales,mean
2019-20,30.7,pct_households_tenure,owner_outright,owner,Owner without a mortgage,Victoria,mean
2019-20,27.8,pct_households_tenure,owner_outright,owner,Owner without a mortgage,Queensland,mean
2019-20,30.1,pct_households_tenure,owner_outright,owner,Owner without a mortgage,South Australia,mean
2019-20,26.6,pct_households_tenure,owner_outright,owner,Owner without a mortgage,Western Australia,mean
2019-20,33.4,pct_households_tenure,owner_outright,owner,Owner without a mortgage,Tasmania,mean
2019-20,16.3,pct_households_tenure,owner_outright,owner,Owner without a mortgage,Northern Territory,mean
2019-20,27,pct_households_tenure,owner_outright,owner,Owner without a mortgage,Australian Capital Territory,mean
2019-20,29.5,pct_households_tenure,owner_outright,owner,Owner without a mortgage,Australia,mean
2019-20,34,pct_households_tenure,owner_mortgage,owner,Owner with a mortgage,New South Wales,mean
2019-20,37.4,pct_households_tenure,owner_mortgage,owner,Owner with a mortgage,Victoria,mean
2019-20,35.6,pct_households_tenure,owner_mortgage,owner,Owner with a mortgage,Queensland,mean
2019-20,39,pct_households_tenure,owner_mortgage,owner,Owner with a mortgage,South Australia,mean
2019-20,42.7,pct_households_tenure,owner_mortgage,owner,Owner with a mortgage,Western Australia,mean
2019-20,34.9,pct_households_tenure,owner_mortgage,owner,Owner with a mortgage,Tasmania,mean
2019-20,43,pct_households_tenure,owner_mortgage,owner,Owner with a mortgage,Northern Territory,mean
2019-20,42.2,pct_households_tenure,owner_mortgage,owner,Owner with a mortgage,Australian Capital Territory,mean
2019-20,36.8,pct_households_tenure,owner_mortgage,owner,Owner with a mortgage,Australia,mean
2019-20,64.3,pct_households_tenure,owner_total,owner,Total owners,New South Wales,mean
2019-20,68.2,pct_households_tenure,owner_total,owner,Total owners,Victoria,mean
2019-20,63.6,pct_households_tenure,owner_total,owner,Total owners,Queensland,mean
2019-20,69.3,pct_households_tenure,owner_total,owner,Total owners,South Australia,mean
2019-20,69.2,pct_households_tenure,owner_total,owner,Total owners,Western Australia,mean
2019-20,68.2,pct_households_tenure,owner_total,owner,Total owners,Tasmania,mean
2019-20,58.5,pct_households_tenure,owner_total,owner,Total owners,Northern Territory,mean
2019-20,69.3,pct_households_tenure,owner_total,owner,Total owners,Australian Capital Territory,mean
2019-20,66.2,pct_households_tenure,owner_total,owner,Total owners,Australia,mean
2019-20,2.5,pct_households_tenure,renter_social,renter,State or territory housing authority,New South Wales,mean
2019-20,2,pct_households_tenure,renter_social,renter,State or territory housing authority,Victoria,mean
2019-20,3.2,pct_households_tenure,renter_social,renter,State or territory housing authority,Queensland,mean
2019-20,5.1,pct_households_tenure,renter_social,renter,State or territory housing authority,South Australia,mean
2019-20,2.8,pct_households_tenure,renter_social,renter,State or territory housing authority,Western Australia,mean
2019-20,4.7,pct_households_tenure,renter_social,renter,State or territory housing authority,Tasmania,mean
2019-20,6.5,pct_households_tenure,renter_social,renter,State or territory housing authority,Northern Territory,mean
2019-20,5.5,pct_households_tenure,renter_social,renter,State or territory housing authority,Australian Capital Territory,mean
2019-20,2.9,pct_households_tenure,renter_social,renter,State or territory housing authority,Australia,mean
2019-20,27.7,pct_households_tenure,renter_private,renter,Private landlord,New South Wales,mean
2019-20,26,pct_households_tenure,renter_private,renter,Private landlord,Victoria,mean
2019-20,29.1,pct_households_tenure,renter_private,renter,Private landlord,Queensland,mean
2019-20,21.1,pct_households_tenure,renter_private,renter,Private landlord,South Australia,mean
2019-20,22.5,pct_households_tenure,renter_private,renter,Private landlord,Western Australia,mean
2019-20,21.7,pct_households_tenure,renter_private,renter,Private landlord,Tasmania,mean
2019-20,29.6,pct_households_tenure,renter_private,renter,Private landlord,Northern Territory,mean
2019-20,19.7,pct_households_tenure,renter_private,renter,Private landlord,Australian Capital Territory,mean
2019-20,26.2,pct_households_tenure,renter_private,renter,Private landlord,Australia,mean
2019-20,33,pct_households_tenure,renter_total,renter,Total renters,New South Wales,mean
2019-20,29.2,pct_households_tenure,renter_total,renter,Total renters,Victoria,mean
2019-20,34.7,pct_households_tenure,renter_total,renter,Total renters,Queensland,mean
2019-20,28.4,pct_households_tenure,renter_total,renter,Total renters,South Australia,mean
2019-20,28.2,pct_households_tenure,renter_total,renter,Total renters,Western Australia,mean
2019-20,29.3,pct_households_tenure,renter_total,renter,Total renters,Tasmania,mean
2019-20,40,pct_households_tenure,renter_total,renter,Total renters,Northern Territory,mean
2019-20,28.1,pct_households_tenure,renter_total,renter,Total renters,Australian Capital Territory,mean
2019-20,31.4,pct_households_tenure,renter_total,renter,Total renters,Australia,mean
2019-20,100,pct_households_tenure,all,renter,Total,New South Wales,mean
2019-20,100,pct_households_tenure,all,renter,Total,Victoria,mean
2019-20,100,pct_households_tenure,all,renter,Total,Queensland,mean
2019-20,100,pct_households_tenure,all,renter,Total,South Australia,mean
2019-20,100,pct_households_tenure,all,renter,Total,Western Australia,mean
2019-20,100,pct_households_tenure,all,renter,Total,Tasmania,mean
2019-20,100,pct_households_tenure,all,renter,Total,Northern Territory,mean
2019-20,100,pct_households_tenure,all,renter,Total,Australian Capital Territory,mean
2019-20,100,pct_households_tenure,all,renter,Total,Australia,mean
2019-20,27,pct_households_tenure,all,family_type,Couple family with dependent children,New South Wales,mean
2019-20,27.3,pct_households_tenure,all,family_type,Couple family with dependent children,Victoria,mean
2019-20,24.6,pct_households_tenure,all,family_type,Couple family with dependent children,Queensland,mean
2019-20,23.4,pct_households_tenure,all,family_type,Couple family with dependent children,South Australia,mean
2019-20,29.1,pct_households_tenure,all,family_type,Couple family with dependent children,Western Australia,mean
2019-20,20.1,pct_households_tenure,all,family_type,Couple family with dependent children,Tasmania,mean
2019-20,31.1,pct_households_tenure,all,family_type,Couple family with dependent children,Northern Territory,mean
2019-20,27.6,pct_households_tenure,all,family_type,Couple family with dependent children,Australian Capital Territory,mean
2019-20,26.4,pct_households_tenure,all,family_type,Couple family with dependent children,Australia,mean
2019-20,5.7,pct_households_tenure,all,family_type,One parent family with dependent children,New South Wales,mean
2019-20,5.6,pct_households_tenure,all,family_type,One parent family with dependent children,Victoria,mean
2019-20,7.2,pct_households_tenure,all,family_type,One parent family with dependent children,Queensland,mean
2019-20,6,pct_households_tenure,all,family_type,One parent family with dependent children,South Australia,mean
2019-20,6,pct_households_tenure,all,family_type,One parent family with dependent children,Western Australia,mean
2019-20,7.8,pct_households_tenure,all,family_type,One parent family with dependent children,Tasmania,mean
2019-20,5.6,pct_households_tenure,all,family_type,One parent family with dependent children,Northern Territory,mean
2019-20,5.6,pct_households_tenure,all,family_type,One parent family with dependent children,Australian Capital Territory,mean
2019-20,6.1,pct_households_tenure,all,family_type,One parent family with dependent children,Australia,mean
2019-20,25.4,pct_households_tenure,all,family_type,Couple only,New South Wales,mean
2019-20,25.8,pct_households_tenure,all,family_type,Couple only,Victoria,mean
2019-20,27.1,pct_households_tenure,all,family_type,Couple only,Queensland,mean
2019-20,27.6,pct_households_tenure,all,family_type,Couple only,South Australia,mean
2019-20,27.7,pct_households_tenure,all,family_type,Couple only,Western Australia,mean
2019-20,28.6,pct_households_tenure,all,family_type,Couple only,Tasmania,mean
2019-20,34,pct_households_tenure,all,family_type,Couple only,Northern Territory,mean
2019-20,26.2,pct_households_tenure,all,family_type,Couple only,Australian Capital Territory,mean
2019-20,26.3,pct_households_tenure,all,family_type,Couple only,Australia,mean
2019-20,11.6,pct_households_tenure,all,family_type,Other one family households,New South Wales,mean
2019-20,11.2,pct_households_tenure,all,family_type,Other one family households,Victoria,mean
2019-20,10.3,pct_households_tenure,all,family_type,Other one family households,Queensland,mean
2019-20,10.8,pct_households_tenure,all,family_type,Other one family households,South Australia,mean
2019-20,9.3,pct_households_tenure,all,family_type,Other one family households,Western Australia,mean
2019-20,7.6,pct_households_tenure,all,family_type,Other one family households,Tasmania,mean
2019-20,12.7,pct_households_tenure,all,family_type,Other one family households,Northern Territory,mean
2019-20,7.9,pct_households_tenure,all,family_type,Other one family households,Australian Capital Territory,mean
2019-20,10.8,pct_households_tenure,all,family_type,Other one family households,Australia,mean
2019-20,2.6,pct_households_tenure,all,family_type,Multiple family households,New South Wales,mean
2019-20,2.2,pct_households_tenure,all,family_type,Multiple family households,Victoria,mean
2019-20,3.2,pct_households_tenure,all,family_type,Multiple family households,Queensland,mean
2019-20,1.3,pct_households_tenure,all,family_type,Multiple family households,South Australia,mean
2019-20,1.2,pct_households_tenure,all,family_type,Multiple family households,Western Australia,mean
2019-20,1.4,pct_households_tenure,all,family_type,Multiple family households,Tasmania,mean
2019-20,2.5,pct_households_tenure,all,family_type,Multiple family households,Northern Territory,mean
2019-20,1.1,pct_households_tenure,all,family_type,Multiple family households,Australian Capital Territory,mean
2019-20,2.3,pct_households_tenure,all,family_type,Multiple family households,Australia,mean
2019-20,24.9,pct_households_tenure,all,family_type,Lone person households,New South Wales,mean
2019-20,25.1,pct_households_tenure,all,family_type,Lone person households,Victoria,mean
2019-20,24.1,pct_households_tenure,all,family_type,Lone person households,Queensland,mean
2019-20,29.1,pct_households_tenure,all,family_type,Lone person households,South Australia,mean
2019-20,24.8,pct_households_tenure,all,family_type,Lone person households,Western Australia,mean
2019-20,31.7,pct_households_tenure,all,family_type,Lone person households,Tasmania,mean
2019-20,10.9,pct_households_tenure,all,family_type,Lone person households,Northern Territory,mean
2019-20,27.8,pct_households_tenure,all,family_type,Lone person households,Australian Capital Territory,mean
2019-20,25.2,pct_households_tenure,all,family_type,Lone person households,Australia,mean
2019-20,2.7,pct_households_tenure,all,family_type,Group households,New South Wales,mean
2019-20,2.8,pct_households_tenure,all,family_type,Group households,Victoria,mean
2019-20,3.6,pct_households_tenure,all,family_type,Group households,Queensland,mean
2019-20,1.8,pct_households_tenure,all,family_type,Group households,South Australia,mean
2019-20,2.1,pct_households_tenure,all,family_type,Group households,Western Australia,mean
2019-20,2.6,pct_households_tenure,all,family_type,Group households,Tasmania,mean
2019-20,2,pct_households_tenure,all,family_type,Group households,Northern Territory,mean
2019-20,3.2,pct_households_tenure,all,family_type,Group households,Australian Capital Territory,mean
2019-20,2.8,pct_households_tenure,all,family_type,Group households,Australia,mean
2019-20,100,pct_households_tenure,all,family_type,Total,New South Wales,mean
2019-20,100,pct_households_tenure,all,family_type,Total,Victoria,mean
2019-20,100,pct_households_tenure,all,family_type,Total,Queensland,mean
2019-20,100,pct_households_tenure,all,family_type,Total,South Australia,mean
2019-20,100,pct_households_tenure,all,family_type,Total,Western Australia,mean
2019-20,100,pct_households_tenure,all,family_type,Total,Tasmania,mean
2019-20,100,pct_households_tenure,all,family_type,Total,Northern Territory,mean
2019-20,100,pct_households_tenure,all,family_type,Total,Australian Capital Territory,mean
2019-20,100,pct_households_tenure,all,family_type,Total,Australia,mean
2019-20,61.8,pct_households_tenure,all,dwelling_structure,Separate house,New South Wales,mean
2019-20,69.7,pct_households_tenure,all,dwelling_structure,Separate house,Victoria,mean
2019-20,72.2,pct_households_tenure,all,dwelling_structure,Separate house,Queensland,mean
2019-20,74.4,pct_households_tenure,all,dwelling_structure,Separate house,South Australia,mean
2019-20,76.4,pct_households_tenure,all,dwelling_structure,Separate house,Western Australia,mean
2019-20,85,pct_households_tenure,all,dwelling_structure,Separate house,Tasmania,mean
2019-20,68,pct_households_tenure,all,dwelling_structure,Separate house,Northern Territory,mean
2019-20,68.9,pct_households_tenure,all,dwelling_structure,Separate house,Australian Capital Territory,mean
2019-20,69.1,pct_households_tenure,all,dwelling_structure,Separate house,Australia,mean
2019-20,13.8,pct_households_tenure,all,dwelling_structure,"Semi-detached, row or terrace house, townhouse",New South Wales,mean
2019-20,15.7,pct_households_tenure,all,dwelling_structure,"Semi-detached, row or terrace house, townhouse",Victoria,mean
2019-20,12.1,pct_households_tenure,all,dwelling_structure,"Semi-detached, row or terrace house, townhouse",Queensland,mean
2019-20,15.5,pct_households_tenure,all,dwelling_structure,"Semi-detached, row or terrace house, townhouse",South Australia,mean
2019-20,14,pct_households_tenure,all,dwelling_structure,"Semi-detached, row or terrace house, townhouse",Western Australia,mean
2019-20,7.4,pct_households_tenure,all,dwelling_structure,"Semi-detached, row or terrace house, townhouse",Tasmania,mean
2019-20,9,pct_households_tenure,all,dwelling_structure,"Semi-detached, row or terrace house, townhouse",Northern Territory,mean
2019-20,15.3,pct_households_tenure,all,dwelling_structure,"Semi-detached, row or terrace house, townhouse",Australian Capital Territory,mean
2019-20,13.9,pct_households_tenure,all,dwelling_structure,"Semi-detached, row or terrace house, townhouse",Australia,mean
2019-20,23.7,pct_households_tenure,all,dwelling_structure,Flat or apartment,New South Wales,mean
2019-20,14.6,pct_households_tenure,all,dwelling_structure,Flat or apartment,Victoria,mean
2019-20,15.3,pct_households_tenure,all,dwelling_structure,Flat or apartment,Queensland,mean
2019-20,9.9,pct_households_tenure,all,dwelling_structure,Flat or apartment,South Australia,mean
2019-20,9.6,pct_households_tenure,all,dwelling_structure,Flat or apartment,Western Australia,mean
2019-20,7.1,pct_households_tenure,all,dwelling_structure,Flat or apartment,Tasmania,mean
2019-20,23.7,pct_households_tenure,all,dwelling_structure,Flat or apartment,Northern Territory,mean
2019-20,15.8,pct_households_tenure,all,dwelling_structure,Flat or apartment,Australian Capital Territory,mean
2019-20,16.6,pct_households_tenure,all,dwelling_structure,Flat or apartment,Australia,mean
2019-20,100,pct_households_tenure,all,dwelling_structure,Total,New South Wales,mean
2019-20,100,pct_households_tenure,all,dwelling_structure,Total,Victoria,mean
2019-20,100,pct_households_tenure,all,dwelling_structure,Total,Queensland,mean
2019-20,100,pct_households_tenure,all,dwelling_structure,Total,South Australia,mean
2019-20,100,pct_households_tenure,all,dwelling_structure,Total,Western Australia,mean
2019-20,100,pct_households_tenure,all,dwelling_structure,Total,Tasmania,mean
2019-20,100,pct_households_tenure,all,dwelling_structure,Total,Northern Territory,mean
2019-20,100,pct_households_tenure,all,dwelling_structure,Total,Australian Capital Territory,mean
2019-20,100,pct_households_tenure,all,dwelling_structure,Total,Australia,mean
2019-20,73.3,pct_households_tenure,all,housing_type,25% or less,New South Wales,mean
2019-20,78.6,pct_households_tenure,all,housing_type,25% or less,Victoria,mean
2019-20,76.2,pct_households_tenure,all,housing_type,25% or less,Queensland,mean
2019-20,79.8,pct_households_tenure,all,housing_type,25% or less,South Australia,mean
2019-20,77.7,pct_households_tenure,all,housing_type,25% or less,Western Australia,mean
2019-20,80,pct_households_tenure,all,housing_type,25% or less,Tasmania,mean
2019-20,79.2,pct_households_tenure,all,housing_type,25% or less,Northern Territory,mean
2019-20,83.8,pct_households_tenure,all,housing_type,25% or less,Australian Capital Territory,mean
2019-20,76.6,pct_households_tenure,all,housing_type,25% or less,Australia,mean
2019-20,8.4,pct_households_tenure,all,housing_type,More than 25% to 30%,New South Wales,mean
2019-20,6.3,pct_households_tenure,all,housing_type,More than 25% to 30%,Victoria,mean
2019-20,7,pct_households_tenure,all,housing_type,More than 25% to 30%,Queensland,mean
2019-20,6.9,pct_households_tenure,all,housing_type,More than 25% to 30%,South Australia,mean
2019-20,7.1,pct_households_tenure,all,housing_type,More than 25% to 30%,Western Australia,mean
2019-20,5.7,pct_households_tenure,all,housing_type,More than 25% to 30%,Tasmania,mean
2019-20,7.6,pct_households_tenure,all,housing_type,More than 25% to 30%,Northern Territory,mean
2019-20,6.3,pct_households_tenure,all,housing_type,More than 25% to 30%,Australian Capital Territory,mean
2019-20,7.2,pct_households_tenure,all,housing_type,More than 25% to 30%,Australia,mean
2019-20,12,pct_households_tenure,all,housing_type,More than 30% to 50%,New South Wales,mean
2019-20,8.8,pct_households_tenure,all,housing_type,More than 30% to 50%,Victoria,mean
2019-20,11.6,pct_households_tenure,all,housing_type,More than 30% to 50%,Queensland,mean
2019-20,9.3,pct_households_tenure,all,housing_type,More than 30% to 50%,South Australia,mean
2019-20,9.9,pct_households_tenure,all,housing_type,More than 30% to 50%,Western Australia,mean
2019-20,9.1,pct_households_tenure,all,housing_type,More than 30% to 50%,Tasmania,mean
2019-20,9.1,pct_households_tenure,all,housing_type,More than 30% to 50%,Northern Territory,mean
2019-20,7.7,pct_households_tenure,all,housing_type,More than 30% to 50%,Australian Capital Territory,mean
2019-20,10.5,pct_households_tenure,all,housing_type,More than 30% to 50%,Australia,mean
2019-20,6.6,pct_households_tenure,all,housing_type,More than 50%,New South Wales,mean
2019-20,6.2,pct_households_tenure,all,housing_type,More than 50%,Victoria,mean
2019-20,5.3,pct_households_tenure,all,housing_type,More than 50%,Queensland,mean
2019-20,4.1,pct_households_tenure,all,housing_type,More than 50%,South Australia,mean
2019-20,5.1,pct_households_tenure,all,housing_type,More than 50%,Western Australia,mean
2019-20,4.3,pct_households_tenure,all,housing_type,More than 50%,Tasmania,mean
2019-20,3.6,pct_households_tenure,all,housing_type,More than 50%,Northern Territory,mean
2019-20,2.5,pct_households_tenure,all,housing_type,More than 50%,Australian Capital Territory,mean
2019-20,5.7,pct_households_tenure,all,housing_type,More than 50%,Australia,mean
2019-20,100,pct_households_tenure,all,housing_type,Total,New South Wales,mean
2019-20,100,pct_households_tenure,all,housing_type,Total,Victoria,mean
2019-20,100,pct_households_tenure,all,housing_type,Total,Queensland,mean
2019-20,100,pct_households_tenure,all,housing_type,Total,South Australia,mean
2019-20,100,pct_households_tenure,all,housing_type,Total,Western Australia,mean
2019-20,100,pct_households_tenure,all,housing_type,Total,Tasmania,mean
2019-20,100,pct_households_tenure,all,housing_type,Total,Northern Territory,mean
2019-20,100,pct_households_tenure,all,housing_type,Total,Australian Capital Territory,mean
2019-20,100,pct_households_tenure,all,housing_type,Total,Australia,mean
2019-20,24,pct_households_tenure,all,equiv_income_quintile,Lowest quintile,New South Wales,mean
2019-20,23.3,pct_households_tenure,all,equiv_income_quintile,Lowest quintile,Victoria,mean
2019-20,24.3,pct_households_tenure,all,equiv_income_quintile,Lowest quintile,Queensland,mean
2019-20,27.9,pct_households_tenure,all,equiv_income_quintile,Lowest quintile,South Australia,mean
2019-20,22.5,pct_households_tenure,all,equiv_income_quintile,Lowest quintile,Western Australia,mean
2019-20,30.1,pct_households_tenure,all,equiv_income_quintile,Lowest quintile,Tasmania,mean
2019-20,16,pct_households_tenure,all,equiv_income_quintile,Lowest quintile,Northern Territory,mean
2019-20,11,pct_households_tenure,all,equiv_income_quintile,Lowest quintile,Australian Capital Territory,mean
2019-20,23.9,pct_households_tenure,all,equiv_income_quintile,Lowest quintile,Australia,mean
2019-20,17,pct_households_tenure,all,equiv_income_quintile,Second quintile,New South Wales,mean
2019-20,18.1,pct_households_tenure,all,equiv_income_quintile,Second quintile,Victoria,mean
2019-20,21.7,pct_households_tenure,all,equiv_income_quintile,Second quintile,Queensland,mean
2019-20,20.3,pct_households_tenure,all,equiv_income_quintile,Second quintile,South Australia,mean
2019-20,20.3,pct_households_tenure,all,equiv_income_quintile,Second quintile,Western Australia,mean
2019-20,23.2,pct_households_tenure,all,equiv_income_quintile,Second quintile,Tasmania,mean
2019-20,15.1,pct_households_tenure,all,equiv_income_quintile,Second quintile,Northern Territory,mean
2019-20,11.8,pct_households_tenure,all,equiv_income_quintile,Second quintile,Australian Capital Territory,mean
2019-20,18.8,pct_households_tenure,all,equiv_income_quintile,Second quintile,Australia,mean
2019-20,19.2,pct_households_tenure,all,equiv_income_quintile,Third quintile,New South Wales,mean
2019-20,18.2,pct_households_tenure,all,equiv_income_quintile,Third quintile,Victoria,mean
2019-20,17.4,pct_households_tenure,all,equiv_income_quintile,Third quintile,Queensland,mean
2019-20,19.3,pct_households_tenure,all,equiv_income_quintile,Third quintile,South Australia,mean
2019-20,18.9,pct_households_tenure,all,equiv_income_quintile,Third quintile,Western Australia,mean
2019-20,19.3,pct_households_tenure,all,equiv_income_quintile,Third quintile,Tasmania,mean
2019-20,16.4,pct_households_tenure,all,equiv_income_quintile,Third quintile,Northern Territory,mean
2019-20,17.9,pct_households_tenure,all,equiv_income_quintile,Third quintile,Australian Capital Territory,mean
2019-20,18.5,pct_households_tenure,all,equiv_income_quintile,Third quintile,Australia,mean
2019-20,18.9,pct_households_tenure,all,equiv_income_quintile,Fourth quintile,New South Wales,mean
2019-20,19.6,pct_households_tenure,all,equiv_income_quintile,Fourth quintile,Victoria,mean
2019-20,18.5,pct_households_tenure,all,equiv_income_quintile,Fourth quintile,Queensland,mean
2019-20,17,pct_households_tenure,all,equiv_income_quintile,Fourth quintile,South Australia,mean
2019-20,16.9,pct_households_tenure,all,equiv_income_quintile,Fourth quintile,Western Australia,mean
2019-20,14.9,pct_households_tenure,all,equiv_income_quintile,Fourth quintile,Tasmania,mean
2019-20,23.5,pct_households_tenure,all,equiv_income_quintile,Fourth quintile,Northern Territory,mean
2019-20,21.4,pct_households_tenure,all,equiv_income_quintile,Fourth quintile,Australian Capital Territory,mean
2019-20,18.7,pct_households_tenure,all,equiv_income_quintile,Fourth quintile,Australia,mean
2019-20,21,pct_households_tenure,all,equiv_income_quintile,Highest quintile,New South Wales,mean
2019-20,20.7,pct_households_tenure,all,equiv_income_quintile,Highest quintile,Victoria,mean
2019-20,17.9,pct_households_tenure,all,equiv_income_quintile,Highest quintile,Queensland,mean
2019-20,15.7,pct_households_tenure,all,equiv_income_quintile,Highest quintile,South Australia,mean
2019-20,21.4,pct_households_tenure,all,equiv_income_quintile,Highest quintile,Western Australia,mean
2019-20,12.5,pct_households_tenure,all,equiv_income_quintile,Highest quintile,Tasmania,mean
2019-20,28.5,pct_households_tenure,all,equiv_income_quintile,Highest quintile,Northern Territory,mean
2019-20,38.6,pct_households_tenure,all,equiv_income_quintile,Highest quintile,Australian Capital Territory,mean
2019-20,20.1,pct_households_tenure,all,equiv_income_quintile,Highest quintile,Australia,mean
2019-20,100,pct_households_tenure,all,equiv_income_quintile,Total,New South Wales,mean
2019-20,100,pct_households_tenure,all,equiv_income_quintile,Total,Victoria,mean
2019-20,100,pct_households_tenure,all,equiv_income_quintile,Total,Queensland,mean
2019-20,100,pct_households_tenure,all,equiv_income_quintile,Total,South Australia,mean
2019-20,100,pct_households_tenure,all,equiv_income_quintile,Total,Western Australia,mean
2019-20,100,pct_households_tenure,all,equiv_income_quintile,Total,Tasmania,mean
2019-20,100,pct_households_tenure,all,equiv_income_quintile,Total,Northern Territory,mean
2019-20,100,pct_households_tenure,all,equiv_income_quintile,Total,Australian Capital Territory,mean
2019-20,100,pct_households_tenure,all,equiv_income_quintile,Total,Australia,mean
2019-20,38,pct_households_tenure,all,equiv_income_quintile,Lower Income households,New South Wales,mean
2019-20,38.5,pct_households_tenure,all,equiv_income_quintile,Lower Income households,Victoria,mean
2019-20,43.4,pct_households_tenure,all,equiv_income_quintile,Lower Income households,Queensland,mean
2019-20,45.9,pct_households_tenure,all,equiv_income_quintile,Lower Income households,South Australia,mean
2019-20,41.2,pct_households_tenure,all,equiv_income_quintile,Lower Income households,Western Australia,mean
2019-20,50.5,pct_households_tenure,all,equiv_income_quintile,Lower Income households,Tasmania,mean
2019-20,28.9,pct_households_tenure,all,equiv_income_quintile,Lower Income households,Northern Territory,mean
2019-20,21,pct_households_tenure,all,equiv_income_quintile,Lower Income households,Australian Capital Territory,mean
2019-20,40.1,pct_households_tenure,all,equiv_income_quintile,Lower Income households,Australia,mean
2019-20,62,pct_households_tenure,all,income_source,Employee Income,New South Wales,mean
2019-20,62.1,pct_households_tenure,all,income_source,Employee Income,Victoria,mean
2019-20,61.9,pct_households_tenure,all,income_source,Employee Income,Queensland,mean
2019-20,54.8,pct_households_tenure,all,income_source,Employee Income,South Australia,mean
2019-20,65.7,pct_households_tenure,all,income_source,Employee Income,Western Australia,mean
2019-20,51.9,pct_households_tenure,all,income_source,Employee Income,Tasmania,mean
2019-20,78.9,pct_households_tenure,all,income_source,Employee Income,Northern Territory,mean
2019-20,70.2,pct_households_tenure,all,income_source,Employee Income,Australian Capital Territory,mean
2019-20,61.9,pct_households_tenure,all,income_source,Employee Income,Australia,mean
2019-20,2.7,pct_households_tenure,all,income_source,Own unincorporated business income,New South Wales,mean
2019-20,3.8,pct_households_tenure,all,income_source,Own unincorporated business income,Victoria,mean
2019-20,3.1,pct_households_tenure,all,income_source,Own unincorporated business income,Queensland,mean
2019-20,3.7,pct_households_tenure,all,income_source,Own unincorporated business income,South Australia,mean
2019-20,3.4,pct_households_tenure,all,income_source,Own unincorporated business income,Western Australia,mean
2019-20,3.4,pct_households_tenure,all,income_source,Own unincorporated business income,Tasmania,mean
2019-20,1.5,pct_households_tenure,all,income_source,Own unincorporated business income,Northern Territory,mean
2019-20,1.2,pct_households_tenure,all,income_source,Own unincorporated business income,Australian Capital Territory,mean
2019-20,3.1,pct_households_tenure,all,income_source,Own unincorporated business income,Australia,mean
2019-20,21.5,pct_households_tenure,all,income_source,Government pensions and allowances,New South Wales,mean
2019-20,20.4,pct_households_tenure,all,income_source,Government pensions and allowances,Victoria,mean
2019-20,24.7,pct_households_tenure,all,income_source,Government pensions and allowances,Queensland,mean
2019-20,28.6,pct_households_tenure,all,income_source,Government pensions and allowances,South Australia,mean
2019-20,20.5,pct_households_tenure,all,income_source,Government pensions and allowances,Western Australia,mean
2019-20,31.9,pct_households_tenure,all,income_source,Government pensions and allowances,Tasmania,mean
2019-20,12.7,pct_households_tenure,all,income_source,Government pensions and allowances,Northern Territory,mean
2019-20,10.2,pct_households_tenure,all,income_source,Government pensions and allowances,Australian Capital Territory,mean
2019-20,22.3,pct_households_tenure,all,income_source,Government pensions and allowances,Australia,mean
2019-20,13.3,pct_households_tenure,all,income_source,Other income,New South Wales,mean
2019-20,13.2,pct_households_tenure,all,income_source,Other income,Victoria,mean
2019-20,9.8,pct_households_tenure,all,income_source,Other income,Queensland,mean
2019-20,12.2,pct_households_tenure,all,income_source,Other income,South Australia,mean
2019-20,10,pct_households_tenure,all,income_source,Other income,Western Australia,mean
2019-20,11.8,pct_households_tenure,all,income_source,Other income,Tasmania,mean
2019-20,6.2,pct_households_tenure,all,income_source,Other income,Northern Territory,mean
2019-20,17.2,pct_households_tenure,all,income_source,Other income,Australian Capital Territory,mean
2019-20,12.1,pct_households_tenure,all,income_source,Other income,Australia,mean
2019-20,100,pct_households_tenure,all,income_source,Total,New South Wales,mean
2019-20,100,pct_households_tenure,all,income_source,Total,Victoria,mean
2019-20,100,pct_households_tenure,all,income_source,Total,Queensland,mean
2019-20,100,pct_households_tenure,all,income_source,Total,South Australia,mean
2019-20,100,pct_households_tenure,all,income_source,Total,Western Australia,mean
2019-20,100,pct_households_tenure,all,income_source,Total,Tasmania,mean
2019-20,100,pct_households_tenure,all,income_source,Total,Northern Territory,mean
2019-20,100,pct_households_tenure,all,income_source,Total,Australian Capital Territory,mean
2019-20,100,pct_households_tenure,all,income_source,Total,Australia,mean
2019-20,28,pct_households_tenure,all,number_of_employed_persons_in_household,None,New South Wales,mean
2019-20,27.2,pct_households_tenure,all,number_of_employed_persons_in_household,None,Victoria,mean
2019-20,29,pct_households_tenure,all,number_of_employed_persons_in_household,None,Queensland,mean
2019-20,35.1,pct_households_tenure,all,number_of_employed_persons_in_household,None,South Australia,mean
2019-20,25.4,pct_households_tenure,all,number_of_employed_persons_in_household,None,Western Australia,mean
2019-20,36.6,pct_households_tenure,all,number_of_employed_persons_in_household,None,Tasmania,mean
2019-20,14.7,pct_households_tenure,all,number_of_employed_persons_in_household,None,Northern Territory,mean
2019-20,22.8,pct_households_tenure,all,number_of_employed_persons_in_household,None,Australian Capital Territory,mean
2019-20,28.3,pct_households_tenure,all,number_of_employed_persons_in_household,None,Australia,mean
2019-20,28.7,pct_households_tenure,all,number_of_employed_persons_in_household,One,New South Wales,mean
2019-20,27.4,pct_households_tenure,all,number_of_employed_persons_in_household,One,Victoria,mean
2019-20,28.7,pct_households_tenure,all,number_of_employed_persons_in_household,One,Queensland,mean
2019-20,27.6,pct_households_tenure,all,number_of_employed_persons_in_household,One,South Australia,mean
2019-20,31.5,pct_households_tenure,all,number_of_employed_persons_in_household,One,Western Australia,mean
2019-20,30.1,pct_households_tenure,all,number_of_employed_persons_in_household,One,Tasmania,mean
2019-20,26.8,pct_households_tenure,all,number_of_employed_persons_in_household,One,Northern Territory,mean
2019-20,31.2,pct_households_tenure,all,number_of_employed_persons_in_household,One,Australian Capital Territory,mean
2019-20,28.6,pct_households_tenure,all,number_of_employed_persons_in_household,One,Australia,mean
2019-20,32.3,pct_households_tenure,all,number_of_employed_persons_in_household,Two,New South Wales,mean
2019-20,34.5,pct_households_tenure,all,number_of_employed_persons_in_household,Two,Victoria,mean
2019-20,32.6,pct_households_tenure,all,number_of_employed_persons_in_household,Two,Queensland,mean
2019-20,28.2,pct_households_tenure,all,number_of_employed_persons_in_household,Two,South Australia,mean
2019-20,33.7,pct_households_tenure,all,number_of_employed_persons_in_household,Two,Western Australia,mean
2019-20,26.3,pct_households_tenure,all,number_of_employed_persons_in_household,Two,Tasmania,mean
2019-20,44.2,pct_households_tenure,all,number_of_employed_persons_in_household,Two,Northern Territory,mean
2019-20,37.3,pct_households_tenure,all,number_of_employed_persons_in_household,Two,Australian Capital Territory,mean
2019-20,32.8,pct_households_tenure,all,number_of_employed_persons_in_household,Two,Australia,mean
2019-20,11,pct_households_tenure,all,number_of_employed_persons_in_household,Three or more,New South Wales,mean
2019-20,10.6,pct_households_tenure,all,number_of_employed_persons_in_household,Three or more,Victoria,mean
2019-20,9.3,pct_households_tenure,all,number_of_employed_persons_in_household,Three or more,Queensland,mean
2019-20,9,pct_households_tenure,all,number_of_employed_persons_in_household,Three or more,South Australia,mean
2019-20,9.3,pct_households_tenure,all,number_of_employed_persons_in_household,Three or more,Western Australia,mean
2019-20,7.3,pct_households_tenure,all,number_of_employed_persons_in_household,Three or more,Tasmania,mean
2019-20,15,pct_households_tenure,all,number_of_employed_persons_in_household,Three or more,Northern Territory,mean
2019-20,9.1,pct_households_tenure,all,number_of_employed_persons_in_household,Three or more,Australian Capital Territory,mean
2019-20,10.3,pct_households_tenure,all,number_of_employed_persons_in_household,Three or more,Australia,mean
2019-20,100,pct_households_tenure,all,number_of_employed_persons_in_household,Total,New South Wales,mean
2019-20,100,pct_households_tenure,all,number_of_employed_persons_in_household,Total,Victoria,mean
2019-20,100,pct_households_tenure,all,number_of_employed_persons_in_household,Total,Queensland,mean
2019-20,100,pct_households_tenure,all,number_of_employed_persons_in_household,Total,South Australia,mean
2019-20,100,pct_households_tenure,all,number_of_employed_persons_in_household,Total,Western Australia,mean
2019-20,100,pct_households_tenure,all,number_of_employed_persons_in_household,Total,Tasmania,mean
2019-20,100,pct_households_tenure,all,number_of_employed_persons_in_household,Total,Northern Territory,mean
2019-20,100,pct_households_tenure,all,number_of_employed_persons_in_household,Total,Australian Capital Territory,mean
2019-20,100,pct_households_tenure,all,number_of_employed_persons_in_household,Total,Australia,mean
2019-20,13.1,pct_households_tenure,all,whether_have_solar_panels_to_generate_electricity,Has solar panels to generate electricity for home,New South Wales,mean
2019-20,15.2,pct_households_tenure,all,whether_have_solar_panels_to_generate_electricity,Has solar panels to generate electricity for home,Victoria,mean
2019-20,26.1,pct_households_tenure,all,whether_have_solar_panels_to_generate_electricity,Has solar panels to generate electricity for home,Queensland,mean
2019-20,29.5,pct_households_tenure,all,whether_have_solar_panels_to_generate_electricity,Has solar panels to generate electricity for home,South Australia,mean
2019-20,24.8,pct_households_tenure,all,whether_have_solar_panels_to_generate_electricity,Has solar panels to generate electricity for home,Western Australia,mean
2019-20,12.2,pct_households_tenure,all,whether_have_solar_panels_to_generate_electricity,Has solar panels to generate electricity for home,Tasmania,mean
2019-20,17.3,pct_households_tenure,all,whether_have_solar_panels_to_generate_electricity,Has solar panels to generate electricity for home,Northern Territory,mean
2019-20,13.2,pct_households_tenure,all,whether_have_solar_panels_to_generate_electricity,Has solar panels to generate electricity for home,Australian Capital Territory,mean
2019-20,18.7,pct_households_tenure,all,whether_have_solar_panels_to_generate_electricity,Has solar panels to generate electricity for home,Australia,mean
2019-20,86.9,pct_households_tenure,all,whether_have_solar_panels_to_generate_electricity,Does not have solar panels to generate electricity for home,New South Wales,mean
2019-20,84.8,pct_households_tenure,all,whether_have_solar_panels_to_generate_electricity,Does not have solar panels to generate electricity for home,Victoria,mean
2019-20,73.7,pct_households_tenure,all,whether_have_solar_panels_to_generate_electricity,Does not have solar panels to generate electricity for home,Queensland,mean
2019-20,70.4,pct_households_tenure,all,whether_have_solar_panels_to_generate_electricity,Does not have solar panels to generate electricity for home,South Australia,mean
2019-20,75.3,pct_households_tenure,all,whether_have_solar_panels_to_generate_electricity,Does not have solar panels to generate electricity for home,Western Australia,mean
2019-20,87.4,pct_households_tenure,all,whether_have_solar_panels_to_generate_electricity,Does not have solar panels to generate electricity for home,Tasmania,mean
2019-20,82.6,pct_households_tenure,all,whether_have_solar_panels_to_generate_electricity,Does not have solar panels to generate electricity for home,Northern Territory,mean
2019-20,87.1,pct_households_tenure,all,whether_have_solar_panels_to_generate_electricity,Does not have solar panels to generate electricity for home,Australian Capital Territory,mean
2019-20,81.3,pct_households_tenure,all,whether_have_solar_panels_to_generate_electricity,Does not have solar panels to generate electricity for home,Australia,mean
2019-20,100,pct_households_tenure,all,whether_have_solar_panels_to_generate_electricity,Total,New South Wales,mean
2019-20,100,pct_households_tenure,all,whether_have_solar_panels_to_generate_electricity,Total,Victoria,mean
2019-20,100,pct_households_tenure,all,whether_have_solar_panels_to_generate_electricity,Total,Queensland,mean
2019-20,100,pct_households_tenure,all,whether_have_solar_panels_to_generate_electricity,Total,South Australia,mean
2019-20,100,pct_households_tenure,all,whether_have_solar_panels_to_generate_electricity,Total,Western Australia,mean
2019-20,100,pct_households_tenure,all,whether_have_solar_panels_to_generate_electricity,Total,Tasmania,mean
2019-20,100,pct_households_tenure,all,whether_have_solar_panels_to_generate_electricity,Total,Northern Territory,mean
2019-20,100,pct_households_tenure,all,whether_have_solar_panels_to_generate_electricity,Total,Australian Capital Territory,mean
2019-20,100,pct_households_tenure,all,whether_have_solar_panels_to_generate_electricity,Total,Australia,mean
2019-20,7981.2,pct_households_tenure,all,whether_have_solar_panels_to_generate_electricity,Estimated number of persons,New South Wales,mean
2019-20,6563.1,pct_households_tenure,all,whether_have_solar_panels_to_generate_electricity,Estimated number of persons,Victoria,mean
2019-20,4989.5,pct_households_tenure,all,whether_have_solar_panels_to_generate_electricity,Estimated number of persons,Queensland,mean
2019-20,1717.7,pct_households_tenure,all,whether_have_solar_panels_to_generate_electricity,Estimated number of persons,South Australia,mean
2019-20,2538.2,pct_households_tenure,all,whether_have_solar_panels_to_generate_electricity,Estimated number of persons,Western Australia,mean
2019-20,526.3,pct_households_tenure,all,whether_have_solar_panels_to_generate_electricity,Estimated number of persons,Tasmania,mean
2019-20,176.7,pct_households_tenure,all,whether_have_solar_panels_to_generate_electricity,Estimated number of persons,Northern Territory,mean
2019-20,417.2,pct_households_tenure,all,whether_have_solar_panels_to_generate_electricity,Estimated number of persons,Australian Capital Territory,mean
2019-20,24909.3,pct_households_tenure,all,whether_have_solar_panels_to_generate_electricity,Estimated number of persons,Australia,mean
2019-20,3059.5,pct_households_tenure,all,whether_have_solar_panels_to_generate_electricity,Estimated number of households,New South Wales,mean
2019-20,2544.6,pct_households_tenure,all,whether_have_solar_panels_to_generate_electricity,Estimated number of households,Victoria,mean
2019-20,1948.8,pct_households_tenure,all,whether_have_solar_panels_to_generate_electricity,Estimated number of households,Queensland,mean
2019-20,721.3,pct_households_tenure,all,whether_have_solar_panels_to_generate_electricity,Estimated number of households,South Australia,mean
2019-20,998.6,pct_households_tenure,all,whether_have_solar_panels_to_generate_electricity,Estimated number of households,Western Australia,mean
2019-20,231.7,pct_households_tenure,all,whether_have_solar_panels_to_generate_electricity,Estimated number of households,Tasmania,mean
2019-20,61.7,pct_households_tenure,all,whether_have_solar_panels_to_generate_electricity,Estimated number of households,Northern Territory,mean
2019-20,169.8,pct_households_tenure,all,whether_have_solar_panels_to_generate_electricity,Estimated number of households,Australian Capital Territory,mean
2019-20,9732.4,pct_households_tenure,all,whether_have_solar_panels_to_generate_electricity,Estimated number of households,Australia,mean
2019-20,3107,pct_households_tenure,all,whether_have_solar_panels_to_generate_electricity,Number of households in sample,New South Wales,mean
2019-20,2577,pct_households_tenure,all,whether_have_solar_panels_to_generate_electricity,Number of households in sample,Victoria,mean
2019-20,1951,pct_households_tenure,all,whether_have_solar_panels_to_generate_electricity,Number of households in sample,Queensland,mean
2019-20,2349,pct_households_tenure,all,whether_have_solar_panels_to_generate_electricity,Number of households in sample,South Australia,mean
2019-20,2133,pct_households_tenure,all,whether_have_solar_panels_to_generate_electricity,Number of households in sample,Western Australia,mean
2019-20,1298,pct_households_tenure,all,whether_have_solar_panels_to_generate_electricity,Number of households in sample,Tasmania,mean
2019-20,645,pct_households_tenure,all,whether_have_solar_panels_to_generate_electricity,Number of households in sample,Northern Territory,mean
2019-20,951,pct_households_tenure,all,whether_have_solar_panels_to_generate_electricity,Number of households in sample,Australian Capital Territory,mean
2019-20,15011,pct_households_tenure,all,whether_have_solar_panels_to_generate_electricity,Number of households in sample,Australia,mean
